product_id,date,trend_component,seasonality_component,event_component,is_outlier_flag,is_stockout_flag,is_missing_flag
P01,2026-01-01,0.6014,1.0129,0.8756,0,0,0
P01,2026-01-02,0.6039,1.0205,0.9824,0,0,0
P01,2026-01-03,0.6038,1.1554,0.9824,0,0,0
P01,2026-01-04,0.6051,1.0659,0.9824,0,0,0
P01,2026-01-05,0.603,0.924,0.9824,0,0,0
P01,2026-01-06,0.6028,0.935,0.9824,0,0,0
P01,2026-01-07,0.6066,0.9701,0.9824,0,0,0
P01,2026-01-08,0.6099,1.0129,0.9824,0,0,0
P01,2026-01-09,0.6103,1.0205,0.9824,0,0,0
P01,2026-01-10,0.611,1.1554,0.9824,0,0,0
P01,2026-01-11,0.613,1.0659,0.9824,0,0,0
P01,2026-01-12,0.6165,0.924,0.9824,0,0,0
P01,2026-01-13,0.6209,0.935,1.6636,0,0,0
P01,2026-01-14,0.6223,0.9701,1.6636,0,0,0
P01,2026-01-15,0.623,1.0129,1.6636,0,0,0
P01,2026-01-16,0.624,1.0205,1.6636,0,0,0
P01,2026-01-17,0.626,1.1554,0.9824,0,0,0
P01,2026-01-18,0.6285,1.0659,0.9824,0,0,0
P01,2026-01-19,0.6284,0.924,0.9824,0,0,0
P01,2026-01-20,0.6305,0.935,0.9824,0,0,0
P01,2026-01-21,0.6303,0.9701,0.9824,0,0,0
P01,2026-01-22,0.6301,1.0129,0.9824,0,0,0
P01,2026-01-23,0.6331,1.0205,0.9824,0,0,0
P01,2026-01-24,0.6347,1.1554,0.9824,0,0,0
P01,2026-01-25,0.6379,1.0659,0.9824,0,0,0
P01,2026-01-26,0.6389,0.924,0.8756,0,0,0
P01,2026-01-27,0.6413,0.935,0.9824,0,0,0
P01,2026-01-28,0.6414,0.9701,0.9824,0,0,0
P01,2026-01-29,0.6423,1.0129,0.9824,0,0,0
P01,2026-01-30,0.6451,1.0205,0.9824,0,0,0
P01,2026-01-31,0.6461,1.1554,0.9824,0,0,0
P01,2026-02-01,0.6448,1.0659,0.9824,0,0,0
P01,2026-02-02,0.6448,0.924,0.9824,0,0,0
P01,2026-02-03,0.6441,0.935,0.9824,0,0,0
P01,2026-02-04,0.6445,0.9701,0.9824,0,0,0
P01,2026-02-05,0.6438,1.0129,0.9824,0,0,0
P01,2026-02-06,0.6451,1.0205,0.9824,0,0,0
P01,2026-02-07,0.6463,1.1554,0.9824,0,0,0
P01,2026-02-08,0.6476,1.0659,0.9824,0,0,0
P01,2026-02-09,0.6511,0.924,0.9824,0,0,0
P01,2026-02-10,0.6522,0.935,0.9824,0,0,0
P01,2026-02-11,0.6548,0.9701,0.9824,0,0,0
P01,2026-02-12,0.6583,1.0129,0.9824,0,0,0
P01,2026-02-13,0.6621,1.0205,0.9824,0,0,0
P01,2026-02-14,0.665,1.1554,0.9824,0,0,0
P01,2026-02-15,0.6705,1.0659,0.9824,0,0,0
P01,2026-02-16,0.6728,0.924,0.9824,0,0,0
P01,2026-02-17,0.6785,0.935,0.9824,0,0,0
P01,2026-02-18,0.6826,0.9701,0.9824,0,0,0
P01,2026-02-19,0.6883,1.0129,0.9824,0,0,0
P01,2026-02-20,0.6949,1.0205,0.9824,0,0,0
P01,2026-02-21,0.6982,1.1554,0.9824,0,0,0
P01,2026-02-22,0.7008,1.0659,0.9824,0,0,0
P01,2026-02-23,0.7066,0.924,0.9824,0,0,0
P01,2026-02-24,0.7118,0.935,0.9824,0,0,0
P01,2026-02-25,0.7182,0.9701,0.9824,0,0,0
P01,2026-02-26,0.7246,1.0129,0.9824,0,0,0
P01,2026-02-27,0.7271,1.0205,0.9824,0,0,0
P01,2026-02-28,0.7327,1.1554,0.9824,0,0,0
P01,2026-03-01,0.7397,1.0659,1.0248,0,0,0
P01,2026-03-02,0.7456,0.924,1.0248,0,0,0
P01,2026-03-03,0.7502,0.935,1.0248,0,0,0
P01,2026-03-04,0.7576,0.9701,1.0248,0,0,0
P01,2026-03-05,0.7627,1.0129,1.0248,0,0,0
P01,2026-03-06,0.7691,1.0205,1.4766,0,0,0
P01,2026-03-07,0.7744,1.1554,1.4766,0,0,0
P01,2026-03-08,0.7818,1.0659,1.0248,0,0,0
P01,2026-03-09,0.7859,0.924,1.0248,0,0,0
P01,2026-03-10,0.7878,0.935,1.0248,0,0,0
P01,2026-03-11,0.7853,0.9701,1.0248,0,0,0
P01,2026-03-12,0.7886,1.0129,1.0248,0,0,0
P01,2026-03-13,0.7885,1.0205,1.4766,0,0,0
P01,2026-03-14,0.7941,1.1554,1.4766,0,0,0
P01,2026-03-15,0.8001,1.0659,1.0248,0,0,0
P01,2026-03-16,0.8042,0.924,1.0248,0,0,0
P01,2026-03-17,0.81,0.935,1.0248,0,0,0
P01,2026-03-18,0.8113,0.9701,1.0248,0,0,0
P01,2026-03-19,0.8159,1.0129,1.0248,0,0,0
P01,2026-03-20,0.8213,1.0205,1.4766,0,0,0
P01,2026-03-21,0.8214,1.1554,1.4766,0,0,0
P01,2026-03-22,0.8274,1.0659,1.0248,0,0,0
P01,2026-03-23,0.8284,0.924,1.0248,0,0,0
P01,2026-03-24,0.8313,0.935,1.0248,0,0,0
P01,2026-03-25,0.8329,0.9701,1.0248,0,0,0
P01,2026-03-26,0.8329,1.0129,1.0248,0,0,0
P01,2026-03-27,0.8364,1.0205,1.4766,0,0,0
P01,2026-03-28,0.841,1.1554,1.4766,0,0,0
P01,2026-03-29,0.8459,1.0659,1.0248,0,0,0
P01,2026-03-30,0.8505,0.924,1.0248,0,0,0
P01,2026-03-31,0.8532,0.935,1.0248,0,0,0
P01,2026-04-01,0.857,0.9701,1.0248,0,0,0
P01,2026-04-02,0.8584,1.0129,1.0248,0,0,0
P01,2026-04-03,0.8629,1.0205,1.0248,0,0,0
P01,2026-04-04,0.8651,1.1554,1.1665,0,0,0
P01,2026-04-05,0.868,1.0659,1.1665,0,0,0
P01,2026-04-06,0.8715,0.924,1.0248,0,0,0
P01,2026-04-07,0.8732,0.935,1.0248,0,0,0
P01,2026-04-08,0.8761,0.9701,1.0248,0,0,0
P01,2026-04-09,0.8811,1.0129,1.0248,0,0,0
P01,2026-04-10,0.8834,1.0205,1.0248,0,0,0
P01,2026-04-11,0.884,1.1554,1.1665,0,0,0
P01,2026-04-12,0.8831,1.0659,1.1665,0,0,0
P01,2026-04-13,0.8857,0.924,1.0248,0,0,0
P01,2026-04-14,0.8917,0.935,1.0248,0,0,0
P01,2026-04-15,0.895,0.9701,1.0248,0,0,0
P01,2026-04-16,0.8992,1.0129,1.0248,0,0,0
P01,2026-04-17,0.9011,1.0205,1.0248,0,0,0
P01,2026-04-18,0.9039,1.1554,1.1665,0,0,0
P01,2026-04-19,0.9091,1.0659,1.1665,0,0,0
P01,2026-04-20,0.9133,0.924,1.0248,0,0,0
P01,2026-04-21,0.9206,0.935,1.0248,0,0,0
P01,2026-04-22,0.9246,0.9701,1.0248,0,0,0
P01,2026-04-23,0.929,1.0129,1.0248,0,0,0
P01,2026-04-24,0.9312,1.0205,1.0248,0,0,0
P01,2026-04-25,0.9345,1.1554,1.1665,0,0,0
P01,2026-04-26,0.9377,1.0659,1.1665,0,0,0
P01,2026-04-27,0.9375,0.924,1.0248,0,0,0
P01,2026-04-28,0.9403,0.935,1.0248,0,0,0
P01,2026-04-29,0.9436,0.9701,1.0248,0,0,0
P01,2026-04-30,0.9463,1.0129,1.0248,0,0,0
P01,2026-05-01,0.9463,1.0205,1.0248,0,0,0
P01,2026-05-02,0.9534,1.1554,1.1665,0,0,0
P01,2026-05-03,0.9555,1.0659,1.1665,0,0,0
P01,2026-05-04,0.9624,0.924,1.0248,0,0,0
P01,2026-05-05,0.9658,0.935,1.0248,0,0,0
P01,2026-05-06,0.9733,0.9701,1.0248,0,0,0
P01,2026-05-07,0.973,1.0129,1.0248,0,0,0
P01,2026-05-08,0.9731,1.0205,1.0248,0,0,0
P01,2026-05-09,0.978,1.1554,1.1665,0,0,0
P01,2026-05-10,0.9797,1.0659,1.1665,0,0,0
P01,2026-05-11,0.9813,0.924,1.0248,0,0,0
P01,2026-05-12,0.984,0.935,1.0248,0,0,0
P01,2026-05-13,0.985,0.9701,1.0248,0,0,0
P01,2026-05-14,0.9841,1.0129,1.0248,0,0,0
P01,2026-05-15,0.9867,1.0205,1.0248,0,0,0
P01,2026-05-16,0.9842,1.1554,1.1665,0,0,0
P01,2026-05-17,0.989,1.0659,1.1665,0,0,0
P01,2026-05-18,0.9904,0.924,1.0248,0,0,0
P01,2026-05-19,0.9903,0.935,1.0248,0,0,0
P01,2026-05-20,0.9905,0.9701,1.0248,0,0,0
P01,2026-05-21,0.9884,1.0129,1.0248,0,0,0
P01,2026-05-22,0.9893,1.0205,1.0248,0,0,0
P01,2026-05-23,0.9942,1.1554,1.1665,0,0,0
P01,2026-05-24,0.9936,1.0659,1.1665,0,0,0
P01,2026-05-25,0.9995,0.924,1.0248,0,0,0
P01,2026-05-26,0.9962,0.935,1.0248,0,0,0
P01,2026-05-27,0.9925,0.9701,1.0248,0,0,0
P01,2026-05-28,0.9912,1.0129,1.0248,0,0,0
P01,2026-05-29,0.9906,1.0205,1.0248,0,0,0
P01,2026-05-30,0.989,1.1554,1.1665,0,0,0
P01,2026-05-31,0.9912,1.0659,1.1665,0,0,0
P01,2026-06-01,0.9892,0.924,1.0248,0,0,0
P01,2026-06-02,0.9864,0.935,1.0248,0,0,0
P01,2026-06-03,0.9857,0.9701,1.0248,0,0,0
P01,2026-06-04,0.9832,1.0129,1.0248,0,0,0
P01,2026-06-05,0.9806,1.0205,1.0248,0,0,0
P01,2026-06-06,0.9803,1.1554,1.0248,0,0,0
P01,2026-06-07,0.9799,1.0659,1.0248,0,0,0
P01,2026-06-08,0.9816,0.924,1.0248,0,0,0
P01,2026-06-09,0.9836,0.935,1.0248,0,0,0
P01,2026-06-10,0.9822,0.9701,1.0248,0,0,0
P01,2026-06-11,0.9792,1.0129,1.0248,0,0,0
P01,2026-06-12,0.9771,1.0205,1.0248,0,0,0
P01,2026-06-13,0.976,1.1554,1.0248,0,0,0
P01,2026-06-14,0.9739,1.0659,1.0248,0,0,0
P01,2026-06-15,0.9731,0.924,1.0248,0,0,0
P01,2026-06-16,0.9725,0.935,1.0248,0,0,0
P01,2026-06-17,0.9699,0.9701,1.0248,0,0,0
P01,2026-06-18,0.9695,1.0129,1.0248,0,0,0
P01,2026-06-19,0.9747,1.0205,1.0248,0,0,0
P01,2026-06-20,0.9759,1.1554,1.0248,0,0,0
P01,2026-06-21,0.9753,1.0659,1.0248,0,0,0
P01,2026-06-22,0.9746,0.924,1.0248,0,0,0
P01,2026-06-23,0.9724,0.935,1.0248,0,0,0
P01,2026-06-24,0.9727,0.9701,1.0248,0,0,0
P01,2026-06-25,0.976,1.0129,1.0248,0,0,0
P01,2026-06-26,0.9723,1.0205,1.0248,0,0,0
P01,2026-06-27,0.9688,1.1554,1.0248,0,0,0
P01,2026-06-28,0.9687,1.0659,1.0248,0,0,0
P01,2026-06-29,0.9704,0.924,1.0248,0,0,0
P01,2026-06-30,0.9702,0.935,1.0248,0,0,0
P01,2026-07-01,0.9682,0.9701,1.0712,0,0,0
P01,2026-07-02,0.9633,1.0129,1.0712,0,0,0
P01,2026-07-03,0.9611,1.0205,1.5435,0,0,0
P01,2026-07-04,0.9592,1.1554,1.5435,0,0,0
P01,2026-07-05,0.9619,1.0659,1.0712,0,0,0
P01,2026-07-06,0.9636,0.924,1.0712,0,0,0
P01,2026-07-07,0.9623,0.935,1.0712,0,0,0
P01,2026-07-08,0.9604,0.9701,1.0712,0,0,0
P01,2026-07-09,0.9607,1.0129,1.0712,0,0,0
P01,2026-07-10,0.9626,1.0205,1.5435,0,0,0
P01,2026-07-11,0.9641,1.1554,1.5435,0,0,0
P01,2026-07-12,0.9642,1.0659,1.0712,0,0,0
P01,2026-07-13,0.9603,0.924,1.0712,0,0,0
P01,2026-07-14,0.9609,0.935,1.0712,0,0,0
P01,2026-07-15,0.9611,0.9701,1.0712,0,0,0
P01,2026-07-16,0.9597,1.0129,1.0712,0,0,0
P01,2026-07-17,0.9582,1.0205,1.5435,0,0,0
P01,2026-07-18,0.956,1.1554,1.5435,0,0,0
P01,2026-07-19,0.9539,1.0659,1.0712,0,0,0
P01,2026-07-20,0.9519,0.924,1.0712,0,0,0
P01,2026-07-21,0.952,0.935,1.0712,0,0,0
P01,2026-07-22,0.9497,0.9701,1.0712,0,0,0
P01,2026-07-23,0.9512,1.0129,1.0712,0,0,0
P01,2026-07-24,0.9511,1.0205,1.5435,0,0,0
P01,2026-07-25,0.9494,1.1554,1.5435,0,0,0
P01,2026-07-26,0.9521,1.0659,1.0712,0,0,0
P01,2026-07-27,0.9519,0.924,1.0712,0,0,0
P01,2026-07-28,0.9501,0.935,1.0712,0,0,0
P01,2026-07-29,0.9492,0.9701,1.0712,0,0,0
P01,2026-07-30,0.953,1.0129,1.0712,0,0,0
P01,2026-07-31,0.9485,1.0205,1.5435,0,0,0
P01,2026-08-01,0.9493,1.1554,1.0712,0,0,0
P01,2026-08-02,0.9451,1.0659,1.0712,0,0,0
P01,2026-08-03,0.9449,0.924,1.0712,0,0,0
P01,2026-08-04,0.942,0.935,1.0712,0,0,0
P01,2026-08-05,0.9466,0.9701,1.0712,0,0,0
P01,2026-08-06,0.9477,1.0129,1.0712,0,0,0
P01,2026-08-07,0.9468,1.0205,1.0712,0,0,0
P01,2026-08-08,0.9446,1.1554,1.0712,0,0,0
P01,2026-08-09,0.9432,1.0659,1.0712,0,0,0
P01,2026-08-10,0.941,0.924,1.0712,0,0,0
P01,2026-08-11,0.9381,0.935,1.0712,0,0,0
P01,2026-08-12,0.9389,0.9701,1.0712,0,0,0
P01,2026-08-13,0.936,1.0129,1.0712,0,0,0
P01,2026-08-14,0.936,1.0205,1.0712,0,0,0
P01,2026-08-15,0.934,1.1554,2.2311,0,0,0
P01,2026-08-16,0.9304,1.0659,2.2311,0,0,0
P01,2026-08-17,0.9343,0.924,2.2311,0,0,0
P01,2026-08-18,0.9352,0.935,1.0712,0,0,0
P01,2026-08-19,0.9345,0.9701,1.0712,0,0,0
P01,2026-08-20,0.9347,1.0129,1.0712,0,0,0
P01,2026-08-21,0.9362,1.0205,1.0712,0,0,0
P01,2026-08-22,0.9353,1.1554,1.0712,0,0,0
P01,2026-08-23,0.9289,1.0659,1.0712,0,0,0
P01,2026-08-24,0.9299,0.924,1.0712,0,0,0
P01,2026-08-25,0.9335,0.935,1.0712,0,0,0
P01,2026-08-26,0.9343,0.9701,1.0712,0,0,0
P01,2026-08-27,0.935,1.0129,1.0712,0,0,0
P01,2026-08-28,0.9388,1.0205,1.0712,0,0,0
P01,2026-08-29,0.939,1.1554,1.0712,0,0,0
P01,2026-08-30,0.9427,1.0659,1.0712,0,0,0
P01,2026-08-31,0.9433,0.924,1.0712,0,0,0
P01,2026-09-01,0.9446,0.935,1.0712,0,0,0
P01,2026-09-02,0.947,0.9701,1.0712,0,0,0
P01,2026-09-03,0.948,1.0129,1.0712,0,0,0
P01,2026-09-04,0.9512,1.0205,1.0712,0,0,0
P01,2026-09-05,0.9519,1.1554,1.0712,1,0,0
P01,2026-09-06,0.9468,1.0659,1.0712,0,0,0
P01,2026-09-07,0.9445,0.924,1.0712,0,0,0
P01,2026-09-08,0.9449,0.935,1.0712,0,0,0
P01,2026-09-09,0.9462,0.9701,1.0712,0,0,0
P01,2026-09-10,0.9418,1.0129,1.0712,0,0,0
P01,2026-09-11,0.94,1.0205,1.0712,0,0,0
P01,2026-09-12,0.9438,1.1554,1.0712,0,0,0
P01,2026-09-13,0.9406,1.0659,1.0712,0,0,0
P01,2026-09-14,0.942,0.924,1.0712,0,0,0
P01,2026-09-15,0.944,0.935,1.0712,0,0,0
P01,2026-09-16,0.9426,0.9701,1.0712,0,0,0
P01,2026-09-17,0.9379,1.0129,1.0712,0,0,0
P01,2026-09-18,0.9339,1.0205,1.0712,0,0,0
P01,2026-09-19,0.9319,1.1554,1.0712,0,0,0
P01,2026-09-20,0.9292,1.0659,1.0712,0,0,0
P01,2026-09-21,0.9331,0.924,1.0712,0,0,0
P01,2026-09-22,0.9348,0.935,1.0712,0,0,0
P01,2026-09-23,0.9363,0.9701,1.0712,0,0,0
P01,2026-09-24,0.9366,1.0129,1.0712,0,0,0
P01,2026-09-25,0.9404,1.0205,1.0712,0,0,0
P01,2026-09-26,0.943,1.1554,1.0712,0,0,0
P01,2026-09-27,0.9429,1.0659,1.0712,0,0,0
P01,2026-09-28,0.9425,0.924,1.0712,0,0,0
P01,2026-09-29,0.9473,0.935,1.0712,0,0,0
P01,2026-09-30,0.9529,0.9701,1.0712,0,0,0
P01,2026-10-01,0.9609,1.0129,1.0,0,0,0
P01,2026-10-02,0.9654,1.0205,1.4409,0,0,0
P01,2026-10-03,0.9634,1.1554,1.4409,0,0,0
P01,2026-10-04,0.9641,1.0659,1.0,0,0,0
P01,2026-10-05,0.9661,0.924,1.0,0,0,0
P01,2026-10-06,0.9683,0.935,1.0,0,0,0
P01,2026-10-07,0.9706,0.9701,1.0,0,0,0
P01,2026-10-08,0.9763,1.0129,1.0,0,0,0
P01,2026-10-09,0.9774,1.0205,1.4409,0,0,0
P01,2026-10-10,0.977,1.1554,1.4409,0,0,0
P01,2026-10-11,0.9772,1.0659,1.0,0,0,0
P01,2026-10-12,0.979,0.924,1.0,0,0,0
P01,2026-10-13,0.98,0.935,1.0,0,0,0
P01,2026-10-14,0.9833,0.9701,1.0,0,0,0
P01,2026-10-15,0.9845,1.0129,1.0,0,0,0
P01,2026-10-16,0.9887,1.0205,1.4409,0,0,0
P01,2026-10-17,0.9915,1.1554,1.4409,0,0,0
P01,2026-10-18,0.9914,1.0659,1.0,0,0,0
P01,2026-10-19,0.993,0.924,1.0,0,0,0
P01,2026-10-20,0.9941,0.935,3.1437,0,0,0
P01,2026-10-21,0.9899,0.9701,3.1437,0,0,0
P01,2026-10-22,0.9907,1.0129,3.1437,0,0,0
P01,2026-10-23,0.9947,1.0205,3.1437,0,0,0
P01,2026-10-24,0.9954,1.1554,3.1437,0,0,0
P01,2026-10-25,0.9958,1.0659,3.1437,0,0,0
P01,2026-10-26,0.9995,0.924,1.0,0,0,0
P01,2026-10-27,0.9986,0.935,1.0,0,0,0
P01,2026-10-28,1.0031,0.9701,1.0,0,0,0
P01,2026-10-29,1.0063,1.0129,1.0,0,0,0
P01,2026-10-30,1.0077,1.0205,1.4409,0,0,0
P01,2026-10-31,1.0114,1.1554,1.4409,0,0,0
P01,2026-11-01,1.0136,1.0659,2.9778,0,0,0
P01,2026-11-02,1.0144,0.924,2.9778,0,0,0
P01,2026-11-03,1.0136,0.935,2.9778,0,0,0
P01,2026-11-04,1.013,0.9701,0.9824,0,0,0
P01,2026-11-05,1.014,1.0129,0.9824,0,0,0
P01,2026-11-06,1.0171,1.0205,0.9824,0,0,0
P01,2026-11-07,1.0219,1.1554,0.9824,0,0,0
P01,2026-11-08,1.0246,1.0659,0.9824,0,0,0
P01,2026-11-09,1.0247,0.924,0.9824,0,0,0
P01,2026-11-10,1.0261,0.935,0.9824,0,0,0
P01,2026-11-11,1.0281,0.9701,0.9824,0,0,0
P01,2026-11-12,1.0302,1.0129,0.9824,0,0,0
P01,2026-11-13,1.0278,1.0205,0.9824,0,0,0
P01,2026-11-14,1.0349,1.1554,0.9824,0,0,0
P01,2026-11-15,1.0345,1.0659,0.9824,0,0,0
P01,2026-11-16,1.0376,0.924,0.9824,0,0,0
P01,2026-11-17,1.0382,0.935,0.9824,0,0,0
P01,2026-11-18,1.04,0.9701,0.9824,0,0,0
P01,2026-11-19,1.0374,1.0129,0.9824,0,0,0
P01,2026-11-20,1.0413,1.0205,0.9824,0,0,0
P01,2026-11-21,1.0421,1.1554,0.9824,0,0,0
P01,2026-11-22,1.0433,1.0659,0.9824,0,0,0
P01,2026-11-23,1.0435,0.924,0.9824,0,0,0
P01,2026-11-24,1.0472,0.935,0.9824,0,0,0
P01,2026-11-25,1.0473,0.9701,0.9824,0,0,0
P01,2026-11-26,1.047,1.0129,0.9824,0,0,0
P01,2026-11-27,1.0467,1.0205,0.9824,0,0,0
P01,2026-11-28,1.0446,1.1554,0.9824,0,0,0
P01,2026-11-29,1.0456,1.0659,0.9824,0,0,0
P01,2026-11-30,1.0468,0.924,0.9824,0,0,0
P01,2026-12-01,1.0457,0.935,0.9824,0,0,0
P01,2026-12-02,1.0443,0.9701,0.9824,0,0,0
P01,2026-12-03,1.0412,1.0129,0.9824,0,0,0
P01,2026-12-04,1.0416,1.0205,0.9824,0,0,0
P01,2026-12-05,1.0448,1.1554,0.9824,0,0,0
P01,2026-12-06,1.0469,1.0659,0.9824,0,0,0
P01,2026-12-07,1.0502,0.924,0.9824,0,0,0
P01,2026-12-08,1.0505,0.935,0.9824,0,0,0
P01,2026-12-09,1.0562,0.9701,0.9824,0,0,0
P01,2026-12-10,1.0599,1.0129,0.9824,0,0,0
P01,2026-12-11,1.0577,1.0205,0.9824,0,0,0
P01,2026-12-12,1.0588,1.1554,0.9824,0,0,0
P01,2026-12-13,1.0636,1.0659,0.9824,0,0,0
P01,2026-12-14,1.0624,0.924,0.9824,0,0,0
P01,2026-12-15,1.0624,0.935,0.9824,0,0,0
P01,2026-12-16,1.0672,0.9701,0.9824,0,0,0
P01,2026-12-17,1.0703,1.0129,0.9824,0,0,0
P01,2026-12-18,1.0743,1.0205,0.9824,0,0,0
P01,2026-12-19,1.0771,1.1554,0.9824,0,0,0
P01,2026-12-20,1.078,1.0659,0.9824,0,0,0
P01,2026-12-21,1.0767,0.924,0.9824,0,0,0
P01,2026-12-22,1.0755,0.935,0.9824,0,0,0
P01,2026-12-23,1.0755,0.9701,0.9824,0,0,0
P01,2026-12-24,1.0731,1.0129,0.9824,0,0,0
P01,2026-12-25,1.0706,1.0205,0.9824,0,0,0
P01,2026-12-26,1.0716,1.1554,0.9824,0,0,0
P01,2026-12-27,1.0701,1.0659,0.9824,0,0,0
P01,2026-12-28,1.0683,0.924,0.9824,0,0,0
P01,2026-12-29,1.0674,0.935,0.9824,0,0,0
P01,2026-12-30,1.0639,0.9701,0.9824,0,0,0
P01,2026-12-31,1.0637,1.0129,0.9824,0,0,0
P01,2027-01-01,1.0622,1.0205,0.8756,0,0,0
P01,2027-01-02,1.0615,1.1554,0.9824,0,0,0
P01,2027-01-03,1.0606,1.0659,0.9824,0,0,0
P01,2027-01-04,1.0593,0.924,0.9824,0,0,0
P01,2027-01-05,1.0579,0.935,0.9824,0,0,0
P01,2027-01-06,1.0509,0.9701,0.9824,0,0,0
P01,2027-01-07,1.0481,1.0129,0.9824,0,0,0
P01,2027-01-08,1.0484,1.0205,0.9824,0,0,0
P01,2027-01-09,1.0488,1.1554,0.9824,0,0,0
P01,2027-01-10,1.0466,1.0659,0.9824,0,0,0
P01,2027-01-11,1.0421,0.924,0.9824,0,0,0
P01,2027-01-12,1.0399,0.935,0.9824,0,0,0
P01,2027-01-13,1.0381,0.9701,1.6636,0,0,0
P01,2027-01-14,1.0352,1.0129,1.6636,0,0,0
P01,2027-01-15,1.0342,1.0205,1.6636,0,0,0
P01,2027-01-16,1.033,1.1554,1.6636,0,0,0
P01,2027-01-17,1.0311,1.0659,0.9824,0,0,0
P01,2027-01-18,1.0306,0.924,0.9824,0,0,0
P01,2027-01-19,1.034,0.935,0.9824,0,0,0
P01,2027-01-20,1.0292,0.9701,0.9824,0,0,0
P01,2027-01-21,1.0237,1.0129,0.9824,0,0,0
P01,2027-01-22,1.0204,1.0205,0.9824,0,0,0
P01,2027-01-23,1.018,1.1554,0.9824,0,0,0
P01,2027-01-24,1.0179,1.0659,0.9824,0,0,0
P01,2027-01-25,1.0182,0.924,0.9824,0,0,0
P01,2027-01-26,1.0125,0.935,0.8756,0,0,0
P01,2027-01-27,1.011,0.9701,0.9824,0,0,0
P01,2027-01-28,1.01,1.0129,0.9824,0,0,0
P01,2027-01-29,1.0103,1.0205,0.9824,0,0,0
P01,2027-01-30,1.0097,1.1554,0.9824,0,0,0
P01,2027-01-31,1.0104,1.0659,0.9824,0,0,0
P01,2027-02-01,1.0076,0.924,0.9824,0,0,0
P01,2027-02-02,1.01,0.935,0.9824,0,0,0
P01,2027-02-03,1.0075,0.9701,0.9824,0,0,0
P01,2027-02-04,1.003,1.0129,0.9824,0,0,0
P01,2027-02-05,0.9993,1.0205,0.9824,0,0,0
P01,2027-02-06,0.9947,1.1554,0.9824,0,0,0
P01,2027-02-07,0.997,1.0659,0.9824,0,0,0
P01,2027-02-08,0.994,0.924,0.9824,0,0,0
P01,2027-02-09,0.9923,0.935,0.9824,0,0,0
P01,2027-02-10,0.9909,0.9701,0.9824,0,0,0
P01,2027-02-11,0.9909,1.0129,0.9824,0,0,0
P01,2027-02-12,0.9903,1.0205,0.9824,0,0,0
P01,2027-02-13,0.9859,1.1554,0.9824,0,0,0
P01,2027-02-14,0.9842,1.0659,0.9824,0,0,0
P01,2027-02-15,0.9863,0.924,0.9824,0,0,0
P01,2027-02-16,0.9847,0.935,0.9824,0,0,0
P01,2027-02-17,0.9849,0.9701,0.9824,0,0,0
P01,2027-02-18,0.981,1.0129,0.9824,0,0,0
P01,2027-02-19,0.9796,1.0205,0.9824,0,0,0
P01,2027-02-20,0.9755,1.1554,0.9824,0,0,0
P01,2027-02-21,0.9738,1.0659,0.9824,0,0,0
P01,2027-02-22,0.9716,0.924,0.9824,0,0,0
P01,2027-02-23,0.9715,0.935,0.9824,0,0,0
P01,2027-02-24,0.9699,0.9701,0.9824,0,0,0
P01,2027-02-25,0.9695,1.0129,0.9824,0,0,0
P01,2027-02-26,0.9674,1.0205,0.9824,0,0,0
P01,2027-02-27,0.9659,1.1554,0.9824,0,0,0
P01,2027-02-28,0.9601,1.0659,0.9824,0,0,0
P01,2027-03-01,0.9606,0.924,1.0248,0,0,0
P01,2027-03-02,0.9613,0.935,1.0248,0,0,0
P01,2027-03-03,0.959,0.9701,1.0248,0,0,0
P01,2027-03-04,0.9593,1.0129,1.0248,0,0,0
P01,2027-03-05,0.9626,1.0205,1.4766,0,0,0
P01,2027-03-06,0.9663,1.1554,1.4766,0,0,0
P01,2027-03-07,0.9657,1.0659,1.0248,0,0,0
P01,2027-03-08,0.9698,0.924,1.0248,0,0,0
P01,2027-03-09,0.9686,0.935,1.0248,0,0,0
P01,2027-03-10,0.9654,0.9701,1.0248,0,0,0
P01,2027-03-11,0.9654,1.0129,1.0248,0,0,0
P01,2027-03-12,0.9657,1.0205,1.4766,0,0,0
P01,2027-03-13,0.9601,1.1554,1.4766,0,0,0
P01,2027-03-14,0.9624,1.0659,1.0248,0,0,0
P01,2027-03-15,0.9668,0.924,1.0248,0,0,0
P01,2027-03-16,0.9663,0.935,1.0248,0,0,0
P01,2027-03-17,0.9663,0.9701,1.0248,0,0,0
P01,2027-03-18,0.964,1.0129,1.0248,0,0,0
P01,2027-03-19,0.9684,1.0205,1.4766,0,0,0
P01,2027-03-20,0.9699,1.1554,1.4766,0,0,0
P01,2027-03-21,0.9693,1.0659,1.0248,0,0,0
P01,2027-03-22,0.9688,0.924,1.0248,0,0,0
P01,2027-03-23,0.9704,0.935,1.0248,0,0,0
P01,2027-03-24,0.9702,0.9701,1.0248,0,0,0
P01,2027-03-25,0.9673,1.0129,1.0248,0,0,0
P01,2027-03-26,0.9679,1.0205,1.4766,0,0,0
P01,2027-03-27,0.9697,1.1554,1.4766,0,0,0
P01,2027-03-28,0.972,1.0659,1.0248,0,0,0
P01,2027-03-29,0.9725,0.924,1.0248,0,0,0
P01,2027-03-30,0.9707,0.935,1.0248,0,0,0
P01,2027-03-31,0.9714,0.9701,1.0248,0,0,0
P01,2027-04-01,0.97,1.0129,1.0248,0,0,0
P01,2027-04-02,0.9691,1.0205,1.0248,0,0,0
P01,2027-04-03,0.9677,1.1554,1.1665,0,0,0
P01,2027-04-04,0.9695,1.0659,1.1665,0,0,0
P01,2027-04-05,0.9693,0.924,1.0248,0,0,0
P01,2027-04-06,0.9704,0.935,1.0248,0,0,0
P01,2027-04-07,0.9755,0.9701,1.0248,0,0,0
P01,2027-04-08,0.9742,1.0129,1.0248,0,0,0
P01,2027-04-09,0.9779,1.0205,1.0248,0,0,0
P01,2027-04-10,0.977,1.1554,1.1665,0,0,0
P01,2027-04-11,0.9775,1.0659,1.1665,0,0,0
P01,2027-04-12,0.9793,0.924,1.0248,0,0,0
P01,2027-04-13,0.9853,0.935,1.0248,0,0,0
P01,2027-04-14,0.9836,0.9701,1.0248,0,0,0
P01,2027-04-15,0.9844,1.0129,1.0248,0,0,0
P01,2027-04-16,0.9859,1.0205,1.0248,0,0,0
P01,2027-04-17,0.9871,1.1554,1.1665,0,0,0
P01,2027-04-18,0.9886,1.0659,1.1665,0,0,0
P01,2027-04-19,0.9875,0.924,1.0248,0,0,0
P01,2027-04-20,0.9936,0.935,1.0248,0,0,0
P01,2027-04-21,0.9967,0.9701,1.0248,0,0,0
P01,2027-04-22,0.9973,1.0129,1.0248,0,0,0
P01,2027-04-23,1.0036,1.0205,1.0248,0,0,0
P01,2027-04-24,1.0038,1.1554,1.1665,0,0,0
P01,2027-04-25,1.005,1.0659,1.1665,0,0,0
P01,2027-04-26,1.006,0.924,1.0248,0,0,0
P01,2027-04-27,1.0038,0.935,1.0248,0,0,0
P01,2027-04-28,1.0062,0.9701,1.0248,0,0,0
P01,2027-04-29,1.0028,1.0129,1.0248,0,0,0
P01,2027-04-30,1.001,1.0205,1.0248,0,0,0
P01,2027-05-01,0.9985,1.1554,1.1665,0,0,0
P01,2027-05-02,1.0025,1.0659,1.1665,0,0,0
P01,2027-05-03,0.9989,0.924,1.0248,0,0,0
P01,2027-05-04,0.9995,0.935,1.0248,0,0,0
P01,2027-05-05,1.0002,0.9701,1.0248,0,0,0
P01,2027-05-06,1.0003,1.0129,1.0248,0,0,0
P01,2027-05-07,1.0027,1.0205,1.0248,0,0,0
P01,2027-05-08,1.0039,1.1554,1.1665,0,0,0
P01,2027-05-09,1.0047,1.0659,1.1665,0,0,0
P01,2027-05-10,1.0054,0.924,1.0248,0,0,0
P01,2027-05-11,1.0029,0.935,1.0248,0,0,0
P01,2027-05-12,1.002,0.9701,1.0248,0,0,0
P01,2027-05-13,0.9963,1.0129,1.0248,0,0,0
P01,2027-05-14,0.9969,1.0205,1.0248,0,0,0
P01,2027-05-15,0.9962,1.1554,1.1665,0,0,0
P01,2027-05-16,0.9956,1.0659,1.1665,0,0,0
P01,2027-05-17,0.9951,0.924,1.0248,0,0,0
P01,2027-05-18,0.998,0.935,1.0248,0,0,0
P01,2027-05-19,0.9979,0.9701,1.0248,0,0,0
P01,2027-05-20,0.997,1.0129,1.0248,0,0,0
P01,2027-05-21,1.0023,1.0205,1.0248,0,0,0
P01,2027-05-22,1.001,1.1554,1.1665,0,0,0
P01,2027-05-23,1.0006,1.0659,1.1665,0,0,0
P01,2027-05-24,0.9999,0.924,1.0248,0,0,0
P01,2027-05-25,0.9997,0.935,1.0248,0,0,0
P01,2027-05-26,0.9979,0.9701,1.0248,0,0,0
P01,2027-05-27,0.9976,1.0129,1.0248,0,0,0
P01,2027-05-28,0.9967,1.0205,1.0248,0,0,0
P01,2027-05-29,0.999,1.1554,1.1665,0,0,0
P01,2027-05-30,1.0001,1.0659,1.1665,0,0,0
P01,2027-05-31,1.0021,0.924,1.0248,0,0,0
P01,2027-06-01,1.0048,0.935,1.0248,0,0,0
P01,2027-06-02,1.0019,0.9701,1.0248,0,0,0
P01,2027-06-03,0.9972,1.0129,1.0248,0,0,0
P01,2027-06-04,0.9948,1.0205,1.0248,0,0,0
P01,2027-06-05,0.9919,1.1554,1.0248,0,0,0
P01,2027-06-06,0.9891,1.0659,1.0248,0,0,0
P01,2027-06-07,0.99,0.924,1.0248,0,0,0
P01,2027-06-08,0.9892,0.935,1.0248,0,0,0
P01,2027-06-09,0.9878,0.9701,1.0248,0,0,0
P01,2027-06-10,0.9877,1.0129,1.0248,0,0,0
P01,2027-06-11,0.9877,1.0205,1.0248,0,0,0
P01,2027-06-12,0.9858,1.1554,1.0248,0,0,0
P01,2027-06-13,0.9812,1.0659,1.0248,0,0,0
P01,2027-06-14,0.9794,0.924,1.0248,0,0,0
P01,2027-06-15,0.9802,0.935,1.0248,0,0,0
P01,2027-06-16,0.9808,0.9701,1.0248,0,0,0
P01,2027-06-17,0.9769,1.0129,1.0248,0,0,0
P01,2027-06-18,0.9751,1.0205,1.0248,0,0,0
P01,2027-06-19,0.9776,1.1554,1.0248,0,0,0
P01,2027-06-20,0.979,1.0659,1.0248,0,0,0
P01,2027-06-21,0.9797,0.924,1.0248,0,0,0
P01,2027-06-22,0.9774,0.935,1.0248,0,0,0
P01,2027-06-23,0.9789,0.9701,1.0248,0,0,0
P01,2027-06-24,0.9776,1.0129,1.0248,0,0,0
P01,2027-06-25,0.974,1.0205,1.0248,0,0,0
P01,2027-06-26,0.9685,1.1554,1.0248,0,0,0
P01,2027-06-27,0.9669,1.0659,1.0248,0,0,0
P01,2027-06-28,0.9637,0.924,1.0248,0,0,0
P01,2027-06-29,0.9607,0.935,1.0248,0,0,0
P01,2027-06-30,0.9614,0.9701,1.0248,0,0,0
P01,2027-07-01,0.9609,1.0129,1.0712,0,0,0
P01,2027-07-02,0.9588,1.0205,1.5435,0,0,0
P01,2027-07-03,0.9542,1.1554,1.5435,0,0,0
P01,2027-07-04,0.9507,1.0659,1.0712,0,0,0
P01,2027-07-05,0.9531,0.924,1.0712,0,0,0
P01,2027-07-06,0.9505,0.935,1.0712,0,0,0
P01,2027-07-07,0.9489,0.9701,1.0712,0,0,0
P01,2027-07-08,0.9455,1.0129,1.0712,0,0,0
P01,2027-07-09,0.9496,1.0205,1.5435,0,0,0
P01,2027-07-10,0.9483,1.1554,1.5435,0,0,0
P01,2027-07-11,0.9482,1.0659,1.0712,0,0,0
P01,2027-07-12,0.9436,0.924,1.0712,0,0,0
P01,2027-07-13,0.9465,0.935,1.0712,0,0,0
P01,2027-07-14,0.9435,0.9701,1.0712,0,0,0
P01,2027-07-15,0.9442,1.0129,1.0712,0,0,0
P01,2027-07-16,0.9426,1.0205,1.5435,0,0,0
P01,2027-07-17,0.9435,1.1554,1.5435,0,0,0
P01,2027-07-18,0.9484,1.0659,1.0712,0,0,0
P01,2027-07-19,0.9453,0.924,1.0712,0,0,0
P01,2027-07-20,0.9467,0.935,1.0712,0,0,0
P01,2027-07-21,0.9471,0.9701,1.0712,0,0,0
P01,2027-07-22,0.9436,1.0129,1.0712,0,0,0
P01,2027-07-23,0.9414,1.0205,1.5435,0,0,0
P01,2027-07-24,0.9408,1.1554,1.5435,0,0,0
P01,2027-07-25,0.9404,1.0659,1.0712,0,0,0
P01,2027-07-26,0.9429,0.924,1.0712,0,0,0
P01,2027-07-27,0.9412,0.935,1.0712,0,0,0
P01,2027-07-28,0.9411,0.9701,1.0712,0,0,0
P01,2027-07-29,0.943,1.0129,1.0712,0,0,0
P01,2027-07-30,0.9417,1.0205,1.5435,0,0,0
P01,2027-07-31,0.9392,1.1554,1.5435,0,0,0
P01,2027-08-01,0.9387,1.0659,1.0712,0,0,0
P01,2027-08-02,0.9401,0.924,1.0712,0,0,0
P01,2027-08-03,0.9414,0.935,1.0712,0,0,0
P01,2027-08-04,0.942,0.9701,1.0712,0,0,0
P01,2027-08-05,0.9387,1.0129,1.0712,0,0,0
P01,2027-08-06,0.9368,1.0205,1.0712,0,0,0
P01,2027-08-07,0.9378,1.1554,1.0712,0,0,0
P01,2027-08-08,0.9379,1.0659,1.0712,0,0,0
P01,2027-08-09,0.9418,0.924,1.0712,0,0,0
P01,2027-08-10,0.9469,0.935,1.0712,0,0,0
P01,2027-08-11,0.9467,0.9701,1.0712,0,0,0
P01,2027-08-12,0.9455,1.0129,1.0712,0,0,0
P01,2027-08-13,0.9456,1.0205,1.0712,0,0,0
P01,2027-08-14,0.948,1.1554,1.0712,0,0,0
P01,2027-08-15,0.9469,1.0659,2.2311,0,0,0
P01,2027-08-16,0.9437,0.924,2.2311,0,0,0
P01,2027-08-17,0.9424,0.935,2.2311,0,0,0
P01,2027-08-18,0.946,0.9701,1.0712,0,0,0
P01,2027-08-19,0.9432,1.0129,1.0712,0,0,0
P01,2027-08-20,0.9464,1.0205,1.0712,0,0,0
P01,2027-08-21,0.9492,1.1554,1.0712,0,0,0
P01,2027-08-22,0.9508,1.0659,1.0712,0,0,0
P01,2027-08-23,0.9529,0.924,1.0712,0,0,0
P01,2027-08-24,0.9543,0.935,1.0712,0,0,0
P01,2027-08-25,0.9551,0.9701,1.0712,0,0,0
P01,2027-08-26,0.9547,1.0129,1.0712,0,0,0
P01,2027-08-27,0.9556,1.0205,1.0712,0,0,0
P01,2027-08-28,0.9583,1.1554,1.0712,0,0,0
P01,2027-08-29,0.9569,1.0659,1.0712,0,0,0
P01,2027-08-30,0.956,0.924,1.0712,0,0,0
P01,2027-08-31,0.9616,0.935,1.0712,0,0,0
P01,2027-09-01,0.9608,0.9701,1.0712,0,0,0
P01,2027-09-02,0.9569,1.0129,1.0712,0,0,0
P01,2027-09-03,0.9635,1.0205,1.0712,0,0,0
P01,2027-09-04,0.9659,1.1554,1.0712,0,0,0
P01,2027-09-05,0.9635,1.0659,1.0712,1,0,0
P01,2027-09-06,0.9623,0.924,1.0712,0,0,0
P01,2027-09-07,0.9598,0.935,1.0712,0,0,0
P01,2027-09-08,0.957,0.9701,1.0712,0,0,0
P01,2027-09-09,0.9537,1.0129,1.0712,0,0,0
P01,2027-09-10,0.9517,1.0205,1.0712,0,0,0
P01,2027-09-11,0.9485,1.1554,1.0712,0,0,0
P01,2027-09-12,0.9473,1.0659,1.0712,0,0,0
P01,2027-09-13,0.948,0.924,1.0712,0,0,0
P01,2027-09-14,0.9503,0.935,1.0712,0,0,0
P01,2027-09-15,0.9485,0.9701,1.0712,0,0,0
P01,2027-09-16,0.9469,1.0129,1.0712,0,0,0
P01,2027-09-17,0.9465,1.0205,1.0712,0,0,0
P01,2027-09-18,0.9415,1.1554,1.0712,0,0,0
P01,2027-09-19,0.9371,1.0659,1.0712,0,0,0
P01,2027-09-20,0.9366,0.924,1.0712,0,0,0
P01,2027-09-21,0.9389,0.935,1.0712,0,0,0
P01,2027-09-22,0.9402,0.9701,1.0712,0,0,0
P01,2027-09-23,0.9441,1.0129,1.0712,0,0,0
P01,2027-09-24,0.9507,1.0205,1.0712,0,0,0
P01,2027-09-25,0.9534,1.1554,1.0712,0,0,0
P01,2027-09-26,0.9567,1.0659,1.0712,0,0,0
P01,2027-09-27,0.959,0.924,1.0712,0,0,0
P01,2027-09-28,0.9619,0.935,1.0712,0,0,0
P01,2027-09-29,0.9621,0.9701,1.0712,0,0,0
P01,2027-09-30,0.9664,1.0129,1.0712,0,0,0
P01,2027-10-01,0.9704,1.0205,1.4409,0,0,0
P01,2027-10-02,0.976,1.1554,1.4409,0,0,0
P01,2027-10-03,0.9757,1.0659,1.0,0,0,0
P01,2027-10-04,0.978,0.924,1.0,0,0,0
P01,2027-10-05,0.9789,0.935,1.0,0,0,0
P01,2027-10-06,0.9789,0.9701,1.0,0,0,0
P01,2027-10-07,0.9792,1.0129,1.0,0,0,0
P01,2027-10-08,0.9836,1.0205,1.4409,0,0,0
P01,2027-10-09,0.9848,1.1554,1.4409,0,0,0
P01,2027-10-10,0.9879,1.0659,1.0,0,0,0
P01,2027-10-11,0.988,0.924,1.0,0,0,0
P01,2027-10-12,0.9901,0.935,1.0,0,0,0
P01,2027-10-13,0.9876,0.9701,1.0,0,0,0
P01,2027-10-14,0.9923,1.0129,1.0,0,0,0
P01,2027-10-15,0.992,1.0205,1.4409,0,0,0
P01,2027-10-16,0.9927,1.1554,1.4409,0,0,0
P01,2027-10-17,0.9931,1.0659,1.0,0,0,0
P01,2027-10-18,0.9917,0.924,1.0,0,0,0
P01,2027-10-19,0.996,0.935,1.0,0,0,0
P01,2027-10-20,1.0,0.9701,3.1437,0,0,0
P01,2027-10-21,1.0011,1.0129,3.1437,0,0,0
P01,2027-10-22,0.9988,1.0205,3.1437,0,0,0
P01,2027-10-23,1.0019,1.1554,3.1437,0,0,0
P01,2027-10-24,1.0008,1.0659,3.1437,0,0,0
P01,2027-10-25,0.9986,0.924,3.1437,0,0,0
P01,2027-10-26,1.0024,0.935,1.0,0,0,0
P01,2027-10-27,1.0058,0.9701,1.0,0,0,0
P01,2027-10-28,1.0092,1.0129,1.0,0,0,0
P01,2027-10-29,1.0103,1.0205,1.4409,0,0,0
P01,2027-10-30,1.0146,1.1554,1.4409,0,0,0
P01,2027-10-31,1.0094,1.0659,1.0,0,0,0
P01,2027-11-01,1.0135,0.924,2.9778,0,0,0
P01,2027-11-02,1.0128,0.935,2.9778,0,0,0
P01,2027-11-03,1.0203,0.9701,2.9778,0,0,0
P01,2027-11-04,1.0212,1.0129,0.9824,0,0,0
P01,2027-11-05,1.0209,1.0205,0.9824,0,0,0
P01,2027-11-06,1.0192,1.1554,0.9824,0,0,0
P01,2027-11-07,1.0214,1.0659,0.9824,0,0,0
P01,2027-11-08,1.0183,0.924,0.9824,0,0,0
P01,2027-11-09,1.0174,0.935,0.9824,0,0,0
P01,2027-11-10,1.0226,0.9701,0.9824,0,0,0
P01,2027-11-11,1.024,1.0129,0.9824,0,0,0
P01,2027-11-12,1.0208,1.0205,0.9824,0,0,0
P01,2027-11-13,1.0229,1.1554,0.9824,0,0,0
P01,2027-11-14,1.027,1.0659,0.9824,0,0,0
P01,2027-11-15,1.0291,0.924,0.9824,0,0,0
P01,2027-11-16,1.0294,0.935,0.9824,0,0,0
P01,2027-11-17,1.034,0.9701,0.9824,0,0,0
P01,2027-11-18,1.0339,1.0129,0.9824,0,0,0
P01,2027-11-19,1.0322,1.0205,0.9824,0,0,0
P01,2027-11-20,1.0327,1.1554,0.9824,0,0,0
P01,2027-11-21,1.0308,1.0659,0.9824,0,0,0
P01,2027-11-22,1.0313,0.924,0.9824,0,0,0
P01,2027-11-23,1.0344,0.935,0.9824,0,0,0
P01,2027-11-24,1.0355,0.9701,0.9824,0,0,0
P01,2027-11-25,1.0361,1.0129,0.9824,0,0,0
P01,2027-11-26,1.0328,1.0205,0.9824,0,0,0
P01,2027-11-27,1.0336,1.1554,0.9824,0,0,0
P01,2027-11-28,1.0345,1.0659,0.9824,0,0,0
P01,2027-11-29,1.0331,0.924,0.9824,0,0,0
P01,2027-11-30,1.0371,0.935,0.9824,0,0,0
P01,2027-12-01,1.0414,0.9701,0.9824,0,0,0
P01,2027-12-02,1.0382,1.0129,0.9824,0,0,0
P01,2027-12-03,1.038,1.0205,0.9824,0,0,0
P01,2027-12-04,1.0399,1.1554,0.9824,0,0,0
P01,2027-12-05,1.0442,1.0659,0.9824,0,0,0
P01,2027-12-06,1.0501,0.924,0.9824,0,0,0
P01,2027-12-07,1.0552,0.935,0.9824,0,0,0
P01,2027-12-08,1.0615,0.9701,0.9824,0,0,0
P01,2027-12-09,1.0663,1.0129,0.9824,0,0,0
P01,2027-12-10,1.0726,1.0205,0.9824,0,0,0
P01,2027-12-11,1.0748,1.1554,0.9824,0,0,0
P01,2027-12-12,1.0741,1.0659,0.9824,0,0,0
P01,2027-12-13,1.0733,0.924,0.9824,0,0,0
P01,2027-12-14,1.0776,0.935,0.9824,0,0,0
P01,2027-12-15,1.0807,0.9701,0.9824,0,0,0
P01,2027-12-16,1.0813,1.0129,0.9824,0,0,0
P01,2027-12-17,1.087,1.0205,0.9824,0,0,0
P01,2027-12-18,1.0944,1.1554,0.9824,0,0,0
P01,2027-12-19,1.1004,1.0659,0.9824,0,0,0
P01,2027-12-20,1.0988,0.924,0.9824,0,0,0
P01,2027-12-21,1.097,0.935,0.9824,0,0,0
P01,2027-12-22,1.0969,0.9701,0.9824,0,0,0
P01,2027-12-23,1.0943,1.0129,0.9824,0,0,0
P01,2027-12-24,1.0937,1.0205,0.9824,0,0,0
P01,2027-12-25,1.0972,1.1554,0.9824,0,0,0
P01,2027-12-26,1.0995,1.0659,0.9824,0,0,0
P01,2027-12-27,1.1005,0.924,0.9824,0,0,0
P01,2027-12-28,1.1026,0.935,0.9824,0,0,0
P01,2027-12-29,1.103,0.9701,0.9824,0,0,0
P01,2027-12-30,1.103,1.0129,0.9824,0,0,0
P01,2027-12-31,1.1024,1.0205,0.9824,0,0,0
P02,2026-01-01,0.5582,0.9798,0.7368,0,0,0
P02,2026-01-02,0.5623,1.0383,0.9609,0,0,0
P02,2026-01-03,0.5638,1.146,0.9609,0,0,0
P02,2026-01-04,0.5661,1.0925,0.9609,0,0,0
P02,2026-01-05,0.5728,0.9192,0.9609,0,0,0
P02,2026-01-06,0.5772,0.95,0.9609,0,0,0
P02,2026-01-07,0.58,0.9615,0.9609,0,0,0
P02,2026-01-08,0.5819,0.9798,0.9609,0,0,0
P02,2026-01-09,0.5853,1.0383,0.9609,0,0,0
P02,2026-01-10,0.5854,1.146,0.9609,0,0,0
P02,2026-01-11,0.587,1.0925,0.9609,0,0,0
P02,2026-01-12,0.5917,0.9192,0.9609,0,0,0
P02,2026-01-13,0.5922,0.95,1.5165,0,0,0
P02,2026-01-14,0.5933,0.9615,1.5165,0,0,0
P02,2026-01-15,0.6019,0.9798,1.5165,0,0,0
P02,2026-01-16,0.6032,1.0383,1.5165,0,0,0
P02,2026-01-17,0.6085,1.146,0.9609,0,0,0
P02,2026-01-18,0.6104,1.0925,0.9609,0,0,0
P02,2026-01-19,0.6106,0.9192,0.9609,0,0,0
P02,2026-01-20,0.6131,0.95,0.9609,0,0,0
P02,2026-01-21,0.6138,0.9615,0.9609,0,0,0
P02,2026-01-22,0.615,0.9798,0.9609,0,0,0
P02,2026-01-23,0.6171,1.0383,0.9609,0,0,0
P02,2026-01-24,0.6188,1.146,0.9609,0,0,0
P02,2026-01-25,0.6224,1.0925,0.9609,0,0,0
P02,2026-01-26,0.6265,0.9192,0.7368,0,0,0
P02,2026-01-27,0.6297,0.95,0.9609,0,0,0
P02,2026-01-28,0.629,0.9615,0.9609,0,0,0
P02,2026-01-29,0.6294,0.9798,0.9609,0,0,0
P02,2026-01-30,0.6337,1.0383,0.9609,0,0,0
P02,2026-01-31,0.6347,1.146,0.9609,0,0,0
P02,2026-02-01,0.6379,1.0925,0.9609,0,0,0
P02,2026-02-02,0.6422,0.9192,0.9609,0,0,0
P02,2026-02-03,0.6449,0.95,0.9609,0,0,0
P02,2026-02-04,0.6478,0.9615,0.9609,0,0,0
P02,2026-02-05,0.6489,0.9798,0.9609,0,0,0
P02,2026-02-06,0.6504,1.0383,0.9609,0,0,0
P02,2026-02-07,0.6528,1.146,0.9609,0,0,0
P02,2026-02-08,0.6554,1.0925,0.9609,0,0,0
P02,2026-02-09,0.6566,0.9192,0.9609,0,0,0
P02,2026-02-10,0.6591,0.95,0.9609,0,0,0
P02,2026-02-11,0.6601,0.9615,0.9609,0,0,0
P02,2026-02-12,0.6625,0.9798,0.9609,0,0,0
P02,2026-02-13,0.6649,1.0383,0.9609,0,0,0
P02,2026-02-14,0.667,1.146,0.9609,0,0,0
P02,2026-02-15,0.6722,1.0925,0.9609,0,0,0
P02,2026-02-16,0.6767,0.9192,0.9609,0,0,0
P02,2026-02-17,0.6832,0.95,0.9609,0,0,0
P02,2026-02-18,0.689,0.9615,0.9609,0,0,0
P02,2026-02-19,0.6957,0.9798,0.9609,0,0,0
P02,2026-02-20,0.6992,1.0383,0.9609,0,0,0
P02,2026-02-21,0.7046,1.146,0.9609,0,0,0
P02,2026-02-22,0.7107,1.0925,0.9609,0,0,0
P02,2026-02-23,0.7178,0.9192,0.9609,0,0,0
P02,2026-02-24,0.7236,0.95,0.9609,0,0,0
P02,2026-02-25,0.729,0.9615,0.9609,0,0,0
P02,2026-02-26,0.7345,0.9798,0.9609,0,0,0
P02,2026-02-27,0.742,1.0383,0.9609,0,0,0
P02,2026-02-28,0.7493,1.146,0.9609,0,0,0
P02,2026-03-01,0.755,1.0925,1.005,0,0,0
P02,2026-03-02,0.7588,0.9192,1.005,0,0,0
P02,2026-03-03,0.7655,0.95,1.005,0,0,0
P02,2026-03-04,0.7694,0.9615,1.005,0,0,0
P02,2026-03-05,0.7742,0.9798,1.005,0,0,0
P02,2026-03-06,0.7793,1.0383,1.4141,0,0,0
P02,2026-03-07,0.785,1.146,1.4141,0,0,0
P02,2026-03-08,0.7903,1.0925,1.005,0,0,0
P02,2026-03-09,0.7952,0.9192,1.005,0,0,0
P02,2026-03-10,0.7986,0.95,1.005,0,0,0
P02,2026-03-11,0.8029,0.9615,1.005,0,0,0
P02,2026-03-12,0.8087,0.9798,1.005,0,0,0
P02,2026-03-13,0.8121,1.0383,1.4141,0,0,0
P02,2026-03-14,0.8193,1.146,1.4141,0,0,0
P02,2026-03-15,0.8238,1.0925,1.005,0,0,0
P02,2026-03-16,0.8257,0.9192,1.005,0,0,0
P02,2026-03-17,0.8299,0.95,1.005,0,0,0
P02,2026-03-18,0.8341,0.9615,1.005,0,0,0
P02,2026-03-19,0.8402,0.9798,1.005,0,0,0
P02,2026-03-20,0.8444,1.0383,1.4141,0,0,0
P02,2026-03-21,0.8484,1.146,1.4141,0,0,0
P02,2026-03-22,0.854,1.0925,1.005,0,0,0
P02,2026-03-23,0.8584,0.9192,1.005,0,0,0
P02,2026-03-24,0.8593,0.95,1.005,0,0,0
P02,2026-03-25,0.8634,0.9615,1.005,0,0,0
P02,2026-03-26,0.8669,0.9798,1.005,0,0,0
P02,2026-03-27,0.8696,1.0383,1.4141,0,0,0
P02,2026-03-28,0.8761,1.146,1.4141,0,0,0
P02,2026-03-29,0.8785,1.0925,1.005,0,0,0
P02,2026-03-30,0.8811,0.9192,1.005,0,0,0
P02,2026-03-31,0.886,0.95,1.005,0,0,0
P02,2026-04-01,0.8899,0.9615,1.005,0,0,0
P02,2026-04-02,0.8916,0.9798,1.005,0,0,0
P02,2026-04-03,0.8957,1.0383,1.005,0,0,0
P02,2026-04-04,0.9002,1.146,1.1243,0,0,0
P02,2026-04-05,0.9022,1.0925,1.1243,0,0,0
P02,2026-04-06,0.9039,0.9192,1.005,0,0,0
P02,2026-04-07,0.9073,0.95,1.005,0,0,0
P02,2026-04-08,0.91,0.9615,1.005,0,0,0
P02,2026-04-09,0.911,0.9798,1.005,0,0,0
P02,2026-04-10,0.9161,1.0383,1.005,0,0,0
P02,2026-04-11,0.9206,1.146,1.1243,0,0,0
P02,2026-04-12,0.923,1.0925,1.1243,0,0,0
P02,2026-04-13,0.9288,0.9192,1.005,0,0,0
P02,2026-04-14,0.9326,0.95,1.005,0,0,0
P02,2026-04-15,0.9317,0.9615,1.005,0,0,0
P02,2026-04-16,0.9338,0.9798,1.005,0,0,0
P02,2026-04-17,0.935,1.0383,1.005,0,0,0
P02,2026-04-18,0.9323,1.146,1.1243,0,0,0
P02,2026-04-19,0.9323,1.0925,1.1243,0,0,0
P02,2026-04-20,0.9285,0.9192,1.005,0,0,0
P02,2026-04-21,0.9321,0.95,1.005,0,0,0
P02,2026-04-22,0.9355,0.9615,1.005,0,0,0
P02,2026-04-23,0.9404,0.9798,1.005,0,0,0
P02,2026-04-24,0.9436,1.0383,1.005,0,0,0
P02,2026-04-25,0.9447,1.146,1.1243,0,0,0
P02,2026-04-26,0.945,1.0925,1.1243,0,0,0
P02,2026-04-27,0.9455,0.9192,1.005,0,0,0
P02,2026-04-28,0.9498,0.95,1.005,0,0,0
P02,2026-04-29,0.9527,0.9615,1.005,0,0,0
P02,2026-04-30,0.9511,0.9798,1.005,0,0,0
P02,2026-05-01,0.9563,1.0383,1.005,0,0,0
P02,2026-05-02,0.9579,1.146,1.1243,0,0,0
P02,2026-05-03,0.9598,1.0925,1.1243,0,0,0
P02,2026-05-04,0.9612,0.9192,1.005,0,0,0
P02,2026-05-05,0.9622,0.95,1.005,0,0,0
P02,2026-05-06,0.9649,0.9615,1.005,0,0,0
P02,2026-05-07,0.968,0.9798,1.005,0,0,0
P02,2026-05-08,0.9692,1.0383,1.005,0,0,0
P02,2026-05-09,0.9735,1.146,1.1243,0,0,0
P02,2026-05-10,0.977,1.0925,1.1243,0,0,0
P02,2026-05-11,0.9766,0.9192,1.005,0,0,0
P02,2026-05-12,0.9791,0.95,1.005,0,0,0
P02,2026-05-13,0.9795,0.9615,1.005,0,0,0
P02,2026-05-14,0.9806,0.9798,1.005,0,0,0
P02,2026-05-15,0.9828,1.0383,1.005,0,0,0
P02,2026-05-16,0.9824,1.146,1.1243,0,0,0
P02,2026-05-17,0.9842,1.0925,1.1243,0,0,0
P02,2026-05-18,0.9835,0.9192,1.005,0,0,0
P02,2026-05-19,0.9837,0.95,1.005,0,0,0
P02,2026-05-20,0.9834,0.9615,1.005,0,0,0
P02,2026-05-21,0.9839,0.9798,1.005,0,0,0
P02,2026-05-22,0.9863,1.0383,1.005,0,0,0
P02,2026-05-23,0.9843,1.146,1.1243,0,0,0
P02,2026-05-24,0.9829,1.0925,1.1243,0,0,0
P02,2026-05-25,0.9824,0.9192,1.005,0,0,0
P02,2026-05-26,0.9828,0.95,1.005,0,0,0
P02,2026-05-27,0.9808,0.9615,1.005,0,0,0
P02,2026-05-28,0.9767,0.9798,1.005,0,0,0
P02,2026-05-29,0.9766,1.0383,1.005,0,0,0
P02,2026-05-30,0.9741,1.146,1.1243,0,0,0
P02,2026-05-31,0.9738,1.0925,1.1243,0,0,0
P02,2026-06-01,0.9722,0.9192,1.005,0,0,0
P02,2026-06-02,0.9694,0.95,1.005,0,0,0
P02,2026-06-03,0.9661,0.9615,1.005,0,0,0
P02,2026-06-04,0.9634,0.9798,1.005,0,0,0
P02,2026-06-05,0.9624,1.0383,1.005,0,0,0
P02,2026-06-06,0.9637,1.146,1.005,0,0,0
P02,2026-06-07,0.9631,1.0925,1.005,0,0,0
P02,2026-06-08,0.9647,0.9192,1.005,0,0,0
P02,2026-06-09,0.9638,0.95,1.005,0,0,0
P02,2026-06-10,0.9625,0.9615,1.005,0,0,0
P02,2026-06-11,0.9629,0.9798,1.005,0,0,0
P02,2026-06-12,0.9653,1.0383,1.005,0,0,0
P02,2026-06-13,0.9641,1.146,1.005,0,0,0
P02,2026-06-14,0.9652,1.0925,1.005,0,0,0
P02,2026-06-15,0.9682,0.9192,1.005,0,0,0
P02,2026-06-16,0.968,0.95,1.005,0,0,0
P02,2026-06-17,0.9654,0.9615,1.005,0,0,0
P02,2026-06-18,0.9676,0.9798,1.005,0,0,0
P02,2026-06-19,0.967,1.0383,1.005,0,0,0
P02,2026-06-20,0.9665,1.146,1.005,0,0,0
P02,2026-06-21,0.966,1.0925,1.005,0,0,0
P02,2026-06-22,0.9682,0.9192,1.005,0,0,0
P02,2026-06-23,0.9648,0.95,1.005,0,0,0
P02,2026-06-24,0.964,0.9615,1.005,0,0,0
P02,2026-06-25,0.9653,0.9798,1.005,0,0,0
P02,2026-06-26,0.9612,1.0383,1.005,0,0,0
P02,2026-06-27,0.9638,1.146,1.005,0,0,0
P02,2026-06-28,0.9648,1.0925,1.005,0,0,0
P02,2026-06-29,0.9632,0.9192,1.005,0,0,0
P02,2026-06-30,0.962,0.95,1.005,0,0,0
P02,2026-07-01,0.961,0.9615,1.0859,0,0,0
P02,2026-07-02,0.9577,0.9798,1.0859,0,0,0
P02,2026-07-03,0.9528,1.0383,1.5279,0,0,0
P02,2026-07-04,0.9481,1.146,1.5279,0,0,0
P02,2026-07-05,0.9483,1.0925,1.0859,0,0,0
P02,2026-07-06,0.9489,0.9192,1.0859,0,0,0
P02,2026-07-07,0.9491,0.95,1.0859,0,0,0
P02,2026-07-08,0.948,0.9615,1.0859,0,0,0
P02,2026-07-09,0.9464,0.9798,1.0859,0,0,0
P02,2026-07-10,0.9449,1.0383,1.5279,0,0,0
P02,2026-07-11,0.9438,1.146,1.5279,0,0,0
P02,2026-07-12,0.9418,1.0925,1.0859,0,0,0
P02,2026-07-13,0.9396,0.9192,1.0859,0,0,0
P02,2026-07-14,0.9394,0.95,1.0859,0,0,0
P02,2026-07-15,0.943,0.9615,1.0859,0,0,0
P02,2026-07-16,0.9427,0.9798,1.0859,0,0,0
P02,2026-07-17,0.9488,1.0383,1.5279,0,0,0
P02,2026-07-18,0.9543,1.146,1.5279,0,0,0
P02,2026-07-19,0.9592,1.0925,1.0859,0,0,0
P02,2026-07-20,0.9606,0.9192,1.0859,0,0,0
P02,2026-07-21,0.9601,0.95,1.0859,0,0,0
P02,2026-07-22,0.9589,0.9615,1.0859,0,0,0
P02,2026-07-23,0.9585,0.9798,1.0859,0,0,0
P02,2026-07-24,0.9591,1.0383,1.5279,0,0,0
P02,2026-07-25,0.9583,1.146,1.5279,0,0,0
P02,2026-07-26,0.9583,1.0925,1.0859,0,0,0
P02,2026-07-27,0.9567,0.9192,1.0859,0,0,0
P02,2026-07-28,0.9586,0.95,1.0859,0,0,0
P02,2026-07-29,0.9582,0.9615,1.0859,0,0,0
P02,2026-07-30,0.9554,0.9798,1.0859,0,0,0
P02,2026-07-31,0.956,1.0383,1.5279,0,0,0
P02,2026-08-01,0.9553,1.146,1.0859,0,0,0
P02,2026-08-02,0.9549,1.0925,1.0859,0,0,0
P02,2026-08-03,0.9533,0.9192,1.0859,0,0,0
P02,2026-08-04,0.9509,0.95,1.0859,0,0,0
P02,2026-08-05,0.9502,0.9615,1.0859,0,0,0
P02,2026-08-06,0.9509,0.9798,1.0859,0,0,0
P02,2026-08-07,0.948,1.0383,1.0859,0,0,0
P02,2026-08-08,0.9472,1.146,1.0859,0,0,0
P02,2026-08-09,0.9484,1.0925,1.0859,0,0,0
P02,2026-08-10,0.9493,0.9192,1.0859,0,0,0
P02,2026-08-11,0.9498,0.95,1.0859,0,0,0
P02,2026-08-12,0.9486,0.9615,1.0859,0,0,0
P02,2026-08-13,0.9478,0.9798,1.0859,0,0,0
P02,2026-08-14,0.9465,1.0383,1.0859,0,0,0
P02,2026-08-15,0.9454,1.146,2.3152,0,0,0
P02,2026-08-16,0.9494,1.0925,2.3152,0,0,0
P02,2026-08-17,0.9515,0.9192,2.3152,0,0,0
P02,2026-08-18,0.9519,0.95,1.0859,0,0,0
P02,2026-08-19,0.953,0.9615,1.0859,0,0,0
P02,2026-08-20,0.9514,0.9798,1.0859,0,0,0
P02,2026-08-21,0.9534,1.0383,1.0859,0,0,0
P02,2026-08-22,0.9567,1.146,1.0859,0,0,0
P02,2026-08-23,0.9566,1.0925,1.0859,0,0,0
P02,2026-08-24,0.9565,0.9192,1.0859,0,0,0
P02,2026-08-25,0.9577,0.95,1.0859,0,0,0
P02,2026-08-26,0.9575,0.9615,1.0859,0,0,0
P02,2026-08-27,0.957,0.9798,1.0859,0,0,0
P02,2026-08-28,0.9611,1.0383,1.0859,0,0,0
P02,2026-08-29,0.9613,1.146,1.0859,0,0,0
P02,2026-08-30,0.9621,1.0925,1.0859,0,0,0
P02,2026-08-31,0.9658,0.9192,1.0859,0,0,0
P02,2026-09-01,0.9702,0.95,1.0859,0,0,0
P02,2026-09-02,0.9727,0.9615,1.0859,0,0,0
P02,2026-09-03,0.9718,0.9798,1.0859,0,0,0
P02,2026-09-04,0.9715,1.0383,1.0859,0,0,0
P02,2026-09-05,0.9728,1.146,1.0859,0,0,0
P02,2026-09-06,0.9668,1.0925,1.0859,0,0,0
P02,2026-09-07,0.9648,0.9192,1.0859,0,0,0
P02,2026-09-08,0.962,0.95,1.0859,0,0,0
P02,2026-09-09,0.9592,0.9615,1.0859,0,0,0
P02,2026-09-10,0.9549,0.9798,1.0859,0,0,0
P02,2026-09-11,0.9538,1.0383,1.0859,0,0,0
P02,2026-09-12,0.9548,1.146,1.0859,0,0,0
P02,2026-09-13,0.9507,1.0925,1.0859,0,0,0
P02,2026-09-14,0.9507,0.9192,1.0859,0,0,0
P02,2026-09-15,0.9531,0.95,1.0859,0,0,0
P02,2026-09-16,0.9509,0.9615,1.0859,0,0,0
P02,2026-09-17,0.9501,0.9798,1.0859,0,0,0
P02,2026-09-18,0.9465,1.0383,1.0859,0,0,0
P02,2026-09-19,0.9435,1.146,1.0859,0,0,0
P02,2026-09-20,0.9416,1.0925,1.0859,0,0,0
P02,2026-09-21,0.9461,0.9192,1.0859,0,0,0
P02,2026-09-22,0.9466,0.95,1.0859,0,0,0
P02,2026-09-23,0.9478,0.9615,1.0859,0,0,0
P02,2026-09-24,0.948,0.9798,1.0859,0,0,0
P02,2026-09-25,0.9471,1.0383,1.0859,0,0,0
P02,2026-09-26,0.9499,1.146,1.0859,0,0,0
P02,2026-09-27,0.9525,1.0925,1.0859,0,0,0
P02,2026-09-28,0.9539,0.9192,1.0859,0,0,0
P02,2026-09-29,0.9554,0.95,1.0859,0,0,0
P02,2026-09-30,0.961,0.9615,1.0859,0,0,0
P02,2026-10-01,0.9652,0.9798,1.0,0,0,0
P02,2026-10-02,0.9691,1.0383,1.4071,0,0,0
P02,2026-10-03,0.9694,1.146,1.4071,0,0,0
P02,2026-10-04,0.9697,1.0925,1.0,0,0,0
P02,2026-10-05,0.9704,0.9192,1.0,0,0,0
P02,2026-10-06,0.9745,0.95,1.0,0,0,0
P02,2026-10-07,0.979,0.9615,1.0,0,0,0
P02,2026-10-08,0.9798,0.9798,1.0,0,0,0
P02,2026-10-09,0.9814,1.0383,1.4071,0,0,0
P02,2026-10-10,0.9826,1.146,1.4071,0,0,0
P02,2026-10-11,0.9843,1.0925,1.0,0,0,0
P02,2026-10-12,0.9846,0.9192,1.0,0,0,0
P02,2026-10-13,0.9855,0.95,1.0,0,0,0
P02,2026-10-14,0.9857,0.9615,1.0,0,0,0
P02,2026-10-15,0.9871,0.9798,1.0,0,0,0
P02,2026-10-16,0.9856,1.0383,1.4071,0,0,0
P02,2026-10-17,0.9906,1.146,1.4071,0,0,0
P02,2026-10-18,0.9911,1.0925,1.0,0,0,0
P02,2026-10-19,0.9954,0.9192,1.0,0,0,0
P02,2026-10-20,0.997,0.95,2.9737,0,0,0
P02,2026-10-21,0.9991,0.9615,2.9737,0,0,0
P02,2026-10-22,0.9989,0.9798,2.9737,0,0,0
P02,2026-10-23,0.9995,1.0383,2.9737,0,0,0
P02,2026-10-24,1.0,1.146,2.9737,0,0,0
P02,2026-10-25,0.9998,1.0925,2.9737,0,0,0
P02,2026-10-26,0.9991,0.9192,1.0,0,0,0
P02,2026-10-27,1.0033,0.95,1.0,0,0,0
P02,2026-10-28,1.007,0.9615,1.0,0,0,0
P02,2026-10-29,1.0073,0.9798,1.0,0,0,0
P02,2026-10-30,1.0098,1.0383,1.4071,0,0,0
P02,2026-10-31,1.0132,1.146,1.4071,0,0,0
P02,2026-11-01,1.0181,1.0925,2.6854,0,0,0
P02,2026-11-02,1.022,0.9192,2.6854,0,0,0
P02,2026-11-03,1.023,0.95,2.6854,0,0,0
P02,2026-11-04,1.0227,0.9615,0.9609,0,0,0
P02,2026-11-05,1.025,0.9798,0.9609,0,0,0
P02,2026-11-06,1.0253,1.0383,0.9609,0,0,0
P02,2026-11-07,1.0261,1.146,0.9609,0,0,0
P02,2026-11-08,1.026,1.0925,0.9609,0,0,0
P02,2026-11-09,1.0253,0.9192,0.9609,0,0,0
P02,2026-11-10,1.0283,0.95,0.9609,0,0,0
P02,2026-11-11,1.0292,0.9615,0.9609,0,0,0
P02,2026-11-12,1.0295,0.9798,0.9609,0,0,0
P02,2026-11-13,1.0286,1.0383,0.9609,0,0,0
P02,2026-11-14,1.0275,1.146,0.9609,0,0,0
P02,2026-11-15,1.0297,1.0925,0.9609,0,0,0
P02,2026-11-16,1.0334,0.9192,0.9609,0,0,0
P02,2026-11-17,1.0379,0.95,0.9609,0,0,0
P02,2026-11-18,1.0474,0.9615,0.9609,0,0,0
P02,2026-11-19,1.0495,0.9798,0.9609,0,0,0
P02,2026-11-20,1.0498,1.0383,0.9609,0,0,0
P02,2026-11-21,1.0517,1.146,0.9609,0,0,0
P02,2026-11-22,1.0513,1.0925,0.9609,0,0,0
P02,2026-11-23,1.0508,0.9192,0.9609,0,0,0
P02,2026-11-24,1.0537,0.95,0.9609,0,0,0
P02,2026-11-25,1.0539,0.9615,0.9609,0,0,0
P02,2026-11-26,1.0523,0.9798,0.9609,0,0,0
P02,2026-11-27,1.0542,1.0383,0.9609,0,0,0
P02,2026-11-28,1.0536,1.146,0.9609,0,0,0
P02,2026-11-29,1.05,1.0925,0.9609,0,0,0
P02,2026-11-30,1.0492,0.9192,0.9609,0,0,0
P02,2026-12-01,1.0491,0.95,0.9609,0,0,0
P02,2026-12-02,1.051,0.9615,0.9609,0,0,0
P02,2026-12-03,1.051,0.9798,0.9609,0,0,0
P02,2026-12-04,1.0526,1.0383,0.9609,0,0,0
P02,2026-12-05,1.0561,1.146,0.9609,0,0,0
P02,2026-12-06,1.0581,1.0925,0.9609,0,0,0
P02,2026-12-07,1.062,0.9192,0.9609,0,0,0
P02,2026-12-08,1.0665,0.95,0.9609,0,0,0
P02,2026-12-09,1.0699,0.9615,0.9609,0,0,0
P02,2026-12-10,1.0724,0.9798,0.9609,0,0,0
P02,2026-12-11,1.0719,1.0383,0.9609,0,0,0
P02,2026-12-12,1.072,1.146,0.9609,0,0,0
P02,2026-12-13,1.0724,1.0925,0.9609,0,0,0
P02,2026-12-14,1.0693,0.9192,0.9609,0,0,0
P02,2026-12-15,1.0705,0.95,0.9609,0,0,0
P02,2026-12-16,1.0737,0.9615,0.9609,0,0,0
P02,2026-12-17,1.077,0.9798,0.9609,0,0,0
P02,2026-12-18,1.0789,1.0383,0.9609,0,0,0
P02,2026-12-19,1.0821,1.146,0.9609,0,0,0
P02,2026-12-20,1.0817,1.0925,0.9609,0,0,0
P02,2026-12-21,1.0822,0.9192,0.9609,0,0,0
P02,2026-12-22,1.0806,0.95,0.9609,0,0,0
P02,2026-12-23,1.0806,0.9615,0.9609,0,0,0
P02,2026-12-24,1.0817,0.9798,0.9609,0,0,0
P02,2026-12-25,1.0804,1.0383,0.9609,0,0,0
P02,2026-12-26,1.0805,1.146,0.9609,0,0,0
P02,2026-12-27,1.08,1.0925,0.9609,0,0,0
P02,2026-12-28,1.0784,0.9192,0.9609,0,0,0
P02,2026-12-29,1.0764,0.95,0.9609,0,0,0
P02,2026-12-30,1.0776,0.9615,0.9609,0,0,0
P02,2026-12-31,1.0772,0.9798,0.9609,0,0,0
P02,2027-01-01,1.0748,1.0383,0.7368,0,0,0
P02,2027-01-02,1.0737,1.146,0.9609,0,0,0
P02,2027-01-03,1.0759,1.0925,0.9609,0,0,0
P02,2027-01-04,1.076,0.9192,0.9609,0,0,0
P02,2027-01-05,1.0712,0.95,0.9609,0,0,0
P02,2027-01-06,1.0718,0.9615,0.9609,0,0,0
P02,2027-01-07,1.0705,0.9798,0.9609,0,0,0
P02,2027-01-08,1.0693,1.0383,0.9609,0,0,0
P02,2027-01-09,1.0694,1.146,0.9609,0,0,0
P02,2027-01-10,1.0684,1.0925,0.9609,0,0,0
P02,2027-01-11,1.0648,0.9192,0.9609,0,0,0
P02,2027-01-12,1.0644,0.95,0.9609,0,0,0
P02,2027-01-13,1.0604,0.9615,1.5165,0,0,0
P02,2027-01-14,1.0597,0.9798,1.5165,0,0,0
P02,2027-01-15,1.0558,1.0383,1.5165,0,0,0
P02,2027-01-16,1.0555,1.146,1.5165,0,0,0
P02,2027-01-17,1.0521,1.0925,0.9609,0,0,0
P02,2027-01-18,1.0491,0.9192,0.9609,0,0,0
P02,2027-01-19,1.0448,0.95,0.9609,0,0,0
P02,2027-01-20,1.0418,0.9615,0.9609,0,0,0
P02,2027-01-21,1.0405,0.9798,0.9609,0,0,0
P02,2027-01-22,1.0417,1.0383,0.9609,0,0,0
P02,2027-01-23,1.0456,1.146,0.9609,0,0,0
P02,2027-01-24,1.0455,1.0925,0.9609,0,0,0
P02,2027-01-25,1.0467,0.9192,0.9609,0,0,0
P02,2027-01-26,1.0442,0.95,0.7368,0,0,0
P02,2027-01-27,1.0409,0.9615,0.9609,0,0,0
P02,2027-01-28,1.036,0.9798,0.9609,0,0,0
P02,2027-01-29,1.032,1.0383,0.9609,0,0,0
P02,2027-01-30,1.0294,1.146,0.9609,0,0,0
P02,2027-01-31,1.0285,1.0925,0.9609,0,0,0
P02,2027-02-01,1.0255,0.9192,0.9609,0,0,0
P02,2027-02-02,1.0237,0.95,0.9609,0,0,0
P02,2027-02-03,1.0206,0.9615,0.9609,0,0,0
P02,2027-02-04,1.0193,0.9798,0.9609,0,0,0
P02,2027-02-05,1.0181,1.0383,0.9609,0,0,0
P02,2027-02-06,1.0176,1.146,0.9609,0,0,0
P02,2027-02-07,1.0196,1.0925,0.9609,0,0,0
P02,2027-02-08,1.0153,0.9192,0.9609,0,0,0
P02,2027-02-09,1.0146,0.95,0.9609,0,0,0
P02,2027-02-10,1.0109,0.9615,0.9609,0,0,0
P02,2027-02-11,1.0068,0.9798,0.9609,0,0,0
P02,2027-02-12,1.0054,1.0383,0.9609,0,0,0
P02,2027-02-13,1.0009,1.146,0.9609,0,0,0
P02,2027-02-14,0.9992,1.0925,0.9609,0,0,0
P02,2027-02-15,0.9981,0.9192,0.9609,0,0,0
P02,2027-02-16,0.9913,0.95,0.9609,0,0,0
P02,2027-02-17,0.9898,0.9615,0.9609,0,0,0
P02,2027-02-18,0.9881,0.9798,0.9609,0,0,0
P02,2027-02-19,0.987,1.0383,0.9609,0,0,0
P02,2027-02-20,0.9893,1.146,0.9609,0,0,0
P02,2027-02-21,0.9882,1.0925,0.9609,0,0,0
P02,2027-02-22,0.9873,0.9192,0.9609,0,0,0
P02,2027-02-23,0.9861,0.95,0.9609,0,0,0
P02,2027-02-24,0.9857,0.9615,0.9609,0,0,0
P02,2027-02-25,0.9846,0.9798,0.9609,0,0,0
P02,2027-02-26,0.9835,1.0383,0.9609,0,0,0
P02,2027-02-27,0.9841,1.146,0.9609,0,0,0
P02,2027-02-28,0.9838,1.0925,0.9609,0,0,0
P02,2027-03-01,0.9845,0.9192,1.005,0,0,0
P02,2027-03-02,0.9841,0.95,1.005,0,0,0
P02,2027-03-03,0.9839,0.9615,1.005,0,0,0
P02,2027-03-04,0.9801,0.9798,1.005,0,0,0
P02,2027-03-05,0.9793,1.0383,1.4141,0,0,0
P02,2027-03-06,0.9806,1.146,1.4141,0,0,0
P02,2027-03-07,0.9798,1.0925,1.005,0,0,0
P02,2027-03-08,0.9752,0.9192,1.005,0,0,0
P02,2027-03-09,0.9725,0.95,1.005,0,0,0
P02,2027-03-10,0.9712,0.9615,1.005,0,0,0
P02,2027-03-11,0.9738,0.9798,1.005,0,0,0
P02,2027-03-12,0.9738,1.0383,1.4141,0,0,0
P02,2027-03-13,0.9711,1.146,1.4141,0,0,0
P02,2027-03-14,0.9738,1.0925,1.005,0,0,0
P02,2027-03-15,0.9741,0.9192,1.005,0,0,0
P02,2027-03-16,0.9752,0.95,1.005,0,0,0
P02,2027-03-17,0.974,0.9615,1.005,0,0,0
P02,2027-03-18,0.9759,0.9798,1.005,0,0,0
P02,2027-03-19,0.9768,1.0383,1.4141,0,0,0
P02,2027-03-20,0.9736,1.146,1.4141,0,0,0
P02,2027-03-21,0.9723,1.0925,1.005,0,0,0
P02,2027-03-22,0.9719,0.9192,1.005,0,0,0
P02,2027-03-23,0.9731,0.95,1.005,0,0,0
P02,2027-03-24,0.9729,0.9615,1.005,0,0,0
P02,2027-03-25,0.9726,0.9798,1.005,0,0,0
P02,2027-03-26,0.9697,1.0383,1.4141,0,0,0
P02,2027-03-27,0.9683,1.146,1.4141,0,0,0
P02,2027-03-28,0.9701,1.0925,1.005,0,0,0
P02,2027-03-29,0.9695,0.9192,1.005,0,0,0
P02,2027-03-30,0.9667,0.95,1.005,0,0,0
P02,2027-03-31,0.968,0.9615,1.005,0,0,0
P02,2027-04-01,0.9722,0.9798,1.005,0,0,0
P02,2027-04-02,0.9719,1.0383,1.005,0,0,0
P02,2027-04-03,0.9684,1.146,1.1243,0,0,0
P02,2027-04-04,0.9674,1.0925,1.1243,0,0,0
P02,2027-04-05,0.9682,0.9192,1.005,0,0,0
P02,2027-04-06,0.9685,0.95,1.005,0,0,0
P02,2027-04-07,0.9676,0.9615,1.005,0,0,0
P02,2027-04-08,0.9665,0.9798,1.005,0,0,0
P02,2027-04-09,0.966,1.0383,1.005,0,0,0
P02,2027-04-10,0.9675,1.146,1.1243,0,0,0
P02,2027-04-11,0.9673,1.0925,1.1243,0,0,0
P02,2027-04-12,0.9672,0.9192,1.005,0,0,0
P02,2027-04-13,0.97,0.95,1.005,0,0,0
P02,2027-04-14,0.9713,0.9615,1.005,0,0,0
P02,2027-04-15,0.9732,0.9798,1.005,0,0,0
P02,2027-04-16,0.9738,1.0383,1.005,0,0,0
P02,2027-04-17,0.972,1.146,1.1243,0,0,0
P02,2027-04-18,0.9746,1.0925,1.1243,0,0,0
P02,2027-04-19,0.9769,0.9192,1.005,0,0,0
P02,2027-04-20,0.9796,0.95,1.005,0,0,0
P02,2027-04-21,0.9814,0.9615,1.005,0,0,0
P02,2027-04-22,0.9811,0.9798,1.005,0,0,0
P02,2027-04-23,0.9763,1.0383,1.005,0,0,0
P02,2027-04-24,0.9791,1.146,1.1243,0,0,0
P02,2027-04-25,0.9751,1.0925,1.1243,0,0,0
P02,2027-04-26,0.9721,0.9192,1.005,0,0,0
P02,2027-04-27,0.9731,0.95,1.005,0,0,0
P02,2027-04-28,0.9739,0.9615,1.005,0,0,0
P02,2027-04-29,0.9768,0.9798,1.005,0,0,0
P02,2027-04-30,0.9751,1.0383,1.005,0,0,0
P02,2027-05-01,0.9755,1.146,1.1243,0,0,0
P02,2027-05-02,0.9758,1.0925,1.1243,0,0,0
P02,2027-05-03,0.9775,0.9192,1.005,0,0,0
P02,2027-05-04,0.9782,0.95,1.005,0,0,0
P02,2027-05-05,0.9799,0.9615,1.005,0,0,0
P02,2027-05-06,0.9813,0.9798,1.005,0,0,0
P02,2027-05-07,0.9831,1.0383,1.005,0,0,0
P02,2027-05-08,0.983,1.146,1.1243,0,0,0
P02,2027-05-09,0.9843,1.0925,1.1243,0,0,0
P02,2027-05-10,0.9848,0.9192,1.005,0,0,0
P02,2027-05-11,0.9899,0.95,1.005,0,0,0
P02,2027-05-12,0.9941,0.9615,1.005,0,0,0
P02,2027-05-13,0.9928,0.9798,1.005,0,0,0
P02,2027-05-14,0.9933,1.0383,1.005,0,0,0
P02,2027-05-15,0.9937,1.146,1.1243,0,0,0
P02,2027-05-16,0.9928,1.0925,1.1243,0,0,0
P02,2027-05-17,0.995,0.9192,1.005,0,0,0
P02,2027-05-18,0.9937,0.95,1.005,0,0,0
P02,2027-05-19,0.9922,0.9615,1.005,0,0,0
P02,2027-05-20,0.9922,0.9798,1.005,0,0,0
P02,2027-05-21,0.9902,1.0383,1.005,0,0,0
P02,2027-05-22,0.9925,1.146,1.1243,0,0,0
P02,2027-05-23,0.9924,1.0925,1.1243,0,0,0
P02,2027-05-24,0.9925,0.9192,1.005,0,0,0
P02,2027-05-25,0.9927,0.95,1.005,0,0,0
P02,2027-05-26,0.9887,0.9615,1.005,0,0,0
P02,2027-05-27,0.9877,0.9798,1.005,0,0,0
P02,2027-05-28,0.9915,1.0383,1.005,0,0,0
P02,2027-05-29,0.9906,1.146,1.1243,0,0,0
P02,2027-05-30,0.9906,1.0925,1.1243,0,0,0
P02,2027-05-31,0.9908,0.9192,1.005,0,0,0
P02,2027-06-01,0.9881,0.95,1.005,0,0,0
P02,2027-06-02,0.9858,0.9615,1.005,0,0,0
P02,2027-06-03,0.9839,0.9798,1.005,0,0,0
P02,2027-06-04,0.9826,1.0383,1.005,0,0,0
P02,2027-06-05,0.9813,1.146,1.005,0,0,0
P02,2027-06-06,0.9826,1.0925,1.005,0,0,0
P02,2027-06-07,0.985,0.9192,1.005,0,0,0
P02,2027-06-08,0.9848,0.95,1.005,0,0,0
P02,2027-06-09,0.9788,0.9615,1.005,0,0,0
P02,2027-06-10,0.9767,0.9798,1.005,0,0,0
P02,2027-06-11,0.9804,1.0383,1.005,0,0,0
P02,2027-06-12,0.9769,1.146,1.005,0,0,0
P02,2027-06-13,0.9748,1.0925,1.005,0,0,0
P02,2027-06-14,0.9709,0.9192,1.005,0,0,0
P02,2027-06-15,0.9722,0.95,1.005,0,0,0
P02,2027-06-16,0.9695,0.9615,1.005,0,0,0
P02,2027-06-17,0.9669,0.9798,1.005,0,0,0
P02,2027-06-18,0.9674,1.0383,1.005,0,0,0
P02,2027-06-19,0.969,1.146,1.005,0,0,0
P02,2027-06-20,0.97,1.0925,1.005,0,0,0
P02,2027-06-21,0.9693,0.9192,1.005,0,0,0
P02,2027-06-22,0.9673,0.95,1.005,0,0,0
P02,2027-06-23,0.967,0.9615,1.005,0,0,0
P02,2027-06-24,0.9664,0.9798,1.005,0,0,0
P02,2027-06-25,0.9672,1.0383,1.005,0,0,0
P02,2027-06-26,0.9638,1.146,1.005,0,0,0
P02,2027-06-27,0.9643,1.0925,1.005,0,0,0
P02,2027-06-28,0.9644,0.9192,1.005,0,0,0
P02,2027-06-29,0.9621,0.95,1.005,0,0,0
P02,2027-06-30,0.9598,0.9615,1.005,0,0,0
P02,2027-07-01,0.9601,0.9798,1.0859,0,0,0
P02,2027-07-02,0.9579,1.0383,1.5279,0,0,0
P02,2027-07-03,0.9534,1.146,1.5279,0,0,0
P02,2027-07-04,0.9495,1.0925,1.0859,0,0,0
P02,2027-07-05,0.9462,0.9192,1.0859,0,0,0
P02,2027-07-06,0.9469,0.95,1.0859,0,0,0
P02,2027-07-07,0.9483,0.9615,1.0859,0,0,0
P02,2027-07-08,0.9496,0.9798,1.0859,0,0,0
P02,2027-07-09,0.9484,1.0383,1.5279,0,0,0
P02,2027-07-10,0.9484,1.146,1.5279,0,0,0
P02,2027-07-11,0.9487,1.0925,1.0859,0,0,0
P02,2027-07-12,0.9447,0.9192,1.0859,0,0,0
P02,2027-07-13,0.9426,0.95,1.0859,0,0,0
P02,2027-07-14,0.9426,0.9615,1.0859,0,0,0
P02,2027-07-15,0.9418,0.9798,1.0859,0,0,0
P02,2027-07-16,0.9435,1.0383,1.5279,0,0,0
P02,2027-07-17,0.943,1.146,1.5279,0,0,0
P02,2027-07-18,0.9448,1.0925,1.0859,0,0,0
P02,2027-07-19,0.9459,0.9192,1.0859,0,0,0
P02,2027-07-20,0.9459,0.95,1.0859,0,0,0
P02,2027-07-21,0.9479,0.9615,1.0859,0,0,0
P02,2027-07-22,0.9503,0.9798,1.0859,0,0,0
P02,2027-07-23,0.9463,1.0383,1.5279,0,0,0
P02,2027-07-24,0.9478,1.146,1.5279,0,0,0
P02,2027-07-25,0.9497,1.0925,1.0859,0,0,0
P02,2027-07-26,0.9518,0.9192,1.0859,0,0,0
P02,2027-07-27,0.9523,0.95,1.0859,0,0,0
P02,2027-07-28,0.9494,0.9615,1.0859,0,0,0
P02,2027-07-29,0.9495,0.9798,1.0859,0,0,0
P02,2027-07-30,0.9474,1.0383,1.5279,0,0,0
P02,2027-07-31,0.9475,1.146,1.5279,0,0,0
P02,2027-08-01,0.9468,1.0925,1.0859,0,0,0
P02,2027-08-02,0.9445,0.9192,1.0859,0,0,0
P02,2027-08-03,0.9429,0.95,1.0859,0,0,0
P02,2027-08-04,0.9424,0.9615,1.0859,0,0,0
P02,2027-08-05,0.9408,0.9798,1.0859,0,0,0
P02,2027-08-06,0.9392,1.0383,1.0859,0,0,0
P02,2027-08-07,0.9404,1.146,1.0859,0,0,0
P02,2027-08-08,0.9405,1.0925,1.0859,0,0,0
P02,2027-08-09,0.9384,0.9192,1.0859,0,0,0
P02,2027-08-10,0.9368,0.95,1.0859,0,0,0
P02,2027-08-11,0.9366,0.9615,1.0859,0,0,0
P02,2027-08-12,0.9348,0.9798,1.0859,0,0,0
P02,2027-08-13,0.9334,1.0383,1.0859,0,0,0
P02,2027-08-14,0.9325,1.146,1.0859,0,0,0
P02,2027-08-15,0.9267,1.0925,2.3152,0,0,0
P02,2027-08-16,0.9303,0.9192,2.3152,0,0,0
P02,2027-08-17,0.9328,0.95,2.3152,0,0,0
P02,2027-08-18,0.9334,0.9615,1.0859,0,0,0
P02,2027-08-19,0.9338,0.9798,1.0859,0,0,0
P02,2027-08-20,0.9337,1.0383,1.0859,0,0,0
P02,2027-08-21,0.9344,1.146,1.0859,0,0,0
P02,2027-08-22,0.9343,1.0925,1.0859,0,0,0
P02,2027-08-23,0.9353,0.9192,1.0859,0,0,0
P02,2027-08-24,0.942,0.95,1.0859,0,0,0
P02,2027-08-25,0.9428,0.9615,1.0859,0,0,0
P02,2027-08-26,0.939,0.9798,1.0859,0,0,0
P02,2027-08-27,0.9418,1.0383,1.0859,0,0,0
P02,2027-08-28,0.9399,1.146,1.0859,0,0,0
P02,2027-08-29,0.9424,1.0925,1.0859,0,0,0
P02,2027-08-30,0.945,0.9192,1.0859,0,0,0
P02,2027-08-31,0.949,0.95,1.0859,0,0,0
P02,2027-09-01,0.9516,0.9615,1.0859,0,0,0
P02,2027-09-02,0.9511,0.9798,1.0859,0,0,0
P02,2027-09-03,0.9539,1.0383,1.0859,0,0,0
P02,2027-09-04,0.955,1.146,1.0859,0,0,0
P02,2027-09-05,0.954,1.0925,1.0859,0,0,0
P02,2027-09-06,0.9518,0.9192,1.0859,0,0,0
P02,2027-09-07,0.9509,0.95,1.0859,0,0,0
P02,2027-09-08,0.95,0.9615,1.0859,0,0,0
P02,2027-09-09,0.9451,0.9798,1.0859,0,0,0
P02,2027-09-10,0.9444,1.0383,1.0859,0,0,0
P02,2027-09-11,0.9422,1.146,1.0859,0,0,0
P02,2027-09-12,0.9448,1.0925,1.0859,0,0,0
P02,2027-09-13,0.9453,0.9192,1.0859,0,0,0
P02,2027-09-14,0.9496,0.95,1.0859,0,0,0
P02,2027-09-15,0.9481,0.9615,1.0859,0,0,0
P02,2027-09-16,0.9486,0.9798,1.0859,0,0,0
P02,2027-09-17,0.9514,1.0383,1.0859,0,0,0
P02,2027-09-18,0.9482,1.146,1.0859,0,0,0
P02,2027-09-19,0.9448,1.0925,1.0859,0,0,0
P02,2027-09-20,0.9419,0.9192,1.0859,0,0,0
P02,2027-09-21,0.9418,0.95,1.0859,0,0,0
P02,2027-09-22,0.9434,0.9615,1.0859,0,0,0
P02,2027-09-23,0.9472,0.9798,1.0859,0,0,0
P02,2027-09-24,0.9512,1.0383,1.0859,0,0,0
P02,2027-09-25,0.951,1.146,1.0859,0,0,0
P02,2027-09-26,0.9504,1.0925,1.0859,0,0,0
P02,2027-09-27,0.9548,0.9192,1.0859,0,0,0
P02,2027-09-28,0.9554,0.95,1.0859,0,0,0
P02,2027-09-29,0.9574,0.9615,1.0859,0,0,0
P02,2027-09-30,0.9634,0.9798,1.0859,0,0,0
P02,2027-10-01,0.9675,1.0383,1.4071,0,0,0
P02,2027-10-02,0.9741,1.146,1.4071,0,0,0
P02,2027-10-03,0.9767,1.0925,1.0,0,0,0
P02,2027-10-04,0.9764,0.9192,1.0,0,0,0
P02,2027-10-05,0.978,0.95,1.0,0,0,0
P02,2027-10-06,0.9792,0.9615,1.0,0,0,0
P02,2027-10-07,0.9831,0.9798,1.0,0,0,0
P02,2027-10-08,0.987,1.0383,1.4071,0,0,0
P02,2027-10-09,0.9887,1.146,1.4071,0,0,0
P02,2027-10-10,0.9922,1.0925,1.0,0,0,0
P02,2027-10-11,0.9954,0.9192,1.0,0,0,0
P02,2027-10-12,0.9949,0.95,1.0,0,0,0
P02,2027-10-13,0.9943,0.9615,1.0,0,0,0
P02,2027-10-14,0.9959,0.9798,1.0,0,0,0
P02,2027-10-15,0.9981,1.0383,1.4071,0,0,0
P02,2027-10-16,1.0004,1.146,1.4071,0,0,0
P02,2027-10-17,1.0018,1.0925,1.0,0,0,0
P02,2027-10-18,1.0047,0.9192,1.0,0,0,0
P02,2027-10-19,1.0052,0.95,1.0,0,0,0
P02,2027-10-20,1.0079,0.9615,2.9737,0,0,0
P02,2027-10-21,1.0103,0.9798,2.9737,0,0,0
P02,2027-10-22,1.0105,1.0383,2.9737,0,0,0
P02,2027-10-23,1.0119,1.146,2.9737,0,0,0
P02,2027-10-24,1.0123,1.0925,2.9737,0,0,0
P02,2027-10-25,1.0153,0.9192,2.9737,0,0,0
P02,2027-10-26,1.0185,0.95,1.0,0,0,0
P02,2027-10-27,1.019,0.9615,1.0,0,0,0
P02,2027-10-28,1.0225,0.9798,1.0,0,0,0
P02,2027-10-29,1.027,1.0383,1.4071,0,0,0
P02,2027-10-30,1.0289,1.146,1.4071,0,0,0
P02,2027-10-31,1.0318,1.0925,1.0,0,0,0
P02,2027-11-01,1.0341,0.9192,2.6854,0,0,0
P02,2027-11-02,1.0342,0.95,2.6854,0,0,0
P02,2027-11-03,1.0348,0.9615,2.6854,0,0,0
P02,2027-11-04,1.0353,0.9798,0.9609,0,0,0
P02,2027-11-05,1.0347,1.0383,0.9609,0,0,0
P02,2027-11-06,1.0351,1.146,0.9609,0,0,0
P02,2027-11-07,1.0377,1.0925,0.9609,0,0,0
P02,2027-11-08,1.0408,0.9192,0.9609,0,0,0
P02,2027-11-09,1.0448,0.95,0.9609,0,0,0
P02,2027-11-10,1.0468,0.9615,0.9609,0,0,0
P02,2027-11-11,1.0471,0.9798,0.9609,0,0,0
P02,2027-11-12,1.048,1.0383,0.9609,0,0,0
P02,2027-11-13,1.0512,1.146,0.9609,0,0,0
P02,2027-11-14,1.0546,1.0925,0.9609,0,0,0
P02,2027-11-15,1.0559,0.9192,0.9609,0,0,0
P02,2027-11-16,1.0537,0.95,0.9609,0,0,0
P02,2027-11-17,1.0576,0.9615,0.9609,0,0,0
P02,2027-11-18,1.0583,0.9798,0.9609,0,0,0
P02,2027-11-19,1.0587,1.0383,0.9609,0,0,0
P02,2027-11-20,1.0602,1.146,0.9609,0,0,0
P02,2027-11-21,1.0596,1.0925,0.9609,0,0,0
P02,2027-11-22,1.058,0.9192,0.9609,0,0,0
P02,2027-11-23,1.0601,0.95,0.9609,0,0,0
P02,2027-11-24,1.0627,0.9615,0.9609,0,0,0
P02,2027-11-25,1.0618,0.9798,0.9609,0,0,0
P02,2027-11-26,1.0647,1.0383,0.9609,0,0,0
P02,2027-11-27,1.0631,1.146,0.9609,0,0,0
P02,2027-11-28,1.0641,1.0925,0.9609,0,0,0
P02,2027-11-29,1.0644,0.9192,0.9609,0,0,0
P02,2027-11-30,1.0655,0.95,0.9609,0,0,0
P02,2027-12-01,1.068,0.9615,0.9609,0,0,0
P02,2027-12-02,1.0674,0.9798,0.9609,0,0,0
P02,2027-12-03,1.0685,1.0383,0.9609,0,0,0
P02,2027-12-04,1.0697,1.146,0.9609,0,0,0
P02,2027-12-05,1.0758,1.0925,0.9609,0,0,0
P02,2027-12-06,1.0819,0.9192,0.9609,0,0,0
P02,2027-12-07,1.0874,0.95,0.9609,0,0,0
P02,2027-12-08,1.093,0.9615,0.9609,0,0,0
P02,2027-12-09,1.0985,0.9798,0.9609,0,0,0
P02,2027-12-10,1.1044,1.0383,0.9609,0,0,0
P02,2027-12-11,1.1028,1.146,0.9609,0,0,0
P02,2027-12-12,1.1032,1.0925,0.9609,0,0,0
P02,2027-12-13,1.1002,0.9192,0.9609,0,0,0
P02,2027-12-14,1.1056,0.95,0.9609,0,0,0
P02,2027-12-15,1.1076,0.9615,0.9609,0,0,0
P02,2027-12-16,1.1058,0.9798,0.9609,0,0,0
P02,2027-12-17,1.1115,1.0383,0.9609,0,0,0
P02,2027-12-18,1.1178,1.146,0.9609,0,0,0
P02,2027-12-19,1.1262,1.0925,0.9609,0,0,0
P02,2027-12-20,1.1278,0.9192,0.9609,0,0,0
P02,2027-12-21,1.13,0.95,0.9609,0,0,0
P02,2027-12-22,1.1272,0.9615,0.9609,0,0,0
P02,2027-12-23,1.1293,0.9798,0.9609,0,0,0
P02,2027-12-24,1.1318,1.0383,0.9609,0,0,0
P02,2027-12-25,1.1376,1.146,0.9609,0,0,0
P02,2027-12-26,1.135,1.0925,0.9609,0,0,0
P02,2027-12-27,1.1378,0.9192,0.9609,0,0,0
P02,2027-12-28,1.1368,0.95,0.9609,0,0,0
P02,2027-12-29,1.1347,0.9615,0.9609,0,0,0
P02,2027-12-30,1.1375,0.9798,0.9609,0,0,0
P02,2027-12-31,1.1363,1.0383,0.9609,0,0,0
P03,2026-01-01,0.5783,0.9871,0.661,0,0,0
P03,2026-01-02,0.5778,1.0526,0.9575,0,0,0
P03,2026-01-03,0.5804,1.1371,0.9575,0,0,0
P03,2026-01-04,0.5852,1.0428,0.9575,0,0,0
P03,2026-01-05,0.5871,0.9106,0.9575,0,0,0
P03,2026-01-06,0.5895,0.969,0.9575,0,0,0
P03,2026-01-07,0.5898,0.979,0.9575,0,0,0
P03,2026-01-08,0.5937,0.9871,0.9575,0,0,0
P03,2026-01-09,0.5967,1.0526,0.9575,0,0,0
P03,2026-01-10,0.5992,1.1371,0.9575,0,0,0
P03,2026-01-11,0.6035,1.0428,0.9575,0,0,0
P03,2026-01-12,0.607,0.9106,0.9575,0,0,0
P03,2026-01-13,0.6134,0.969,1.6158,0,0,0
P03,2026-01-14,0.6138,0.979,1.6158,0,0,0
P03,2026-01-15,0.6155,0.9871,1.6158,0,0,0
P03,2026-01-16,0.6189,1.0526,1.6158,0,0,0
P03,2026-01-17,0.6262,1.1371,0.9575,0,0,0
P03,2026-01-18,0.6272,1.0428,0.9575,0,0,0
P03,2026-01-19,0.6294,0.9106,0.9575,0,0,0
P03,2026-01-20,0.631,0.969,0.9575,0,0,0
P03,2026-01-21,0.6288,0.979,0.9575,0,0,0
P03,2026-01-22,0.6285,0.9871,0.9575,0,0,0
P03,2026-01-23,0.6298,1.0526,0.9575,0,0,0
P03,2026-01-24,0.6335,1.1371,0.9575,0,0,0
P03,2026-01-25,0.6376,1.0428,0.9575,0,0,0
P03,2026-01-26,0.6398,0.9106,0.661,0,0,0
P03,2026-01-27,0.6423,0.969,0.9575,0,0,0
P03,2026-01-28,0.6412,0.979,0.9575,0,0,0
P03,2026-01-29,0.6423,0.9871,0.9575,0,0,0
P03,2026-01-30,0.6455,1.0526,0.9575,0,0,0
P03,2026-01-31,0.6454,1.1371,0.9575,0,0,0
P03,2026-02-01,0.6471,1.0428,0.9575,0,0,0
P03,2026-02-02,0.6468,0.9106,0.9575,0,0,0
P03,2026-02-03,0.6507,0.969,0.9575,0,0,0
P03,2026-02-04,0.6503,0.979,0.9575,0,0,0
P03,2026-02-05,0.6508,0.9871,0.9575,0,0,0
P03,2026-02-06,0.653,1.0526,0.9575,0,0,0
P03,2026-02-07,0.6565,1.1371,0.9575,0,0,0
P03,2026-02-08,0.66,1.0428,0.9575,0,0,0
P03,2026-02-09,0.6622,0.9106,0.9575,0,0,0
P03,2026-02-10,0.6633,0.969,0.9575,0,0,0
P03,2026-02-11,0.6654,0.979,0.9575,0,0,0
P03,2026-02-12,0.6684,0.9871,0.9575,0,0,0
P03,2026-02-13,0.6738,1.0526,0.9575,0,0,0
P03,2026-02-14,0.6754,1.1371,0.9575,0,0,0
P03,2026-02-15,0.6813,1.0428,0.9575,0,0,0
P03,2026-02-16,0.682,0.9106,0.9575,0,0,0
P03,2026-02-17,0.6884,0.969,0.9575,0,0,0
P03,2026-02-18,0.6936,0.979,0.9575,0,0,0
P03,2026-02-19,0.7005,0.9871,0.9575,0,0,0
P03,2026-02-20,0.7084,1.0526,0.9575,0,0,0
P03,2026-02-21,0.7119,1.1371,0.9575,0,0,0
P03,2026-02-22,0.7158,1.0428,0.9575,0,0,0
P03,2026-02-23,0.7181,0.9106,0.9575,0,0,0
P03,2026-02-24,0.7231,0.969,0.9575,0,0,0
P03,2026-02-25,0.7324,0.979,0.9575,0,0,0
P03,2026-02-26,0.7389,0.9871,0.9575,0,0,0
P03,2026-02-27,0.74,1.0526,0.9575,0,0,0
P03,2026-02-28,0.75,1.1371,0.9575,0,0,0
P03,2026-03-01,0.7516,1.0428,1.0026,0,0,0
P03,2026-03-02,0.7578,0.9106,1.0026,0,0,0
P03,2026-03-03,0.7653,0.969,1.0026,0,0,0
P03,2026-03-04,0.7687,0.979,1.0026,0,0,0
P03,2026-03-05,0.7725,0.9871,1.0026,0,0,0
P03,2026-03-06,0.7776,1.0526,1.4485,0,0,0
P03,2026-03-07,0.7837,1.1371,1.4485,0,0,0
P03,2026-03-08,0.7892,1.0428,1.0026,0,0,0
P03,2026-03-09,0.7942,0.9106,1.0026,0,0,0
P03,2026-03-10,0.7971,0.969,1.0026,0,0,0
P03,2026-03-11,0.8052,0.979,1.0026,0,0,0
P03,2026-03-12,0.8129,0.9871,1.0026,0,0,0
P03,2026-03-13,0.8156,1.0526,1.4485,0,0,0
P03,2026-03-14,0.8231,1.1371,1.4485,0,0,0
P03,2026-03-15,0.8267,1.0428,1.0026,0,0,0
P03,2026-03-16,0.8321,0.9106,1.0026,0,0,0
P03,2026-03-17,0.8397,0.969,1.0026,0,0,0
P03,2026-03-18,0.8437,0.979,1.0026,0,0,0
P03,2026-03-19,0.8511,0.9871,1.0026,0,0,0
P03,2026-03-20,0.8569,1.0526,1.4485,0,0,0
P03,2026-03-21,0.8584,1.1371,1.4485,0,0,0
P03,2026-03-22,0.8626,1.0428,1.0026,0,0,0
P03,2026-03-23,0.8661,0.9106,1.0026,0,0,0
P03,2026-03-24,0.8675,0.969,1.0026,0,0,0
P03,2026-03-25,0.8689,0.979,1.0026,0,0,0
P03,2026-03-26,0.8735,0.9871,1.0026,0,0,0
P03,2026-03-27,0.8776,1.0526,1.4485,0,0,0
P03,2026-03-28,0.8825,1.1371,1.4485,0,0,0
P03,2026-03-29,0.8846,1.0428,1.0026,0,0,0
P03,2026-03-30,0.8898,0.9106,1.0026,0,0,0
P03,2026-03-31,0.8952,0.969,1.0026,0,0,0
P03,2026-04-01,0.8987,0.979,1.0026,0,0,0
P03,2026-04-02,0.9023,0.9871,1.0026,0,0,0
P03,2026-04-03,0.9091,1.0526,1.0026,0,0,0
P03,2026-04-04,0.914,1.1371,1.1097,0,0,0
P03,2026-04-05,0.9179,1.0428,1.1097,0,0,0
P03,2026-04-06,0.922,0.9106,1.0026,0,0,0
P03,2026-04-07,0.9246,0.969,1.0026,0,0,0
P03,2026-04-08,0.9258,0.979,1.0026,0,0,0
P03,2026-04-09,0.9277,0.9871,1.0026,0,0,0
P03,2026-04-10,0.9324,1.0526,1.0026,0,0,0
P03,2026-04-11,0.9369,1.1371,1.1097,0,0,1
P03,2026-04-12,0.9401,1.0428,1.1097,0,0,0
P03,2026-04-13,0.9394,0.9106,1.0026,0,0,0
P03,2026-04-14,0.9439,0.969,1.0026,0,0,0
P03,2026-04-15,0.947,0.979,1.0026,0,0,0
P03,2026-04-16,0.9484,0.9871,1.0026,0,0,0
P03,2026-04-17,0.9459,1.0526,1.0026,0,0,0
P03,2026-04-18,0.9481,1.1371,1.1097,0,0,0
P03,2026-04-19,0.9514,1.0428,1.1097,0,0,0
P03,2026-04-20,0.9524,0.9106,1.0026,0,0,0
P03,2026-04-21,0.9591,0.969,1.0026,0,0,0
P03,2026-04-22,0.9614,0.979,1.0026,0,0,0
P03,2026-04-23,0.9621,0.9871,1.0026,0,0,0
P03,2026-04-24,0.9659,1.0526,1.0026,0,0,0
P03,2026-04-25,0.9679,1.1371,1.1097,0,0,0
P03,2026-04-26,0.9679,1.0428,1.1097,0,0,0
P03,2026-04-27,0.9724,0.9106,1.0026,0,0,0
P03,2026-04-28,0.9749,0.969,1.0026,0,0,0
P03,2026-04-29,0.9791,0.979,1.0026,0,0,0
P03,2026-04-30,0.9821,0.9871,1.0026,0,0,0
P03,2026-05-01,0.9841,1.0526,1.0026,0,0,0
P03,2026-05-02,0.9887,1.1371,1.1097,0,0,0
P03,2026-05-03,0.9907,1.0428,1.1097,0,0,0
P03,2026-05-04,0.9896,0.9106,1.0026,0,0,0
P03,2026-05-05,0.9883,0.969,1.0026,0,0,0
P03,2026-05-06,0.992,0.979,1.0026,0,0,0
P03,2026-05-07,0.9948,0.9871,1.0026,0,0,0
P03,2026-05-08,0.9979,1.0526,1.0026,0,0,0
P03,2026-05-09,0.9972,1.1371,1.1097,0,0,0
P03,2026-05-10,0.9986,1.0428,1.1097,0,0,0
P03,2026-05-11,1.0005,0.9106,1.0026,0,0,0
P03,2026-05-12,1.0043,0.969,1.0026,0,0,0
P03,2026-05-13,1.0042,0.979,1.0026,0,0,0
P03,2026-05-14,1.0002,0.9871,1.0026,0,0,0
P03,2026-05-15,1.0032,1.0526,1.0026,0,0,0
P03,2026-05-16,1.0017,1.1371,1.1097,0,0,0
P03,2026-05-17,1.0046,1.0428,1.1097,0,0,0
P03,2026-05-18,1.0051,0.9106,1.0026,0,0,0
P03,2026-05-19,1.0025,0.969,1.0026,0,0,0
P03,2026-05-20,0.9992,0.979,1.0026,0,0,0
P03,2026-05-21,0.9936,0.9871,1.0026,0,0,0
P03,2026-05-22,0.9937,1.0526,1.0026,0,0,0
P03,2026-05-23,0.9937,1.1371,1.1097,0,0,0
P03,2026-05-24,0.997,1.0428,1.1097,0,0,0
P03,2026-05-25,0.9929,0.9106,1.0026,0,0,0
P03,2026-05-26,0.9873,0.969,1.0026,0,0,0
P03,2026-05-27,0.9852,0.979,1.0026,0,0,0
P03,2026-05-28,0.9834,0.9871,1.0026,0,0,0
P03,2026-05-29,0.981,1.0526,1.0026,0,0,0
P03,2026-05-30,0.9828,1.1371,1.1097,0,0,0
P03,2026-05-31,0.9834,1.0428,1.1097,0,0,0
P03,2026-06-01,0.9803,0.9106,1.0026,0,0,0
P03,2026-06-02,0.9835,0.969,1.0026,0,0,0
P03,2026-06-03,0.9828,0.979,1.0026,0,0,0
P03,2026-06-04,0.9848,0.9871,1.0026,0,0,0
P03,2026-06-05,0.985,1.0526,1.0026,0,0,0
P03,2026-06-06,0.9818,1.1371,1.0026,0,0,0
P03,2026-06-07,0.9771,1.0428,1.0026,0,0,0
P03,2026-06-08,0.9777,0.9106,1.0026,0,0,0
P03,2026-06-09,0.9713,0.969,1.0026,0,0,0
P03,2026-06-10,0.9652,0.979,1.0026,0,0,0
P03,2026-06-11,0.9623,0.9871,1.0026,0,0,0
P03,2026-06-12,0.961,1.0526,1.0026,0,0,0
P03,2026-06-13,0.9594,1.1371,1.0026,0,0,0
P03,2026-06-14,0.9596,1.0428,1.0026,0,0,0
P03,2026-06-15,0.9576,0.9106,1.0026,0,0,0
P03,2026-06-16,0.954,0.969,1.0026,0,0,0
P03,2026-06-17,0.9501,0.979,1.0026,0,0,0
P03,2026-06-18,0.9492,0.9871,1.0026,0,0,0
P03,2026-06-19,0.9535,1.0526,1.0026,0,0,0
P03,2026-06-20,0.9553,1.1371,1.0026,0,0,0
P03,2026-06-21,0.9553,1.0428,1.0026,0,0,0
P03,2026-06-22,0.9526,0.9106,1.0026,0,0,0
P03,2026-06-23,0.9549,0.969,1.0026,0,0,0
P03,2026-06-24,0.9549,0.979,1.0026,0,0,0
P03,2026-06-25,0.9549,0.9871,1.0026,0,0,0
P03,2026-06-26,0.9497,1.0526,1.0026,0,0,0
P03,2026-06-27,0.9503,1.1371,1.0026,0,0,0
P03,2026-06-28,0.9542,1.0428,1.0026,0,0,0
P03,2026-06-29,0.9545,0.9106,1.0026,0,0,0
P03,2026-06-30,0.9533,0.969,1.0026,0,0,0
P03,2026-07-01,0.9523,0.979,1.0732,0,0,0
P03,2026-07-02,0.9462,0.9871,1.0732,0,0,0
P03,2026-07-03,0.9394,1.0526,1.5505,0,0,0
P03,2026-07-04,0.9336,1.1371,1.5505,0,0,0
P03,2026-07-05,0.9326,1.0428,1.0732,0,0,0
P03,2026-07-06,0.9347,0.9106,1.0732,0,0,0
P03,2026-07-07,0.9367,0.969,1.0732,0,0,0
P03,2026-07-08,0.9379,0.979,1.0732,0,0,0
P03,2026-07-09,0.9342,0.9871,1.0732,0,0,0
P03,2026-07-10,0.9328,1.0526,1.5505,0,0,0
P03,2026-07-11,0.9339,1.1371,1.5505,0,0,0
P03,2026-07-12,0.9343,1.0428,1.0732,0,0,0
P03,2026-07-13,0.9345,0.9106,1.0732,0,0,0
P03,2026-07-14,0.9368,0.969,1.0732,0,0,0
P03,2026-07-15,0.9402,0.979,1.0732,0,0,0
P03,2026-07-16,0.943,0.9871,1.0732,0,0,0
P03,2026-07-17,0.9453,1.0526,1.5505,0,0,0
P03,2026-07-18,0.9462,1.1371,1.5505,0,0,0
P03,2026-07-19,0.9469,1.0428,1.0732,0,0,0
P03,2026-07-20,0.9459,0.9106,1.0732,0,0,0
P03,2026-07-21,0.949,0.969,1.0732,0,0,0
P03,2026-07-22,0.953,0.979,1.0732,0,0,0
P03,2026-07-23,0.9518,0.9871,1.0732,0,0,0
P03,2026-07-24,0.9495,1.0526,1.5505,0,0,0
P03,2026-07-25,0.9523,1.1371,1.5505,0,0,0
P03,2026-07-26,0.9507,1.0428,1.0732,0,0,0
P03,2026-07-27,0.951,0.9106,1.0732,0,0,0
P03,2026-07-28,0.9495,0.969,1.0732,0,0,0
P03,2026-07-29,0.9494,0.979,1.0732,0,0,0
P03,2026-07-30,0.9534,0.9871,1.0732,0,0,0
P03,2026-07-31,0.9498,1.0526,1.5505,0,0,0
P03,2026-08-01,0.9504,1.1371,1.0732,0,0,0
P03,2026-08-02,0.9508,1.0428,1.0732,0,0,0
P03,2026-08-03,0.961,0.9106,1.0732,0,0,0
P03,2026-08-04,0.9584,0.969,1.0732,0,0,0
P03,2026-08-05,0.9568,0.979,1.0732,0,0,0
P03,2026-08-06,0.9557,0.9871,1.0732,0,0,0
P03,2026-08-07,0.9572,1.0526,1.0732,0,0,0
P03,2026-08-08,0.9524,1.1371,1.0732,0,0,0
P03,2026-08-09,0.9509,1.0428,1.0732,0,0,0
P03,2026-08-10,0.9498,0.9106,1.0732,0,0,0
P03,2026-08-11,0.9507,0.969,1.0732,0,0,0
P03,2026-08-12,0.9491,0.979,1.0732,0,0,0
P03,2026-08-13,0.9486,0.9871,1.0732,0,0,0
P03,2026-08-14,0.9476,1.0526,1.0732,0,0,0
P03,2026-08-15,0.9475,1.1371,2.3014,0,0,0
P03,2026-08-16,0.947,1.0428,2.3014,0,0,0
P03,2026-08-17,0.945,0.9106,2.3014,0,0,0
P03,2026-08-18,0.9521,0.969,1.0732,0,0,0
P03,2026-08-19,0.9532,0.979,1.0732,0,0,0
P03,2026-08-20,0.9548,0.9871,1.0732,0,0,0
P03,2026-08-21,0.9557,1.0526,1.0732,0,0,0
P03,2026-08-22,0.9534,1.1371,1.0732,0,0,0
P03,2026-08-23,0.9586,1.0428,1.0732,0,0,0
P03,2026-08-24,0.9568,0.9106,1.0732,0,0,0
P03,2026-08-25,0.9553,0.969,1.0732,0,0,0
P03,2026-08-26,0.9598,0.979,1.0732,0,0,0
P03,2026-08-27,0.9583,0.9871,1.0732,0,0,0
P03,2026-08-28,0.9588,1.0526,1.0732,0,0,0
P03,2026-08-29,0.9585,1.1371,1.0732,0,0,0
P03,2026-08-30,0.9586,1.0428,1.0732,0,0,0
P03,2026-08-31,0.96,0.9106,1.0732,0,0,0
P03,2026-09-01,0.9604,0.969,1.0732,0,0,0
P03,2026-09-02,0.9604,0.979,1.0732,0,0,0
P03,2026-09-03,0.9581,0.9871,1.0732,0,0,0
P03,2026-09-04,0.962,1.0526,1.0732,0,0,0
P03,2026-09-05,0.9684,1.1371,1.0732,0,0,0
P03,2026-09-06,0.967,1.0428,1.0732,0,0,0
P03,2026-09-07,0.9656,0.9106,1.0732,0,0,0
P03,2026-09-08,0.968,0.969,1.0732,0,0,0
P03,2026-09-09,0.9675,0.979,1.0732,0,0,0
P03,2026-09-10,0.9659,0.9871,1.0732,0,0,0
P03,2026-09-11,0.9647,1.0526,1.0732,0,0,0
P03,2026-09-12,0.9652,1.1371,1.0732,0,0,0
P03,2026-09-13,0.963,1.0428,1.0732,0,0,0
P03,2026-09-14,0.9681,0.9106,1.0732,0,0,0
P03,2026-09-15,0.9709,0.969,1.0732,0,0,0
P03,2026-09-16,0.97,0.979,1.0732,0,0,0
P03,2026-09-17,0.9684,0.9871,1.0732,0,0,0
P03,2026-09-18,0.9638,1.0526,1.0732,0,0,0
P03,2026-09-19,0.959,1.1371,1.0732,0,0,0
P03,2026-09-20,0.9593,1.0428,1.0732,0,0,0
P03,2026-09-21,0.9588,0.9106,1.0732,0,0,0
P03,2026-09-22,0.9581,0.969,1.0732,0,0,0
P03,2026-09-23,0.9612,0.979,1.0732,0,0,0
P03,2026-09-24,0.9634,0.9871,1.0732,0,0,0
P03,2026-09-25,0.9597,1.0526,1.0732,0,0,0
P03,2026-09-26,0.9609,1.1371,1.0732,0,0,0
P03,2026-09-27,0.9636,1.0428,1.0732,0,0,0
P03,2026-09-28,0.9652,0.9106,1.0732,0,0,0
P03,2026-09-29,0.9686,0.969,1.0732,0,0,0
P03,2026-09-30,0.971,0.979,1.0732,0,0,0
P03,2026-10-01,0.9756,0.9871,1.0,0,0,0
P03,2026-10-02,0.9848,1.0526,1.4448,0,0,0
P03,2026-10-03,0.9837,1.1371,1.4448,0,0,0
P03,2026-10-04,0.9859,1.0428,1.0,0,0,0
P03,2026-10-05,0.9865,0.9106,1.0,0,0,0
P03,2026-10-06,0.9871,0.969,1.0,0,0,0
P03,2026-10-07,0.9918,0.979,1.0,0,0,0
P03,2026-10-08,0.9921,0.9871,1.0,0,0,0
P03,2026-10-09,0.9906,1.0526,1.4448,0,0,0
P03,2026-10-10,0.9894,1.1371,1.4448,0,0,0
P03,2026-10-11,0.9953,1.0428,1.0,0,0,0
P03,2026-10-12,0.9951,0.9106,1.0,0,0,0
P03,2026-10-13,0.9955,0.969,1.0,0,0,0
P03,2026-10-14,0.9965,0.979,1.0,0,0,0
P03,2026-10-15,0.9991,0.9871,1.0,0,0,0
P03,2026-10-16,0.9992,1.0526,1.4448,0,0,0
P03,2026-10-17,1.0042,1.1371,1.4448,0,0,0
P03,2026-10-18,1.0054,1.0428,1.0,0,0,0
P03,2026-10-19,1.0063,0.9106,1.0,0,0,0
P03,2026-10-20,1.0078,0.969,3.2544,0,0,0
P03,2026-10-21,1.0058,0.979,3.2544,0,0,0
P03,2026-10-22,1.0044,0.9871,3.2544,0,0,0
P03,2026-10-23,1.0075,1.0526,3.2544,0,0,0
P03,2026-10-24,1.0084,1.1371,3.2544,0,0,0
P03,2026-10-25,1.01,1.0428,3.2544,0,0,0
P03,2026-10-26,1.0117,0.9106,1.0,0,0,0
P03,2026-10-27,1.0119,0.969,1.0,0,0,0
P03,2026-10-28,1.0116,0.979,1.0,0,0,0
P03,2026-10-29,1.0135,0.9871,1.0,0,0,0
P03,2026-10-30,1.0183,1.0526,1.4448,0,0,0
P03,2026-10-31,1.0156,1.1371,1.4448,0,0,0
P03,2026-11-01,1.0127,1.0428,3.0267,0,0,0
P03,2026-11-02,1.0164,0.9106,3.0267,0,0,0
P03,2026-11-03,1.0175,0.969,3.0267,0,0,0
P03,2026-11-04,1.0201,0.979,0.9575,0,0,0
P03,2026-11-05,1.0224,0.9871,0.9575,0,0,0
P03,2026-11-06,1.0291,1.0526,0.9575,0,0,0
P03,2026-11-07,1.029,1.1371,0.9575,0,0,0
P03,2026-11-08,1.0283,1.0428,0.9575,0,0,0
P03,2026-11-09,1.0301,0.9106,0.9575,0,0,0
P03,2026-11-10,1.0347,0.969,0.9575,0,0,0
P03,2026-11-11,1.0335,0.979,0.9575,0,0,0
P03,2026-11-12,1.0293,0.9871,0.9575,0,0,0
P03,2026-11-13,1.0287,1.0526,0.9575,0,0,0
P03,2026-11-14,1.0333,1.1371,0.9575,0,0,0
P03,2026-11-15,1.0381,1.0428,0.9575,0,0,0
P03,2026-11-16,1.0369,0.9106,0.9575,0,0,0
P03,2026-11-17,1.0405,0.969,0.9575,0,0,0
P03,2026-11-18,1.0494,0.979,0.9575,0,0,0
P03,2026-11-19,1.0513,0.9871,0.9575,0,0,0
P03,2026-11-20,1.0531,1.0526,0.9575,0,0,0
P03,2026-11-21,1.0519,1.1371,0.9575,0,0,0
P03,2026-11-22,1.0569,1.0428,0.9575,0,0,0
P03,2026-11-23,1.0597,0.9106,0.9575,0,0,0
P03,2026-11-24,1.0568,0.969,0.9575,0,0,0
P03,2026-11-25,1.0569,0.979,0.9575,0,0,0
P03,2026-11-26,1.0587,0.9871,0.9575,0,0,0
P03,2026-11-27,1.0568,1.0526,0.9575,0,0,0
P03,2026-11-28,1.0593,1.1371,0.9575,0,0,0
P03,2026-11-29,1.0537,1.0428,0.9575,0,0,0
P03,2026-11-30,1.0545,0.9106,0.9575,0,0,0
P03,2026-12-01,1.0532,0.969,0.9575,0,0,0
P03,2026-12-02,1.0569,0.979,0.9575,0,0,0
P03,2026-12-03,1.0527,0.9871,0.9575,0,0,0
P03,2026-12-04,1.047,1.0526,0.9575,0,0,0
P03,2026-12-05,1.0501,1.1371,0.9575,0,0,0
P03,2026-12-06,1.0516,1.0428,0.9575,0,0,0
P03,2026-12-07,1.0568,0.9106,0.9575,0,0,0
P03,2026-12-08,1.0602,0.969,0.9575,0,0,0
P03,2026-12-09,1.0598,0.979,0.9575,0,0,0
P03,2026-12-10,1.0633,0.9871,0.9575,0,0,0
P03,2026-12-11,1.0596,1.0526,0.9575,0,0,0
P03,2026-12-12,1.0614,1.1371,0.9575,0,0,0
P03,2026-12-13,1.0581,1.0428,0.9575,0,0,0
P03,2026-12-14,1.0531,0.9106,0.9575,0,0,0
P03,2026-12-15,1.0528,0.969,0.9575,0,0,0
P03,2026-12-16,1.0513,0.979,0.9575,0,0,0
P03,2026-12-17,1.0556,0.9871,0.9575,0,0,0
P03,2026-12-18,1.0568,1.0526,0.9575,0,0,0
P03,2026-12-19,1.0625,1.1371,0.9575,0,0,0
P03,2026-12-20,1.064,1.0428,0.9575,0,0,0
P03,2026-12-21,1.0687,0.9106,0.9575,0,0,0
P03,2026-12-22,1.0623,0.969,0.9575,0,0,0
P03,2026-12-23,1.0617,0.979,0.9575,0,0,0
P03,2026-12-24,1.0646,0.9871,0.9575,0,0,0
P03,2026-12-25,1.0625,1.0526,0.9575,0,0,0
P03,2026-12-26,1.0619,1.1371,0.9575,0,0,0
P03,2026-12-27,1.0607,1.0428,0.9575,0,0,0
P03,2026-12-28,1.0598,0.9106,0.9575,0,0,0
P03,2026-12-29,1.0612,0.969,0.9575,0,0,0
P03,2026-12-30,1.06,0.979,0.9575,0,0,0
P03,2026-12-31,1.0556,0.9871,0.9575,0,0,0
P03,2027-01-01,1.0568,1.0526,0.661,0,0,0
P03,2027-01-02,1.0531,1.1371,0.9575,0,0,0
P03,2027-01-03,1.0509,1.0428,0.9575,0,0,0
P03,2027-01-04,1.0494,0.9106,0.9575,0,0,0
P03,2027-01-05,1.0477,0.969,0.9575,0,0,0
P03,2027-01-06,1.0444,0.979,0.9575,0,0,0
P03,2027-01-07,1.0431,0.9871,0.9575,0,0,0
P03,2027-01-08,1.042,1.0526,0.9575,0,0,0
P03,2027-01-09,1.0367,1.1371,0.9575,0,0,0
P03,2027-01-10,1.0316,1.0428,0.9575,0,0,0
P03,2027-01-11,1.0284,0.9106,0.9575,0,0,0
P03,2027-01-12,1.026,0.969,0.9575,0,0,0
P03,2027-01-13,1.0213,0.979,1.6158,0,0,0
P03,2027-01-14,1.0206,0.9871,1.6158,0,0,0
P03,2027-01-15,1.0181,1.0526,1.6158,0,0,0
P03,2027-01-16,1.0159,1.1371,1.6158,0,0,0
P03,2027-01-17,1.0167,1.0428,0.9575,0,0,0
P03,2027-01-18,1.0143,0.9106,0.9575,0,0,0
P03,2027-01-19,1.0126,0.969,0.9575,0,0,0
P03,2027-01-20,1.0108,0.979,0.9575,0,0,0
P03,2027-01-21,1.0025,0.9871,0.9575,0,0,0
P03,2027-01-22,1.0013,1.0526,0.9575,0,0,0
P03,2027-01-23,1.0045,1.1371,0.9575,0,0,0
P03,2027-01-24,1.0028,1.0428,0.9575,0,0,0
P03,2027-01-25,0.9989,0.9106,0.9575,0,0,0
P03,2027-01-26,1.0,0.969,0.661,0,0,0
P03,2027-01-27,0.9969,0.979,0.9575,0,0,0
P03,2027-01-28,0.9941,0.9871,0.9575,0,0,0
P03,2027-01-29,0.9971,1.0526,0.9575,0,0,0
P03,2027-01-30,0.9949,1.1371,0.9575,0,0,0
P03,2027-01-31,0.9939,1.0428,0.9575,0,0,0
P03,2027-02-01,0.99,0.9106,0.9575,0,0,0
P03,2027-02-02,0.9837,0.969,0.9575,0,0,0
P03,2027-02-03,0.9774,0.979,0.9575,0,0,0
P03,2027-02-04,0.9726,0.9871,0.9575,0,0,0
P03,2027-02-05,0.9761,1.0526,0.9575,0,0,0
P03,2027-02-06,0.9729,1.1371,0.9575,0,0,0
P03,2027-02-07,0.9687,1.0428,0.9575,0,0,0
P03,2027-02-08,0.9654,0.9106,0.9575,0,0,0
P03,2027-02-09,0.9687,0.969,0.9575,0,0,0
P03,2027-02-10,0.9699,0.979,0.9575,0,0,0
P03,2027-02-11,0.9674,0.9871,0.9575,0,0,0
P03,2027-02-12,0.9624,1.0526,0.9575,0,0,0
P03,2027-02-13,0.9609,1.1371,0.9575,0,0,0
P03,2027-02-14,0.9605,1.0428,0.9575,0,0,0
P03,2027-02-15,0.9597,0.9106,0.9575,0,0,0
P03,2027-02-16,0.9503,0.969,0.9575,0,0,0
P03,2027-02-17,0.9457,0.979,0.9575,0,0,0
P03,2027-02-18,0.9451,0.9871,0.9575,0,0,0
P03,2027-02-19,0.9448,1.0526,0.9575,0,0,0
P03,2027-02-20,0.9436,1.1371,0.9575,0,0,0
P03,2027-02-21,0.9439,1.0428,0.9575,0,0,0
P03,2027-02-22,0.9467,0.9106,0.9575,0,0,0
P03,2027-02-23,0.9435,0.969,0.9575,0,0,0
P03,2027-02-24,0.9421,0.979,0.9575,0,0,0
P03,2027-02-25,0.9416,0.9871,0.9575,0,0,0
P03,2027-02-26,0.9397,1.0526,0.9575,0,0,0
P03,2027-02-27,0.9429,1.1371,0.9575,0,0,0
P03,2027-02-28,0.9401,1.0428,0.9575,0,0,0
P03,2027-03-01,0.9432,0.9106,1.0026,0,0,0
P03,2027-03-02,0.9452,0.969,1.0026,0,0,0
P03,2027-03-03,0.949,0.979,1.0026,0,0,0
P03,2027-03-04,0.9503,0.9871,1.0026,0,0,0
P03,2027-03-05,0.9514,1.0526,1.4485,0,0,0
P03,2027-03-06,0.9552,1.1371,1.4485,0,0,0
P03,2027-03-07,0.9512,1.0428,1.0026,0,0,0
P03,2027-03-08,0.9489,0.9106,1.0026,0,0,0
P03,2027-03-09,0.9522,0.969,1.0026,0,0,0
P03,2027-03-10,0.9531,0.979,1.0026,0,0,0
P03,2027-03-11,0.9564,0.9871,1.0026,0,0,0
P03,2027-03-12,0.9562,1.0526,1.4485,0,0,0
P03,2027-03-13,0.9591,1.1371,1.4485,0,0,0
P03,2027-03-14,0.9627,1.0428,1.0026,0,0,0
P03,2027-03-15,0.9642,0.9106,1.0026,0,0,0
P03,2027-03-16,0.9678,0.969,1.0026,0,0,0
P03,2027-03-17,0.9688,0.979,1.0026,0,0,0
P03,2027-03-18,0.9746,0.9871,1.0026,0,0,0
P03,2027-03-19,0.9731,1.0526,1.4485,0,0,0
P03,2027-03-20,0.972,1.1371,1.4485,0,0,0
P03,2027-03-21,0.968,1.0428,1.0026,0,0,0
P03,2027-03-22,0.9724,0.9106,1.0026,0,0,0
P03,2027-03-23,0.9736,0.969,1.0026,0,0,0
P03,2027-03-24,0.9719,0.979,1.0026,0,0,0
P03,2027-03-25,0.9686,0.9871,1.0026,0,0,0
P03,2027-03-26,0.966,1.0526,1.4485,0,0,0
P03,2027-03-27,0.9648,1.1371,1.4485,0,0,0
P03,2027-03-28,0.9641,1.0428,1.0026,0,0,0
P03,2027-03-29,0.9655,0.9106,1.0026,0,0,0
P03,2027-03-30,0.9676,0.969,1.0026,0,0,0
P03,2027-03-31,0.9714,0.979,1.0026,0,0,0
P03,2027-04-01,0.9723,0.9871,1.0026,0,0,0
P03,2027-04-02,0.9715,1.0526,1.0026,0,0,0
P03,2027-04-03,0.971,1.1371,1.1097,0,0,0
P03,2027-04-04,0.9709,1.0428,1.1097,0,0,0
P03,2027-04-05,0.9695,0.9106,1.0026,0,0,0
P03,2027-04-06,0.9694,0.969,1.0026,0,0,0
P03,2027-04-07,0.975,0.979,1.0026,0,0,0
P03,2027-04-08,0.975,0.9871,1.0026,0,0,0
P03,2027-04-09,0.9714,1.0526,1.0026,0,0,0
P03,2027-04-10,0.9742,1.1371,1.1097,0,0,0
P03,2027-04-11,0.9751,1.0428,1.1097,0,0,1
P03,2027-04-12,0.975,0.9106,1.0026,0,0,0
P03,2027-04-13,0.9771,0.969,1.0026,0,0,0
P03,2027-04-14,0.9743,0.979,1.0026,0,0,0
P03,2027-04-15,0.9724,0.9871,1.0026,0,0,0
P03,2027-04-16,0.9767,1.0526,1.0026,0,0,0
P03,2027-04-17,0.9762,1.1371,1.1097,0,0,0
P03,2027-04-18,0.9722,1.0428,1.1097,0,0,0
P03,2027-04-19,0.9751,0.9106,1.0026,0,0,0
P03,2027-04-20,0.9784,0.969,1.0026,0,0,0
P03,2027-04-21,0.9844,0.979,1.0026,0,0,0
P03,2027-04-22,0.9818,0.9871,1.0026,0,0,0
P03,2027-04-23,0.9768,1.0526,1.0026,0,0,0
P03,2027-04-24,0.9758,1.1371,1.1097,0,0,0
P03,2027-04-25,0.9759,1.0428,1.1097,0,0,0
P03,2027-04-26,0.972,0.9106,1.0026,0,0,0
P03,2027-04-27,0.975,0.969,1.0026,0,0,0
P03,2027-04-28,0.9729,0.979,1.0026,0,0,0
P03,2027-04-29,0.9732,0.9871,1.0026,0,0,0
P03,2027-04-30,0.9742,1.0526,1.0026,0,0,0
P03,2027-05-01,0.9725,1.1371,1.1097,0,0,0
P03,2027-05-02,0.9764,1.0428,1.1097,0,0,0
P03,2027-05-03,0.9771,0.9106,1.0026,0,0,0
P03,2027-05-04,0.9823,0.969,1.0026,0,0,0
P03,2027-05-05,0.987,0.979,1.0026,0,0,0
P03,2027-05-06,0.9879,0.9871,1.0026,0,0,0
P03,2027-05-07,0.9916,1.0526,1.0026,0,0,0
P03,2027-05-08,0.9935,1.1371,1.1097,0,0,0
P03,2027-05-09,0.9983,1.0428,1.1097,0,0,0
P03,2027-05-10,0.9931,0.9106,1.0026,0,0,0
P03,2027-05-11,0.9957,0.969,1.0026,0,0,0
P03,2027-05-12,0.999,0.979,1.0026,0,0,0
P03,2027-05-13,0.9986,0.9871,1.0026,0,0,0
P03,2027-05-14,1.001,1.0526,1.0026,0,0,0
P03,2027-05-15,0.996,1.1371,1.1097,0,0,0
P03,2027-05-16,0.9933,1.0428,1.1097,0,0,0
P03,2027-05-17,0.9965,0.9106,1.0026,0,0,0
P03,2027-05-18,0.9991,0.969,1.0026,0,0,0
P03,2027-05-19,0.9963,0.979,1.0026,0,0,0
P03,2027-05-20,0.9953,0.9871,1.0026,0,0,0
P03,2027-05-21,0.9939,1.0526,1.0026,0,0,0
P03,2027-05-22,0.9932,1.1371,1.1097,0,0,0
P03,2027-05-23,0.9899,1.0428,1.1097,0,0,0
P03,2027-05-24,0.9903,0.9106,1.0026,0,0,0
P03,2027-05-25,0.9914,0.969,1.0026,0,0,0
P03,2027-05-26,0.99,0.979,1.0026,0,0,0
P03,2027-05-27,0.9879,0.9871,1.0026,0,0,0
P03,2027-05-28,0.9918,1.0526,1.0026,0,0,0
P03,2027-05-29,0.9956,1.1371,1.1097,0,0,0
P03,2027-05-30,0.9939,1.0428,1.1097,0,0,0
P03,2027-05-31,0.9916,0.9106,1.0026,0,0,0
P03,2027-06-01,0.9904,0.969,1.0026,0,0,0
P03,2027-06-02,0.989,0.979,1.0026,0,0,0
P03,2027-06-03,0.9841,0.9871,1.0026,0,0,0
P03,2027-06-04,0.9817,1.0526,1.0026,0,0,0
P03,2027-06-05,0.9832,1.1371,1.0026,0,0,0
P03,2027-06-06,0.9845,1.0428,1.0026,0,0,0
P03,2027-06-07,0.9835,0.9106,1.0026,0,0,0
P03,2027-06-08,0.9812,0.969,1.0026,0,0,0
P03,2027-06-09,0.9759,0.979,1.0026,0,0,0
P03,2027-06-10,0.9728,0.9871,1.0026,0,0,0
P03,2027-06-11,0.9714,1.0526,1.0026,0,0,0
P03,2027-06-12,0.9716,1.1371,1.0026,0,0,0
P03,2027-06-13,0.9683,1.0428,1.0026,0,0,0
P03,2027-06-14,0.9649,0.9106,1.0026,0,0,0
P03,2027-06-15,0.9636,0.969,1.0026,0,0,0
P03,2027-06-16,0.9588,0.979,1.0026,0,0,0
P03,2027-06-17,0.9555,0.9871,1.0026,0,0,0
P03,2027-06-18,0.9562,1.0526,1.0026,0,0,0
P03,2027-06-19,0.9564,1.1371,1.0026,0,0,0
P03,2027-06-20,0.9603,1.0428,1.0026,0,0,0
P03,2027-06-21,0.9596,0.9106,1.0026,0,0,0
P03,2027-06-22,0.9566,0.969,1.0026,0,0,0
P03,2027-06-23,0.9568,0.979,1.0026,0,0,0
P03,2027-06-24,0.9583,0.9871,1.0026,0,0,0
P03,2027-06-25,0.9608,1.0526,1.0026,0,0,0
P03,2027-06-26,0.9582,1.1371,1.0026,0,0,0
P03,2027-06-27,0.9548,1.0428,1.0026,0,0,0
P03,2027-06-28,0.9529,0.9106,1.0026,0,0,0
P03,2027-06-29,0.9496,0.969,1.0026,0,0,0
P03,2027-06-30,0.9472,0.979,1.0026,0,0,0
P03,2027-07-01,0.9508,0.9871,1.0732,0,0,0
P03,2027-07-02,0.9487,1.0526,1.5505,0,0,0
P03,2027-07-03,0.9454,1.1371,1.5505,0,0,0
P03,2027-07-04,0.9415,1.0428,1.0732,0,0,0
P03,2027-07-05,0.9433,0.9106,1.0732,0,0,0
P03,2027-07-06,0.9371,0.969,1.0732,0,0,0
P03,2027-07-07,0.9402,0.979,1.0732,0,0,0
P03,2027-07-08,0.9441,0.9871,1.0732,0,0,0
P03,2027-07-09,0.9415,1.0526,1.5505,0,0,0
P03,2027-07-10,0.9412,1.1371,1.5505,0,0,0
P03,2027-07-11,0.9409,1.0428,1.0732,0,0,0
P03,2027-07-12,0.9402,0.9106,1.0732,0,0,0
P03,2027-07-13,0.9387,0.969,1.0732,0,0,0
P03,2027-07-14,0.9358,0.979,1.0732,0,0,0
P03,2027-07-15,0.9373,0.9871,1.0732,0,0,0
P03,2027-07-16,0.9362,1.0526,1.5505,0,0,0
P03,2027-07-17,0.9371,1.1371,1.5505,0,0,0
P03,2027-07-18,0.9379,1.0428,1.0732,0,0,0
P03,2027-07-19,0.9391,0.9106,1.0732,0,0,0
P03,2027-07-20,0.9373,0.969,1.0732,0,0,0
P03,2027-07-21,0.9385,0.979,1.0732,0,0,0
P03,2027-07-22,0.9405,0.9871,1.0732,0,0,0
P03,2027-07-23,0.9434,1.0526,1.5505,0,0,0
P03,2027-07-24,0.9434,1.1371,1.5505,0,0,0
P03,2027-07-25,0.9425,1.0428,1.0732,0,0,0
P03,2027-07-26,0.9412,0.9106,1.0732,0,0,0
P03,2027-07-27,0.9403,0.969,1.0732,0,0,0
P03,2027-07-28,0.9423,0.979,1.0732,0,0,0
P03,2027-07-29,0.9422,0.9871,1.0732,0,0,0
P03,2027-07-30,0.9434,1.0526,1.5505,0,0,0
P03,2027-07-31,0.9421,1.1371,1.5505,0,0,0
P03,2027-08-01,0.9406,1.0428,1.0732,0,0,0
P03,2027-08-02,0.9343,0.9106,1.0732,0,0,0
P03,2027-08-03,0.9331,0.969,1.0732,0,0,0
P03,2027-08-04,0.9313,0.979,1.0732,0,0,0
P03,2027-08-05,0.9311,0.9871,1.0732,0,0,0
P03,2027-08-06,0.932,1.0526,1.0732,0,0,0
P03,2027-08-07,0.9294,1.1371,1.0732,0,0,0
P03,2027-08-08,0.9333,1.0428,1.0732,0,0,0
P03,2027-08-09,0.9348,0.9106,1.0732,0,0,0
P03,2027-08-10,0.9333,0.969,1.0732,0,0,0
P03,2027-08-11,0.935,0.979,1.0732,0,0,0
P03,2027-08-12,0.9328,0.9871,1.0732,0,0,0
P03,2027-08-13,0.9352,1.0526,1.0732,0,0,0
P03,2027-08-14,0.938,1.1371,1.0732,0,0,0
P03,2027-08-15,0.9326,1.0428,2.3014,0,0,0
P03,2027-08-16,0.9347,0.9106,2.3014,0,0,0
P03,2027-08-17,0.9368,0.969,2.3014,0,0,0
P03,2027-08-18,0.9398,0.979,1.0732,0,0,0
P03,2027-08-19,0.9425,0.9871,1.0732,0,0,0
P03,2027-08-20,0.9424,1.0526,1.0732,0,0,0
P03,2027-08-21,0.9461,1.1371,1.0732,0,0,0
P03,2027-08-22,0.9493,1.0428,1.0732,0,0,0
P03,2027-08-23,0.9494,0.9106,1.0732,0,0,0
P03,2027-08-24,0.9498,0.969,1.0732,0,0,0
P03,2027-08-25,0.9503,0.979,1.0732,0,0,0
P03,2027-08-26,0.9454,0.9871,1.0732,0,0,0
P03,2027-08-27,0.942,1.0526,1.0732,0,0,0
P03,2027-08-28,0.9399,1.1371,1.0732,0,0,0
P03,2027-08-29,0.9422,1.0428,1.0732,0,0,0
P03,2027-08-30,0.9403,0.9106,1.0732,0,0,0
P03,2027-08-31,0.9383,0.969,1.0732,0,0,0
P03,2027-09-01,0.9416,0.979,1.0732,0,0,0
P03,2027-09-02,0.9441,0.9871,1.0732,0,0,0
P03,2027-09-03,0.9458,1.0526,1.0732,0,0,0
P03,2027-09-04,0.9421,1.1371,1.0732,0,0,0
P03,2027-09-05,0.9414,1.0428,1.0732,0,0,0
P03,2027-09-06,0.9387,0.9106,1.0732,0,0,0
P03,2027-09-07,0.9386,0.969,1.0732,0,0,0
P03,2027-09-08,0.9383,0.979,1.0732,0,0,0
P03,2027-09-09,0.9345,0.9871,1.0732,0,0,0
P03,2027-09-10,0.9316,1.0526,1.0732,0,0,0
P03,2027-09-11,0.9297,1.1371,1.0732,0,0,0
P03,2027-09-12,0.9305,1.0428,1.0732,0,0,0
P03,2027-09-13,0.9287,0.9106,1.0732,0,0,0
P03,2027-09-14,0.9332,0.969,1.0732,0,0,0
P03,2027-09-15,0.9348,0.979,1.0732,0,0,0
P03,2027-09-16,0.9329,0.9871,1.0732,0,0,0
P03,2027-09-17,0.9382,1.0526,1.0732,0,0,0
P03,2027-09-18,0.9326,1.1371,1.0732,0,0,0
P03,2027-09-19,0.9286,1.0428,1.0732,0,0,0
P03,2027-09-20,0.9279,0.9106,1.0732,0,0,0
P03,2027-09-21,0.9343,0.969,1.0732,0,0,0
P03,2027-09-22,0.9352,0.979,1.0732,0,0,0
P03,2027-09-23,0.9344,0.9871,1.0732,0,0,0
P03,2027-09-24,0.9432,1.0526,1.0732,0,0,0
P03,2027-09-25,0.9427,1.1371,1.0732,0,0,0
P03,2027-09-26,0.9488,1.0428,1.0732,0,0,0
P03,2027-09-27,0.9496,0.9106,1.0732,0,0,0
P03,2027-09-28,0.9511,0.969,1.0732,0,0,0
P03,2027-09-29,0.9498,0.979,1.0732,0,0,0
P03,2027-09-30,0.9549,0.9871,1.0732,0,0,0
P03,2027-10-01,0.9603,1.0526,1.4448,0,0,0
P03,2027-10-02,0.962,1.1371,1.4448,0,0,0
P03,2027-10-03,0.9635,1.0428,1.0,0,0,0
P03,2027-10-04,0.9638,0.9106,1.0,0,0,0
P03,2027-10-05,0.967,0.969,1.0,0,0,0
P03,2027-10-06,0.965,0.979,1.0,0,0,0
P03,2027-10-07,0.9709,0.9871,1.0,0,0,0
P03,2027-10-08,0.9713,1.0526,1.4448,0,0,0
P03,2027-10-09,0.9712,1.1371,1.4448,0,0,0
P03,2027-10-10,0.9717,1.0428,1.0,0,0,0
P03,2027-10-11,0.9747,0.9106,1.0,0,0,0
P03,2027-10-12,0.9804,0.969,1.0,0,0,0
P03,2027-10-13,0.9746,0.979,1.0,0,0,0
P03,2027-10-14,0.9718,0.9871,1.0,0,0,0
P03,2027-10-15,0.976,1.0526,1.4448,0,0,0
P03,2027-10-16,0.978,1.1371,1.4448,0,0,0
P03,2027-10-17,0.9798,1.0428,1.0,0,0,0
P03,2027-10-18,0.9845,0.9106,1.0,0,0,0
P03,2027-10-19,0.9871,0.969,1.0,0,0,0
P03,2027-10-20,0.9894,0.979,3.2544,0,0,0
P03,2027-10-21,0.9884,0.9871,3.2544,0,0,0
P03,2027-10-22,0.991,1.0526,3.2544,0,0,0
P03,2027-10-23,0.9959,1.1371,3.2544,0,0,0
P03,2027-10-24,1.0006,1.0428,3.2544,0,0,0
P03,2027-10-25,1.0063,0.9106,3.2544,0,0,0
P03,2027-10-26,1.0058,0.969,1.0,0,0,0
P03,2027-10-27,1.0092,0.979,1.0,0,0,0
P03,2027-10-28,1.012,0.9871,1.0,0,0,0
P03,2027-10-29,1.0146,1.0526,1.4448,0,0,0
P03,2027-10-30,1.0197,1.1371,1.4448,0,0,0
P03,2027-10-31,1.0251,1.0428,1.0,0,0,0
P03,2027-11-01,1.0256,0.9106,3.0267,0,0,0
P03,2027-11-02,1.0269,0.969,3.0267,0,0,0
P03,2027-11-03,1.0254,0.979,3.0267,0,0,0
P03,2027-11-04,1.0248,0.9871,0.9575,0,0,0
P03,2027-11-05,1.0234,1.0526,0.9575,0,0,0
P03,2027-11-06,1.0254,1.1371,0.9575,0,0,0
P03,2027-11-07,1.0256,1.0428,0.9575,0,0,0
P03,2027-11-08,1.0271,0.9106,0.9575,0,0,0
P03,2027-11-09,1.0289,0.969,0.9575,0,0,0
P03,2027-11-10,1.0302,0.979,0.9575,0,0,0
P03,2027-11-11,1.0293,0.9871,0.9575,0,0,0
P03,2027-11-12,1.0284,1.0526,0.9575,0,0,0
P03,2027-11-13,1.0302,1.1371,0.9575,0,0,0
P03,2027-11-14,1.0318,1.0428,0.9575,0,0,0
P03,2027-11-15,1.0362,0.9106,0.9575,0,0,0
P03,2027-11-16,1.037,0.969,0.9575,0,0,0
P03,2027-11-17,1.0396,0.979,0.9575,0,0,0
P03,2027-11-18,1.0408,0.9871,0.9575,0,0,0
P03,2027-11-19,1.0398,1.0526,0.9575,0,0,0
P03,2027-11-20,1.0399,1.1371,0.9575,0,0,0
P03,2027-11-21,1.0391,1.0428,0.9575,0,0,0
P03,2027-11-22,1.0431,0.9106,0.9575,0,0,0
P03,2027-11-23,1.0464,0.969,0.9575,0,0,0
P03,2027-11-24,1.0476,0.979,0.9575,0,0,0
P03,2027-11-25,1.0509,0.9871,0.9575,0,0,0
P03,2027-11-26,1.0533,1.0526,0.9575,0,0,0
P03,2027-11-27,1.05,1.1371,0.9575,0,0,0
P03,2027-11-28,1.0522,1.0428,0.9575,0,0,0
P03,2027-11-29,1.0567,0.9106,0.9575,0,0,0
P03,2027-11-30,1.0569,0.969,0.9575,0,0,0
P03,2027-12-01,1.0567,0.979,0.9575,0,0,0
P03,2027-12-02,1.0556,0.9871,0.9575,0,0,0
P03,2027-12-03,1.0616,1.0526,0.9575,0,0,0
P03,2027-12-04,1.0643,1.1371,0.9575,0,0,0
P03,2027-12-05,1.0705,1.0428,0.9575,0,0,0
P03,2027-12-06,1.0756,0.9106,0.9575,0,0,0
P03,2027-12-07,1.0806,0.969,0.9575,0,0,0
P03,2027-12-08,1.0869,0.979,0.9575,0,0,0
P03,2027-12-09,1.0925,0.9871,0.9575,0,0,0
P03,2027-12-10,1.0997,1.0526,0.9575,0,0,0
P03,2027-12-11,1.102,1.1371,0.9575,0,0,0
P03,2027-12-12,1.1037,1.0428,0.9575,0,0,0
P03,2027-12-13,1.1029,0.9106,0.9575,0,0,0
P03,2027-12-14,1.1042,0.969,0.9575,0,0,0
P03,2027-12-15,1.1076,0.979,0.9575,0,0,0
P03,2027-12-16,1.103,0.9871,0.9575,0,0,0
P03,2027-12-17,1.1071,1.0526,0.9575,0,0,0
P03,2027-12-18,1.1145,1.1371,0.9575,0,0,0
P03,2027-12-19,1.1221,1.0428,0.9575,0,0,0
P03,2027-12-20,1.117,0.9106,0.9575,0,0,0
P03,2027-12-21,1.1168,0.969,0.9575,0,0,0
P03,2027-12-22,1.1194,0.979,0.9575,0,0,0
P03,2027-12-23,1.1123,0.9871,0.9575,0,0,0
P03,2027-12-24,1.1165,1.0526,0.9575,0,0,0
P03,2027-12-25,1.1092,1.1371,0.9575,0,0,0
P03,2027-12-26,1.11,1.0428,0.9575,0,0,0
P03,2027-12-27,1.1122,0.9106,0.9575,0,0,0
P03,2027-12-28,1.1141,0.969,0.9575,0,0,0
P03,2027-12-29,1.1134,0.979,0.9575,0,0,0
P03,2027-12-30,1.1128,0.9871,0.9575,0,0,0
P03,2027-12-31,1.1204,1.0526,0.9575,0,0,0
P04,2026-01-01,0.5947,0.9883,0.6779,0,0,0
P04,2026-01-02,0.5996,1.028,0.9627,0,0,0
P04,2026-01-03,0.5987,1.1456,0.9627,0,0,0
P04,2026-01-04,0.6011,1.0945,0.9627,0,0,0
P04,2026-01-05,0.6038,0.9119,0.9627,0,0,0
P04,2026-01-06,0.6024,0.9424,0.9627,0,0,0
P04,2026-01-07,0.6026,0.9739,0.9627,0,0,0
P04,2026-01-08,0.6081,0.9883,0.9627,0,0,0
P04,2026-01-09,0.6093,1.028,0.9627,0,0,0
P04,2026-01-10,0.6129,1.1456,0.9627,0,0,0
P04,2026-01-11,0.6159,1.0945,0.9627,0,0,0
P04,2026-01-12,0.6184,0.9119,0.9627,0,0,0
P04,2026-01-13,0.6184,0.9424,1.5446,0,0,0
P04,2026-01-14,0.62,0.9739,1.5446,0,0,0
P04,2026-01-15,0.6258,0.9883,1.5446,0,0,0
P04,2026-01-16,0.6274,1.028,1.5446,0,0,0
P04,2026-01-17,0.6279,1.1456,0.9627,0,0,0
P04,2026-01-18,0.6277,1.0945,0.9627,0,0,0
P04,2026-01-19,0.6257,0.9119,0.9627,0,0,0
P04,2026-01-20,0.6257,0.9424,0.9627,0,0,0
P04,2026-01-21,0.629,0.9739,0.9627,0,0,0
P04,2026-01-22,0.6296,0.9883,0.9627,0,0,0
P04,2026-01-23,0.6334,1.028,0.9627,0,0,0
P04,2026-01-24,0.6334,1.1456,0.9627,0,0,0
P04,2026-01-25,0.6329,1.0945,0.9627,0,0,0
P04,2026-01-26,0.6366,0.9119,0.6779,0,0,0
P04,2026-01-27,0.6357,0.9424,0.9627,0,0,0
P04,2026-01-28,0.6379,0.9739,0.9627,0,0,0
P04,2026-01-29,0.6385,0.9883,0.9627,0,0,0
P04,2026-01-30,0.6421,1.028,0.9627,0,0,0
P04,2026-01-31,0.6434,1.1456,0.9627,0,0,0
P04,2026-02-01,0.6466,1.0945,0.9627,0,0,0
P04,2026-02-02,0.6511,0.9119,0.9627,0,0,0
P04,2026-02-03,0.6541,0.9424,0.9627,0,0,0
P04,2026-02-04,0.6556,0.9739,0.9627,0,0,0
P04,2026-02-05,0.6578,0.9883,0.9627,0,0,0
P04,2026-02-06,0.6587,1.028,0.9627,0,0,0
P04,2026-02-07,0.6636,1.1456,0.9627,0,0,0
P04,2026-02-08,0.6672,1.0945,0.9627,0,0,0
P04,2026-02-09,0.6697,0.9119,0.9627,0,0,0
P04,2026-02-10,0.6729,0.9424,0.9627,0,0,0
P04,2026-02-11,0.6734,0.9739,0.9627,0,0,0
P04,2026-02-12,0.6756,0.9883,0.9627,0,0,0
P04,2026-02-13,0.6766,1.028,0.9627,0,0,0
P04,2026-02-14,0.6809,1.1456,0.9627,0,0,0
P04,2026-02-15,0.6866,1.0945,0.9627,0,0,0
P04,2026-02-16,0.692,0.9119,0.9627,0,0,0
P04,2026-02-17,0.698,0.9424,0.9627,0,0,0
P04,2026-02-18,0.7031,0.9739,0.9627,0,0,0
P04,2026-02-19,0.7121,0.9883,0.9627,0,0,0
P04,2026-02-20,0.7169,1.028,0.9627,0,0,0
P04,2026-02-21,0.7218,1.1456,0.9627,0,0,0
P04,2026-02-22,0.7281,1.0945,0.9627,0,0,0
P04,2026-02-23,0.7345,0.9119,0.9627,0,0,0
P04,2026-02-24,0.7386,0.9424,0.9627,0,0,0
P04,2026-02-25,0.7454,0.9739,0.9627,0,0,0
P04,2026-02-26,0.7513,0.9883,0.9627,0,0,0
P04,2026-02-27,0.7569,1.028,0.9627,0,0,0
P04,2026-02-28,0.7618,1.1456,0.9627,0,0,0
P04,2026-03-01,0.7662,1.0945,1.0126,0,0,0
P04,2026-03-02,0.772,0.9119,1.0126,0,0,0
P04,2026-03-03,0.7758,0.9424,1.0126,0,0,0
P04,2026-03-04,0.7824,0.9739,1.0126,0,0,0
P04,2026-03-05,0.7878,0.9883,1.0126,0,0,0
P04,2026-03-06,0.7891,1.028,1.408,0,0,0
P04,2026-03-07,0.7956,1.1456,1.408,0,0,0
P04,2026-03-08,0.7996,1.0945,1.0126,0,0,0
P04,2026-03-09,0.8024,0.9119,1.0126,0,0,0
P04,2026-03-10,0.805,0.9424,1.0126,0,0,0
P04,2026-03-11,0.8108,0.9739,1.0126,0,0,0
P04,2026-03-12,0.8125,0.9883,1.0126,0,0,0
P04,2026-03-13,0.8157,1.028,1.408,0,0,0
P04,2026-03-14,0.8189,1.1456,1.408,0,0,0
P04,2026-03-15,0.8236,1.0945,1.0126,0,0,0
P04,2026-03-16,0.8289,0.9119,1.0126,0,0,0
P04,2026-03-17,0.8379,0.9424,1.0126,0,0,0
P04,2026-03-18,0.8446,0.9739,1.0126,0,0,0
P04,2026-03-19,0.8486,0.9883,1.0126,0,0,0
P04,2026-03-20,0.8486,1.028,1.408,0,0,0
P04,2026-03-21,0.8502,1.1456,1.408,0,0,0
P04,2026-03-22,0.8546,1.0945,1.0126,0,0,0
P04,2026-03-23,0.8575,0.9119,1.0126,0,0,0
P04,2026-03-24,0.8598,0.9424,1.0126,0,0,0
P04,2026-03-25,0.8647,0.9739,1.0126,0,0,0
P04,2026-03-26,0.8683,0.9883,1.0126,0,0,0
P04,2026-03-27,0.8686,1.028,1.408,0,0,0
P04,2026-03-28,0.8725,1.1456,1.408,0,0,0
P04,2026-03-29,0.8788,1.0945,1.0126,0,0,0
P04,2026-03-30,0.8814,0.9119,1.0126,0,0,0
P04,2026-03-31,0.8817,0.9424,1.0126,0,0,0
P04,2026-04-01,0.8847,0.9739,1.0126,0,0,0
P04,2026-04-02,0.888,0.9883,1.0126,0,0,0
P04,2026-04-03,0.895,1.028,1.0126,0,0,0
P04,2026-04-04,0.8989,1.1456,1.1313,0,0,0
P04,2026-04-05,0.9024,1.0945,1.1313,0,0,0
P04,2026-04-06,0.9077,0.9119,1.0126,0,0,0
P04,2026-04-07,0.9124,0.9424,1.0126,0,0,0
P04,2026-04-08,0.9147,0.9739,1.0126,0,0,0
P04,2026-04-09,0.9199,0.9883,1.0126,0,0,0
P04,2026-04-10,0.9222,1.028,1.0126,0,0,0
P04,2026-04-11,0.9232,1.1456,1.1313,0,0,0
P04,2026-04-12,0.9269,1.0945,1.1313,0,0,0
P04,2026-04-13,0.9291,0.9119,1.0126,0,0,0
P04,2026-04-14,0.9317,0.9424,1.0126,0,0,0
P04,2026-04-15,0.935,0.9739,1.0126,0,0,0
P04,2026-04-16,0.9402,0.9883,1.0126,0,0,0
P04,2026-04-17,0.9429,1.028,1.0126,0,0,0
P04,2026-04-18,0.9418,1.1456,1.1313,0,0,0
P04,2026-04-19,0.9401,1.0945,1.1313,0,0,0
P04,2026-04-20,0.9382,0.9119,1.0126,0,0,0
P04,2026-04-21,0.9394,0.9424,1.0126,0,0,0
P04,2026-04-22,0.9407,0.9739,1.0126,0,0,0
P04,2026-04-23,0.9435,0.9883,1.0126,0,0,0
P04,2026-04-24,0.9482,1.028,1.0126,0,0,0
P04,2026-04-25,0.9536,1.1456,1.1313,0,0,0
P04,2026-04-26,0.9505,1.0945,1.1313,0,0,0
P04,2026-04-27,0.9535,0.9119,1.0126,0,0,0
P04,2026-04-28,0.957,0.9424,1.0126,0,0,0
P04,2026-04-29,0.9582,0.9739,1.0126,0,0,0
P04,2026-04-30,0.9608,0.9883,1.0126,0,0,0
P04,2026-05-01,0.9622,1.028,1.0126,0,0,0
P04,2026-05-02,0.9625,1.1456,1.1313,0,0,0
P04,2026-05-03,0.9631,1.0945,1.1313,0,0,0
P04,2026-05-04,0.9646,0.9119,1.0126,0,0,0
P04,2026-05-05,0.9669,0.9424,1.0126,0,0,0
P04,2026-05-06,0.9659,0.9739,1.0126,0,0,0
P04,2026-05-07,0.9686,0.9883,1.0126,0,0,0
P04,2026-05-08,0.9668,1.028,1.0126,0,0,0
P04,2026-05-09,0.9679,1.1456,1.1313,0,0,0
P04,2026-05-10,0.9689,1.0945,1.1313,0,0,0
P04,2026-05-11,0.9672,0.9119,1.0126,0,0,0
P04,2026-05-12,0.9691,0.9424,1.0126,0,0,0
P04,2026-05-13,0.9706,0.9739,1.0126,0,0,0
P04,2026-05-14,0.9726,0.9883,1.0126,0,0,0
P04,2026-05-15,0.975,1.028,1.0126,0,0,0
P04,2026-05-16,0.9757,1.1456,1.1313,0,0,0
P04,2026-05-17,0.9765,1.0945,1.1313,0,0,0
P04,2026-05-18,0.9782,0.9119,1.0126,0,0,0
P04,2026-05-19,0.976,0.9424,1.0126,0,0,0
P04,2026-05-20,0.97,0.9739,1.0126,0,0,0
P04,2026-05-21,0.9681,0.9883,1.0126,0,0,0
P04,2026-05-22,0.9683,1.028,1.0126,0,0,0
P04,2026-05-23,0.9684,1.1456,1.1313,0,0,0
P04,2026-05-24,0.9649,1.0945,1.1313,0,0,0
P04,2026-05-25,0.964,0.9119,1.0126,0,0,0
P04,2026-05-26,0.962,0.9424,1.0126,0,0,0
P04,2026-05-27,0.9574,0.9739,1.0126,0,0,0
P04,2026-05-28,0.956,0.9883,1.0126,0,0,0
P04,2026-05-29,0.9533,1.028,1.0126,0,0,0
P04,2026-05-30,0.9523,1.1456,1.1313,0,0,0
P04,2026-05-31,0.9512,1.0945,1.1313,0,0,0
P04,2026-06-01,0.9537,0.9119,1.0126,0,0,0
P04,2026-06-02,0.9495,0.9424,1.0126,0,0,0
P04,2026-06-03,0.9469,0.9739,1.0126,0,0,0
P04,2026-06-04,0.9467,0.9883,1.0126,0,0,0
P04,2026-06-05,0.9475,1.028,1.0126,0,0,0
P04,2026-06-06,0.9508,1.1456,1.0126,0,0,0
P04,2026-06-07,0.9496,1.0945,1.0126,0,0,0
P04,2026-06-08,0.9512,0.9119,1.0126,0,0,0
P04,2026-06-09,0.952,0.9424,1.0126,0,0,0
P04,2026-06-10,0.9486,0.9739,1.0126,0,0,0
P04,2026-06-11,0.9463,0.9883,1.0126,0,0,0
P04,2026-06-12,0.948,1.028,1.0126,0,0,0
P04,2026-06-13,0.947,1.1456,1.0126,0,0,0
P04,2026-06-14,0.9495,1.0945,1.0126,0,0,0
P04,2026-06-15,0.9454,0.9119,1.0126,0,0,0
P04,2026-06-16,0.9442,0.9424,1.0126,0,0,0
P04,2026-06-17,0.9433,0.9739,1.0126,0,0,0
P04,2026-06-18,0.947,0.9883,1.0126,0,0,0
P04,2026-06-19,0.9512,1.028,1.0126,0,0,0
P04,2026-06-20,0.9537,1.1456,1.0126,0,0,0
P04,2026-06-21,0.9561,1.0945,1.0126,0,0,0
P04,2026-06-22,0.9545,0.9119,1.0126,0,0,0
P04,2026-06-23,0.9527,0.9424,1.0126,0,0,0
P04,2026-06-24,0.9496,0.9739,1.0126,0,0,0
P04,2026-06-25,0.95,0.9883,1.0126,0,0,0
P04,2026-06-26,0.9506,1.028,1.0126,0,0,0
P04,2026-06-27,0.9473,1.1456,1.0126,0,0,0
P04,2026-06-28,0.9482,1.0945,1.0126,0,0,0
P04,2026-06-29,0.9498,0.9119,1.0126,0,0,0
P04,2026-06-30,0.9468,0.9424,1.0126,0,0,0
P04,2026-07-01,0.9449,0.9739,1.0861,0,0,0
P04,2026-07-02,0.9392,0.9883,1.0861,0,0,0
P04,2026-07-03,0.9342,1.028,1.5103,0,0,0
P04,2026-07-04,0.9292,1.1456,1.5103,0,0,0
P04,2026-07-05,0.9273,1.0945,1.0861,0,0,0
P04,2026-07-06,0.9288,0.9119,1.0861,0,0,0
P04,2026-07-07,0.9288,0.9424,1.0861,0,0,0
P04,2026-07-08,0.9275,0.9739,1.0861,0,0,0
P04,2026-07-09,0.9264,0.9883,1.0861,0,0,0
P04,2026-07-10,0.9242,1.028,1.5103,0,0,0
P04,2026-07-11,0.9218,1.1456,1.5103,0,0,0
P04,2026-07-12,0.9208,1.0945,1.0861,0,0,0
P04,2026-07-13,0.9228,0.9119,1.0861,0,0,0
P04,2026-07-14,0.9199,0.9424,1.0861,0,0,0
P04,2026-07-15,0.9185,0.9739,1.0861,0,0,0
P04,2026-07-16,0.9204,0.9883,1.0861,0,0,0
P04,2026-07-17,0.9259,1.028,1.5103,0,0,0
P04,2026-07-18,0.9352,1.1456,1.5103,0,0,0
P04,2026-07-19,0.941,1.0945,1.0861,0,0,0
P04,2026-07-20,0.9444,0.9119,1.0861,0,0,0
P04,2026-07-21,0.9449,0.9424,1.0861,0,0,0
P04,2026-07-22,0.9462,0.9739,1.0861,0,0,0
P04,2026-07-23,0.9437,0.9883,1.0861,0,0,0
P04,2026-07-24,0.9439,1.028,1.5103,0,0,0
P04,2026-07-25,0.9467,1.1456,1.5103,0,0,0
P04,2026-07-26,0.9472,1.0945,1.0861,0,0,0
P04,2026-07-27,0.9445,0.9119,1.0861,0,0,0
P04,2026-07-28,0.9475,0.9424,1.0861,0,0,0
P04,2026-07-29,0.9443,0.9739,1.0861,0,0,0
P04,2026-07-30,0.9434,0.9883,1.0861,0,0,0
P04,2026-07-31,0.9443,1.028,1.5103,0,0,0
P04,2026-08-01,0.9449,1.1456,1.0861,0,0,0
P04,2026-08-02,0.9443,1.0945,1.0861,0,0,0
P04,2026-08-03,0.9427,0.9119,1.0861,0,0,0
P04,2026-08-04,0.9432,0.9424,1.0861,0,0,0
P04,2026-08-05,0.9446,0.9739,1.0861,0,0,0
P04,2026-08-06,0.9462,0.9883,1.0861,0,0,0
P04,2026-08-07,0.9467,1.028,1.0861,0,0,0
P04,2026-08-08,0.9436,1.1456,1.0861,0,0,0
P04,2026-08-09,0.9486,1.0945,1.0861,0,0,0
P04,2026-08-10,0.9499,0.9119,1.0861,0,0,0
P04,2026-08-11,0.9496,0.9424,1.0861,0,0,0
P04,2026-08-12,0.9487,0.9739,1.0861,0,0,0
P04,2026-08-13,0.9443,0.9883,1.0861,0,0,0
P04,2026-08-14,0.9394,1.028,1.0861,0,0,0
P04,2026-08-15,0.9391,1.1456,2.1094,0,0,0
P04,2026-08-16,0.9425,1.0945,2.1094,0,0,0
P04,2026-08-17,0.9443,0.9119,2.1094,0,0,0
P04,2026-08-18,0.9511,0.9424,1.0861,0,0,0
P04,2026-08-19,0.9541,0.9739,1.0861,0,0,0
P04,2026-08-20,0.9555,0.9883,1.0861,0,0,0
P04,2026-08-21,0.9561,1.028,1.0861,0,0,0
P04,2026-08-22,0.9601,1.1456,1.0861,0,0,0
P04,2026-08-23,0.9604,1.0945,1.0861,0,0,0
P04,2026-08-24,0.9604,0.9119,1.0861,0,0,0
P04,2026-08-25,0.9654,0.9424,1.0861,0,0,0
P04,2026-08-26,0.9665,0.9739,1.0861,0,0,0
P04,2026-08-27,0.9683,0.9883,1.0861,0,0,0
P04,2026-08-28,0.9694,1.028,1.0861,0,0,0
P04,2026-08-29,0.9698,1.1456,1.0861,0,0,0
P04,2026-08-30,0.9663,1.0945,1.0861,0,0,0
P04,2026-08-31,0.9686,0.9119,1.0861,0,0,0
P04,2026-09-01,0.9707,0.9424,1.0861,0,0,0
P04,2026-09-02,0.9705,0.9739,1.0861,0,0,0
P04,2026-09-03,0.9683,0.9883,1.0861,0,0,0
P04,2026-09-04,0.9658,1.028,1.0861,0,0,0
P04,2026-09-05,0.9688,1.1456,1.0861,0,0,0
P04,2026-09-06,0.9653,1.0945,1.0861,0,0,0
P04,2026-09-07,0.9596,0.9119,1.0861,0,0,0
P04,2026-09-08,0.9601,0.9424,1.0861,0,0,0
P04,2026-09-09,0.9593,0.9739,1.0861,0,0,0
P04,2026-09-10,0.9567,0.9883,1.0861,0,0,0
P04,2026-09-11,0.9547,1.028,1.0861,0,0,0
P04,2026-09-12,0.951,1.1456,1.0861,0,0,0
P04,2026-09-13,0.9518,1.0945,1.0861,0,0,0
P04,2026-09-14,0.9521,0.9119,1.0861,0,0,0
P04,2026-09-15,0.9547,0.9424,1.0861,0,0,0
P04,2026-09-16,0.9511,0.9739,1.0861,0,0,0
P04,2026-09-17,0.9518,0.9883,1.0861,0,0,0
P04,2026-09-18,0.9476,1.028,1.0861,0,0,0
P04,2026-09-19,0.9437,1.1456,1.0861,0,0,0
P04,2026-09-20,0.9416,1.0945,1.0861,0,0,0
P04,2026-09-21,0.9437,0.9119,1.0861,0,0,0
P04,2026-09-22,0.9453,0.9424,1.0861,0,0,0
P04,2026-09-23,0.949,0.9739,1.0861,0,0,0
P04,2026-09-24,0.949,0.9883,1.0861,0,0,0
P04,2026-09-25,0.9545,1.028,1.0861,0,0,0
P04,2026-09-26,0.9528,1.1456,1.0861,0,0,0
P04,2026-09-27,0.9558,1.0945,1.0861,0,0,0
P04,2026-09-28,0.9602,0.9119,1.0861,0,0,0
P04,2026-09-29,0.9599,0.9424,1.0861,0,0,0
P04,2026-09-30,0.9648,0.9739,1.0861,0,0,0
P04,2026-10-01,0.9704,0.9883,1.0,0,0,0
P04,2026-10-02,0.9772,1.028,1.3905,0,0,0
P04,2026-10-03,0.9795,1.1456,1.3905,0,0,0
P04,2026-10-04,0.978,1.0945,1.0,0,0,0
P04,2026-10-05,0.9766,0.9119,1.0,0,0,0
P04,2026-10-06,0.9778,0.9424,1.0,0,0,0
P04,2026-10-07,0.9791,0.9739,1.0,0,0,0
P04,2026-10-08,0.9856,0.9883,1.0,0,0,0
P04,2026-10-09,0.9875,1.028,1.3905,0,0,0
P04,2026-10-10,0.9901,1.1456,1.3905,0,0,0
P04,2026-10-11,0.9886,1.0945,1.0,0,0,0
P04,2026-10-12,0.9869,0.9119,1.0,0,0,0
P04,2026-10-13,0.9876,0.9424,1.0,0,0,0
P04,2026-10-14,0.9859,0.9739,1.0,0,0,0
P04,2026-10-15,0.9909,0.9883,1.0,0,0,0
P04,2026-10-16,0.9934,1.028,1.3905,0,0,0
P04,2026-10-17,0.9964,1.1456,1.3905,0,0,0
P04,2026-10-18,0.9949,1.0945,1.0,0,0,0
P04,2026-10-19,0.9997,0.9119,1.0,0,0,0
P04,2026-10-20,1.0021,0.9424,2.8736,0,0,0
P04,2026-10-21,1.0058,0.9739,2.8736,0,0,0
P04,2026-10-22,1.0056,0.9883,2.8736,0,0,0
P04,2026-10-23,1.0071,1.028,2.8736,0,0,0
P04,2026-10-24,1.0097,1.1456,2.8736,0,0,0
P04,2026-10-25,1.0116,1.0945,2.8736,0,0,0
P04,2026-10-26,1.0135,0.9119,1.0,0,0,0
P04,2026-10-27,1.0149,0.9424,1.0,0,0,0
P04,2026-10-28,1.0169,0.9739,1.0,0,0,0
P04,2026-10-29,1.0198,0.9883,1.0,0,0,0
P04,2026-10-30,1.0192,1.028,1.3905,0,0,0
P04,2026-10-31,1.0207,1.1456,1.3905,0,0,0
P04,2026-11-01,1.0244,1.0945,2.5804,0,0,0
P04,2026-11-02,1.0269,0.9119,2.5804,0,0,0
P04,2026-11-03,1.0265,0.9424,2.5804,0,0,0
P04,2026-11-04,1.0262,0.9739,0.9627,0,0,0
P04,2026-11-05,1.0277,0.9883,0.9627,0,0,0
P04,2026-11-06,1.0349,1.028,0.9627,0,0,0
P04,2026-11-07,1.0335,1.1456,0.9627,0,0,0
P04,2026-11-08,1.0351,1.0945,0.9627,0,0,0
P04,2026-11-09,1.0373,0.9119,0.9627,0,0,0
P04,2026-11-10,1.0413,0.9424,0.9627,0,0,0
P04,2026-11-11,1.0467,0.9739,0.9627,0,0,0
P04,2026-11-12,1.0507,0.9883,0.9627,0,0,0
P04,2026-11-13,1.0497,1.028,0.9627,0,0,0
P04,2026-11-14,1.0494,1.1456,0.9627,0,0,0
P04,2026-11-15,1.0499,1.0945,0.9627,0,0,0
P04,2026-11-16,1.0521,0.9119,0.9627,0,0,0
P04,2026-11-17,1.0522,0.9424,0.9627,0,0,0
P04,2026-11-18,1.0565,0.9739,0.9627,0,0,0
P04,2026-11-19,1.0552,0.9883,0.9627,0,0,0
P04,2026-11-20,1.0535,1.028,0.9627,0,0,0
P04,2026-11-21,1.0557,1.1456,0.9627,0,0,0
P04,2026-11-22,1.0581,1.0945,0.9627,0,0,0
P04,2026-11-23,1.0527,0.9119,0.9627,0,0,0
P04,2026-11-24,1.0502,0.9424,0.9627,0,0,0
P04,2026-11-25,1.0522,0.9739,0.9627,0,0,0
P04,2026-11-26,1.0533,0.9883,0.9627,0,0,0
P04,2026-11-27,1.0532,1.028,0.9627,0,0,0
P04,2026-11-28,1.0549,1.1456,0.9627,0,0,0
P04,2026-11-29,1.0582,1.0945,0.9627,0,0,0
P04,2026-11-30,1.0574,0.9119,0.9627,0,0,0
P04,2026-12-01,1.0585,0.9424,0.9627,0,0,0
P04,2026-12-02,1.0586,0.9739,0.9627,0,0,0
P04,2026-12-03,1.0579,0.9883,0.9627,0,0,0
P04,2026-12-04,1.0579,1.028,0.9627,0,0,0
P04,2026-12-05,1.0615,1.1456,0.9627,0,0,0
P04,2026-12-06,1.0642,1.0945,0.9627,0,0,0
P04,2026-12-07,1.0676,0.9119,0.9627,0,0,0
P04,2026-12-08,1.0713,0.9424,0.9627,0,0,0
P04,2026-12-09,1.0756,0.9739,0.9627,0,0,0
P04,2026-12-10,1.0781,0.9883,0.9627,0,0,0
P04,2026-12-11,1.0787,1.028,0.9627,0,0,0
P04,2026-12-12,1.076,1.1456,0.9627,0,0,0
P04,2026-12-13,1.0791,1.0945,0.9627,0,0,0
P04,2026-12-14,1.0789,0.9119,0.9627,0,0,0
P04,2026-12-15,1.0802,0.9424,0.9627,0,0,0
P04,2026-12-16,1.08,0.9739,0.9627,0,0,0
P04,2026-12-17,1.0826,0.9883,0.9627,0,0,0
P04,2026-12-18,1.086,1.028,0.9627,0,0,0
P04,2026-12-19,1.0919,1.1456,0.9627,0,0,0
P04,2026-12-20,1.0904,1.0945,0.9627,0,0,0
P04,2026-12-21,1.0922,0.9119,0.9627,0,0,0
P04,2026-12-22,1.0868,0.9424,0.9627,0,0,0
P04,2026-12-23,1.0858,0.9739,0.9627,0,0,0
P04,2026-12-24,1.0842,0.9883,0.9627,0,0,0
P04,2026-12-25,1.0862,1.028,0.9627,0,0,0
P04,2026-12-26,1.0871,1.1456,0.9627,0,0,0
P04,2026-12-27,1.0854,1.0945,0.9627,0,0,0
P04,2026-12-28,1.086,0.9119,0.9627,0,0,0
P04,2026-12-29,1.0867,0.9424,0.9627,0,0,0
P04,2026-12-30,1.0829,0.9739,0.9627,0,0,0
P04,2026-12-31,1.0827,0.9883,0.9627,0,0,0
P04,2027-01-01,1.0809,1.028,0.6779,0,0,0
P04,2027-01-02,1.0813,1.1456,0.9627,0,0,0
P04,2027-01-03,1.0802,1.0945,0.9627,0,0,0
P04,2027-01-04,1.0776,0.9119,0.9627,0,0,0
P04,2027-01-05,1.0744,0.9424,0.9627,0,0,0
P04,2027-01-06,1.0696,0.9739,0.9627,0,0,0
P04,2027-01-07,1.0699,0.9883,0.9627,0,0,0
P04,2027-01-08,1.0688,1.028,0.9627,0,0,0
P04,2027-01-09,1.0659,1.1456,0.9627,0,0,0
P04,2027-01-10,1.0652,1.0945,0.9627,0,0,0
P04,2027-01-11,1.0664,0.9119,0.9627,0,0,0
P04,2027-01-12,1.0695,0.9424,0.9627,0,0,0
P04,2027-01-13,1.0621,0.9739,1.5446,0,0,0
P04,2027-01-14,1.0583,0.9883,1.5446,0,0,0
P04,2027-01-15,1.0586,1.028,1.5446,0,0,0
P04,2027-01-16,1.0572,1.1456,1.5446,0,0,0
P04,2027-01-17,1.054,1.0945,0.9627,0,0,0
P04,2027-01-18,1.0493,0.9119,0.9627,0,0,0
P04,2027-01-19,1.0489,0.9424,0.9627,0,0,0
P04,2027-01-20,1.0456,0.9739,0.9627,0,0,0
P04,2027-01-21,1.0416,0.9883,0.9627,0,0,0
P04,2027-01-22,1.0406,1.028,0.9627,0,0,0
P04,2027-01-23,1.0375,1.1456,0.9627,0,0,0
P04,2027-01-24,1.0341,1.0945,0.9627,0,0,0
P04,2027-01-25,1.0337,0.9119,0.9627,0,0,0
P04,2027-01-26,1.0353,0.9424,0.6779,0,0,0
P04,2027-01-27,1.0304,0.9739,0.9627,0,0,0
P04,2027-01-28,1.0302,0.9883,0.9627,0,0,0
P04,2027-01-29,1.0285,1.028,0.9627,0,0,0
P04,2027-01-30,1.0266,1.1456,0.9627,0,0,0
P04,2027-01-31,1.0268,1.0945,0.9627,0,0,0
P04,2027-02-01,1.0271,0.9119,0.9627,0,0,0
P04,2027-02-02,1.027,0.9424,0.9627,0,0,0
P04,2027-02-03,1.0189,0.9739,0.9627,0,0,0
P04,2027-02-04,1.0133,0.9883,0.9627,0,0,0
P04,2027-02-05,1.0119,1.028,0.9627,0,0,0
P04,2027-02-06,1.0105,1.1456,0.9627,0,0,0
P04,2027-02-07,1.0084,1.0945,0.9627,0,0,0
P04,2027-02-08,1.0055,0.9119,0.9627,0,0,0
P04,2027-02-09,1.0019,0.9424,0.9627,0,0,0
P04,2027-02-10,0.9994,0.9739,0.9627,0,0,0
P04,2027-02-11,0.9974,0.9883,0.9627,0,0,0
P04,2027-02-12,0.9933,1.028,0.9627,0,0,0
P04,2027-02-13,0.9945,1.1456,0.9627,0,0,0
P04,2027-02-14,0.9881,1.0945,0.9627,0,0,0
P04,2027-02-15,0.9846,0.9119,0.9627,0,0,0
P04,2027-02-16,0.9805,0.9424,0.9627,0,0,0
P04,2027-02-17,0.9828,0.9739,0.9627,0,0,0
P04,2027-02-18,0.9809,0.9883,0.9627,0,0,0
P04,2027-02-19,0.9808,1.028,0.9627,0,0,0
P04,2027-02-20,0.9796,1.1456,0.9627,0,0,0
P04,2027-02-21,0.9831,1.0945,0.9627,0,0,0
P04,2027-02-22,0.9846,0.9119,0.9627,0,0,0
P04,2027-02-23,0.9838,0.9424,0.9627,0,0,0
P04,2027-02-24,0.9827,0.9739,0.9627,0,0,0
P04,2027-02-25,0.9802,0.9883,0.9627,0,0,0
P04,2027-02-26,0.9796,1.028,0.9627,0,0,0
P04,2027-02-27,0.9756,1.1456,0.9627,0,0,0
P04,2027-02-28,0.9772,1.0945,0.9627,0,0,0
P04,2027-03-01,0.9765,0.9119,1.0126,0,0,0
P04,2027-03-02,0.9787,0.9424,1.0126,0,0,0
P04,2027-03-03,0.9789,0.9739,1.0126,0,0,0
P04,2027-03-04,0.9759,0.9883,1.0126,0,0,0
P04,2027-03-05,0.9749,1.028,1.408,0,0,0
P04,2027-03-06,0.9752,1.1456,1.408,0,0,0
P04,2027-03-07,0.9741,1.0945,1.0126,0,0,0
P04,2027-03-08,0.9737,0.9119,1.0126,0,0,0
P04,2027-03-09,0.9727,0.9424,1.0126,0,0,0
P04,2027-03-10,0.9706,0.9739,1.0126,0,0,0
P04,2027-03-11,0.9699,0.9883,1.0126,0,0,0
P04,2027-03-12,0.9703,1.028,1.408,0,0,0
P04,2027-03-13,0.9662,1.1456,1.408,0,0,0
P04,2027-03-14,0.9639,1.0945,1.0126,0,0,0
P04,2027-03-15,0.964,0.9119,1.0126,0,0,0
P04,2027-03-16,0.963,0.9424,1.0126,0,0,0
P04,2027-03-17,0.9636,0.9739,1.0126,0,0,0
P04,2027-03-18,0.9639,0.9883,1.0126,0,0,0
P04,2027-03-19,0.9592,1.028,1.408,0,0,0
P04,2027-03-20,0.9604,1.1456,1.408,0,0,0
P04,2027-03-21,0.9602,1.0945,1.0126,0,0,0
P04,2027-03-22,0.9623,0.9119,1.0126,0,0,0
P04,2027-03-23,0.964,0.9424,1.0126,0,0,0
P04,2027-03-24,0.9632,0.9739,1.0126,0,0,0
P04,2027-03-25,0.964,0.9883,1.0126,0,0,0
P04,2027-03-26,0.9609,1.028,1.408,0,0,0
P04,2027-03-27,0.9621,1.1456,1.408,0,0,0
P04,2027-03-28,0.9628,1.0945,1.0126,0,0,0
P04,2027-03-29,0.9622,0.9119,1.0126,0,0,0
P04,2027-03-30,0.9649,0.9424,1.0126,0,0,0
P04,2027-03-31,0.964,0.9739,1.0126,0,0,0
P04,2027-04-01,0.964,0.9883,1.0126,0,0,0
P04,2027-04-02,0.9648,1.028,1.0126,0,0,0
P04,2027-04-03,0.9629,1.1456,1.1313,0,0,0
P04,2027-04-04,0.9614,1.0945,1.1313,0,0,0
P04,2027-04-05,0.9638,0.9119,1.0126,0,0,0
P04,2027-04-06,0.9647,0.9424,1.0126,0,0,0
P04,2027-04-07,0.965,0.9739,1.0126,0,0,0
P04,2027-04-08,0.9659,0.9883,1.0126,0,0,0
P04,2027-04-09,0.9661,1.028,1.0126,0,0,0
P04,2027-04-10,0.9692,1.1456,1.1313,0,0,0
P04,2027-04-11,0.9688,1.0945,1.1313,0,0,0
P04,2027-04-12,0.9687,0.9119,1.0126,0,0,0
P04,2027-04-13,0.9719,0.9424,1.0126,0,0,0
P04,2027-04-14,0.9701,0.9739,1.0126,0,0,0
P04,2027-04-15,0.9679,0.9883,1.0126,0,0,0
P04,2027-04-16,0.9715,1.028,1.0126,0,0,0
P04,2027-04-17,0.9747,1.1456,1.1313,0,0,0
P04,2027-04-18,0.9728,1.0945,1.1313,0,0,0
P04,2027-04-19,0.9701,0.9119,1.0126,0,0,0
P04,2027-04-20,0.9727,0.9424,1.0126,0,0,0
P04,2027-04-21,0.9756,0.9739,1.0126,0,0,0
P04,2027-04-22,0.9742,0.9883,1.0126,0,0,0
P04,2027-04-23,0.9782,1.028,1.0126,0,0,0
P04,2027-04-24,0.9788,1.1456,1.1313,0,0,0
P04,2027-04-25,0.9837,1.0945,1.1313,0,0,0
P04,2027-04-26,0.9866,0.9119,1.0126,0,0,0
P04,2027-04-27,0.9894,0.9424,1.0126,0,0,0
P04,2027-04-28,0.9908,0.9739,1.0126,0,0,0
P04,2027-04-29,0.9937,0.9883,1.0126,0,0,0
P04,2027-04-30,0.9927,1.028,1.0126,0,0,0
P04,2027-05-01,0.9923,1.1456,1.1313,0,0,0
P04,2027-05-02,0.9902,1.0945,1.1313,0,0,0
P04,2027-05-03,0.9882,0.9119,1.0126,0,0,0
P04,2027-05-04,0.9949,0.9424,1.0126,0,0,0
P04,2027-05-05,0.9973,0.9739,1.0126,0,0,0
P04,2027-05-06,0.997,0.9883,1.0126,0,0,0
P04,2027-05-07,0.9949,1.028,1.0126,0,0,0
P04,2027-05-08,0.9974,1.1456,1.1313,0,0,0
P04,2027-05-09,0.9984,1.0945,1.1313,0,0,0
P04,2027-05-10,0.9966,0.9119,1.0126,0,0,0
P04,2027-05-11,0.9948,0.9424,1.0126,0,0,0
P04,2027-05-12,0.9981,0.9739,1.0126,0,0,0
P04,2027-05-13,1.0008,0.9883,1.0126,0,0,0
P04,2027-05-14,0.9981,1.028,1.0126,0,0,0
P04,2027-05-15,1.0027,1.1456,1.1313,0,0,0
P04,2027-05-16,1.0071,1.0945,1.1313,0,0,0
P04,2027-05-17,1.0064,0.9119,1.0126,0,0,0
P04,2027-05-18,1.004,0.9424,1.0126,0,0,0
P04,2027-05-19,1.004,0.9739,1.0126,0,0,0
P04,2027-05-20,1.0014,0.9883,1.0126,0,0,0
P04,2027-05-21,1.0019,1.028,1.0126,0,0,0
P04,2027-05-22,1.0002,1.1456,1.1313,0,0,0
P04,2027-05-23,1.0024,1.0945,1.1313,0,0,0
P04,2027-05-24,1.0024,0.9119,1.0126,0,0,0
P04,2027-05-25,1.0018,0.9424,1.0126,0,0,0
P04,2027-05-26,1.0034,0.9739,1.0126,0,0,0
P04,2027-05-27,1.0021,0.9883,1.0126,0,0,0
P04,2027-05-28,1.0028,1.028,1.0126,0,0,0
P04,2027-05-29,1.0004,1.1456,1.1313,0,0,0
P04,2027-05-30,1.0021,1.0945,1.1313,0,0,0
P04,2027-05-31,1.0017,0.9119,1.0126,0,0,0
P04,2027-06-01,1.0014,0.9424,1.0126,0,0,0
P04,2027-06-02,1.001,0.9739,1.0126,0,0,0
P04,2027-06-03,1.0,0.9883,1.0126,0,0,0
P04,2027-06-04,0.9987,1.028,1.0126,0,0,0
P04,2027-06-05,1.0008,1.1456,1.0126,0,0,0
P04,2027-06-06,1.001,1.0945,1.0126,0,0,0
P04,2027-06-07,0.9994,0.9119,1.0126,0,0,0
P04,2027-06-08,1.002,0.9424,1.0126,0,0,0
P04,2027-06-09,0.999,0.9739,1.0126,0,0,0
P04,2027-06-10,0.9981,0.9883,1.0126,0,0,0
P04,2027-06-11,0.9963,1.028,1.0126,0,0,0
P04,2027-06-12,0.9994,1.1456,1.0126,0,0,0
P04,2027-06-13,1.0005,1.0945,1.0126,0,0,0
P04,2027-06-14,1.0003,0.9119,1.0126,0,0,0
P04,2027-06-15,0.9987,0.9424,1.0126,0,0,0
P04,2027-06-16,0.9959,0.9739,1.0126,0,0,0
P04,2027-06-17,0.9959,0.9883,1.0126,0,0,0
P04,2027-06-18,0.9952,1.028,1.0126,0,0,0
P04,2027-06-19,0.9921,1.1456,1.0126,0,0,0
P04,2027-06-20,0.9911,1.0945,1.0126,0,0,0
P04,2027-06-21,0.992,0.9119,1.0126,0,0,0
P04,2027-06-22,0.9918,0.9424,1.0126,0,0,0
P04,2027-06-23,0.9922,0.9739,1.0126,0,0,0
P04,2027-06-24,0.9911,0.9883,1.0126,0,0,0
P04,2027-06-25,0.9922,1.028,1.0126,0,0,0
P04,2027-06-26,0.9917,1.1456,1.0126,0,0,0
P04,2027-06-27,0.9904,1.0945,1.0126,0,0,0
P04,2027-06-28,0.9906,0.9119,1.0126,0,0,0
P04,2027-06-29,0.9864,0.9424,1.0126,0,0,0
P04,2027-06-30,0.9878,0.9739,1.0126,0,0,0
P04,2027-07-01,0.9839,0.9883,1.0861,0,0,0
P04,2027-07-02,0.9837,1.028,1.5103,0,0,0
P04,2027-07-03,0.9842,1.1456,1.5103,0,0,0
P04,2027-07-04,0.9802,1.0945,1.0861,0,0,0
P04,2027-07-05,0.978,0.9119,1.0861,0,0,0
P04,2027-07-06,0.9779,0.9424,1.0861,0,0,0
P04,2027-07-07,0.9764,0.9739,1.0861,0,0,0
P04,2027-07-08,0.9795,0.9883,1.0861,0,0,0
P04,2027-07-09,0.978,1.028,1.5103,0,0,0
P04,2027-07-10,0.9755,1.1456,1.5103,0,0,0
P04,2027-07-11,0.9714,1.0945,1.0861,0,0,0
P04,2027-07-12,0.9714,0.9119,1.0861,0,0,0
P04,2027-07-13,0.97,0.9424,1.0861,0,0,0
P04,2027-07-14,0.9683,0.9739,1.0861,0,0,0
P04,2027-07-15,0.9652,0.9883,1.0861,0,0,0
P04,2027-07-16,0.9626,1.028,1.5103,0,0,0
P04,2027-07-17,0.9656,1.1456,1.5103,0,0,0
P04,2027-07-18,0.9684,1.0945,1.0861,0,0,0
P04,2027-07-19,0.9684,0.9119,1.0861,0,0,0
P04,2027-07-20,0.9683,0.9424,1.0861,0,0,0
P04,2027-07-21,0.9691,0.9739,1.0861,0,0,0
P04,2027-07-22,0.9667,0.9883,1.0861,0,0,0
P04,2027-07-23,0.9677,1.028,1.5103,0,0,0
P04,2027-07-24,0.9628,1.1456,1.5103,0,0,0
P04,2027-07-25,0.9577,1.0945,1.0861,0,0,0
P04,2027-07-26,0.9575,0.9119,1.0861,0,0,0
P04,2027-07-27,0.9571,0.9424,1.0861,0,0,0
P04,2027-07-28,0.9526,0.9739,1.0861,0,0,0
P04,2027-07-29,0.9524,0.9883,1.0861,0,0,0
P04,2027-07-30,0.9537,1.028,1.5103,0,0,0
P04,2027-07-31,0.9546,1.1456,1.5103,0,0,0
P04,2027-08-01,0.9579,1.0945,1.0861,0,0,0
P04,2027-08-02,0.9587,0.9119,1.0861,0,0,0
P04,2027-08-03,0.9585,0.9424,1.0861,0,0,0
P04,2027-08-04,0.9562,0.9739,1.0861,0,0,0
P04,2027-08-05,0.9575,0.9883,1.0861,0,0,0
P04,2027-08-06,0.9543,1.028,1.0861,0,0,0
P04,2027-08-07,0.9517,1.1456,1.0861,0,0,0
P04,2027-08-08,0.9541,1.0945,1.0861,0,0,0
P04,2027-08-09,0.9582,0.9119,1.0861,0,0,0
P04,2027-08-10,0.9545,0.9424,1.0861,0,0,0
P04,2027-08-11,0.9496,0.9739,1.0861,0,0,0
P04,2027-08-12,0.9496,0.9883,1.0861,0,0,0
P04,2027-08-13,0.9473,1.028,1.0861,0,0,0
P04,2027-08-14,0.9446,1.1456,1.0861,0,0,0
P04,2027-08-15,0.9476,1.0945,2.1094,0,0,0
P04,2027-08-16,0.9488,0.9119,2.1094,0,0,0
P04,2027-08-17,0.9517,0.9424,2.1094,0,0,0
P04,2027-08-18,0.9525,0.9739,1.0861,0,0,0
P04,2027-08-19,0.9525,0.9883,1.0861,0,0,0
P04,2027-08-20,0.956,1.028,1.0861,0,0,0
P04,2027-08-21,0.9548,1.1456,1.0861,0,0,0
P04,2027-08-22,0.952,1.0945,1.0861,0,0,0
P04,2027-08-23,0.953,0.9119,1.0861,0,0,0
P04,2027-08-24,0.954,0.9424,1.0861,0,0,0
P04,2027-08-25,0.9554,0.9739,1.0861,0,0,0
P04,2027-08-26,0.9543,0.9883,1.0861,0,0,0
P04,2027-08-27,0.9558,1.028,1.0861,0,0,0
P04,2027-08-28,0.9563,1.1456,1.0861,0,0,0
P04,2027-08-29,0.957,1.0945,1.0861,0,0,0
P04,2027-08-30,0.9565,0.9119,1.0861,0,0,0
P04,2027-08-31,0.9635,0.9424,1.0861,0,0,0
P04,2027-09-01,0.9651,0.9739,1.0861,0,0,0
P04,2027-09-02,0.9658,0.9883,1.0861,0,0,0
P04,2027-09-03,0.9645,1.028,1.0861,0,0,0
P04,2027-09-04,0.9645,1.1456,1.0861,0,0,0
P04,2027-09-05,0.9681,1.0945,1.0861,0,0,0
P04,2027-09-06,0.9642,0.9119,1.0861,0,0,0
P04,2027-09-07,0.9642,0.9424,1.0861,0,0,0
P04,2027-09-08,0.9651,0.9739,1.0861,0,0,0
P04,2027-09-09,0.9638,0.9883,1.0861,0,0,0
P04,2027-09-10,0.9597,1.028,1.0861,0,0,0
P04,2027-09-11,0.9574,1.1456,1.0861,0,0,0
P04,2027-09-12,0.9593,1.0945,1.0861,0,0,0
P04,2027-09-13,0.9601,0.9119,1.0861,0,0,0
P04,2027-09-14,0.9669,0.9424,1.0861,0,0,0
P04,2027-09-15,0.9681,0.9739,1.0861,0,0,0
P04,2027-09-16,0.9662,0.9883,1.0861,0,0,0
P04,2027-09-17,0.9691,1.028,1.0861,0,0,0
P04,2027-09-18,0.9683,1.1456,1.0861,0,0,0
P04,2027-09-19,0.9649,1.0945,1.0861,0,0,0
P04,2027-09-20,0.9617,0.9119,1.0861,0,0,0
P04,2027-09-21,0.9597,0.9424,1.0861,0,0,0
P04,2027-09-22,0.9602,0.9739,1.0861,0,0,0
P04,2027-09-23,0.959,0.9883,1.0861,0,0,0
P04,2027-09-24,0.9561,1.028,1.0861,0,0,0
P04,2027-09-25,0.9545,1.1456,1.0861,0,0,0
P04,2027-09-26,0.9559,1.0945,1.0861,0,0,0
P04,2027-09-27,0.9603,0.9119,1.0861,0,0,0
P04,2027-09-28,0.9591,0.9424,1.0861,0,0,0
P04,2027-09-29,0.9646,0.9739,1.0861,0,0,0
P04,2027-09-30,0.9731,0.9883,1.0861,0,0,0
P04,2027-10-01,0.9765,1.028,1.3905,0,0,0
P04,2027-10-02,0.9815,1.1456,1.3905,0,0,0
P04,2027-10-03,0.9848,1.0945,1.0,0,0,0
P04,2027-10-04,0.9837,0.9119,1.0,0,0,0
P04,2027-10-05,0.9871,0.9424,1.0,0,0,0
P04,2027-10-06,0.9889,0.9739,1.0,0,0,0
P04,2027-10-07,0.9907,0.9883,1.0,0,0,0
P04,2027-10-08,0.9911,1.028,1.3905,0,0,0
P04,2027-10-09,0.9966,1.1456,1.3905,0,0,0
P04,2027-10-10,0.9974,1.0945,1.0,0,0,0
P04,2027-10-11,1.001,0.9119,1.0,0,0,0
P04,2027-10-12,1.0037,0.9424,1.0,0,0,0
P04,2027-10-13,1.0035,0.9739,1.0,0,0,0
P04,2027-10-14,1.0018,0.9883,1.0,0,0,0
P04,2027-10-15,1.0044,1.028,1.3905,0,0,0
P04,2027-10-16,1.0063,1.1456,1.3905,0,0,0
P04,2027-10-17,1.0093,1.0945,1.0,0,0,0
P04,2027-10-18,1.0145,0.9119,1.0,0,0,0
P04,2027-10-19,1.0148,0.9424,1.0,0,0,0
P04,2027-10-20,1.0185,0.9739,2.8736,0,0,0
P04,2027-10-21,1.0196,0.9883,2.8736,0,0,0
P04,2027-10-22,1.0192,1.028,2.8736,0,0,0
P04,2027-10-23,1.0182,1.1456,2.8736,0,0,0
P04,2027-10-24,1.017,1.0945,2.8736,0,0,0
P04,2027-10-25,1.0167,0.9119,2.8736,0,0,0
P04,2027-10-26,1.0212,0.9424,1.0,0,0,0
P04,2027-10-27,1.0239,0.9739,1.0,0,0,0
P04,2027-10-28,1.0223,0.9883,1.0,0,0,0
P04,2027-10-29,1.0265,1.028,1.3905,0,0,0
P04,2027-10-30,1.027,1.1456,1.3905,0,0,0
P04,2027-10-31,1.0234,1.0945,1.0,0,0,0
P04,2027-11-01,1.0256,0.9119,2.5804,0,0,0
P04,2027-11-02,1.0282,0.9424,2.5804,0,0,0
P04,2027-11-03,1.0313,0.9739,2.5804,0,0,0
P04,2027-11-04,1.0309,0.9883,0.9627,0,0,0
P04,2027-11-05,1.035,1.028,0.9627,0,0,0
P04,2027-11-06,1.0362,1.1456,0.9627,0,0,0
P04,2027-11-07,1.0357,1.0945,0.9627,0,0,0
P04,2027-11-08,1.0383,0.9119,0.9627,0,0,0
P04,2027-11-09,1.0411,0.9424,0.9627,0,0,0
P04,2027-11-10,1.0437,0.9739,0.9627,0,0,0
P04,2027-11-11,1.0458,0.9883,0.9627,0,0,0
P04,2027-11-12,1.0485,1.028,0.9627,0,0,0
P04,2027-11-13,1.0432,1.1456,0.9627,0,0,0
P04,2027-11-14,1.0462,1.0945,0.9627,0,0,0
P04,2027-11-15,1.0433,0.9119,0.9627,0,0,0
P04,2027-11-16,1.0461,0.9424,0.9627,0,0,0
P04,2027-11-17,1.0473,0.9739,0.9627,0,0,0
P04,2027-11-18,1.046,0.9883,0.9627,0,0,0
P04,2027-11-19,1.0474,1.028,0.9627,0,0,0
P04,2027-11-20,1.0503,1.1456,0.9627,0,0,0
P04,2027-11-21,1.0511,1.0945,0.9627,0,0,0
P04,2027-11-22,1.0511,0.9119,0.9627,0,0,0
P04,2027-11-23,1.053,0.9424,0.9627,0,0,0
P04,2027-11-24,1.0559,0.9739,0.9627,0,0,0
P04,2027-11-25,1.0565,0.9883,0.9627,0,0,0
P04,2027-11-26,1.056,1.028,0.9627,0,0,0
P04,2027-11-27,1.0554,1.1456,0.9627,0,0,0
P04,2027-11-28,1.0573,1.0945,0.9627,0,0,0
P04,2027-11-29,1.0525,0.9119,0.9627,0,0,0
P04,2027-11-30,1.0543,0.9424,0.9627,0,0,0
P04,2027-12-01,1.0562,0.9739,0.9627,0,0,0
P04,2027-12-02,1.0576,0.9883,0.9627,0,0,0
P04,2027-12-03,1.0582,1.028,0.9627,0,0,0
P04,2027-12-04,1.0568,1.1456,0.9627,0,0,0
P04,2027-12-05,1.0622,1.0945,0.9627,0,0,0
P04,2027-12-06,1.0669,0.9119,0.9627,0,0,0
P04,2027-12-07,1.0707,0.9424,0.9627,0,0,0
P04,2027-12-08,1.0761,0.9739,0.9627,0,0,0
P04,2027-12-09,1.0805,0.9883,0.9627,0,0,0
P04,2027-12-10,1.0843,1.028,0.9627,0,0,0
P04,2027-12-11,1.0825,1.1456,0.9627,0,0,0
P04,2027-12-12,1.0833,1.0945,0.9627,0,0,0
P04,2027-12-13,1.0789,0.9119,0.9627,0,0,0
P04,2027-12-14,1.0812,0.9424,0.9627,0,0,0
P04,2027-12-15,1.0835,0.9739,0.9627,0,0,0
P04,2027-12-16,1.0834,0.9883,0.9627,0,0,0
P04,2027-12-17,1.0885,1.028,0.9627,0,0,0
P04,2027-12-18,1.094,1.1456,0.9627,0,0,0
P04,2027-12-19,1.1,1.0945,0.9627,0,0,0
P04,2027-12-20,1.103,0.9119,0.9627,0,0,0
P04,2027-12-21,1.1046,0.9424,0.9627,0,0,0
P04,2027-12-22,1.106,0.9739,0.9627,0,0,0
P04,2027-12-23,1.1127,0.9883,0.9627,0,0,0
P04,2027-12-24,1.1176,1.028,0.9627,0,0,0
P04,2027-12-25,1.1167,1.1456,0.9627,0,0,0
P04,2027-12-26,1.1164,1.0945,0.9627,0,0,0
P04,2027-12-27,1.1206,0.9119,0.9627,0,0,0
P04,2027-12-28,1.1172,0.9424,0.9627,0,0,0
P04,2027-12-29,1.1105,0.9739,0.9627,0,0,0
P04,2027-12-30,1.1104,0.9883,0.9627,0,0,0
P04,2027-12-31,1.1117,1.028,0.9627,0,0,0
P05,2026-01-01,0.5866,0.9838,0.8149,0,0,0
P05,2026-01-02,0.5879,1.0549,0.9827,0,0,0
P05,2026-01-03,0.586,1.1217,0.9827,0,0,0
P05,2026-01-04,0.5867,1.1028,0.9827,0,0,0
P05,2026-01-05,0.589,0.9115,0.9827,0,0,0
P05,2026-01-06,0.5914,0.9407,0.9827,0,0,0
P05,2026-01-07,0.5911,0.9675,0.9827,0,0,0
P05,2026-01-08,0.5946,0.9838,0.9827,0,0,0
P05,2026-01-09,0.5978,1.0549,0.9827,0,0,0
P05,2026-01-10,0.5994,1.1217,0.9827,0,0,0
P05,2026-01-11,0.6002,1.1028,0.9827,0,0,0
P05,2026-01-12,0.6023,0.9115,0.9827,0,0,0
P05,2026-01-13,0.6049,0.9407,1.6774,0,0,0
P05,2026-01-14,0.608,0.9675,1.6774,0,0,0
P05,2026-01-15,0.6076,0.9838,1.6774,0,0,0
P05,2026-01-16,0.6095,1.0549,1.6774,0,0,0
P05,2026-01-17,0.6124,1.1217,0.9827,0,0,0
P05,2026-01-18,0.6171,1.1028,0.9827,0,0,0
P05,2026-01-19,0.6182,0.9115,0.9827,0,0,0
P05,2026-01-20,0.6228,0.9407,0.9827,0,0,0
P05,2026-01-21,0.6226,0.9675,0.9827,0,0,0
P05,2026-01-22,0.6228,0.9838,0.9827,0,0,0
P05,2026-01-23,0.6271,1.0549,0.9827,0,0,0
P05,2026-01-24,0.6286,1.1217,0.9827,0,0,0
P05,2026-01-25,0.6348,1.1028,0.9827,0,0,0
P05,2026-01-26,0.6363,0.9115,0.8149,0,0,0
P05,2026-01-27,0.639,0.9407,0.9827,0,0,0
P05,2026-01-28,0.6387,0.9675,0.9827,0,0,0
P05,2026-01-29,0.6402,0.9838,0.9827,0,0,0
P05,2026-01-30,0.6417,1.0549,0.9827,0,0,0
P05,2026-01-31,0.6484,1.1217,0.9827,0,0,0
P05,2026-02-01,0.6517,1.1028,0.9827,0,0,0
P05,2026-02-02,0.6568,0.9115,0.9827,0,0,0
P05,2026-02-03,0.6584,0.9407,0.9827,0,0,0
P05,2026-02-04,0.6582,0.9675,0.9827,0,0,0
P05,2026-02-05,0.6571,0.9838,0.9827,0,0,0
P05,2026-02-06,0.6597,1.0549,0.9827,0,0,0
P05,2026-02-07,0.6601,1.1217,0.9827,0,0,0
P05,2026-02-08,0.6645,1.1028,0.9827,0,0,0
P05,2026-02-09,0.6679,0.9115,0.9827,0,0,0
P05,2026-02-10,0.6713,0.9407,0.9827,0,0,0
P05,2026-02-11,0.672,0.9675,0.9827,0,0,0
P05,2026-02-12,0.6739,0.9838,0.9827,0,0,0
P05,2026-02-13,0.6783,1.0549,0.9827,0,0,0
P05,2026-02-14,0.6842,1.1217,0.9827,0,0,0
P05,2026-02-15,0.6843,1.1028,0.9827,0,0,0
P05,2026-02-16,0.6871,0.9115,0.9827,0,0,0
P05,2026-02-17,0.6915,0.9407,0.9827,0,0,0
P05,2026-02-18,0.6939,0.9675,0.9827,0,0,0
P05,2026-02-19,0.6976,0.9838,0.9827,0,0,0
P05,2026-02-20,0.7018,1.0549,0.9827,0,0,0
P05,2026-02-21,0.7076,1.1217,0.9827,0,0,0
P05,2026-02-22,0.7095,1.1028,0.9827,0,0,0
P05,2026-02-23,0.7109,0.9115,0.9827,0,0,0
P05,2026-02-24,0.7141,0.9407,0.9827,0,0,0
P05,2026-02-25,0.7195,0.9675,0.9827,0,0,0
P05,2026-02-26,0.7265,0.9838,0.9827,0,0,0
P05,2026-02-27,0.7297,1.0549,0.9827,0,0,0
P05,2026-02-28,0.7385,1.1217,0.9827,0,0,0
P05,2026-03-01,0.7437,1.1028,1.0292,0,0,0
P05,2026-03-02,0.749,0.9115,1.0292,0,0,0
P05,2026-03-03,0.7519,0.9407,1.0292,0,0,0
P05,2026-03-04,0.7532,0.9675,1.0292,0,0,0
P05,2026-03-05,0.7583,0.9838,1.0292,0,0,0
P05,2026-03-06,0.7627,1.0549,1.4763,0,0,0
P05,2026-03-07,0.7661,1.1217,1.4763,0,0,0
P05,2026-03-08,0.7711,1.1028,1.0292,0,0,0
P05,2026-03-09,0.7786,0.9115,1.0292,0,0,0
P05,2026-03-10,0.7848,0.9407,1.0292,0,0,0
P05,2026-03-11,0.7859,0.9675,1.0292,0,0,0
P05,2026-03-12,0.7903,0.9838,1.0292,0,0,0
P05,2026-03-13,0.7948,1.0549,1.4763,0,0,0
P05,2026-03-14,0.7997,1.1217,1.4763,0,0,0
P05,2026-03-15,0.804,1.1028,1.0292,0,0,0
P05,2026-03-16,0.8096,0.9115,1.0292,0,0,0
P05,2026-03-17,0.8102,0.9407,1.0292,0,0,0
P05,2026-03-18,0.8156,0.9675,1.0292,0,0,0
P05,2026-03-19,0.8209,0.9838,1.0292,0,0,0
P05,2026-03-20,0.8211,1.0549,1.4763,0,0,0
P05,2026-03-21,0.8241,1.1217,1.4763,0,0,0
P05,2026-03-22,0.828,1.1028,1.0292,0,0,0
P05,2026-03-23,0.833,0.9115,1.0292,0,0,0
P05,2026-03-24,0.8382,0.9407,1.0292,0,0,0
P05,2026-03-25,0.8421,0.9675,1.0292,0,0,0
P05,2026-03-26,0.846,0.9838,1.0292,0,0,0
P05,2026-03-27,0.8481,1.0549,1.4763,0,0,0
P05,2026-03-28,0.8533,1.1217,1.4763,0,0,0
P05,2026-03-29,0.8531,1.1028,1.0292,0,0,0
P05,2026-03-30,0.8548,0.9115,1.0292,0,0,0
P05,2026-03-31,0.856,0.9407,1.0292,0,0,0
P05,2026-04-01,0.8601,0.9675,1.0292,0,0,0
P05,2026-04-02,0.8638,0.9838,1.0292,0,0,0
P05,2026-04-03,0.87,1.0549,1.0292,0,0,0
P05,2026-04-04,0.8758,1.1217,1.1801,0,0,0
P05,2026-04-05,0.8786,1.1028,1.1801,0,0,0
P05,2026-04-06,0.8827,0.9115,1.0292,0,0,0
P05,2026-04-07,0.8884,0.9407,1.0292,0,0,0
P05,2026-04-08,0.8885,0.9675,1.0292,0,0,0
P05,2026-04-09,0.891,0.9838,1.0292,0,0,0
P05,2026-04-10,0.8946,1.0549,1.0292,0,0,0
P05,2026-04-11,0.9,1.1217,1.1801,0,0,0
P05,2026-04-12,0.9043,1.1028,1.1801,0,0,0
P05,2026-04-13,0.9062,0.9115,1.0292,0,0,0
P05,2026-04-14,0.9074,0.9407,1.0292,0,0,0
P05,2026-04-15,0.9118,0.9675,1.0292,0,0,0
P05,2026-04-16,0.9126,0.9838,1.0292,0,0,0
P05,2026-04-17,0.9142,1.0549,1.0292,0,0,0
P05,2026-04-18,0.9145,1.1217,1.1801,0,0,0
P05,2026-04-19,0.9158,1.1028,1.1801,0,0,0
P05,2026-04-20,0.9174,0.9115,1.0292,0,0,0
P05,2026-04-21,0.9231,0.9407,1.0292,0,0,0
P05,2026-04-22,0.9257,0.9675,1.0292,0,0,0
P05,2026-04-23,0.9246,0.9838,1.0292,0,0,0
P05,2026-04-24,0.927,1.0549,1.0292,0,0,0
P05,2026-04-25,0.925,1.1217,1.1801,0,0,0
P05,2026-04-26,0.9259,1.1028,1.1801,0,0,0
P05,2026-04-27,0.9289,0.9115,1.0292,0,0,0
P05,2026-04-28,0.9346,0.9407,1.0292,0,0,0
P05,2026-04-29,0.9373,0.9675,1.0292,0,0,0
P05,2026-04-30,0.9402,0.9838,1.0292,0,0,0
P05,2026-05-01,0.9373,1.0549,1.0292,0,0,0
P05,2026-05-02,0.9387,1.1217,1.1801,0,0,0
P05,2026-05-03,0.9401,1.1028,1.1801,0,0,0
P05,2026-05-04,0.9437,0.9115,1.0292,0,0,0
P05,2026-05-05,0.9461,0.9407,1.0292,0,0,0
P05,2026-05-06,0.9489,0.9675,1.0292,0,0,0
P05,2026-05-07,0.9495,0.9838,1.0292,0,0,0
P05,2026-05-08,0.9523,1.0549,1.0292,0,0,0
P05,2026-05-09,0.9531,1.1217,1.1801,0,0,0
P05,2026-05-10,0.9523,1.1028,1.1801,0,0,0
P05,2026-05-11,0.9523,0.9115,1.0292,0,0,0
P05,2026-05-12,0.9529,0.9407,1.0292,0,0,0
P05,2026-05-13,0.9562,0.9675,1.0292,0,0,0
P05,2026-05-14,0.9548,0.9838,1.0292,0,0,0
P05,2026-05-15,0.955,1.0549,1.0292,0,0,0
P05,2026-05-16,0.9574,1.1217,1.1801,0,0,0
P05,2026-05-17,0.9632,1.1028,1.1801,0,0,0
P05,2026-05-18,0.9659,0.9115,1.0292,0,0,0
P05,2026-05-19,0.9674,0.9407,1.0292,0,0,0
P05,2026-05-20,0.9673,0.9675,1.0292,0,0,0
P05,2026-05-21,0.9661,0.9838,1.0292,0,0,0
P05,2026-05-22,0.9669,1.0549,1.0292,0,0,0
P05,2026-05-23,0.9725,1.1217,1.1801,0,0,0
P05,2026-05-24,0.9754,1.1028,1.1801,0,0,0
P05,2026-05-25,0.976,0.9115,1.0292,0,0,0
P05,2026-05-26,0.9736,0.9407,1.0292,0,0,0
P05,2026-05-27,0.9711,0.9675,1.0292,0,0,0
P05,2026-05-28,0.9715,0.9838,1.0292,0,0,0
P05,2026-05-29,0.9707,1.0549,1.0292,0,0,0
P05,2026-05-30,0.9704,1.1217,1.1801,0,0,0
P05,2026-05-31,0.969,1.1028,1.1801,0,0,0
P05,2026-06-01,0.971,0.9115,1.0292,0,0,0
P05,2026-06-02,0.9697,0.9407,1.0292,0,0,0
P05,2026-06-03,0.9681,0.9675,1.0292,0,0,0
P05,2026-06-04,0.966,0.9838,1.0292,0,0,0
P05,2026-06-05,0.9658,1.0549,1.0292,0,0,0
P05,2026-06-06,0.9657,1.1217,1.0292,0,0,0
P05,2026-06-07,0.9638,1.1028,1.0292,0,0,0
P05,2026-06-08,0.9642,0.9115,1.0292,0,0,0
P05,2026-06-09,0.9658,0.9407,1.0292,0,0,0
P05,2026-06-10,0.965,0.9675,1.0292,0,0,0
P05,2026-06-11,0.9629,0.9838,1.0292,0,0,0
P05,2026-06-12,0.9628,1.0549,1.0292,0,0,0
P05,2026-06-13,0.9599,1.1217,1.0292,0,0,0
P05,2026-06-14,0.9616,1.1028,1.0292,0,0,0
P05,2026-06-15,0.9634,0.9115,1.0292,0,0,0
P05,2026-06-16,0.9649,0.9407,1.0292,0,0,0
P05,2026-06-17,0.9624,0.9675,1.0292,0,0,0
P05,2026-06-18,0.9649,0.9838,1.0292,0,0,0
P05,2026-06-19,0.9709,1.0549,1.0292,0,0,0
P05,2026-06-20,0.9727,1.1217,1.0292,0,0,0
P05,2026-06-21,0.9727,1.1028,1.0292,0,0,0
P05,2026-06-22,0.9708,0.9115,1.0292,0,0,0
P05,2026-06-23,0.9733,0.9407,1.0292,0,0,0
P05,2026-06-24,0.9727,0.9675,1.0292,0,0,0
P05,2026-06-25,0.9751,0.9838,1.0292,0,0,0
P05,2026-06-26,0.9739,1.0549,1.0292,0,0,0
P05,2026-06-27,0.9736,1.1217,1.0292,0,0,0
P05,2026-06-28,0.9755,1.1028,1.0292,0,0,0
P05,2026-06-29,0.9745,0.9115,1.0292,0,0,0
P05,2026-06-30,0.9733,0.9407,1.0292,0,0,0
P05,2026-07-01,0.9729,0.9675,1.074,0,0,0
P05,2026-07-02,0.9696,0.9838,1.074,0,0,0
P05,2026-07-03,0.9635,1.0549,1.5404,0,0,0
P05,2026-07-04,0.9611,1.1217,1.5404,0,0,0
P05,2026-07-05,0.9607,1.1028,1.074,0,0,0
P05,2026-07-06,0.963,0.9115,1.074,0,0,0
P05,2026-07-07,0.9619,0.9407,1.074,0,0,0
P05,2026-07-08,0.9581,0.9675,1.074,0,0,0
P05,2026-07-09,0.9585,0.9838,1.074,0,0,0
P05,2026-07-10,0.9563,1.0549,1.5404,0,0,0
P05,2026-07-11,0.9553,1.1217,1.5404,0,0,0
P05,2026-07-12,0.9547,1.1028,1.074,0,0,0
P05,2026-07-13,0.9527,0.9115,1.074,0,0,0
P05,2026-07-14,0.9536,0.9407,1.074,0,0,0
P05,2026-07-15,0.9569,0.9675,1.074,0,0,0
P05,2026-07-16,0.9599,0.9838,1.074,0,0,0
P05,2026-07-17,0.9592,1.0549,1.5404,0,0,0
P05,2026-07-18,0.9612,1.1217,1.5404,0,0,0
P05,2026-07-19,0.9612,1.1028,1.074,0,0,0
P05,2026-07-20,0.9597,0.9115,1.074,0,0,0
P05,2026-07-21,0.9621,0.9407,1.074,0,0,0
P05,2026-07-22,0.9634,0.9675,1.074,0,0,0
P05,2026-07-23,0.9636,0.9838,1.074,0,0,0
P05,2026-07-24,0.9618,1.0549,1.5404,0,0,0
P05,2026-07-25,0.9617,1.1217,1.5404,0,0,0
P05,2026-07-26,0.9591,1.1028,1.074,0,0,0
P05,2026-07-27,0.9584,0.9115,1.074,0,0,0
P05,2026-07-28,0.9587,0.9407,1.074,0,0,0
P05,2026-07-29,0.9569,0.9675,1.074,0,0,0
P05,2026-07-30,0.9601,0.9838,1.074,0,0,0
P05,2026-07-31,0.961,1.0549,1.5404,0,0,0
P05,2026-08-01,0.9577,1.1217,1.074,0,0,0
P05,2026-08-02,0.9581,1.1028,1.074,0,0,0
P05,2026-08-03,0.9581,0.9115,1.074,0,0,0
P05,2026-08-04,0.9628,0.9407,1.074,0,0,0
P05,2026-08-05,0.9625,0.9675,1.074,0,0,0
P05,2026-08-06,0.9631,0.9838,1.074,0,0,0
P05,2026-08-07,0.9629,1.0549,1.074,0,0,0
P05,2026-08-08,0.962,1.1217,1.074,0,0,0
P05,2026-08-09,0.9624,1.1028,1.074,0,0,0
P05,2026-08-10,0.9656,0.9115,1.074,0,0,0
P05,2026-08-11,0.9628,0.9407,1.074,0,0,0
P05,2026-08-12,0.9641,0.9675,1.074,0,0,0
P05,2026-08-13,0.9594,0.9838,1.074,0,0,0
P05,2026-08-14,0.9611,1.0549,1.074,0,0,0
P05,2026-08-15,0.9553,1.1217,2.4635,0,0,0
P05,2026-08-16,0.9546,1.1028,2.4635,0,0,0
P05,2026-08-17,0.9534,0.9115,2.4635,0,0,0
P05,2026-08-18,0.9562,0.9407,1.074,0,0,0
P05,2026-08-19,0.9591,0.9675,1.074,0,0,0
P05,2026-08-20,0.9578,0.9838,1.074,0,0,0
P05,2026-08-21,0.9547,1.0549,1.074,0,0,0
P05,2026-08-22,0.9575,1.1217,1.074,0,0,0
P05,2026-08-23,0.9602,1.1028,1.074,0,0,0
P05,2026-08-24,0.9657,0.9115,1.074,0,0,0
P05,2026-08-25,0.9693,0.9407,1.074,0,0,0
P05,2026-08-26,0.9689,0.9675,1.074,0,0,0
P05,2026-08-27,0.9667,0.9838,1.074,0,0,0
P05,2026-08-28,0.9672,1.0549,1.074,0,0,0
P05,2026-08-29,0.9687,1.1217,1.074,0,0,0
P05,2026-08-30,0.9698,1.1028,1.074,0,0,0
P05,2026-08-31,0.9734,0.9115,1.074,0,0,0
P05,2026-09-01,0.9755,0.9407,1.074,0,0,0
P05,2026-09-02,0.9762,0.9675,1.074,0,0,0
P05,2026-09-03,0.9761,0.9838,1.074,0,0,0
P05,2026-09-04,0.9786,1.0549,1.074,0,0,0
P05,2026-09-05,0.9792,1.1217,1.074,0,0,0
P05,2026-09-06,0.9759,1.1028,1.074,0,0,0
P05,2026-09-07,0.9714,0.9115,1.074,0,0,0
P05,2026-09-08,0.9703,0.9407,1.074,0,0,0
P05,2026-09-09,0.9688,0.9675,1.074,0,0,0
P05,2026-09-10,0.9653,0.9838,1.074,0,0,0
P05,2026-09-11,0.9639,1.0549,1.074,0,0,0
P05,2026-09-12,0.9607,1.1217,1.074,0,0,0
P05,2026-09-13,0.9645,1.1028,1.074,0,0,0
P05,2026-09-14,0.9626,0.9115,1.074,0,0,0
P05,2026-09-15,0.9641,0.9407,1.074,0,0,0
P05,2026-09-16,0.9598,0.9675,1.074,0,0,0
P05,2026-09-17,0.953,0.9838,1.074,0,0,0
P05,2026-09-18,0.9499,1.0549,1.074,0,0,0
P05,2026-09-19,0.9454,1.1217,1.074,0,0,0
P05,2026-09-20,0.9441,1.1028,1.074,0,0,0
P05,2026-09-21,0.9444,0.9115,1.074,0,0,0
P05,2026-09-22,0.9444,0.9407,1.074,0,0,0
P05,2026-09-23,0.9459,0.9675,1.074,0,0,0
P05,2026-09-24,0.9486,0.9838,1.074,0,0,0
P05,2026-09-25,0.9517,1.0549,1.074,0,0,0
P05,2026-09-26,0.9581,1.1217,1.074,0,0,0
P05,2026-09-27,0.9618,1.1028,1.074,0,0,0
P05,2026-09-28,0.9609,0.9115,1.074,0,0,0
P05,2026-09-29,0.9645,0.9407,1.074,0,0,0
P05,2026-09-30,0.9658,0.9675,1.074,0,0,0
P05,2026-10-01,0.9726,0.9838,1.0,0,0,0
P05,2026-10-02,0.975,1.0549,1.4343,0,0,0
P05,2026-10-03,0.976,1.1217,1.4343,0,0,0
P05,2026-10-04,0.976,1.1028,1.0,0,0,0
P05,2026-10-05,0.9823,0.9115,1.0,0,0,0
P05,2026-10-06,0.9854,0.9407,1.0,0,0,0
P05,2026-10-07,0.9855,0.9675,1.0,0,0,0
P05,2026-10-08,0.9882,0.9838,1.0,0,0,0
P05,2026-10-09,0.9905,1.0549,1.4343,0,0,0
P05,2026-10-10,0.9931,1.1217,1.4343,0,0,0
P05,2026-10-11,0.9976,1.1028,1.0,0,0,0
P05,2026-10-12,0.9968,0.9115,1.0,0,0,0
P05,2026-10-13,0.9959,0.9407,1.0,0,0,0
P05,2026-10-14,0.9927,0.9675,1.0,0,0,0
P05,2026-10-15,0.9927,0.9838,1.0,0,0,0
P05,2026-10-16,0.9939,1.0549,1.4343,0,0,0
P05,2026-10-17,0.9961,1.1217,1.4343,0,0,0
P05,2026-10-18,0.9974,1.1028,1.0,0,0,0
P05,2026-10-19,0.9955,0.9115,1.0,0,0,0
P05,2026-10-20,0.999,0.9407,3.1921,0,0,0
P05,2026-10-21,0.9994,0.9675,3.1921,0,0,0
P05,2026-10-22,1.0052,0.9838,3.1921,0,0,0
P05,2026-10-23,1.0077,1.0549,3.1921,0,0,0
P05,2026-10-24,1.0099,1.1217,3.1921,0,0,0
P05,2026-10-25,1.01,1.1028,3.1921,0,0,0
P05,2026-10-26,1.0104,0.9115,1.0,0,0,0
P05,2026-10-27,1.0122,0.9407,1.0,0,0,0
P05,2026-10-28,1.013,0.9675,1.0,0,0,0
P05,2026-10-29,1.0114,0.9838,1.0,0,0,0
P05,2026-10-30,1.0154,1.0549,1.4343,0,0,0
P05,2026-10-31,1.0134,1.1217,1.4343,0,0,0
P05,2026-11-01,1.0166,1.1028,2.9267,0,0,0
P05,2026-11-02,1.014,0.9115,2.9267,0,0,0
P05,2026-11-03,1.0172,0.9407,2.9267,0,0,0
P05,2026-11-04,1.023,0.9675,0.9827,0,0,0
P05,2026-11-05,1.0216,0.9838,0.9827,0,0,0
P05,2026-11-06,1.0238,1.0549,0.9827,0,0,0
P05,2026-11-07,1.0241,1.1217,0.9827,0,0,0
P05,2026-11-08,1.0249,1.1028,0.9827,0,0,0
P05,2026-11-09,1.0247,0.9115,0.9827,0,0,0
P05,2026-11-10,1.026,0.9407,0.9827,0,0,0
P05,2026-11-11,1.0334,0.9675,0.9827,0,0,0
P05,2026-11-12,1.0338,0.9838,0.9827,0,0,0
P05,2026-11-13,1.0383,1.0549,0.9827,0,0,0
P05,2026-11-14,1.0415,1.1217,0.9827,0,0,0
P05,2026-11-15,1.0485,1.1028,0.9827,0,0,0
P05,2026-11-16,1.0485,0.9115,0.9827,0,0,0
P05,2026-11-17,1.0501,0.9407,0.9827,0,0,0
P05,2026-11-18,1.056,0.9675,0.9827,0,0,0
P05,2026-11-19,1.0575,0.9838,0.9827,0,0,0
P05,2026-11-20,1.0553,1.0549,0.9827,0,0,0
P05,2026-11-21,1.0541,1.1217,0.9827,0,0,0
P05,2026-11-22,1.051,1.1028,0.9827,0,0,0
P05,2026-11-23,1.0481,0.9115,0.9827,0,0,0
P05,2026-11-24,1.0503,0.9407,0.9827,0,0,0
P05,2026-11-25,1.0541,0.9675,0.9827,0,0,0
P05,2026-11-26,1.0554,0.9838,0.9827,0,0,0
P05,2026-11-27,1.0552,1.0549,0.9827,0,0,0
P05,2026-11-28,1.0556,1.1217,0.9827,0,0,0
P05,2026-11-29,1.0524,1.1028,0.9827,0,0,0
P05,2026-11-30,1.0519,0.9115,0.9827,0,0,0
P05,2026-12-01,1.0529,0.9407,0.9827,0,0,0
P05,2026-12-02,1.0529,0.9675,0.9827,0,0,0
P05,2026-12-03,1.0507,0.9838,0.9827,0,0,0
P05,2026-12-04,1.0487,1.0549,0.9827,0,0,0
P05,2026-12-05,1.0509,1.1217,0.9827,0,0,0
P05,2026-12-06,1.0537,1.1028,0.9827,0,0,0
P05,2026-12-07,1.0575,0.9115,0.9827,0,0,0
P05,2026-12-08,1.0606,0.9407,0.9827,0,0,0
P05,2026-12-09,1.0642,0.9675,0.9827,0,0,0
P05,2026-12-10,1.066,0.9838,0.9827,0,0,0
P05,2026-12-11,1.0649,1.0549,0.9827,0,0,0
P05,2026-12-12,1.0596,1.1217,0.9827,0,0,0
P05,2026-12-13,1.0632,1.1028,0.9827,0,0,0
P05,2026-12-14,1.0615,0.9115,0.9827,0,0,0
P05,2026-12-15,1.0654,0.9407,0.9827,0,0,0
P05,2026-12-16,1.0678,0.9675,0.9827,0,0,0
P05,2026-12-17,1.0694,0.9838,0.9827,0,0,0
P05,2026-12-18,1.0754,1.0549,0.9827,0,0,0
P05,2026-12-19,1.0755,1.1217,0.9827,0,0,0
P05,2026-12-20,1.0728,1.1028,0.9827,0,0,0
P05,2026-12-21,1.0742,0.9115,0.9827,0,0,0
P05,2026-12-22,1.0709,0.9407,0.9827,0,0,0
P05,2026-12-23,1.069,0.9675,0.9827,0,0,0
P05,2026-12-24,1.0694,0.9838,0.9827,0,0,0
P05,2026-12-25,1.0632,1.0549,0.9827,0,0,0
P05,2026-12-26,1.0618,1.1217,0.9827,0,0,0
P05,2026-12-27,1.0594,1.1028,0.9827,0,0,0
P05,2026-12-28,1.0571,0.9115,0.9827,0,0,0
P05,2026-12-29,1.0607,0.9407,0.9827,0,0,0
P05,2026-12-30,1.0568,0.9675,0.9827,0,0,0
P05,2026-12-31,1.0574,0.9838,0.9827,0,0,0
P05,2027-01-01,1.0588,1.0549,0.8149,0,0,0
P05,2027-01-02,1.0538,1.1217,0.9827,0,0,0
P05,2027-01-03,1.0486,1.1028,0.9827,0,0,0
P05,2027-01-04,1.0488,0.9115,0.9827,0,0,0
P05,2027-01-05,1.046,0.9407,0.9827,0,0,0
P05,2027-01-06,1.0448,0.9675,0.9827,0,0,0
P05,2027-01-07,1.045,0.9838,0.9827,0,0,0
P05,2027-01-08,1.0411,1.0549,0.9827,0,0,0
P05,2027-01-09,1.0402,1.1217,0.9827,0,0,0
P05,2027-01-10,1.0391,1.1028,0.9827,0,0,0
P05,2027-01-11,1.0387,0.9115,0.9827,0,0,0
P05,2027-01-12,1.039,0.9407,0.9827,0,0,0
P05,2027-01-13,1.0388,0.9675,1.6774,0,0,0
P05,2027-01-14,1.0394,0.9838,1.6774,0,0,0
P05,2027-01-15,1.0379,1.0549,1.6774,0,0,0
P05,2027-01-16,1.0373,1.1217,1.6774,0,0,0
P05,2027-01-17,1.0407,1.1028,0.9827,0,0,0
P05,2027-01-18,1.0397,0.9115,0.9827,0,0,0
P05,2027-01-19,1.0381,0.9407,0.9827,0,0,0
P05,2027-01-20,1.0311,0.9675,0.9827,0,0,0
P05,2027-01-21,1.0292,0.9838,0.9827,0,0,0
P05,2027-01-22,1.0283,1.0549,0.9827,0,0,0
P05,2027-01-23,1.0275,1.1217,0.9827,0,0,0
P05,2027-01-24,1.0258,1.1028,0.9827,0,0,0
P05,2027-01-25,1.0255,0.9115,0.9827,0,0,0
P05,2027-01-26,1.0234,0.9407,0.8149,0,0,0
P05,2027-01-27,1.0221,0.9675,0.9827,0,0,0
P05,2027-01-28,1.0172,0.9838,0.9827,0,0,0
P05,2027-01-29,1.0184,1.0549,0.9827,0,0,0
P05,2027-01-30,1.0171,1.1217,0.9827,0,0,0
P05,2027-01-31,1.0163,1.1028,0.9827,0,0,0
P05,2027-02-01,1.0115,0.9115,0.9827,0,0,0
P05,2027-02-02,1.0054,0.9407,0.9827,0,0,0
P05,2027-02-03,1.0019,0.9675,0.9827,0,0,0
P05,2027-02-04,0.9984,0.9838,0.9827,0,0,0
P05,2027-02-05,0.9992,1.0549,0.9827,0,0,0
P05,2027-02-06,0.9983,1.1217,0.9827,0,0,0
P05,2027-02-07,0.9977,1.1028,0.9827,0,0,0
P05,2027-02-08,0.9963,0.9115,0.9827,0,0,0
P05,2027-02-09,0.9896,0.9407,0.9827,0,0,0
P05,2027-02-10,0.9867,0.9675,0.9827,0,0,0
P05,2027-02-11,0.9809,0.9838,0.9827,0,0,0
P05,2027-02-12,0.9767,1.0549,0.9827,0,0,0
P05,2027-02-13,0.9712,1.1217,0.9827,0,0,0
P05,2027-02-14,0.9697,1.1028,0.9827,0,0,0
P05,2027-02-15,0.9672,0.9115,0.9827,0,0,0
P05,2027-02-16,0.9632,0.9407,0.9827,0,0,0
P05,2027-02-17,0.9623,0.9675,0.9827,0,0,0
P05,2027-02-18,0.9615,0.9838,0.9827,0,0,0
P05,2027-02-19,0.9612,1.0549,0.9827,0,0,0
P05,2027-02-20,0.9611,1.1217,0.9827,0,0,0
P05,2027-02-21,0.9634,1.1028,0.9827,0,0,0
P05,2027-02-22,0.9633,0.9115,0.9827,0,0,0
P05,2027-02-23,0.96,0.9407,0.9827,0,0,0
P05,2027-02-24,0.9587,0.9675,0.9827,0,0,0
P05,2027-02-25,0.9581,0.9838,0.9827,0,0,0
P05,2027-02-26,0.9581,1.0549,0.9827,0,0,0
P05,2027-02-27,0.9606,1.1217,0.9827,0,0,0
P05,2027-02-28,0.9597,1.1028,0.9827,0,0,0
P05,2027-03-01,0.9578,0.9115,1.0292,0,0,0
P05,2027-03-02,0.9608,0.9407,1.0292,0,0,0
P05,2027-03-03,0.9618,0.9675,1.0292,0,0,0
P05,2027-03-04,0.9628,0.9838,1.0292,0,0,0
P05,2027-03-05,0.9664,1.0549,1.4763,0,0,0
P05,2027-03-06,0.9669,1.1217,1.4763,0,0,0
P05,2027-03-07,0.9671,1.1028,1.0292,0,0,0
P05,2027-03-08,0.9651,0.9115,1.0292,0,0,0
P05,2027-03-09,0.9652,0.9407,1.0292,0,0,0
P05,2027-03-10,0.964,0.9675,1.0292,0,0,0
P05,2027-03-11,0.9652,0.9838,1.0292,0,0,0
P05,2027-03-12,0.9676,1.0549,1.4763,0,0,0
P05,2027-03-13,0.9639,1.1217,1.4763,0,0,0
P05,2027-03-14,0.9639,1.1028,1.0292,0,0,0
P05,2027-03-15,0.9636,0.9115,1.0292,0,0,0
P05,2027-03-16,0.9634,0.9407,1.0292,0,0,0
P05,2027-03-17,0.9645,0.9675,1.0292,0,0,0
P05,2027-03-18,0.9614,0.9838,1.0292,0,0,0
P05,2027-03-19,0.9632,1.0549,1.4763,0,0,0
P05,2027-03-20,0.9675,1.1217,1.4763,0,0,0
P05,2027-03-21,0.9662,1.1028,1.0292,0,0,0
P05,2027-03-22,0.9663,0.9115,1.0292,0,0,0
P05,2027-03-23,0.9632,0.9407,1.0292,0,0,0
P05,2027-03-24,0.9605,0.9675,1.0292,0,0,0
P05,2027-03-25,0.9621,0.9838,1.0292,0,0,0
P05,2027-03-26,0.9618,1.0549,1.4763,0,0,0
P05,2027-03-27,0.966,1.1217,1.4763,0,0,0
P05,2027-03-28,0.9656,1.1028,1.0292,0,0,0
P05,2027-03-29,0.9656,0.9115,1.0292,0,0,0
P05,2027-03-30,0.9659,0.9407,1.0292,0,0,0
P05,2027-03-31,0.9645,0.9675,1.0292,0,0,0
P05,2027-04-01,0.9626,0.9838,1.0292,0,0,0
P05,2027-04-02,0.9656,1.0549,1.0292,0,0,0
P05,2027-04-03,0.967,1.1217,1.1801,0,0,0
P05,2027-04-04,0.9689,1.1028,1.1801,0,0,0
P05,2027-04-05,0.9711,0.9115,1.0292,0,0,0
P05,2027-04-06,0.9734,0.9407,1.0292,0,0,0
P05,2027-04-07,0.9729,0.9675,1.0292,0,0,0
P05,2027-04-08,0.9739,0.9838,1.0292,0,0,0
P05,2027-04-09,0.9727,1.0549,1.0292,0,0,0
P05,2027-04-10,0.9756,1.1217,1.1801,0,0,0
P05,2027-04-11,0.9775,1.1028,1.1801,0,0,0
P05,2027-04-12,0.9782,0.9115,1.0292,0,0,0
P05,2027-04-13,0.9801,0.9407,1.0292,0,0,0
P05,2027-04-14,0.9807,0.9675,1.0292,0,0,0
P05,2027-04-15,0.9815,0.9838,1.0292,0,0,0
P05,2027-04-16,0.9809,1.0549,1.0292,0,0,0
P05,2027-04-17,0.9765,1.1217,1.1801,0,0,0
P05,2027-04-18,0.9756,1.1028,1.1801,0,0,0
P05,2027-04-19,0.9791,0.9115,1.0292,0,0,0
P05,2027-04-20,0.9845,0.9407,1.0292,0,0,0
P05,2027-04-21,0.9877,0.9675,1.0292,0,0,0
P05,2027-04-22,0.9873,0.9838,1.0292,0,0,0
P05,2027-04-23,0.9856,1.0549,1.0292,0,0,0
P05,2027-04-24,0.9857,1.1217,1.1801,0,0,0
P05,2027-04-25,0.9838,1.1028,1.1801,0,0,0
P05,2027-04-26,0.9826,0.9115,1.0292,0,0,0
P05,2027-04-27,0.9845,0.9407,1.0292,0,0,0
P05,2027-04-28,0.9883,0.9675,1.0292,0,0,0
P05,2027-04-29,0.9892,0.9838,1.0292,0,0,0
P05,2027-04-30,0.986,1.0549,1.0292,0,0,0
P05,2027-05-01,0.9848,1.1217,1.1801,0,0,0
P05,2027-05-02,0.989,1.1028,1.1801,0,0,0
P05,2027-05-03,0.9907,0.9115,1.0292,0,0,0
P05,2027-05-04,0.9929,0.9407,1.0292,0,0,0
P05,2027-05-05,0.9994,0.9675,1.0292,0,0,0
P05,2027-05-06,1.0013,0.9838,1.0292,0,0,0
P05,2027-05-07,0.9993,1.0549,1.0292,0,0,0
P05,2027-05-08,0.9993,1.1217,1.1801,0,0,0
P05,2027-05-09,0.9992,1.1028,1.1801,0,0,0
P05,2027-05-10,1.0027,0.9115,1.0292,0,0,0
P05,2027-05-11,1.0024,0.9407,1.0292,0,0,0
P05,2027-05-12,1.0053,0.9675,1.0292,0,0,0
P05,2027-05-13,1.0055,0.9838,1.0292,0,0,0
P05,2027-05-14,1.0048,1.0549,1.0292,0,0,0
P05,2027-05-15,1.0056,1.1217,1.1801,0,0,0
P05,2027-05-16,1.0076,1.1028,1.1801,0,0,0
P05,2027-05-17,1.0078,0.9115,1.0292,0,0,0
P05,2027-05-18,1.0097,0.9407,1.0292,0,0,0
P05,2027-05-19,1.0075,0.9675,1.0292,0,0,0
P05,2027-05-20,1.0063,0.9838,1.0292,0,0,0
P05,2027-05-21,1.0067,1.0549,1.0292,0,0,0
P05,2027-05-22,1.0045,1.1217,1.1801,0,0,0
P05,2027-05-23,1.0039,1.1028,1.1801,0,0,0
P05,2027-05-24,1.0046,0.9115,1.0292,0,0,0
P05,2027-05-25,1.0036,0.9407,1.0292,0,0,0
P05,2027-05-26,0.9999,0.9675,1.0292,0,0,0
P05,2027-05-27,0.9958,0.9838,1.0292,0,0,0
P05,2027-05-28,0.9937,1.0549,1.0292,0,0,0
P05,2027-05-29,0.9925,1.1217,1.1801,0,0,0
P05,2027-05-30,0.9938,1.1028,1.1801,0,0,0
P05,2027-05-31,0.9907,0.9115,1.0292,0,0,0
P05,2027-06-01,0.9885,0.9407,1.0292,0,0,0
P05,2027-06-02,0.9886,0.9675,1.0292,0,0,0
P05,2027-06-03,0.9823,0.9838,1.0292,0,0,0
P05,2027-06-04,0.9847,1.0549,1.0292,0,0,0
P05,2027-06-05,0.9839,1.1217,1.0292,0,0,0
P05,2027-06-06,0.984,1.1028,1.0292,0,0,0
P05,2027-06-07,0.9827,0.9115,1.0292,0,0,0
P05,2027-06-08,0.9845,0.9407,1.0292,0,0,0
P05,2027-06-09,0.9817,0.9675,1.0292,0,0,0
P05,2027-06-10,0.9782,0.9838,1.0292,0,0,0
P05,2027-06-11,0.9778,1.0549,1.0292,0,0,0
P05,2027-06-12,0.9782,1.1217,1.0292,0,0,0
P05,2027-06-13,0.9755,1.1028,1.0292,0,0,0
P05,2027-06-14,0.9758,0.9115,1.0292,0,0,0
P05,2027-06-15,0.9775,0.9407,1.0292,0,0,0
P05,2027-06-16,0.9758,0.9675,1.0292,0,0,0
P05,2027-06-17,0.9752,0.9838,1.0292,0,0,0
P05,2027-06-18,0.9741,1.0549,1.0292,0,0,0
P05,2027-06-19,0.974,1.1217,1.0292,0,0,0
P05,2027-06-20,0.9769,1.1028,1.0292,0,0,0
P05,2027-06-21,0.9787,0.9115,1.0292,0,0,0
P05,2027-06-22,0.9774,0.9407,1.0292,0,0,0
P05,2027-06-23,0.9776,0.9675,1.0292,0,0,0
P05,2027-06-24,0.9771,0.9838,1.0292,0,0,0
P05,2027-06-25,0.9753,1.0549,1.0292,0,0,0
P05,2027-06-26,0.9725,1.1217,1.0292,0,0,0
P05,2027-06-27,0.97,1.1028,1.0292,0,0,0
P05,2027-06-28,0.971,0.9115,1.0292,0,0,0
P05,2027-06-29,0.9716,0.9407,1.0292,0,0,0
P05,2027-06-30,0.9722,0.9675,1.0292,0,0,0
P05,2027-07-01,0.9701,0.9838,1.074,0,0,0
P05,2027-07-02,0.9666,1.0549,1.5404,0,0,0
P05,2027-07-03,0.9608,1.1217,1.5404,0,0,0
P05,2027-07-04,0.9564,1.1028,1.074,0,0,0
P05,2027-07-05,0.952,0.9115,1.074,0,0,0
P05,2027-07-06,0.9499,0.9407,1.074,0,0,0
P05,2027-07-07,0.9511,0.9675,1.074,0,0,0
P05,2027-07-08,0.954,0.9838,1.074,0,0,0
P05,2027-07-09,0.9502,1.0549,1.5404,0,0,0
P05,2027-07-10,0.9486,1.1217,1.5404,0,0,0
P05,2027-07-11,0.9472,1.1028,1.074,0,0,0
P05,2027-07-12,0.9477,0.9115,1.074,0,0,0
P05,2027-07-13,0.9473,0.9407,1.074,0,0,0
P05,2027-07-14,0.9445,0.9675,1.074,0,0,0
P05,2027-07-15,0.9438,0.9838,1.074,0,0,0
P05,2027-07-16,0.9466,1.0549,1.5404,0,0,0
P05,2027-07-17,0.9469,1.1217,1.5404,0,0,0
P05,2027-07-18,0.9439,1.1028,1.074,0,0,0
P05,2027-07-19,0.9444,0.9115,1.074,0,0,0
P05,2027-07-20,0.942,0.9407,1.074,0,0,0
P05,2027-07-21,0.9415,0.9675,1.074,0,0,0
P05,2027-07-22,0.943,0.9838,1.074,0,0,0
P05,2027-07-23,0.9412,1.0549,1.5404,0,0,0
P05,2027-07-24,0.9434,1.1217,1.5404,0,0,0
P05,2027-07-25,0.9415,1.1028,1.074,0,0,0
P05,2027-07-26,0.9392,0.9115,1.074,0,0,0
P05,2027-07-27,0.938,0.9407,1.074,0,0,0
P05,2027-07-28,0.9342,0.9675,1.074,0,0,0
P05,2027-07-29,0.9355,0.9838,1.074,0,0,0
P05,2027-07-30,0.9367,1.0549,1.5404,0,0,0
P05,2027-07-31,0.9336,1.1217,1.5404,0,0,0
P05,2027-08-01,0.932,1.1028,1.074,0,0,0
P05,2027-08-02,0.9333,0.9115,1.074,0,0,0
P05,2027-08-03,0.9283,0.9407,1.074,0,0,0
P05,2027-08-04,0.9271,0.9675,1.074,0,0,0
P05,2027-08-05,0.9282,0.9838,1.074,0,0,0
P05,2027-08-06,0.9293,1.0549,1.074,0,0,0
P05,2027-08-07,0.9274,1.1217,1.074,0,0,0
P05,2027-08-08,0.9248,1.1028,1.074,0,0,0
P05,2027-08-09,0.9248,0.9115,1.074,0,0,0
P05,2027-08-10,0.923,0.9407,1.074,0,0,0
P05,2027-08-11,0.9225,0.9675,1.074,0,0,0
P05,2027-08-12,0.9239,0.9838,1.074,0,0,0
P05,2027-08-13,0.9222,1.0549,1.074,0,0,0
P05,2027-08-14,0.9202,1.1217,1.074,0,0,0
P05,2027-08-15,0.9161,1.1028,2.4635,0,0,0
P05,2027-08-16,0.9156,0.9115,2.4635,0,0,0
P05,2027-08-17,0.9176,0.9407,2.4635,0,0,0
P05,2027-08-18,0.9189,0.9675,1.074,0,0,0
P05,2027-08-19,0.9203,0.9838,1.074,0,0,0
P05,2027-08-20,0.9256,1.0549,1.074,0,0,0
P05,2027-08-21,0.9271,1.1217,1.074,0,0,0
P05,2027-08-22,0.9276,1.1028,1.074,0,0,0
P05,2027-08-23,0.9278,0.9115,1.074,0,0,0
P05,2027-08-24,0.9327,0.9407,1.074,0,0,0
P05,2027-08-25,0.9336,0.9675,1.074,0,0,0
P05,2027-08-26,0.9352,0.9838,1.074,0,0,0
P05,2027-08-27,0.9381,1.0549,1.074,0,0,0
P05,2027-08-28,0.9412,1.1217,1.074,0,0,0
P05,2027-08-29,0.9432,1.1028,1.074,0,0,0
P05,2027-08-30,0.9439,0.9115,1.074,0,0,0
P05,2027-08-31,0.9461,0.9407,1.074,0,0,0
P05,2027-09-01,0.9482,0.9675,1.074,0,0,0
P05,2027-09-02,0.9453,0.9838,1.074,0,0,0
P05,2027-09-03,0.9452,1.0549,1.074,0,0,0
P05,2027-09-04,0.948,1.1217,1.074,0,0,0
P05,2027-09-05,0.9482,1.1028,1.074,0,0,0
P05,2027-09-06,0.9456,0.9115,1.074,0,0,0
P05,2027-09-07,0.9452,0.9407,1.074,0,0,0
P05,2027-09-08,0.9452,0.9675,1.074,0,0,0
P05,2027-09-09,0.9427,0.9838,1.074,0,0,0
P05,2027-09-10,0.9402,1.0549,1.074,0,0,0
P05,2027-09-11,0.9386,1.1217,1.074,0,0,0
P05,2027-09-12,0.9395,1.1028,1.074,0,0,0
P05,2027-09-13,0.9408,0.9115,1.074,0,0,0
P05,2027-09-14,0.9473,0.9407,1.074,0,0,0
P05,2027-09-15,0.9474,0.9675,1.074,0,0,0
P05,2027-09-16,0.9458,0.9838,1.074,0,0,0
P05,2027-09-17,0.9502,1.0549,1.074,0,0,0
P05,2027-09-18,0.9448,1.1217,1.074,0,0,0
P05,2027-09-19,0.9409,1.1028,1.074,0,0,0
P05,2027-09-20,0.9402,0.9115,1.074,0,0,0
P05,2027-09-21,0.9441,0.9407,1.074,0,0,0
P05,2027-09-22,0.9444,0.9675,1.074,0,0,0
P05,2027-09-23,0.9445,0.9838,1.074,0,0,0
P05,2027-09-24,0.9503,1.0549,1.074,0,0,0
P05,2027-09-25,0.9495,1.1217,1.074,0,0,0
P05,2027-09-26,0.9514,1.1028,1.074,0,0,0
P05,2027-09-27,0.9502,0.9115,1.074,0,0,0
P05,2027-09-28,0.9486,0.9407,1.074,0,0,0
P05,2027-09-29,0.9498,0.9675,1.074,0,0,0
P05,2027-09-30,0.9546,0.9838,1.074,0,0,0
P05,2027-10-01,0.9597,1.0549,1.4343,0,0,0
P05,2027-10-02,0.9642,1.1217,1.4343,0,0,0
P05,2027-10-03,0.9672,1.1028,1.0,0,0,0
P05,2027-10-04,0.9697,0.9115,1.0,0,0,0
P05,2027-10-05,0.9705,0.9407,1.0,0,0,0
P05,2027-10-06,0.9714,0.9675,1.0,0,0,0
P05,2027-10-07,0.9753,0.9838,1.0,0,0,0
P05,2027-10-08,0.9784,1.0549,1.4343,0,0,0
P05,2027-10-09,0.9824,1.1217,1.4343,0,0,0
P05,2027-10-10,0.9821,1.1028,1.0,0,0,0
P05,2027-10-11,0.9803,0.9115,1.0,0,0,0
P05,2027-10-12,0.9834,0.9407,1.0,0,0,0
P05,2027-10-13,0.9845,0.9675,1.0,0,0,0
P05,2027-10-14,0.9837,0.9838,1.0,0,0,0
P05,2027-10-15,0.9835,1.0549,1.4343,0,0,0
P05,2027-10-16,0.9891,1.1217,1.4343,0,0,0
P05,2027-10-17,0.988,1.1028,1.0,0,0,0
P05,2027-10-18,0.9902,0.9115,1.0,0,0,0
P05,2027-10-19,0.9951,0.9407,1.0,0,0,0
P05,2027-10-20,1.0015,0.9675,3.1921,0,0,0
P05,2027-10-21,1.0053,0.9838,3.1921,0,0,0
P05,2027-10-22,1.0053,1.0549,3.1921,0,0,0
P05,2027-10-23,1.008,1.1217,3.1921,0,0,0
P05,2027-10-24,1.01,1.1028,3.1921,0,0,0
P05,2027-10-25,1.0108,0.9115,3.1921,0,0,0
P05,2027-10-26,1.0139,0.9407,1.0,0,0,0
P05,2027-10-27,1.0144,0.9675,1.0,0,0,0
P05,2027-10-28,1.0163,0.9838,1.0,0,0,0
P05,2027-10-29,1.0211,1.0549,1.4343,0,0,0
P05,2027-10-30,1.0209,1.1217,1.4343,0,0,0
P05,2027-10-31,1.0222,1.1028,1.0,0,0,0
P05,2027-11-01,1.0243,0.9115,2.9267,0,0,0
P05,2027-11-02,1.0237,0.9407,2.9267,0,0,0
P05,2027-11-03,1.0265,0.9675,2.9267,0,0,0
P05,2027-11-04,1.0274,0.9838,0.9827,0,0,0
P05,2027-11-05,1.0301,1.0549,0.9827,0,0,0
P05,2027-11-06,1.0326,1.1217,0.9827,0,0,0
P05,2027-11-07,1.0399,1.1028,0.9827,0,0,0
P05,2027-11-08,1.0425,0.9115,0.9827,0,0,0
P05,2027-11-09,1.0421,0.9407,0.9827,0,0,0
P05,2027-11-10,1.0422,0.9675,0.9827,0,0,0
P05,2027-11-11,1.0439,0.9838,0.9827,0,0,0
P05,2027-11-12,1.046,1.0549,0.9827,0,0,0
P05,2027-11-13,1.0528,1.1217,0.9827,0,0,0
P05,2027-11-14,1.0547,1.1028,0.9827,0,0,0
P05,2027-11-15,1.0611,0.9115,0.9827,0,0,0
P05,2027-11-16,1.0614,0.9407,0.9827,0,0,0
P05,2027-11-17,1.0613,0.9675,0.9827,0,0,0
P05,2027-11-18,1.0581,0.9838,0.9827,0,0,0
P05,2027-11-19,1.0581,1.0549,0.9827,0,0,0
P05,2027-11-20,1.0585,1.1217,0.9827,0,0,0
P05,2027-11-21,1.0604,1.1028,0.9827,0,0,0
P05,2027-11-22,1.0609,0.9115,0.9827,0,0,0
P05,2027-11-23,1.0638,0.9407,0.9827,0,0,0
P05,2027-11-24,1.0641,0.9675,0.9827,0,0,0
P05,2027-11-25,1.0644,0.9838,0.9827,0,0,0
P05,2027-11-26,1.063,1.0549,0.9827,0,0,0
P05,2027-11-27,1.063,1.1217,0.9827,0,0,0
P05,2027-11-28,1.0643,1.1028,0.9827,0,0,0
P05,2027-11-29,1.0632,0.9115,0.9827,0,0,0
P05,2027-11-30,1.0664,0.9407,0.9827,0,0,0
P05,2027-12-01,1.0686,0.9675,0.9827,0,0,0
P05,2027-12-02,1.0694,0.9838,0.9827,0,0,0
P05,2027-12-03,1.069,1.0549,0.9827,0,0,0
P05,2027-12-04,1.071,1.1217,0.9827,0,0,0
P05,2027-12-05,1.0764,1.1028,0.9827,0,0,0
P05,2027-12-06,1.0826,0.9115,0.9827,0,0,0
P05,2027-12-07,1.0885,0.9407,0.9827,0,0,0
P05,2027-12-08,1.0928,0.9675,0.9827,0,0,0
P05,2027-12-09,1.0983,0.9838,0.9827,0,0,0
P05,2027-12-10,1.1044,1.0549,0.9827,0,0,0
P05,2027-12-11,1.1044,1.1217,0.9827,0,0,0
P05,2027-12-12,1.1011,1.1028,0.9827,0,0,0
P05,2027-12-13,1.0977,0.9115,0.9827,0,0,0
P05,2027-12-14,1.1005,0.9407,0.9827,0,0,0
P05,2027-12-15,1.1025,0.9675,0.9827,0,0,0
P05,2027-12-16,1.0988,0.9838,0.9827,0,0,0
P05,2027-12-17,1.1063,1.0549,0.9827,0,0,0
P05,2027-12-18,1.1144,1.1217,0.9827,0,0,0
P05,2027-12-19,1.1208,1.1028,0.9827,0,0,0
P05,2027-12-20,1.1166,0.9115,0.9827,0,0,0
P05,2027-12-21,1.1202,0.9407,0.9827,0,0,0
P05,2027-12-22,1.1226,0.9675,0.9827,0,0,0
P05,2027-12-23,1.1196,0.9838,0.9827,0,0,0
P05,2027-12-24,1.1236,1.0549,0.9827,0,0,0
P05,2027-12-25,1.1232,1.1217,0.9827,0,0,0
P05,2027-12-26,1.1289,1.1028,0.9827,0,0,0
P05,2027-12-27,1.1315,0.9115,0.9827,0,0,0
P05,2027-12-28,1.1338,0.9407,0.9827,0,0,0
P05,2027-12-29,1.1361,0.9675,0.9827,0,0,0
P05,2027-12-30,1.1377,0.9838,0.9827,0,0,0
P05,2027-12-31,1.1404,1.0549,0.9827,0,0,0
P06,2026-01-01,0.5912,1.0237,0.7304,0,0,0
P06,2026-01-02,0.5969,1.0149,0.9536,0,0,0
P06,2026-01-03,0.5957,1.1574,0.9536,0,0,0
P06,2026-01-04,0.6033,1.0828,0.9536,0,0,0
P06,2026-01-05,0.6091,0.9215,0.9536,0,0,0
P06,2026-01-06,0.6108,0.9418,0.9536,0,0,0
P06,2026-01-07,0.616,0.9418,0.9536,0,0,0
P06,2026-01-08,0.6163,1.0237,0.9536,0,0,0
P06,2026-01-09,0.6189,1.0149,0.9536,0,0,0
P06,2026-01-10,0.6203,1.1574,0.9536,0,0,0
P06,2026-01-11,0.6214,1.0828,0.9536,0,0,0
P06,2026-01-12,0.6231,0.9215,0.9536,0,0,0
P06,2026-01-13,0.6243,0.9418,1.4182,0,0,0
P06,2026-01-14,0.6302,0.9418,1.4182,0,0,0
P06,2026-01-15,0.6351,1.0237,1.4182,0,0,0
P06,2026-01-16,0.6352,1.0149,1.4182,0,0,0
P06,2026-01-17,0.6377,1.1574,0.9536,0,0,0
P06,2026-01-18,0.6387,1.0828,0.9536,0,0,0
P06,2026-01-19,0.6407,0.9215,0.9536,0,0,0
P06,2026-01-20,0.6377,0.9418,0.9536,0,0,0
P06,2026-01-21,0.6404,0.9418,0.9536,0,0,0
P06,2026-01-22,0.6416,1.0237,0.9536,0,0,0
P06,2026-01-23,0.6442,1.0149,0.9536,0,0,0
P06,2026-01-24,0.6479,1.1574,0.9536,0,0,0
P06,2026-01-25,0.6476,1.0828,0.9536,0,0,0
P06,2026-01-26,0.6501,0.9215,0.7304,0,0,0
P06,2026-01-27,0.6521,0.9418,0.9536,0,0,0
P06,2026-01-28,0.6548,0.9418,0.9536,0,0,0
P06,2026-01-29,0.6588,1.0237,0.9536,0,0,0
P06,2026-01-30,0.6607,1.0149,0.9536,0,0,0
P06,2026-01-31,0.6614,1.1574,0.9536,0,0,0
P06,2026-02-01,0.6616,1.0828,0.9536,0,0,0
P06,2026-02-02,0.6637,0.9215,0.9536,0,0,0
P06,2026-02-03,0.666,0.9418,0.9536,0,0,0
P06,2026-02-04,0.6666,0.9418,0.9536,0,0,0
P06,2026-02-05,0.6687,1.0237,0.9536,0,0,0
P06,2026-02-06,0.6716,1.0149,0.9536,0,0,0
P06,2026-02-07,0.6716,1.1574,0.9536,0,0,0
P06,2026-02-08,0.6735,1.0828,0.9536,0,0,0
P06,2026-02-09,0.6746,0.9215,0.9536,0,0,0
P06,2026-02-10,0.6783,0.9418,0.9536,0,0,0
P06,2026-02-11,0.6792,0.9418,0.9536,0,0,0
P06,2026-02-12,0.681,1.0237,0.9536,0,0,0
P06,2026-02-13,0.6838,1.0149,0.9536,0,0,0
P06,2026-02-14,0.6857,1.1574,0.9536,0,0,0
P06,2026-02-15,0.6883,1.0828,0.9536,0,0,0
P06,2026-02-16,0.6927,0.9215,0.9536,0,0,0
P06,2026-02-17,0.696,0.9418,0.9536,0,0,0
P06,2026-02-18,0.701,0.9418,0.9536,0,0,0
P06,2026-02-19,0.7077,1.0237,0.9536,0,0,0
P06,2026-02-20,0.7165,1.0149,0.9536,0,0,0
P06,2026-02-21,0.7253,1.1574,0.9536,0,0,0
P06,2026-02-22,0.7345,1.0828,0.9536,0,0,0
P06,2026-02-23,0.7413,0.9215,0.9536,0,0,0
P06,2026-02-24,0.7469,0.9418,0.9536,0,0,0
P06,2026-02-25,0.7526,0.9418,0.9536,0,0,0
P06,2026-02-26,0.7583,1.0237,0.9536,0,0,0
P06,2026-02-27,0.7646,1.0149,0.9536,0,0,0
P06,2026-02-28,0.7676,1.1574,0.9536,0,0,0
P06,2026-03-01,0.77,1.0828,1.0043,0,0,0
P06,2026-03-02,0.7772,0.9215,1.0043,0,0,0
P06,2026-03-03,0.7829,0.9418,1.0043,0,0,0
P06,2026-03-04,0.7881,0.9418,1.0043,0,0,0
P06,2026-03-05,0.7879,1.0237,1.0043,0,0,0
P06,2026-03-06,0.794,1.0149,1.3771,0,0,0
P06,2026-03-07,0.8,1.1574,1.3771,0,0,0
P06,2026-03-08,0.8053,1.0828,1.0043,0,0,0
P06,2026-03-09,0.8083,0.9215,1.0043,0,0,0
P06,2026-03-10,0.8134,0.9418,1.0043,0,0,0
P06,2026-03-11,0.8206,0.9418,1.0043,0,0,0
P06,2026-03-12,0.826,1.0237,1.0043,0,0,0
P06,2026-03-13,0.824,1.0149,1.3771,0,0,0
P06,2026-03-14,0.8258,1.1574,1.3771,0,0,0
P06,2026-03-15,0.8309,1.0828,1.0043,0,0,0
P06,2026-03-16,0.8307,0.9215,1.0043,0,0,0
P06,2026-03-17,0.8345,0.9418,1.0043,0,0,0
P06,2026-03-18,0.8365,0.9418,1.0043,0,0,0
P06,2026-03-19,0.8401,1.0237,1.0043,0,0,0
P06,2026-03-20,0.8457,1.0149,1.3771,0,0,0
P06,2026-03-21,0.8516,1.1574,1.3771,0,0,0
P06,2026-03-22,0.855,1.0828,1.0043,0,0,0
P06,2026-03-23,0.8598,0.9215,1.0043,0,0,0
P06,2026-03-24,0.8652,0.9418,1.0043,0,0,0
P06,2026-03-25,0.8678,0.9418,1.0043,0,0,0
P06,2026-03-26,0.8738,1.0237,1.0043,0,0,0
P06,2026-03-27,0.8753,1.0149,1.3771,0,0,0
P06,2026-03-28,0.8781,1.1574,1.3771,0,0,0
P06,2026-03-29,0.8828,1.0828,1.0043,0,0,0
P06,2026-03-30,0.889,0.9215,1.0043,0,0,0
P06,2026-03-31,0.8897,0.9418,1.0043,0,0,0
P06,2026-04-01,0.892,0.9418,1.0043,0,0,0
P06,2026-04-02,0.8935,1.0237,1.0043,0,0,0
P06,2026-04-03,0.8983,1.0149,1.0043,0,0,0
P06,2026-04-04,0.8988,1.1574,1.1335,0,0,0
P06,2026-04-05,0.9001,1.0828,1.1335,0,0,0
P06,2026-04-06,0.9049,0.9215,1.0043,0,0,0
P06,2026-04-07,0.9056,0.9418,1.0043,0,0,0
P06,2026-04-08,0.9091,0.9418,1.0043,0,0,0
P06,2026-04-09,0.9121,1.0237,1.0043,0,0,0
P06,2026-04-10,0.9163,1.0149,1.0043,0,0,0
P06,2026-04-11,0.9214,1.1574,1.1335,0,0,0
P06,2026-04-12,0.9248,1.0828,1.1335,0,0,0
P06,2026-04-13,0.9268,0.9215,1.0043,0,0,0
P06,2026-04-14,0.9271,0.9418,1.0043,0,0,0
P06,2026-04-15,0.9283,0.9418,1.0043,0,0,0
P06,2026-04-16,0.9321,1.0237,1.0043,0,0,0
P06,2026-04-17,0.9343,1.0149,1.0043,0,0,0
P06,2026-04-18,0.9397,1.1574,1.1335,0,0,0
P06,2026-04-19,0.9423,1.0828,1.1335,0,0,0
P06,2026-04-20,0.9511,0.9215,1.0043,0,0,0
P06,2026-04-21,0.9535,0.9418,1.0043,0,0,0
P06,2026-04-22,0.9547,0.9418,1.0043,0,0,0
P06,2026-04-23,0.955,1.0237,1.0043,0,0,0
P06,2026-04-24,0.9572,1.0149,1.0043,0,0,0
P06,2026-04-25,0.9628,1.1574,1.1335,0,0,0
P06,2026-04-26,0.9642,1.0828,1.1335,0,0,0
P06,2026-04-27,0.9662,0.9215,1.0043,0,0,0
P06,2026-04-28,0.9672,0.9418,1.0043,0,0,0
P06,2026-04-29,0.9685,0.9418,1.0043,0,0,0
P06,2026-04-30,0.973,1.0237,1.0043,0,0,0
P06,2026-05-01,0.9753,1.0149,1.0043,0,0,0
P06,2026-05-02,0.9799,1.1574,1.1335,0,0,0
P06,2026-05-03,0.9797,1.0828,1.1335,0,0,0
P06,2026-05-04,0.9825,0.9215,1.0043,0,0,0
P06,2026-05-05,0.9854,0.9418,1.0043,0,0,0
P06,2026-05-06,0.9861,0.9418,1.0043,0,0,0
P06,2026-05-07,0.9873,1.0237,1.0043,0,0,0
P06,2026-05-08,0.9929,1.0149,1.0043,0,0,0
P06,2026-05-09,0.9931,1.1574,1.1335,0,0,0
P06,2026-05-10,0.9961,1.0828,1.1335,0,0,0
P06,2026-05-11,0.9962,0.9215,1.0043,0,0,0
P06,2026-05-12,0.9996,0.9418,1.0043,0,0,0
P06,2026-05-13,1.0023,0.9418,1.0043,0,0,0
P06,2026-05-14,1.0023,1.0237,1.0043,0,0,0
P06,2026-05-15,1.0043,1.0149,1.0043,0,0,0
P06,2026-05-16,1.0074,1.1574,1.1335,0,0,0
P06,2026-05-17,1.01,1.0828,1.1335,0,0,0
P06,2026-05-18,1.0131,0.9215,1.0043,0,0,0
P06,2026-05-19,1.0152,0.9418,1.0043,0,0,0
P06,2026-05-20,1.0127,0.9418,1.0043,0,0,0
P06,2026-05-21,1.008,1.0237,1.0043,0,0,0
P06,2026-05-22,1.0041,1.0149,1.0043,0,0,0
P06,2026-05-23,1.0031,1.1574,1.1335,0,0,0
P06,2026-05-24,1.0009,1.0828,1.1335,0,0,0
P06,2026-05-25,1.0022,0.9215,1.0043,0,0,0
P06,2026-05-26,0.9991,0.9418,1.0043,0,0,0
P06,2026-05-27,0.9988,0.9418,1.0043,0,0,0
P06,2026-05-28,0.995,1.0237,1.0043,0,0,0
P06,2026-05-29,0.9961,1.0149,1.0043,0,0,0
P06,2026-05-30,0.9989,1.1574,1.1335,0,0,0
P06,2026-05-31,0.9975,1.0828,1.1335,0,0,0
P06,2026-06-01,0.9963,0.9215,1.0043,0,0,0
P06,2026-06-02,0.9973,0.9418,1.0043,0,0,0
P06,2026-06-03,0.998,0.9418,1.0043,0,0,0
P06,2026-06-04,0.9929,1.0237,1.0043,0,0,0
P06,2026-06-05,0.9911,1.0149,1.0043,0,0,0
P06,2026-06-06,0.9908,1.1574,1.0043,0,0,0
P06,2026-06-07,0.9907,1.0828,1.0043,0,0,0
P06,2026-06-08,0.9894,0.9215,1.0043,0,0,0
P06,2026-06-09,0.9904,0.9418,1.0043,0,0,0
P06,2026-06-10,0.9884,0.9418,1.0043,0,0,0
P06,2026-06-11,0.9875,1.0237,1.0043,0,0,0
P06,2026-06-12,0.988,1.0149,1.0043,0,0,0
P06,2026-06-13,0.9829,1.1574,1.0043,0,0,0
P06,2026-06-14,0.9836,1.0828,1.0043,0,0,0
P06,2026-06-15,0.9841,0.9215,1.0043,0,0,0
P06,2026-06-16,0.9843,0.9418,1.0043,0,0,0
P06,2026-06-17,0.9844,0.9418,1.0043,0,0,0
P06,2026-06-18,0.9838,1.0237,1.0043,0,0,0
P06,2026-06-19,0.9842,1.0149,1.0043,0,0,0
P06,2026-06-20,0.989,1.1574,1.0043,0,0,0
P06,2026-06-21,0.9909,1.0828,1.0043,0,0,0
P06,2026-06-22,0.9918,0.9215,1.0043,0,0,0
P06,2026-06-23,0.9919,0.9418,1.0043,0,0,0
P06,2026-06-24,0.9917,0.9418,1.0043,0,0,0
P06,2026-06-25,0.9953,1.0237,1.0043,0,0,0
P06,2026-06-26,0.9944,1.0149,1.0043,0,0,0
P06,2026-06-27,0.9927,1.1574,1.0043,0,0,0
P06,2026-06-28,0.9884,1.0828,1.0043,0,0,0
P06,2026-06-29,0.9897,0.9215,1.0043,0,0,0
P06,2026-06-30,0.9907,0.9418,1.0043,0,0,0
P06,2026-07-01,0.9912,0.9418,1.058,0,0,0
P06,2026-07-02,0.9892,1.0237,1.058,0,0,0
P06,2026-07-03,0.9858,1.0149,1.4507,0,0,0
P06,2026-07-04,0.9822,1.1574,1.4507,0,0,0
P06,2026-07-05,0.9778,1.0828,1.058,0,0,0
P06,2026-07-06,0.978,0.9215,1.058,0,0,0
P06,2026-07-07,0.9767,0.9418,1.058,0,0,0
P06,2026-07-08,0.9746,0.9418,1.058,0,0,0
P06,2026-07-09,0.9726,1.0237,1.058,0,0,0
P06,2026-07-10,0.9712,1.0149,1.4507,0,0,0
P06,2026-07-11,0.9697,1.1574,1.4507,0,0,0
P06,2026-07-12,0.9696,1.0828,1.058,0,0,0
P06,2026-07-13,0.9696,0.9215,1.058,0,0,0
P06,2026-07-14,0.971,0.9418,1.058,0,0,0
P06,2026-07-15,0.9702,0.9418,1.058,0,0,0
P06,2026-07-16,0.9721,1.0237,1.058,0,0,0
P06,2026-07-17,0.9686,1.0149,1.4507,0,0,0
P06,2026-07-18,0.9671,1.1574,1.4507,0,0,0
P06,2026-07-19,0.9666,1.0828,1.058,0,0,0
P06,2026-07-20,0.9662,0.9215,1.058,0,0,0
P06,2026-07-21,0.9669,0.9418,1.058,0,0,0
P06,2026-07-22,0.9711,0.9418,1.058,0,0,0
P06,2026-07-23,0.9689,1.0237,1.058,0,0,0
P06,2026-07-24,0.9679,1.0149,1.4507,0,0,0
P06,2026-07-25,0.9672,1.1574,1.4507,0,0,0
P06,2026-07-26,0.9706,1.0828,1.058,0,0,0
P06,2026-07-27,0.9715,0.9215,1.058,0,0,0
P06,2026-07-28,0.9679,0.9418,1.058,0,0,0
P06,2026-07-29,0.9676,0.9418,1.058,0,0,0
P06,2026-07-30,0.9686,1.0237,1.058,0,0,0
P06,2026-07-31,0.9677,1.0149,1.4507,0,0,0
P06,2026-08-01,0.9694,1.1574,1.058,0,0,0
P06,2026-08-02,0.9701,1.0828,1.058,0,0,0
P06,2026-08-03,0.9704,0.9215,1.058,0,0,0
P06,2026-08-04,0.9726,0.9418,1.058,0,0,0
P06,2026-08-05,0.9718,0.9418,1.058,0,0,0
P06,2026-08-06,0.9729,1.0237,1.058,0,0,0
P06,2026-08-07,0.9746,1.0149,1.058,0,0,0
P06,2026-08-08,0.9725,1.1574,1.058,0,0,0
P06,2026-08-09,0.9699,1.0828,1.058,0,0,0
P06,2026-08-10,0.9691,0.9215,1.058,0,0,0
P06,2026-08-11,0.9674,0.9418,1.058,0,0,0
P06,2026-08-12,0.9691,0.9418,1.058,0,0,0
P06,2026-08-13,0.967,1.0237,1.058,0,0,0
P06,2026-08-14,0.9633,1.0149,1.058,0,0,0
P06,2026-08-15,0.9601,1.1574,1.9714,0,0,0
P06,2026-08-16,0.9595,1.0828,1.9714,0,0,0
P06,2026-08-17,0.958,0.9215,1.9714,0,0,0
P06,2026-08-18,0.9626,0.9418,1.058,0,0,0
P06,2026-08-19,0.9633,0.9418,1.058,0,0,0
P06,2026-08-20,0.9662,1.0237,1.058,0,0,0
P06,2026-08-21,0.9677,1.0149,1.058,0,0,0
P06,2026-08-22,0.9677,1.1574,1.058,0,0,0
P06,2026-08-23,0.9692,1.0828,1.058,0,0,0
P06,2026-08-24,0.9741,0.9215,1.058,0,0,0
P06,2026-08-25,0.9753,0.9418,1.058,0,0,0
P06,2026-08-26,0.9754,0.9418,1.058,0,0,0
P06,2026-08-27,0.9755,1.0237,1.058,0,0,0
P06,2026-08-28,0.9742,1.0149,1.058,0,0,0
P06,2026-08-29,0.9732,1.1574,1.058,0,0,0
P06,2026-08-30,0.9715,1.0828,1.058,0,0,0
P06,2026-08-31,0.969,0.9215,1.058,0,0,0
P06,2026-09-01,0.9705,0.9418,1.058,0,0,0
P06,2026-09-02,0.9729,0.9418,1.058,0,0,0
P06,2026-09-03,0.9722,1.0237,1.058,0,0,0
P06,2026-09-04,0.9745,1.0149,1.058,0,0,0
P06,2026-09-05,0.9758,1.1574,1.058,0,0,0
P06,2026-09-06,0.9733,1.0828,1.058,0,0,0
P06,2026-09-07,0.9688,0.9215,1.058,0,0,0
P06,2026-09-08,0.9677,0.9418,1.058,0,0,0
P06,2026-09-09,0.969,0.9418,1.058,0,0,0
P06,2026-09-10,0.9669,1.0237,1.058,0,0,0
P06,2026-09-11,0.9662,1.0149,1.058,0,0,0
P06,2026-09-12,0.9642,1.1574,1.058,0,0,0
P06,2026-09-13,0.9651,1.0828,1.058,0,0,0
P06,2026-09-14,0.9671,0.9215,1.058,0,0,0
P06,2026-09-15,0.9665,0.9418,1.058,0,0,0
P06,2026-09-16,0.9651,0.9418,1.058,0,0,0
P06,2026-09-17,0.9629,1.0237,1.058,0,0,0
P06,2026-09-18,0.9561,1.0149,1.058,0,0,0
P06,2026-09-19,0.9512,1.1574,1.058,0,0,0
P06,2026-09-20,0.9486,1.0828,1.058,0,0,0
P06,2026-09-21,0.9506,0.9215,1.058,0,0,0
P06,2026-09-22,0.9518,0.9418,1.058,0,0,0
P06,2026-09-23,0.947,0.9418,1.058,0,0,0
P06,2026-09-24,0.9534,1.0237,1.058,0,0,0
P06,2026-09-25,0.955,1.0149,1.058,0,0,0
P06,2026-09-26,0.9591,1.1574,1.058,0,0,0
P06,2026-09-27,0.9601,1.0828,1.058,0,0,0
P06,2026-09-28,0.9609,0.9215,1.058,0,0,0
P06,2026-09-29,0.9619,0.9418,1.058,0,0,0
P06,2026-09-30,0.9657,0.9418,1.058,0,0,0
P06,2026-10-01,0.9716,1.0237,1.0,0,0,0
P06,2026-10-02,0.9763,1.0149,1.3712,0,0,0
P06,2026-10-03,0.9806,1.1574,1.3712,0,0,0
P06,2026-10-04,0.9822,1.0828,1.0,0,0,0
P06,2026-10-05,0.9836,0.9215,1.0,0,0,0
P06,2026-10-06,0.9836,0.9418,1.0,0,0,0
P06,2026-10-07,0.987,0.9418,1.0,0,0,0
P06,2026-10-08,0.988,1.0237,1.0,0,0,0
P06,2026-10-09,0.992,1.0149,1.3712,0,0,0
P06,2026-10-10,0.9974,1.1574,1.3712,0,0,0
P06,2026-10-11,0.9992,1.0828,1.0,0,0,0
P06,2026-10-12,0.9999,0.9215,1.0,0,0,0
P06,2026-10-13,1.0042,0.9418,1.0,0,0,0
P06,2026-10-14,1.0041,0.9418,1.0,0,0,0
P06,2026-10-15,1.0079,1.0237,1.0,0,0,0
P06,2026-10-16,1.0097,1.0149,1.3712,0,0,0
P06,2026-10-17,1.0119,1.1574,1.3712,0,0,0
P06,2026-10-18,1.0127,1.0828,1.0,0,0,0
P06,2026-10-19,1.0169,0.9215,1.0,0,0,0
P06,2026-10-20,1.018,0.9418,2.7797,0,0,0
P06,2026-10-21,1.0193,0.9418,2.7797,0,0,0
P06,2026-10-22,1.0216,1.0237,2.7797,0,0,0
P06,2026-10-23,1.0252,1.0149,2.7797,0,0,0
P06,2026-10-24,1.0231,1.1574,2.7797,0,0,0
P06,2026-10-25,1.0222,1.0828,2.7797,0,0,0
P06,2026-10-26,1.0249,0.9215,1.0,0,0,0
P06,2026-10-27,1.0251,0.9418,1.0,0,0,0
P06,2026-10-28,1.0255,0.9418,1.0,0,0,0
P06,2026-10-29,1.0258,1.0237,1.0,0,0,0
P06,2026-10-30,1.027,1.0149,1.3712,0,0,0
P06,2026-10-31,1.0268,1.1574,1.3712,0,0,0
P06,2026-11-01,1.0285,1.0828,2.6145,0,0,0
P06,2026-11-02,1.0287,0.9215,2.6145,0,0,0
P06,2026-11-03,1.0318,0.9418,2.6145,0,0,0
P06,2026-11-04,1.0265,0.9418,0.9536,0,0,0
P06,2026-11-05,1.0272,1.0237,0.9536,0,0,0
P06,2026-11-06,1.03,1.0149,0.9536,0,0,0
P06,2026-11-07,1.0322,1.1574,0.9536,0,0,0
P06,2026-11-08,1.0332,1.0828,0.9536,0,0,0
P06,2026-11-09,1.0366,0.9215,0.9536,0,0,0
P06,2026-11-10,1.0349,0.9418,0.9536,0,0,0
P06,2026-11-11,1.0372,0.9418,0.9536,0,0,0
P06,2026-11-12,1.0408,1.0237,0.9536,0,0,0
P06,2026-11-13,1.0437,1.0149,0.9536,0,0,0
P06,2026-11-14,1.0437,1.1574,0.9536,0,0,0
P06,2026-11-15,1.0454,1.0828,0.9536,0,0,0
P06,2026-11-16,1.0392,0.9215,0.9536,0,0,0
P06,2026-11-17,1.0427,0.9418,0.9536,0,0,0
P06,2026-11-18,1.0448,0.9418,0.9536,0,0,0
P06,2026-11-19,1.0436,1.0237,0.9536,0,0,0
P06,2026-11-20,1.0451,1.0149,0.9536,0,0,0
P06,2026-11-21,1.0418,1.1574,0.9536,0,0,0
P06,2026-11-22,1.0393,1.0828,0.9536,0,0,0
P06,2026-11-23,1.0413,0.9215,0.9536,0,0,0
P06,2026-11-24,1.0426,0.9418,0.9536,0,0,0
P06,2026-11-25,1.0429,0.9418,0.9536,0,0,0
P06,2026-11-26,1.0432,1.0237,0.9536,0,0,0
P06,2026-11-27,1.0435,1.0149,0.9536,0,0,0
P06,2026-11-28,1.0432,1.1574,0.9536,0,0,0
P06,2026-11-29,1.0439,1.0828,0.9536,0,0,0
P06,2026-11-30,1.0431,0.9215,0.9536,0,0,0
P06,2026-12-01,1.0434,0.9418,0.9536,0,0,0
P06,2026-12-02,1.0459,0.9418,0.9536,0,0,0
P06,2026-12-03,1.0435,1.0237,0.9536,0,0,0
P06,2026-12-04,1.0442,1.0149,0.9536,0,0,0
P06,2026-12-05,1.0459,1.1574,0.9536,0,0,0
P06,2026-12-06,1.0503,1.0828,0.9536,0,0,0
P06,2026-12-07,1.0511,0.9215,0.9536,0,0,0
P06,2026-12-08,1.0528,0.9418,0.9536,0,0,0
P06,2026-12-09,1.0568,0.9418,0.9536,0,0,0
P06,2026-12-10,1.0585,1.0237,0.9536,0,0,0
P06,2026-12-11,1.0618,1.0149,0.9536,0,0,0
P06,2026-12-12,1.0605,1.1574,0.9536,0,0,0
P06,2026-12-13,1.0648,1.0828,0.9536,0,0,0
P06,2026-12-14,1.0652,0.9215,0.9536,0,0,0
P06,2026-12-15,1.0653,0.9418,0.9536,0,0,0
P06,2026-12-16,1.0677,0.9418,0.9536,0,0,0
P06,2026-12-17,1.0725,1.0237,0.9536,0,0,0
P06,2026-12-18,1.0789,1.0149,0.9536,0,0,0
P06,2026-12-19,1.0853,1.1574,0.9536,0,0,0
P06,2026-12-20,1.0855,1.0828,0.9536,0,0,0
P06,2026-12-21,1.0879,0.9215,0.9536,0,0,0
P06,2026-12-22,1.0888,0.9418,0.9536,0,0,0
P06,2026-12-23,1.0841,0.9418,0.9536,0,0,0
P06,2026-12-24,1.0838,1.0237,0.9536,0,0,0
P06,2026-12-25,1.0803,1.0149,0.9536,0,0,0
P06,2026-12-26,1.0791,1.1574,0.9536,0,0,0
P06,2026-12-27,1.0816,1.0828,0.9536,0,0,0
P06,2026-12-28,1.0793,0.9215,0.9536,0,0,0
P06,2026-12-29,1.0759,0.9418,0.9536,0,0,0
P06,2026-12-30,1.0728,0.9418,0.9536,0,0,0
P06,2026-12-31,1.0712,1.0237,0.9536,0,0,0
P06,2027-01-01,1.0706,1.0149,0.7304,0,0,0
P06,2027-01-02,1.0685,1.1574,0.9536,0,0,0
P06,2027-01-03,1.0693,1.0828,0.9536,0,0,0
P06,2027-01-04,1.0745,0.9215,0.9536,0,0,0
P06,2027-01-05,1.0715,0.9418,0.9536,0,0,0
P06,2027-01-06,1.0678,0.9418,0.9536,0,0,0
P06,2027-01-07,1.066,1.0237,0.9536,0,0,0
P06,2027-01-08,1.0624,1.0149,0.9536,0,0,0
P06,2027-01-09,1.0603,1.1574,0.9536,0,0,0
P06,2027-01-10,1.0582,1.0828,0.9536,0,0,0
P06,2027-01-11,1.054,0.9215,0.9536,0,0,0
P06,2027-01-12,1.0546,0.9418,0.9536,0,0,0
P06,2027-01-13,1.0526,0.9418,1.4182,0,0,0
P06,2027-01-14,1.0526,1.0237,1.4182,0,0,0
P06,2027-01-15,1.0483,1.0149,1.4182,0,0,0
P06,2027-01-16,1.0471,1.1574,1.4182,0,0,0
P06,2027-01-17,1.0424,1.0828,0.9536,0,0,0
P06,2027-01-18,1.0409,0.9215,0.9536,0,0,0
P06,2027-01-19,1.0404,0.9418,0.9536,0,0,0
P06,2027-01-20,1.0352,0.9418,0.9536,0,0,0
P06,2027-01-21,1.0311,1.0237,0.9536,0,0,0
P06,2027-01-22,1.0287,1.0149,0.9536,0,0,0
P06,2027-01-23,1.0278,1.1574,0.9536,0,0,0
P06,2027-01-24,1.0267,1.0828,0.9536,0,0,0
P06,2027-01-25,1.0253,0.9215,0.9536,0,0,0
P06,2027-01-26,1.0259,0.9418,0.7304,0,0,0
P06,2027-01-27,1.0236,0.9418,0.9536,0,0,0
P06,2027-01-28,1.0226,1.0237,0.9536,0,0,0
P06,2027-01-29,1.0223,1.0149,0.9536,0,0,0
P06,2027-01-30,1.0221,1.1574,0.9536,0,0,0
P06,2027-01-31,1.0195,1.0828,0.9536,0,0,0
P06,2027-02-01,1.0187,0.9215,0.9536,0,0,0
P06,2027-02-02,1.0195,0.9418,0.9536,0,0,0
P06,2027-02-03,1.014,0.9418,0.9536,0,0,0
P06,2027-02-04,1.0121,1.0237,0.9536,0,0,0
P06,2027-02-05,1.0125,1.0149,0.9536,0,0,0
P06,2027-02-06,1.0091,1.1574,0.9536,0,0,0
P06,2027-02-07,1.0072,1.0828,0.9536,0,0,0
P06,2027-02-08,1.0081,0.9215,0.9536,0,0,0
P06,2027-02-09,1.0098,0.9418,0.9536,0,0,0
P06,2027-02-10,1.0071,0.9418,0.9536,0,0,0
P06,2027-02-11,1.0039,1.0237,0.9536,0,0,0
P06,2027-02-12,1.0029,1.0149,0.9536,0,0,0
P06,2027-02-13,1.0003,1.1574,0.9536,0,0,0
P06,2027-02-14,1.0029,1.0828,0.9536,0,0,0
P06,2027-02-15,1.0037,0.9215,0.9536,0,0,0
P06,2027-02-16,1.003,0.9418,0.9536,0,0,0
P06,2027-02-17,1.0035,0.9418,0.9536,0,0,0
P06,2027-02-18,1.0026,1.0237,0.9536,0,0,0
P06,2027-02-19,1.0051,1.0149,0.9536,0,0,0
P06,2027-02-20,1.0044,1.1574,0.9536,0,0,0
P06,2027-02-21,1.0027,1.0828,0.9536,0,0,0
P06,2027-02-22,1.0008,0.9215,0.9536,0,0,0
P06,2027-02-23,0.9993,0.9418,0.9536,0,0,0
P06,2027-02-24,1.0017,0.9418,0.9536,0,0,0
P06,2027-02-25,0.9997,1.0237,0.9536,0,0,0
P06,2027-02-26,1.0007,1.0149,0.9536,0,0,0
P06,2027-02-27,1.001,1.1574,0.9536,0,0,0
P06,2027-02-28,1.0016,1.0828,0.9536,0,0,0
P06,2027-03-01,1.0027,0.9215,1.0043,0,0,0
P06,2027-03-02,1.0011,0.9418,1.0043,0,0,0
P06,2027-03-03,1.0037,0.9418,1.0043,0,0,0
P06,2027-03-04,1.0043,1.0237,1.0043,0,0,0
P06,2027-03-05,1.0056,1.0149,1.3771,0,0,0
P06,2027-03-06,1.0038,1.1574,1.3771,0,0,0
P06,2027-03-07,1.0063,1.0828,1.0043,0,0,0
P06,2027-03-08,1.005,0.9215,1.0043,0,0,0
P06,2027-03-09,1.0056,0.9418,1.0043,0,0,0
P06,2027-03-10,1.0071,0.9418,1.0043,0,0,0
P06,2027-03-11,1.0059,1.0237,1.0043,0,0,0
P06,2027-03-12,1.0046,1.0149,1.3771,0,0,0
P06,2027-03-13,0.9983,1.1574,1.3771,0,0,0
P06,2027-03-14,0.9955,1.0828,1.0043,0,0,0
P06,2027-03-15,0.9943,0.9215,1.0043,0,0,0
P06,2027-03-16,0.9939,0.9418,1.0043,0,0,0
P06,2027-03-17,0.994,0.9418,1.0043,0,0,0
P06,2027-03-18,0.9918,1.0237,1.0043,0,0,0
P06,2027-03-19,0.9869,1.0149,1.3771,0,0,0
P06,2027-03-20,0.9837,1.1574,1.3771,0,0,0
P06,2027-03-21,0.9796,1.0828,1.0043,0,0,0
P06,2027-03-22,0.981,0.9215,1.0043,0,0,0
P06,2027-03-23,0.9814,0.9418,1.0043,0,0,0
P06,2027-03-24,0.977,0.9418,1.0043,0,0,0
P06,2027-03-25,0.9771,1.0237,1.0043,0,0,0
P06,2027-03-26,0.9764,1.0149,1.3771,0,0,0
P06,2027-03-27,0.9703,1.1574,1.3771,0,0,0
P06,2027-03-28,0.972,1.0828,1.0043,0,0,0
P06,2027-03-29,0.9722,0.9215,1.0043,0,0,0
P06,2027-03-30,0.9753,0.9418,1.0043,0,0,0
P06,2027-03-31,0.9765,0.9418,1.0043,0,0,0
P06,2027-04-01,0.9749,1.0237,1.0043,0,0,0
P06,2027-04-02,0.9754,1.0149,1.0043,0,0,0
P06,2027-04-03,0.9756,1.1574,1.1335,0,0,0
P06,2027-04-04,0.9743,1.0828,1.1335,0,0,0
P06,2027-04-05,0.9756,0.9215,1.0043,0,0,0
P06,2027-04-06,0.977,0.9418,1.0043,0,0,0
P06,2027-04-07,0.9745,0.9418,1.0043,0,0,0
P06,2027-04-08,0.9728,1.0237,1.0043,0,0,0
P06,2027-04-09,0.9731,1.0149,1.0043,0,0,0
P06,2027-04-10,0.9732,1.1574,1.1335,0,0,0
P06,2027-04-11,0.9715,1.0828,1.1335,0,0,0
P06,2027-04-12,0.9691,0.9215,1.0043,0,0,0
P06,2027-04-13,0.9683,0.9418,1.0043,0,0,0
P06,2027-04-14,0.9677,0.9418,1.0043,0,0,0
P06,2027-04-15,0.9682,1.0237,1.0043,0,0,0
P06,2027-04-16,0.9707,1.0149,1.0043,0,0,0
P06,2027-04-17,0.976,1.1574,1.1335,0,0,0
P06,2027-04-18,0.9734,1.0828,1.1335,0,0,0
P06,2027-04-19,0.9717,0.9215,1.0043,0,0,0
P06,2027-04-20,0.9716,0.9418,1.0043,0,0,0
P06,2027-04-21,0.9707,0.9418,1.0043,0,0,0
P06,2027-04-22,0.9706,1.0237,1.0043,0,0,0
P06,2027-04-23,0.9718,1.0149,1.0043,0,0,0
P06,2027-04-24,0.9712,1.1574,1.1335,0,0,0
P06,2027-04-25,0.97,1.0828,1.1335,0,0,0
P06,2027-04-26,0.9693,0.9215,1.0043,0,0,0
P06,2027-04-27,0.97,0.9418,1.0043,0,0,0
P06,2027-04-28,0.971,0.9418,1.0043,0,0,0
P06,2027-04-29,0.9689,1.0237,1.0043,0,0,0
P06,2027-04-30,0.9667,1.0149,1.0043,0,0,0
P06,2027-05-01,0.9689,1.1574,1.1335,0,0,0
P06,2027-05-02,0.9643,1.0828,1.1335,0,0,0
P06,2027-05-03,0.9632,0.9215,1.0043,0,0,0
P06,2027-05-04,0.9684,0.9418,1.0043,0,0,0
P06,2027-05-05,0.969,0.9418,1.0043,0,0,0
P06,2027-05-06,0.9675,1.0237,1.0043,0,0,0
P06,2027-05-07,0.9709,1.0149,1.0043,0,0,0
P06,2027-05-08,0.9706,1.1574,1.1335,0,0,0
P06,2027-05-09,0.9723,1.0828,1.1335,0,0,0
P06,2027-05-10,0.9703,0.9215,1.0043,0,0,0
P06,2027-05-11,0.9701,0.9418,1.0043,0,0,0
P06,2027-05-12,0.973,0.9418,1.0043,0,0,0
P06,2027-05-13,0.9727,1.0237,1.0043,0,0,0
P06,2027-05-14,0.9718,1.0149,1.0043,0,0,0
P06,2027-05-15,0.9747,1.1574,1.1335,0,0,0
P06,2027-05-16,0.9715,1.0828,1.1335,0,0,0
P06,2027-05-17,0.9706,0.9215,1.0043,0,0,0
P06,2027-05-18,0.972,0.9418,1.0043,0,0,0
P06,2027-05-19,0.9691,0.9418,1.0043,0,0,0
P06,2027-05-20,0.9659,1.0237,1.0043,0,0,0
P06,2027-05-21,0.9669,1.0149,1.0043,0,0,0
P06,2027-05-22,0.9679,1.1574,1.1335,0,0,0
P06,2027-05-23,0.9689,1.0828,1.1335,0,0,0
P06,2027-05-24,0.9697,0.9215,1.0043,0,0,0
P06,2027-05-25,0.9691,0.9418,1.0043,0,0,0
P06,2027-05-26,0.9689,0.9418,1.0043,0,0,0
P06,2027-05-27,0.9674,1.0237,1.0043,0,0,0
P06,2027-05-28,0.9648,1.0149,1.0043,0,0,0
P06,2027-05-29,0.9658,1.1574,1.1335,0,0,0
P06,2027-05-30,0.9629,1.0828,1.1335,0,0,0
P06,2027-05-31,0.9614,0.9215,1.0043,0,0,0
P06,2027-06-01,0.9589,0.9418,1.0043,0,0,0
P06,2027-06-02,0.9566,0.9418,1.0043,0,0,0
P06,2027-06-03,0.9564,1.0237,1.0043,0,0,0
P06,2027-06-04,0.9545,1.0149,1.0043,0,0,0
P06,2027-06-05,0.9524,1.1574,1.0043,0,0,0
P06,2027-06-06,0.9527,1.0828,1.0043,0,0,0
P06,2027-06-07,0.9498,0.9215,1.0043,0,0,0
P06,2027-06-08,0.9481,0.9418,1.0043,0,0,0
P06,2027-06-09,0.9452,0.9418,1.0043,0,0,0
P06,2027-06-10,0.9453,1.0237,1.0043,0,0,0
P06,2027-06-11,0.9461,1.0149,1.0043,0,0,0
P06,2027-06-12,0.9441,1.1574,1.0043,0,0,0
P06,2027-06-13,0.9452,1.0828,1.0043,0,0,0
P06,2027-06-14,0.9428,0.9215,1.0043,0,0,0
P06,2027-06-15,0.94,0.9418,1.0043,0,0,0
P06,2027-06-16,0.9383,0.9418,1.0043,0,0,0
P06,2027-06-17,0.9357,1.0237,1.0043,0,0,0
P06,2027-06-18,0.9387,1.0149,1.0043,0,0,0
P06,2027-06-19,0.9392,1.1574,1.0043,0,0,0
P06,2027-06-20,0.9406,1.0828,1.0043,0,0,0
P06,2027-06-21,0.9397,0.9215,1.0043,0,0,0
P06,2027-06-22,0.9422,0.9418,1.0043,0,0,0
P06,2027-06-23,0.9456,0.9418,1.0043,0,0,0
P06,2027-06-24,0.9454,1.0237,1.0043,0,0,0
P06,2027-06-25,0.9455,1.0149,1.0043,0,0,0
P06,2027-06-26,0.9465,1.1574,1.0043,0,0,0
P06,2027-06-27,0.9484,1.0828,1.0043,0,0,0
P06,2027-06-28,0.9474,0.9215,1.0043,0,0,0
P06,2027-06-29,0.9451,0.9418,1.0043,0,0,0
P06,2027-06-30,0.9475,0.9418,1.0043,0,0,0
P06,2027-07-01,0.9462,1.0237,1.058,0,0,0
P06,2027-07-02,0.9429,1.0149,1.4507,0,0,0
P06,2027-07-03,0.9356,1.1574,1.4507,0,0,0
P06,2027-07-04,0.9314,1.0828,1.058,0,0,0
P06,2027-07-05,0.932,0.9215,1.058,0,0,0
P06,2027-07-06,0.9334,0.9418,1.058,0,0,0
P06,2027-07-07,0.9348,0.9418,1.058,0,0,0
P06,2027-07-08,0.9359,1.0237,1.058,0,0,0
P06,2027-07-09,0.9347,1.0149,1.4507,0,0,0
P06,2027-07-10,0.9375,1.1574,1.4507,0,0,0
P06,2027-07-11,0.9355,1.0828,1.058,0,0,0
P06,2027-07-12,0.9348,0.9215,1.058,0,0,0
P06,2027-07-13,0.9363,0.9418,1.058,0,0,0
P06,2027-07-14,0.9371,0.9418,1.058,0,0,0
P06,2027-07-15,0.9364,1.0237,1.058,0,0,0
P06,2027-07-16,0.9355,1.0149,1.4507,0,0,0
P06,2027-07-17,0.937,1.1574,1.4507,0,0,0
P06,2027-07-18,0.9408,1.0828,1.058,0,0,0
P06,2027-07-19,0.9409,0.9215,1.058,0,0,0
P06,2027-07-20,0.9436,0.9418,1.058,0,0,0
P06,2027-07-21,0.9452,0.9418,1.058,0,0,0
P06,2027-07-22,0.9457,1.0237,1.058,0,0,0
P06,2027-07-23,0.9474,1.0149,1.4507,0,0,0
P06,2027-07-24,0.9444,1.1574,1.4507,0,0,0
P06,2027-07-25,0.9432,1.0828,1.058,0,0,0
P06,2027-07-26,0.9424,0.9215,1.058,0,0,0
P06,2027-07-27,0.9422,0.9418,1.058,0,0,0
P06,2027-07-28,0.9424,0.9418,1.058,0,0,0
P06,2027-07-29,0.9418,1.0237,1.058,0,0,0
P06,2027-07-30,0.94,1.0149,1.4507,0,0,0
P06,2027-07-31,0.9404,1.1574,1.4507,0,0,0
P06,2027-08-01,0.942,1.0828,1.058,0,0,0
P06,2027-08-02,0.9392,0.9215,1.058,0,0,0
P06,2027-08-03,0.9354,0.9418,1.058,0,0,0
P06,2027-08-04,0.9399,0.9418,1.058,0,0,0
P06,2027-08-05,0.9373,1.0237,1.058,0,0,0
P06,2027-08-06,0.9389,1.0149,1.058,0,0,0
P06,2027-08-07,0.9364,1.1574,1.058,0,0,0
P06,2027-08-08,0.9356,1.0828,1.058,0,0,0
P06,2027-08-09,0.9352,0.9215,1.058,0,0,0
P06,2027-08-10,0.9343,0.9418,1.058,0,0,0
P06,2027-08-11,0.9331,0.9418,1.058,0,0,0
P06,2027-08-12,0.9355,1.0237,1.058,0,0,0
P06,2027-08-13,0.9334,1.0149,1.058,0,0,0
P06,2027-08-14,0.9327,1.1574,1.058,0,0,0
P06,2027-08-15,0.9324,1.0828,1.9714,0,0,0
P06,2027-08-16,0.931,0.9215,1.9714,0,0,0
P06,2027-08-17,0.9339,0.9418,1.9714,0,0,0
P06,2027-08-18,0.9338,0.9418,1.058,0,0,0
P06,2027-08-19,0.9339,1.0237,1.058,0,0,0
P06,2027-08-20,0.9332,1.0149,1.058,0,0,0
P06,2027-08-21,0.9363,1.1574,1.058,0,0,0
P06,2027-08-22,0.9375,1.0828,1.058,0,0,0
P06,2027-08-23,0.9334,0.9215,1.058,0,0,0
P06,2027-08-24,0.9349,0.9418,1.058,0,0,0
P06,2027-08-25,0.9332,0.9418,1.058,0,0,0
P06,2027-08-26,0.9337,1.0237,1.058,0,0,0
P06,2027-08-27,0.9336,1.0149,1.058,0,0,0
P06,2027-08-28,0.9368,1.1574,1.058,0,0,0
P06,2027-08-29,0.9389,1.0828,1.058,0,0,0
P06,2027-08-30,0.9412,0.9215,1.058,0,0,0
P06,2027-08-31,0.9434,0.9418,1.058,0,0,0
P06,2027-09-01,0.9447,0.9418,1.058,0,0,0
P06,2027-09-02,0.9448,1.0237,1.058,0,0,0
P06,2027-09-03,0.946,1.0149,1.058,0,0,0
P06,2027-09-04,0.9512,1.1574,1.058,0,0,0
P06,2027-09-05,0.9538,1.0828,1.058,0,0,0
P06,2027-09-06,0.9532,0.9215,1.058,0,0,0
P06,2027-09-07,0.953,0.9418,1.058,0,0,0
P06,2027-09-08,0.9519,0.9418,1.058,0,0,0
P06,2027-09-09,0.9481,1.0237,1.058,0,0,0
P06,2027-09-10,0.9486,1.0149,1.058,0,0,0
P06,2027-09-11,0.944,1.1574,1.058,0,0,0
P06,2027-09-12,0.9442,1.0828,1.058,0,0,0
P06,2027-09-13,0.9423,0.9215,1.058,0,0,0
P06,2027-09-14,0.9439,0.9418,1.058,0,0,0
P06,2027-09-15,0.9475,0.9418,1.058,0,0,0
P06,2027-09-16,0.9451,1.0237,1.058,0,0,0
P06,2027-09-17,0.947,1.0149,1.058,0,0,0
P06,2027-09-18,0.9416,1.1574,1.058,0,0,0
P06,2027-09-19,0.9412,1.0828,1.058,0,0,0
P06,2027-09-20,0.9416,0.9215,1.058,0,0,0
P06,2027-09-21,0.9393,0.9418,1.058,0,0,0
P06,2027-09-22,0.9412,0.9418,1.058,0,0,0
P06,2027-09-23,0.9452,1.0237,1.058,0,0,0
P06,2027-09-24,0.9441,1.0149,1.058,0,0,0
P06,2027-09-25,0.9443,1.1574,1.058,0,0,0
P06,2027-09-26,0.9445,1.0828,1.058,0,0,0
P06,2027-09-27,0.9437,0.9215,1.058,0,0,0
P06,2027-09-28,0.9419,0.9418,1.058,0,0,0
P06,2027-09-29,0.9422,0.9418,1.058,0,0,0
P06,2027-09-30,0.9473,1.0237,1.058,0,0,0
P06,2027-10-01,0.9521,1.0149,1.3712,0,0,0
P06,2027-10-02,0.9583,1.1574,1.3712,0,0,0
P06,2027-10-03,0.9594,1.0828,1.0,0,0,0
P06,2027-10-04,0.9575,0.9215,1.0,0,0,0
P06,2027-10-05,0.9563,0.9418,1.0,0,0,0
P06,2027-10-06,0.9558,0.9418,1.0,0,0,0
P06,2027-10-07,0.9579,1.0237,1.0,0,0,0
P06,2027-10-08,0.9589,1.0149,1.3712,0,0,0
P06,2027-10-09,0.9646,1.1574,1.3712,0,0,0
P06,2027-10-10,0.969,1.0828,1.0,0,0,0
P06,2027-10-11,0.9674,0.9215,1.0,0,0,0
P06,2027-10-12,0.964,0.9418,1.0,0,0,0
P06,2027-10-13,0.9649,0.9418,1.0,0,0,0
P06,2027-10-14,0.9648,1.0237,1.0,0,0,0
P06,2027-10-15,0.969,1.0149,1.3712,0,0,0
P06,2027-10-16,0.9701,1.1574,1.3712,0,0,0
P06,2027-10-17,0.9738,1.0828,1.0,0,0,0
P06,2027-10-18,0.975,0.9215,1.0,0,0,0
P06,2027-10-19,0.976,0.9418,1.0,0,0,0
P06,2027-10-20,0.9803,0.9418,2.7797,0,0,0
P06,2027-10-21,0.98,1.0237,2.7797,0,0,0
P06,2027-10-22,0.9854,1.0149,2.7797,0,0,0
P06,2027-10-23,0.9864,1.1574,2.7797,0,0,0
P06,2027-10-24,0.9903,1.0828,2.7797,0,0,0
P06,2027-10-25,0.9888,0.9215,2.7797,0,0,0
P06,2027-10-26,0.989,0.9418,1.0,0,0,0
P06,2027-10-27,0.9891,0.9418,1.0,0,0,0
P06,2027-10-28,0.9909,1.0237,1.0,0,0,0
P06,2027-10-29,0.9944,1.0149,1.3712,0,0,0
P06,2027-10-30,0.9983,1.1574,1.3712,0,0,0
P06,2027-10-31,1.0016,1.0828,1.0,0,0,0
P06,2027-11-01,1.0108,0.9215,2.6145,0,0,0
P06,2027-11-02,1.0082,0.9418,2.6145,0,0,0
P06,2027-11-03,1.0089,0.9418,2.6145,0,0,0
P06,2027-11-04,1.008,1.0237,0.9536,0,0,0
P06,2027-11-05,1.0098,1.0149,0.9536,0,0,0
P06,2027-11-06,1.0089,1.1574,0.9536,0,0,0
P06,2027-11-07,1.0092,1.0828,0.9536,0,0,0
P06,2027-11-08,1.0124,0.9215,0.9536,0,0,0
P06,2027-11-09,1.0151,0.9418,0.9536,0,0,0
P06,2027-11-10,1.014,0.9418,0.9536,0,0,0
P06,2027-11-11,1.0137,1.0237,0.9536,0,0,0
P06,2027-11-12,1.017,1.0149,0.9536,0,0,0
P06,2027-11-13,1.0175,1.1574,0.9536,0,0,0
P06,2027-11-14,1.0184,1.0828,0.9536,0,0,0
P06,2027-11-15,1.0183,0.9215,0.9536,0,0,0
P06,2027-11-16,1.0238,0.9418,0.9536,0,0,0
P06,2027-11-17,1.0254,0.9418,0.9536,0,0,0
P06,2027-11-18,1.0247,1.0237,0.9536,0,0,0
P06,2027-11-19,1.0241,1.0149,0.9536,0,0,0
P06,2027-11-20,1.0249,1.1574,0.9536,0,0,0
P06,2027-11-21,1.0278,1.0828,0.9536,0,0,0
P06,2027-11-22,1.0292,0.9215,0.9536,0,0,0
P06,2027-11-23,1.0332,0.9418,0.9536,0,0,0
P06,2027-11-24,1.0358,0.9418,0.9536,0,0,0
P06,2027-11-25,1.0359,1.0237,0.9536,0,0,0
P06,2027-11-26,1.035,1.0149,0.9536,0,0,0
P06,2027-11-27,1.0356,1.1574,0.9536,0,0,0
P06,2027-11-28,1.0348,1.0828,0.9536,0,0,0
P06,2027-11-29,1.0347,0.9215,0.9536,0,0,0
P06,2027-11-30,1.0347,0.9418,0.9536,0,0,0
P06,2027-12-01,1.0375,0.9418,0.9536,0,0,0
P06,2027-12-02,1.0384,1.0237,0.9536,0,0,0
P06,2027-12-03,1.0345,1.0149,0.9536,0,0,0
P06,2027-12-04,1.0336,1.1574,0.9536,0,0,0
P06,2027-12-05,1.037,1.0828,0.9536,0,0,0
P06,2027-12-06,1.0421,0.9215,0.9536,0,0,0
P06,2027-12-07,1.0457,0.9418,0.9536,0,0,0
P06,2027-12-08,1.0504,0.9418,0.9536,0,0,0
P06,2027-12-09,1.0554,1.0237,0.9536,0,0,0
P06,2027-12-10,1.0611,1.0149,0.9536,0,0,0
P06,2027-12-11,1.063,1.1574,0.9536,0,0,0
P06,2027-12-12,1.0688,1.0828,0.9536,0,0,0
P06,2027-12-13,1.0692,0.9215,0.9536,0,0,0
P06,2027-12-14,1.0696,0.9418,0.9536,0,0,0
P06,2027-12-15,1.0725,0.9418,0.9536,0,0,0
P06,2027-12-16,1.0722,1.0237,0.9536,0,0,0
P06,2027-12-17,1.0779,1.0149,0.9536,0,0,0
P06,2027-12-18,1.0816,1.1574,0.9536,0,0,0
P06,2027-12-19,1.0858,1.0828,0.9536,0,0,0
P06,2027-12-20,1.0872,0.9215,0.9536,0,0,0
P06,2027-12-21,1.0878,0.9418,0.9536,0,0,0
P06,2027-12-22,1.0886,0.9418,0.9536,0,0,0
P06,2027-12-23,1.089,1.0237,0.9536,0,0,0
P06,2027-12-24,1.0899,1.0149,0.9536,0,0,0
P06,2027-12-25,1.0887,1.1574,0.9536,0,0,0
P06,2027-12-26,1.0945,1.0828,0.9536,0,0,0
P06,2027-12-27,1.097,0.9215,0.9536,0,0,0
P06,2027-12-28,1.1019,0.9418,0.9536,0,0,0
P06,2027-12-29,1.0992,0.9418,0.9536,0,0,0
P06,2027-12-30,1.1024,1.0237,0.9536,0,0,0
P06,2027-12-31,1.0995,1.0149,0.9536,0,0,0
P07,2026-01-01,0.5655,0.9953,0.7148,0,0,0
P07,2026-01-02,0.5687,1.0583,0.9406,0,0,0
P07,2026-01-03,0.5655,1.1202,0.9406,0,0,0
P07,2026-01-04,0.5679,1.0841,0.9406,0,0,0
P07,2026-01-05,0.5674,0.9212,0.9406,0,0,0
P07,2026-01-06,0.5703,0.948,0.9406,0,0,0
P07,2026-01-07,0.5728,0.9526,0.9406,0,0,0
P07,2026-01-08,0.5784,0.9953,0.9406,0,0,0
P07,2026-01-09,0.5809,1.0583,0.9406,0,0,0
P07,2026-01-10,0.5928,1.1202,0.9406,0,0,0
P07,2026-01-11,0.5957,1.0841,0.9406,0,0,0
P07,2026-01-12,0.6001,0.9212,0.9406,0,0,0
P07,2026-01-13,0.6066,0.948,1.4429,0,0,0
P07,2026-01-14,0.6103,0.9526,1.4429,0,0,0
P07,2026-01-15,0.6141,0.9953,1.4429,0,0,0
P07,2026-01-16,0.617,1.0583,1.4429,0,0,0
P07,2026-01-17,0.6221,1.1202,0.9406,0,0,0
P07,2026-01-18,0.6241,1.0841,0.9406,0,0,0
P07,2026-01-19,0.6246,0.9212,0.9406,0,0,0
P07,2026-01-20,0.6275,0.948,0.9406,0,0,0
P07,2026-01-21,0.627,0.9526,0.9406,0,0,0
P07,2026-01-22,0.6318,0.9953,0.9406,0,0,0
P07,2026-01-23,0.6355,1.0583,0.9406,0,0,0
P07,2026-01-24,0.6366,1.1202,0.9406,0,0,0
P07,2026-01-25,0.6316,1.0841,0.9406,0,0,0
P07,2026-01-26,0.6342,0.9212,0.7148,0,0,0
P07,2026-01-27,0.6353,0.948,0.9406,0,0,0
P07,2026-01-28,0.6368,0.9526,0.9406,0,0,0
P07,2026-01-29,0.639,0.9953,0.9406,0,0,0
P07,2026-01-30,0.6429,1.0583,0.9406,0,0,0
P07,2026-01-31,0.6456,1.1202,0.9406,0,0,0
P07,2026-02-01,0.649,1.0841,0.9406,0,0,0
P07,2026-02-02,0.6546,0.9212,0.9406,0,0,0
P07,2026-02-03,0.655,0.948,0.9406,0,0,0
P07,2026-02-04,0.6563,0.9526,0.9406,0,0,0
P07,2026-02-05,0.6559,0.9953,0.9406,0,0,0
P07,2026-02-06,0.661,1.0583,0.9406,0,0,0
P07,2026-02-07,0.6653,1.1202,0.9406,0,0,0
P07,2026-02-08,0.6681,1.0841,0.9406,0,0,0
P07,2026-02-09,0.6686,0.9212,0.9406,0,0,0
P07,2026-02-10,0.6697,0.948,0.9406,0,0,0
P07,2026-02-11,0.6706,0.9526,0.9406,0,0,0
P07,2026-02-12,0.6721,0.9953,0.9406,0,0,0
P07,2026-02-13,0.6742,1.0583,0.9406,0,0,0
P07,2026-02-14,0.6776,1.1202,0.9406,0,0,0
P07,2026-02-15,0.6807,1.0841,0.9406,0,0,0
P07,2026-02-16,0.6814,0.9212,0.9406,0,0,0
P07,2026-02-17,0.6888,0.948,0.9406,0,0,0
P07,2026-02-18,0.6966,0.9526,0.9406,0,0,0
P07,2026-02-19,0.7029,0.9953,0.9406,0,0,0
P07,2026-02-20,0.7025,1.0583,0.9406,0,0,0
P07,2026-02-21,0.7082,1.1202,0.9406,0,0,0
P07,2026-02-22,0.7126,1.0841,0.9406,0,0,0
P07,2026-02-23,0.7191,0.9212,0.9406,0,0,0
P07,2026-02-24,0.7241,0.948,0.9406,0,0,0
P07,2026-02-25,0.7314,0.9526,0.9406,0,0,0
P07,2026-02-26,0.736,0.9953,0.9406,0,0,0
P07,2026-02-27,0.7395,1.0583,0.9406,0,0,0
P07,2026-02-28,0.7492,1.1202,0.9406,0,0,0
P07,2026-03-01,0.754,1.0841,1.2056,0,0,0
P07,2026-03-02,0.7597,0.9212,1.2056,0,0,0
P07,2026-03-03,0.7635,0.948,1.2056,0,0,0
P07,2026-03-04,0.7666,0.9526,1.2056,0,0,0
P07,2026-03-05,0.7684,0.9953,1.2056,0,0,0
P07,2026-03-06,0.7753,1.0583,1.6899,0,0,0
P07,2026-03-07,0.7775,1.1202,1.6899,0,0,0
P07,2026-03-08,0.7845,1.0841,1.2056,0,0,0
P07,2026-03-09,0.7905,0.9212,1.2056,0,0,0
P07,2026-03-10,0.7952,0.948,1.2056,0,0,0
P07,2026-03-11,0.7971,0.9526,1.2056,0,0,0
P07,2026-03-12,0.7973,0.9953,1.2056,0,0,0
P07,2026-03-13,0.7993,1.0583,1.6899,0,0,0
P07,2026-03-14,0.8036,1.1202,1.6899,0,0,0
P07,2026-03-15,0.8123,1.0841,1.2056,0,0,0
P07,2026-03-16,0.8168,0.9212,1.2056,0,0,0
P07,2026-03-17,0.8231,0.948,1.2056,0,0,0
P07,2026-03-18,0.8268,0.9526,1.2056,0,0,0
P07,2026-03-19,0.8289,0.9953,1.2056,0,0,0
P07,2026-03-20,0.8305,1.0583,1.6899,0,0,0
P07,2026-03-21,0.8328,1.1202,1.6899,0,0,0
P07,2026-03-22,0.8375,1.0841,1.2056,0,0,0
P07,2026-03-23,0.8451,0.9212,1.2056,0,0,0
P07,2026-03-24,0.8463,0.948,1.2056,0,0,0
P07,2026-03-25,0.8508,0.9526,1.2056,0,0,0
P07,2026-03-26,0.8532,0.9953,1.2056,0,0,0
P07,2026-03-27,0.8569,1.0583,1.6899,0,0,0
P07,2026-03-28,0.8666,1.1202,1.6899,0,0,0
P07,2026-03-29,0.8648,1.0841,1.2056,0,0,0
P07,2026-03-30,0.8706,0.9212,1.2056,0,0,0
P07,2026-03-31,0.8762,0.948,1.2056,0,0,0
P07,2026-04-01,0.8766,0.9526,1.2056,0,0,0
P07,2026-04-02,0.8762,0.9953,1.2056,0,0,0
P07,2026-04-03,0.881,1.0583,1.2056,0,0,0
P07,2026-04-04,0.8844,1.1202,1.6354,0,0,0
P07,2026-04-05,0.8907,1.0841,1.6354,0,0,0
P07,2026-04-06,0.8916,0.9212,1.2056,0,0,0
P07,2026-04-07,0.8908,0.948,1.2056,0,0,0
P07,2026-04-08,0.895,0.9526,1.2056,0,0,0
P07,2026-04-09,0.8951,0.9953,1.2056,0,0,0
P07,2026-04-10,0.8889,1.0583,1.2056,0,0,0
P07,2026-04-11,0.8882,1.1202,1.6354,0,0,0
P07,2026-04-12,0.8882,1.0841,1.6354,0,0,0
P07,2026-04-13,0.8886,0.9212,1.2056,0,0,0
P07,2026-04-14,0.8935,0.948,1.2056,0,0,0
P07,2026-04-15,0.8927,0.9526,1.2056,0,0,0
P07,2026-04-16,0.8933,0.9953,1.2056,0,0,0
P07,2026-04-17,0.8942,1.0583,1.2056,0,0,0
P07,2026-04-18,0.8968,1.1202,1.6354,0,0,0
P07,2026-04-19,0.9019,1.0841,1.6354,0,0,0
P07,2026-04-20,0.9046,0.9212,1.2056,0,0,0
P07,2026-04-21,0.9101,0.948,1.2056,0,0,0
P07,2026-04-22,0.9099,0.9526,1.2056,0,0,0
P07,2026-04-23,0.9093,0.9953,1.2056,0,0,0
P07,2026-04-24,0.9143,1.0583,1.2056,0,0,0
P07,2026-04-25,0.925,1.1202,1.6354,0,0,0
P07,2026-04-26,0.9257,1.0841,1.6354,0,0,0
P07,2026-04-27,0.9293,0.9212,1.2056,0,0,0
P07,2026-04-28,0.9314,0.948,1.2056,0,0,0
P07,2026-04-29,0.9312,0.9526,1.2056,0,0,0
P07,2026-04-30,0.9336,0.9953,1.2056,0,0,0
P07,2026-05-01,0.9329,1.0583,1.2056,0,0,0
P07,2026-05-02,0.9332,1.1202,1.6354,0,0,0
P07,2026-05-03,0.928,1.0841,1.6354,0,0,0
P07,2026-05-04,0.933,0.9212,1.2056,0,0,0
P07,2026-05-05,0.9383,0.948,1.2056,0,0,0
P07,2026-05-06,0.9417,0.9526,1.2056,0,0,0
P07,2026-05-07,0.943,0.9953,1.2056,0,0,0
P07,2026-05-08,0.9429,1.0583,1.2056,0,0,0
P07,2026-05-09,0.9435,1.1202,1.6354,0,0,0
P07,2026-05-10,0.9465,1.0841,1.6354,0,0,0
P07,2026-05-11,0.9468,0.9212,1.2056,0,0,0
P07,2026-05-12,0.9523,0.948,1.2056,0,0,0
P07,2026-05-13,0.9553,0.9526,1.2056,0,0,0
P07,2026-05-14,0.955,0.9953,1.2056,0,0,0
P07,2026-05-15,0.9572,1.0583,1.2056,0,0,0
P07,2026-05-16,0.9575,1.1202,1.6354,0,0,0
P07,2026-05-17,0.9611,1.0841,1.6354,0,0,0
P07,2026-05-18,0.9648,0.9212,1.2056,0,0,0
P07,2026-05-19,0.9675,0.948,1.2056,0,0,0
P07,2026-05-20,0.9692,0.9526,1.2056,0,0,0
P07,2026-05-21,0.9716,0.9953,1.2056,0,0,0
P07,2026-05-22,0.9703,1.0583,1.2056,0,0,0
P07,2026-05-23,0.9704,1.1202,1.6354,0,0,0
P07,2026-05-24,0.9702,1.0841,1.6354,0,0,0
P07,2026-05-25,0.9725,0.9212,1.2056,0,0,0
P07,2026-05-26,0.9703,0.948,1.2056,0,0,0
P07,2026-05-27,0.9691,0.9526,1.2056,0,0,0
P07,2026-05-28,0.9679,0.9953,1.2056,0,0,0
P07,2026-05-29,0.96,1.0583,1.2056,0,0,0
P07,2026-05-30,0.9609,1.1202,1.6354,0,0,0
P07,2026-05-31,0.9623,1.0841,1.6354,0,0,0
P07,2026-06-01,0.9598,0.9212,1.2056,0,0,0
P07,2026-06-02,0.9586,0.948,1.2056,0,0,0
P07,2026-06-03,0.9582,0.9526,1.2056,0,0,0
P07,2026-06-04,0.9567,0.9953,1.2056,0,0,0
P07,2026-06-05,0.9593,1.0583,1.2056,0,0,0
P07,2026-06-06,0.9595,1.1202,1.2056,0,0,0
P07,2026-06-07,0.9572,1.0841,1.2056,0,0,0
P07,2026-06-08,0.9577,0.9212,1.2056,0,0,0
P07,2026-06-09,0.9611,0.948,1.2056,0,0,0
P07,2026-06-10,0.9652,0.9526,1.2056,0,0,0
P07,2026-06-11,0.966,0.9953,1.2056,0,0,0
P07,2026-06-12,0.965,1.0583,1.2056,0,0,0
P07,2026-06-13,0.9597,1.1202,1.2056,0,0,0
P07,2026-06-14,0.9597,1.0841,1.2056,0,0,0
P07,2026-06-15,0.957,0.9212,1.2056,0,0,0
P07,2026-06-16,0.9555,0.948,1.2056,0,0,0
P07,2026-06-17,0.9548,0.9526,1.2056,0,0,0
P07,2026-06-18,0.9591,0.9953,1.2056,0,0,0
P07,2026-06-19,0.9602,1.0583,1.2056,0,0,0
P07,2026-06-20,0.9609,1.1202,1.2056,0,0,0
P07,2026-06-21,0.9582,1.0841,1.2056,0,0,0
P07,2026-06-22,0.9574,0.9212,1.2056,0,0,0
P07,2026-06-23,0.9607,0.948,1.2056,0,0,0
P07,2026-06-24,0.9622,0.9526,1.2056,0,0,0
P07,2026-06-25,0.9646,0.9953,1.2056,0,0,0
P07,2026-06-26,0.961,1.0583,1.2056,0,0,0
P07,2026-06-27,0.9623,1.1202,1.2056,0,0,0
P07,2026-06-28,0.9587,1.0841,1.2056,0,0,0
P07,2026-06-29,0.9538,0.9212,1.2056,0,0,0
P07,2026-06-30,0.9527,0.948,1.2056,0,0,0
P07,2026-07-01,0.9561,0.9526,0.9369,0,0,0
P07,2026-07-02,0.9535,0.9953,0.9369,0,0,0
P07,2026-07-03,0.9507,1.0583,1.3132,0,0,0
P07,2026-07-04,0.9493,1.1202,1.3132,0,0,0
P07,2026-07-05,0.9534,1.0841,0.9369,0,0,0
P07,2026-07-06,0.957,0.9212,0.9369,0,0,0
P07,2026-07-07,0.9555,0.948,0.9369,0,0,0
P07,2026-07-08,0.9583,0.9526,0.9369,0,0,0
P07,2026-07-09,0.9624,0.9953,0.9369,0,0,0
P07,2026-07-10,0.9641,1.0583,1.3132,0,0,0
P07,2026-07-11,0.9625,1.1202,1.3132,0,0,0
P07,2026-07-12,0.9589,1.0841,0.9369,0,0,0
P07,2026-07-13,0.9566,0.9212,0.9369,0,0,0
P07,2026-07-14,0.9583,0.948,0.9369,0,0,0
P07,2026-07-15,0.9598,0.9526,0.9369,0,0,0
P07,2026-07-16,0.9601,0.9953,0.9369,0,0,0
P07,2026-07-17,0.9615,1.0583,1.3132,0,0,0
P07,2026-07-18,0.9608,1.1202,1.3132,0,0,0
P07,2026-07-19,0.9616,1.0841,0.9369,0,0,0
P07,2026-07-20,0.9616,0.9212,0.9369,0,0,0
P07,2026-07-21,0.9621,0.948,0.9369,0,0,0
P07,2026-07-22,0.9628,0.9526,0.9369,0,0,0
P07,2026-07-23,0.9608,0.9953,0.9369,0,0,0
P07,2026-07-24,0.9581,1.0583,1.3132,0,0,0
P07,2026-07-25,0.9585,1.1202,1.3132,0,0,0
P07,2026-07-26,0.9596,1.0841,0.9369,0,0,0
P07,2026-07-27,0.9624,0.9212,0.9369,0,0,0
P07,2026-07-28,0.9642,0.948,0.9369,0,0,0
P07,2026-07-29,0.9613,0.9526,0.9369,0,0,0
P07,2026-07-30,0.9657,0.9953,0.9369,0,0,0
P07,2026-07-31,0.9697,1.0583,1.3132,0,0,0
P07,2026-08-01,0.9703,1.1202,0.9369,0,0,0
P07,2026-08-02,0.9691,1.0841,0.9369,0,0,0
P07,2026-08-03,0.9655,0.9212,0.9369,0,0,0
P07,2026-08-04,0.9624,0.948,0.9369,0,0,0
P07,2026-08-05,0.9574,0.9526,0.9369,0,0,0
P07,2026-08-06,0.9588,0.9953,0.9369,0,0,0
P07,2026-08-07,0.9608,1.0583,0.9369,0,0,0
P07,2026-08-08,0.9597,1.1202,0.9369,0,0,0
P07,2026-08-09,0.9577,1.0841,0.9369,0,0,0
P07,2026-08-10,0.9526,0.9212,0.9369,0,0,0
P07,2026-08-11,0.9512,0.948,0.9369,0,0,0
P07,2026-08-12,0.9512,0.9526,0.9369,0,0,0
P07,2026-08-13,0.9541,0.9953,0.9369,0,0,0
P07,2026-08-14,0.9561,1.0583,0.9369,0,0,0
P07,2026-08-15,0.958,1.1202,1.8674,0,0,0
P07,2026-08-16,0.9562,1.0841,1.8674,0,0,0
P07,2026-08-17,0.9542,0.9212,1.8674,0,0,0
P07,2026-08-18,0.9615,0.948,0.9369,0,0,0
P07,2026-08-19,0.9601,0.9526,0.9369,0,0,0
P07,2026-08-20,0.96,0.9953,0.9369,0,0,0
P07,2026-08-21,0.9594,1.0583,0.9369,0,0,0
P07,2026-08-22,0.9612,1.1202,0.9369,0,0,0
P07,2026-08-23,0.9587,1.0841,0.9369,0,0,0
P07,2026-08-24,0.9585,0.9212,0.9369,0,0,0
P07,2026-08-25,0.9593,0.948,0.9369,0,0,0
P07,2026-08-26,0.9622,0.9526,0.9369,0,0,0
P07,2026-08-27,0.9646,0.9953,0.9369,0,0,0
P07,2026-08-28,0.9643,1.0583,0.9369,0,0,0
P07,2026-08-29,0.9636,1.1202,0.9369,0,0,0
P07,2026-08-30,0.9673,1.0841,0.9369,0,0,0
P07,2026-08-31,0.9739,0.9212,0.9369,0,0,0
P07,2026-09-01,0.9781,0.948,0.9369,0,0,0
P07,2026-09-02,0.9785,0.9526,0.9369,0,0,0
P07,2026-09-03,0.9777,0.9953,0.9369,0,0,0
P07,2026-09-04,0.9787,1.0583,0.9369,0,0,0
P07,2026-09-05,0.978,1.1202,0.9369,0,0,0
P07,2026-09-06,0.9753,1.0841,0.9369,0,0,0
P07,2026-09-07,0.9721,0.9212,0.9369,0,0,0
P07,2026-09-08,0.9694,0.948,0.9369,0,0,0
P07,2026-09-09,0.9658,0.9526,0.9369,0,0,0
P07,2026-09-10,0.9642,0.9953,0.9369,0,0,0
P07,2026-09-11,0.9601,1.0583,0.9369,0,0,0
P07,2026-09-12,0.9615,1.1202,0.9369,0,0,0
P07,2026-09-13,0.9624,1.0841,0.9369,0,0,0
P07,2026-09-14,0.9647,0.9212,0.9369,0,0,0
P07,2026-09-15,0.9657,0.948,0.9369,0,0,0
P07,2026-09-16,0.9614,0.9526,0.9369,0,0,0
P07,2026-09-17,0.9576,0.9953,0.9369,0,0,0
P07,2026-09-18,0.9529,1.0583,0.9369,0,0,0
P07,2026-09-19,0.9514,1.1202,0.9369,0,0,0
P07,2026-09-20,0.9519,1.0841,0.9369,0,0,0
P07,2026-09-21,0.9529,0.9212,0.9369,0,0,0
P07,2026-09-22,0.9521,0.948,0.9369,0,0,0
P07,2026-09-23,0.9571,0.9526,0.9369,0,0,0
P07,2026-09-24,0.9593,0.9953,0.9369,0,0,0
P07,2026-09-25,0.9631,1.0583,0.9369,0,0,0
P07,2026-09-26,0.9649,1.1202,0.9369,0,0,0
P07,2026-09-27,0.9664,1.0841,0.9369,0,0,0
P07,2026-09-28,0.9739,0.9212,0.9369,0,0,0
P07,2026-09-29,0.9749,0.948,0.9369,0,0,0
P07,2026-09-30,0.9771,0.9526,0.9369,0,0,0
P07,2026-10-01,0.983,0.9953,1.0,0,0,0
P07,2026-10-02,0.9885,1.0583,1.4016,0,0,0
P07,2026-10-03,0.9881,1.1202,1.4016,0,0,0
P07,2026-10-04,0.9896,1.0841,1.0,0,0,0
P07,2026-10-05,0.9927,0.9212,1.0,0,0,0
P07,2026-10-06,0.9934,0.948,1.0,0,0,0
P07,2026-10-07,0.994,0.9526,1.0,0,0,0
P07,2026-10-08,0.9965,0.9953,1.0,0,0,0
P07,2026-10-09,1.0,1.0583,1.4016,0,0,0
P07,2026-10-10,1.0036,1.1202,1.4016,0,0,0
P07,2026-10-11,1.0025,1.0841,1.0,0,0,0
P07,2026-10-12,1.0044,0.9212,1.0,0,0,0
P07,2026-10-13,1.0054,0.948,1.0,0,0,0
P07,2026-10-14,1.0054,0.9526,1.0,0,0,0
P07,2026-10-15,1.0097,0.9953,1.0,0,0,0
P07,2026-10-16,1.0099,1.0583,1.4016,0,0,0
P07,2026-10-17,1.0087,1.1202,1.4016,0,0,0
P07,2026-10-18,1.0147,1.0841,1.0,0,0,0
P07,2026-10-19,1.0144,0.9212,1.0,0,0,0
P07,2026-10-20,1.0211,0.948,2.8626,0,0,0
P07,2026-10-21,1.0197,0.9526,2.8626,0,0,0
P07,2026-10-22,1.0196,0.9953,2.8626,0,0,0
P07,2026-10-23,1.02,1.0583,2.8626,0,0,0
P07,2026-10-24,1.0211,1.1202,2.8626,0,0,0
P07,2026-10-25,1.0192,1.0841,2.8626,0,0,0
P07,2026-10-26,1.0208,0.9212,1.0,0,0,0
P07,2026-10-27,1.0235,0.948,1.0,0,0,0
P07,2026-10-28,1.0229,0.9526,1.0,0,0,0
P07,2026-10-29,1.0233,0.9953,1.0,0,0,0
P07,2026-10-30,1.0304,1.0583,1.4016,0,0,0
P07,2026-10-31,1.0288,1.1202,1.4016,0,0,0
P07,2026-11-01,1.0288,1.0841,2.5965,0,0,0
P07,2026-11-02,1.0317,0.9212,2.5965,0,0,0
P07,2026-11-03,1.0351,0.948,2.5965,0,0,0
P07,2026-11-04,1.0307,0.9526,0.9406,0,0,0
P07,2026-11-05,1.0309,0.9953,0.9406,0,0,0
P07,2026-11-06,1.0313,1.0583,0.9406,0,0,0
P07,2026-11-07,1.037,1.1202,0.9406,0,0,0
P07,2026-11-08,1.0411,1.0841,0.9406,0,0,0
P07,2026-11-09,1.0412,0.9212,0.9406,0,0,0
P07,2026-11-10,1.0431,0.948,0.9406,0,0,0
P07,2026-11-11,1.0396,0.9526,0.9406,0,0,0
P07,2026-11-12,1.0379,0.9953,0.9406,0,0,0
P07,2026-11-13,1.0359,1.0583,0.9406,0,0,0
P07,2026-11-14,1.0385,1.1202,0.9406,0,0,0
P07,2026-11-15,1.0382,1.0841,0.9406,0,0,0
P07,2026-11-16,1.0314,0.9212,0.9406,0,0,0
P07,2026-11-17,1.0349,0.948,0.9406,0,0,0
P07,2026-11-18,1.0404,0.9526,0.9406,0,0,0
P07,2026-11-19,1.0448,0.9953,0.9406,0,0,0
P07,2026-11-20,1.0459,1.0583,0.9406,0,0,0
P07,2026-11-21,1.0507,1.1202,0.9406,0,0,0
P07,2026-11-22,1.0499,1.0841,0.9406,0,0,0
P07,2026-11-23,1.0525,0.9212,0.9406,0,0,0
P07,2026-11-24,1.0509,0.948,0.9406,0,0,0
P07,2026-11-25,1.0539,0.9526,0.9406,0,0,0
P07,2026-11-26,1.0562,0.9953,0.9406,0,0,0
P07,2026-11-27,1.0539,1.0583,0.9406,0,0,0
P07,2026-11-28,1.0531,1.1202,0.9406,0,0,0
P07,2026-11-29,1.0473,1.0841,0.9406,0,0,0
P07,2026-11-30,1.0459,0.9212,0.9406,0,0,0
P07,2026-12-01,1.0469,0.948,0.9406,0,0,0
P07,2026-12-02,1.0463,0.9526,0.9406,0,0,0
P07,2026-12-03,1.0446,0.9953,0.9406,0,0,0
P07,2026-12-04,1.0464,1.0583,0.9406,0,0,0
P07,2026-12-05,1.0491,1.1202,0.9406,0,0,0
P07,2026-12-06,1.0513,1.0841,0.9406,0,0,0
P07,2026-12-07,1.0527,0.9212,0.9406,0,0,0
P07,2026-12-08,1.0552,0.948,0.9406,0,0,0
P07,2026-12-09,1.0583,0.9526,0.9406,0,0,0
P07,2026-12-10,1.0614,0.9953,0.9406,0,0,0
P07,2026-12-11,1.0619,1.0583,0.9406,0,0,0
P07,2026-12-12,1.0647,1.1202,0.9406,0,0,0
P07,2026-12-13,1.0683,1.0841,0.9406,0,0,0
P07,2026-12-14,1.0687,0.9212,0.9406,0,0,0
P07,2026-12-15,1.0775,0.948,0.9406,0,0,0
P07,2026-12-16,1.0805,0.9526,0.9406,0,0,0
P07,2026-12-17,1.085,0.9953,0.9406,0,0,0
P07,2026-12-18,1.0896,1.0583,0.9406,0,0,0
P07,2026-12-19,1.0881,1.1202,0.9406,0,0,0
P07,2026-12-20,1.0855,1.0841,0.9406,0,0,0
P07,2026-12-21,1.0935,0.9212,0.9406,0,0,0
P07,2026-12-22,1.0848,0.948,0.9406,0,0,0
P07,2026-12-23,1.0798,0.9526,0.9406,0,0,0
P07,2026-12-24,1.0807,0.9953,0.9406,0,0,0
P07,2026-12-25,1.0779,1.0583,0.9406,0,0,0
P07,2026-12-26,1.0775,1.1202,0.9406,0,0,0
P07,2026-12-27,1.0726,1.0841,0.9406,0,0,0
P07,2026-12-28,1.0713,0.9212,0.9406,0,0,0
P07,2026-12-29,1.0719,0.948,0.9406,0,0,0
P07,2026-12-30,1.0703,0.9526,0.9406,0,0,0
P07,2026-12-31,1.0653,0.9953,0.9406,0,0,0
P07,2027-01-01,1.0664,1.0583,0.7148,0,0,0
P07,2027-01-02,1.064,1.1202,0.9406,0,0,0
P07,2027-01-03,1.0626,1.0841,0.9406,0,0,0
P07,2027-01-04,1.0597,0.9212,0.9406,0,0,0
P07,2027-01-05,1.0587,0.948,0.9406,0,0,0
P07,2027-01-06,1.0564,0.9526,0.9406,0,0,0
P07,2027-01-07,1.0598,0.9953,0.9406,0,0,0
P07,2027-01-08,1.0575,1.0583,0.9406,0,0,0
P07,2027-01-09,1.0555,1.1202,0.9406,0,0,0
P07,2027-01-10,1.0529,1.0841,0.9406,0,0,0
P07,2027-01-11,1.0515,0.9212,0.9406,0,0,0
P07,2027-01-12,1.0523,0.948,0.9406,0,0,0
P07,2027-01-13,1.0438,0.9526,1.4429,0,0,0
P07,2027-01-14,1.0415,0.9953,1.4429,0,0,0
P07,2027-01-15,1.0424,1.0583,1.4429,0,0,0
P07,2027-01-16,1.0346,1.1202,1.4429,0,0,0
P07,2027-01-17,1.0358,1.0841,0.9406,0,0,0
P07,2027-01-18,1.0337,0.9212,0.9406,0,0,0
P07,2027-01-19,1.0349,0.948,0.9406,0,0,0
P07,2027-01-20,1.034,0.9526,0.9406,0,0,0
P07,2027-01-21,1.0345,0.9953,0.9406,0,0,0
P07,2027-01-22,1.0333,1.0583,0.9406,0,0,0
P07,2027-01-23,1.0301,1.1202,0.9406,0,0,0
P07,2027-01-24,1.026,1.0841,0.9406,0,0,0
P07,2027-01-25,1.0225,0.9212,0.9406,0,0,0
P07,2027-01-26,1.0201,0.948,0.7148,0,0,0
P07,2027-01-27,1.0152,0.9526,0.9406,0,0,0
P07,2027-01-28,1.0091,0.9953,0.9406,0,0,0
P07,2027-01-29,1.0112,1.0583,0.9406,0,0,0
P07,2027-01-30,1.0107,1.1202,0.9406,0,0,0
P07,2027-01-31,1.0135,1.0841,0.9406,0,0,0
P07,2027-02-01,1.014,0.9212,0.9406,0,0,0
P07,2027-02-02,1.0152,0.948,0.9406,0,0,0
P07,2027-02-03,1.0133,0.9526,0.9406,0,0,0
P07,2027-02-04,1.0112,0.9953,0.9406,0,0,0
P07,2027-02-05,1.0094,1.0583,0.9406,0,0,0
P07,2027-02-06,1.009,1.1202,0.9406,0,0,0
P07,2027-02-07,1.0082,1.0841,0.9406,0,0,0
P07,2027-02-08,1.0079,0.9212,0.9406,0,0,0
P07,2027-02-09,1.0046,0.948,0.9406,0,0,0
P07,2027-02-10,1.0045,0.9526,0.9406,0,0,0
P07,2027-02-11,0.9993,0.9953,0.9406,0,0,0
P07,2027-02-12,0.9954,1.0583,0.9406,0,0,0
P07,2027-02-13,0.9928,1.1202,0.9406,0,0,0
P07,2027-02-14,0.9908,1.0841,0.9406,0,0,0
P07,2027-02-15,0.9906,0.9212,0.9406,0,0,0
P07,2027-02-16,0.9875,0.948,0.9406,0,0,0
P07,2027-02-17,0.985,0.9526,0.9406,0,0,0
P07,2027-02-18,0.9806,0.9953,0.9406,0,0,0
P07,2027-02-19,0.9731,1.0583,0.9406,0,0,0
P07,2027-02-20,0.9742,1.1202,0.9406,0,0,0
P07,2027-02-21,0.9731,1.0841,0.9406,0,0,0
P07,2027-02-22,0.9736,0.9212,0.9406,0,0,0
P07,2027-02-23,0.9728,0.948,0.9406,0,0,0
P07,2027-02-24,0.9696,0.9526,0.9406,0,0,0
P07,2027-02-25,0.9698,0.9953,0.9406,0,0,0
P07,2027-02-26,0.969,1.0583,0.9406,0,0,0
P07,2027-02-27,0.9705,1.1202,0.9406,0,0,0
P07,2027-02-28,0.972,1.0841,0.9406,0,0,0
P07,2027-03-01,0.9718,0.9212,1.2056,0,0,0
P07,2027-03-02,0.9699,0.948,1.2056,0,0,0
P07,2027-03-03,0.9731,0.9526,1.2056,0,0,0
P07,2027-03-04,0.9699,0.9953,1.2056,0,0,0
P07,2027-03-05,0.9676,1.0583,1.6899,0,0,0
P07,2027-03-06,0.9681,1.1202,1.6899,0,0,0
P07,2027-03-07,0.9695,1.0841,1.2056,0,0,0
P07,2027-03-08,0.9722,0.9212,1.2056,0,0,0
P07,2027-03-09,0.9724,0.948,1.2056,0,0,0
P07,2027-03-10,0.9736,0.9526,1.2056,0,0,0
P07,2027-03-11,0.9691,0.9953,1.2056,0,0,0
P07,2027-03-12,0.9663,1.0583,1.6899,0,0,0
P07,2027-03-13,0.9592,1.1202,1.6899,0,0,0
P07,2027-03-14,0.9604,1.0841,1.2056,0,0,0
P07,2027-03-15,0.9539,0.9212,1.2056,0,0,0
P07,2027-03-16,0.9546,0.948,1.2056,0,0,0
P07,2027-03-17,0.956,0.9526,1.2056,0,0,0
P07,2027-03-18,0.9519,0.9953,1.2056,0,0,0
P07,2027-03-19,0.9544,1.0583,1.6899,0,0,0
P07,2027-03-20,0.9551,1.1202,1.6899,0,0,0
P07,2027-03-21,0.9465,1.0841,1.2056,0,0,0
P07,2027-03-22,0.9465,0.9212,1.2056,0,0,0
P07,2027-03-23,0.9484,0.948,1.2056,0,0,0
P07,2027-03-24,0.9473,0.9526,1.2056,0,0,0
P07,2027-03-25,0.9482,0.9953,1.2056,0,0,0
P07,2027-03-26,0.947,1.0583,1.6899,0,0,0
P07,2027-03-27,0.9455,1.1202,1.6899,0,0,0
P07,2027-03-28,0.9459,1.0841,1.2056,0,0,0
P07,2027-03-29,0.945,0.9212,1.2056,0,0,0
P07,2027-03-30,0.9437,0.948,1.2056,0,0,0
P07,2027-03-31,0.9438,0.9526,1.2056,0,0,0
P07,2027-04-01,0.9373,0.9953,1.2056,0,0,0
P07,2027-04-02,0.9397,1.0583,1.2056,0,0,0
P07,2027-04-03,0.9382,1.1202,1.6354,0,0,0
P07,2027-04-04,0.9407,1.0841,1.6354,0,0,0
P07,2027-04-05,0.9369,0.9212,1.2056,0,0,0
P07,2027-04-06,0.9353,0.948,1.2056,0,0,0
P07,2027-04-07,0.9317,0.9526,1.2056,0,0,0
P07,2027-04-08,0.9316,0.9953,1.2056,0,0,0
P07,2027-04-09,0.9337,1.0583,1.2056,0,0,0
P07,2027-04-10,0.9348,1.1202,1.6354,0,0,0
P07,2027-04-11,0.9373,1.0841,1.6354,0,0,0
P07,2027-04-12,0.935,0.9212,1.2056,0,0,0
P07,2027-04-13,0.9359,0.948,1.2056,0,0,0
P07,2027-04-14,0.9368,0.9526,1.2056,0,0,0
P07,2027-04-15,0.9373,0.9953,1.2056,0,0,0
P07,2027-04-16,0.938,1.0583,1.2056,0,0,0
P07,2027-04-17,0.9353,1.1202,1.6354,0,0,0
P07,2027-04-18,0.933,1.0841,1.6354,0,0,0
P07,2027-04-19,0.9341,0.9212,1.2056,0,0,0
P07,2027-04-20,0.9341,0.948,1.2056,0,0,0
P07,2027-04-21,0.9331,0.9526,1.2056,0,0,0
P07,2027-04-22,0.9322,0.9953,1.2056,0,0,0
P07,2027-04-23,0.9361,1.0583,1.2056,0,0,0
P07,2027-04-24,0.9391,1.1202,1.6354,0,0,0
P07,2027-04-25,0.9415,1.0841,1.6354,0,0,0
P07,2027-04-26,0.9425,0.9212,1.2056,0,0,0
P07,2027-04-27,0.9431,0.948,1.2056,0,0,0
P07,2027-04-28,0.9456,0.9526,1.2056,0,0,0
P07,2027-04-29,0.9412,0.9953,1.2056,0,0,0
P07,2027-04-30,0.9408,1.0583,1.2056,0,0,0
P07,2027-05-01,0.9391,1.1202,1.6354,0,0,0
P07,2027-05-02,0.9373,1.0841,1.6354,0,0,0
P07,2027-05-03,0.9372,0.9212,1.2056,0,0,0
P07,2027-05-04,0.9375,0.948,1.2056,0,0,0
P07,2027-05-05,0.9404,0.9526,1.2056,0,0,0
P07,2027-05-06,0.9398,0.9953,1.2056,0,0,0
P07,2027-05-07,0.9387,1.0583,1.2056,0,0,0
P07,2027-05-08,0.9414,1.1202,1.6354,0,0,0
P07,2027-05-09,0.9412,1.0841,1.6354,0,0,0
P07,2027-05-10,0.9448,0.9212,1.2056,0,0,0
P07,2027-05-11,0.9455,0.948,1.2056,0,0,0
P07,2027-05-12,0.9472,0.9526,1.2056,0,0,0
P07,2027-05-13,0.9471,0.9953,1.2056,0,0,0
P07,2027-05-14,0.9498,1.0583,1.2056,0,0,0
P07,2027-05-15,0.9492,1.1202,1.6354,0,0,0
P07,2027-05-16,0.9507,1.0841,1.6354,0,0,0
P07,2027-05-17,0.9515,0.9212,1.2056,0,0,0
P07,2027-05-18,0.9539,0.948,1.2056,0,0,0
P07,2027-05-19,0.9532,0.9526,1.2056,0,0,0
P07,2027-05-20,0.956,0.9953,1.2056,0,0,0
P07,2027-05-21,0.954,1.0583,1.2056,0,0,0
P07,2027-05-22,0.9552,1.1202,1.6354,0,0,0
P07,2027-05-23,0.956,1.0841,1.6354,0,0,0
P07,2027-05-24,0.9517,0.9212,1.2056,0,0,0
P07,2027-05-25,0.9532,0.948,1.2056,0,0,0
P07,2027-05-26,0.9527,0.9526,1.2056,0,0,0
P07,2027-05-27,0.9511,0.9953,1.2056,0,0,0
P07,2027-05-28,0.9501,1.0583,1.2056,0,0,0
P07,2027-05-29,0.9466,1.1202,1.6354,0,0,0
P07,2027-05-30,0.9447,1.0841,1.6354,0,0,0
P07,2027-05-31,0.9428,0.9212,1.2056,0,0,0
P07,2027-06-01,0.9394,0.948,1.2056,0,0,0
P07,2027-06-02,0.943,0.9526,1.2056,0,0,0
P07,2027-06-03,0.9469,0.9953,1.2056,0,0,0
P07,2027-06-04,0.9472,1.0583,1.2056,0,0,0
P07,2027-06-05,0.9427,1.1202,1.2056,0,0,0
P07,2027-06-06,0.9401,1.0841,1.2056,0,0,0
P07,2027-06-07,0.9385,0.9212,1.2056,0,0,0
P07,2027-06-08,0.9368,0.948,1.2056,0,0,0
P07,2027-06-09,0.9379,0.9526,1.2056,0,0,0
P07,2027-06-10,0.9366,0.9953,1.2056,0,0,0
P07,2027-06-11,0.942,1.0583,1.2056,0,0,0
P07,2027-06-12,0.9409,1.1202,1.2056,0,0,0
P07,2027-06-13,0.9381,1.0841,1.2056,0,0,0
P07,2027-06-14,0.9351,0.9212,1.2056,0,0,0
P07,2027-06-15,0.9304,0.948,1.2056,0,0,0
P07,2027-06-16,0.9306,0.9526,1.2056,0,0,0
P07,2027-06-17,0.9295,0.9953,1.2056,0,0,0
P07,2027-06-18,0.9275,1.0583,1.2056,0,0,0
P07,2027-06-19,0.9289,1.1202,1.2056,0,0,0
P07,2027-06-20,0.9348,1.0841,1.2056,0,0,0
P07,2027-06-21,0.9348,0.9212,1.2056,0,0,0
P07,2027-06-22,0.934,0.948,1.2056,0,0,0
P07,2027-06-23,0.9357,0.9526,1.2056,0,0,0
P07,2027-06-24,0.9348,0.9953,1.2056,0,0,0
P07,2027-06-25,0.9374,1.0583,1.2056,0,0,0
P07,2027-06-26,0.9343,1.1202,1.2056,0,0,0
P07,2027-06-27,0.9349,1.0841,1.2056,0,0,0
P07,2027-06-28,0.9328,0.9212,1.2056,0,0,0
P07,2027-06-29,0.9349,0.948,1.2056,0,0,0
P07,2027-06-30,0.9364,0.9526,1.2056,0,0,0
P07,2027-07-01,0.9351,0.9953,0.9369,0,0,0
P07,2027-07-02,0.9322,1.0583,1.3132,0,0,0
P07,2027-07-03,0.9292,1.1202,1.3132,0,0,0
P07,2027-07-04,0.9289,1.0841,0.9369,0,0,0
P07,2027-07-05,0.9282,0.9212,0.9369,0,0,0
P07,2027-07-06,0.9222,0.948,0.9369,0,0,0
P07,2027-07-07,0.9273,0.9526,0.9369,0,0,0
P07,2027-07-08,0.9273,0.9953,0.9369,0,0,0
P07,2027-07-09,0.9299,1.0583,1.3132,0,0,0
P07,2027-07-10,0.9271,1.1202,1.3132,0,0,0
P07,2027-07-11,0.9266,1.0841,0.9369,0,0,0
P07,2027-07-12,0.9293,0.9212,0.9369,0,0,0
P07,2027-07-13,0.9296,0.948,0.9369,0,0,0
P07,2027-07-14,0.9264,0.9526,0.9369,0,0,0
P07,2027-07-15,0.9286,0.9953,0.9369,0,0,0
P07,2027-07-16,0.9294,1.0583,1.3132,0,0,0
P07,2027-07-17,0.9275,1.1202,1.3132,0,0,0
P07,2027-07-18,0.9275,1.0841,0.9369,0,0,0
P07,2027-07-19,0.9281,0.9212,0.9369,0,0,0
P07,2027-07-20,0.9296,0.948,0.9369,0,0,0
P07,2027-07-21,0.9273,0.9526,0.9369,0,0,0
P07,2027-07-22,0.9213,0.9953,0.9369,0,0,0
P07,2027-07-23,0.9226,1.0583,1.3132,0,0,0
P07,2027-07-24,0.9186,1.1202,1.3132,0,0,0
P07,2027-07-25,0.9165,1.0841,0.9369,0,0,0
P07,2027-07-26,0.9186,0.9212,0.9369,0,0,0
P07,2027-07-27,0.9175,0.948,0.9369,0,0,0
P07,2027-07-28,0.9192,0.9526,0.9369,0,0,0
P07,2027-07-29,0.9205,0.9953,0.9369,0,0,0
P07,2027-07-30,0.9189,1.0583,1.3132,0,0,0
P07,2027-07-31,0.9191,1.1202,1.3132,0,0,0
P07,2027-08-01,0.918,1.0841,0.9369,0,0,0
P07,2027-08-02,0.9155,0.9212,0.9369,0,0,0
P07,2027-08-03,0.9152,0.948,0.9369,0,0,0
P07,2027-08-04,0.9134,0.9526,0.9369,0,0,0
P07,2027-08-05,0.9149,0.9953,0.9369,0,0,0
P07,2027-08-06,0.9144,1.0583,0.9369,0,0,0
P07,2027-08-07,0.9167,1.1202,0.9369,0,0,0
P07,2027-08-08,0.9129,1.0841,0.9369,0,0,0
P07,2027-08-09,0.9094,0.9212,0.9369,0,0,0
P07,2027-08-10,0.9101,0.948,0.9369,0,0,0
P07,2027-08-11,0.9094,0.9526,0.9369,0,0,0
P07,2027-08-12,0.912,0.9953,0.9369,0,0,0
P07,2027-08-13,0.9144,1.0583,0.9369,0,0,0
P07,2027-08-14,0.9093,1.1202,0.9369,0,0,0
P07,2027-08-15,0.9099,1.0841,1.8674,0,0,0
P07,2027-08-16,0.9086,0.9212,1.8674,0,0,0
P07,2027-08-17,0.9167,0.948,1.8674,0,0,0
P07,2027-08-18,0.9173,0.9526,0.9369,0,0,0
P07,2027-08-19,0.9183,0.9953,0.9369,0,0,0
P07,2027-08-20,0.9227,1.0583,0.9369,0,0,0
P07,2027-08-21,0.9202,1.1202,0.9369,0,0,0
P07,2027-08-22,0.9236,1.0841,0.9369,0,0,0
P07,2027-08-23,0.9244,0.9212,0.9369,0,0,0
P07,2027-08-24,0.9249,0.948,0.9369,0,0,0
P07,2027-08-25,0.9235,0.9526,0.9369,0,0,0
P07,2027-08-26,0.9239,0.9953,0.9369,0,0,0
P07,2027-08-27,0.9241,1.0583,0.9369,0,0,0
P07,2027-08-28,0.9282,1.1202,0.9369,0,0,0
P07,2027-08-29,0.9317,1.0841,0.9369,0,0,0
P07,2027-08-30,0.9318,0.9212,0.9369,0,0,0
P07,2027-08-31,0.9287,0.948,0.9369,0,0,0
P07,2027-09-01,0.9252,0.9526,0.9369,0,0,0
P07,2027-09-02,0.9251,0.9953,0.9369,0,0,0
P07,2027-09-03,0.9275,1.0583,0.9369,0,0,0
P07,2027-09-04,0.9323,1.1202,0.9369,0,0,0
P07,2027-09-05,0.9318,1.0841,0.9369,0,0,0
P07,2027-09-06,0.9314,0.9212,0.9369,0,0,0
P07,2027-09-07,0.9303,0.948,0.9369,0,0,0
P07,2027-09-08,0.9284,0.9526,0.9369,0,0,0
P07,2027-09-09,0.9231,0.9953,0.9369,0,0,0
P07,2027-09-10,0.9206,1.0583,0.9369,0,0,0
P07,2027-09-11,0.9201,1.1202,0.9369,0,0,0
P07,2027-09-12,0.9209,1.0841,0.9369,0,0,0
P07,2027-09-13,0.9214,0.9212,0.9369,0,0,0
P07,2027-09-14,0.9243,0.948,0.9369,0,0,0
P07,2027-09-15,0.9249,0.9526,0.9369,0,0,0
P07,2027-09-16,0.9238,0.9953,0.9369,0,0,0
P07,2027-09-17,0.9266,1.0583,0.9369,0,0,0
P07,2027-09-18,0.921,1.1202,0.9369,0,0,0
P07,2027-09-19,0.9168,1.0841,0.9369,0,0,0
P07,2027-09-20,0.9167,0.9212,0.9369,0,0,0
P07,2027-09-21,0.9167,0.948,0.9369,0,0,0
P07,2027-09-22,0.9209,0.9526,0.9369,0,0,0
P07,2027-09-23,0.9201,0.9953,0.9369,0,0,0
P07,2027-09-24,0.9222,1.0583,0.9369,0,0,0
P07,2027-09-25,0.926,1.1202,0.9369,0,0,0
P07,2027-09-26,0.9305,1.0841,0.9369,0,0,0
P07,2027-09-27,0.9243,0.9212,0.9369,0,0,0
P07,2027-09-28,0.9241,0.948,0.9369,0,0,0
P07,2027-09-29,0.926,0.9526,0.9369,0,0,0
P07,2027-09-30,0.93,0.9953,0.9369,0,0,0
P07,2027-10-01,0.9333,1.0583,1.4016,0,0,0
P07,2027-10-02,0.9356,1.1202,1.4016,0,0,0
P07,2027-10-03,0.9401,1.0841,1.0,0,0,0
P07,2027-10-04,0.9467,0.9212,1.0,0,0,0
P07,2027-10-05,0.9421,0.948,1.0,0,0,0
P07,2027-10-06,0.9441,0.9526,1.0,0,0,0
P07,2027-10-07,0.9426,0.9953,1.0,0,0,0
P07,2027-10-08,0.9447,1.0583,1.4016,0,0,0
P07,2027-10-09,0.9484,1.1202,1.4016,0,0,0
P07,2027-10-10,0.9469,1.0841,1.0,0,0,0
P07,2027-10-11,0.9481,0.9212,1.0,0,0,0
P07,2027-10-12,0.9512,0.948,1.0,0,0,0
P07,2027-10-13,0.9523,0.9526,1.0,0,0,0
P07,2027-10-14,0.9564,0.9953,1.0,0,0,0
P07,2027-10-15,0.9608,1.0583,1.4016,0,0,0
P07,2027-10-16,0.9653,1.1202,1.4016,0,0,0
P07,2027-10-17,0.9657,1.0841,1.0,0,0,0
P07,2027-10-18,0.97,0.9212,1.0,0,0,0
P07,2027-10-19,0.9737,0.948,1.0,0,0,0
P07,2027-10-20,0.9822,0.9526,2.8626,0,0,0
P07,2027-10-21,0.9859,0.9953,2.8626,0,0,0
P07,2027-10-22,0.9923,1.0583,2.8626,0,0,0
P07,2027-10-23,0.9949,1.1202,2.8626,0,0,0
P07,2027-10-24,0.9957,1.0841,2.8626,0,0,0
P07,2027-10-25,1.001,0.9212,2.8626,0,0,0
P07,2027-10-26,1.0047,0.948,1.0,0,0,0
P07,2027-10-27,1.009,0.9526,1.0,0,0,0
P07,2027-10-28,1.0125,0.9953,1.0,0,0,0
P07,2027-10-29,1.0142,1.0583,1.4016,0,0,0
P07,2027-10-30,1.021,1.1202,1.4016,0,0,0
P07,2027-10-31,1.0237,1.0841,1.0,0,0,0
P07,2027-11-01,1.0218,0.9212,2.5965,0,0,0
P07,2027-11-02,1.0241,0.948,2.5965,0,0,0
P07,2027-11-03,1.0248,0.9526,2.5965,0,0,0
P07,2027-11-04,1.0244,0.9953,0.9406,0,0,0
P07,2027-11-05,1.0227,1.0583,0.9406,0,0,0
P07,2027-11-06,1.0237,1.1202,0.9406,0,0,0
P07,2027-11-07,1.0275,1.0841,0.9406,0,0,0
P07,2027-11-08,1.0272,0.9212,0.9406,0,0,0
P07,2027-11-09,1.0304,0.948,0.9406,0,0,0
P07,2027-11-10,1.0315,0.9526,0.9406,0,0,0
P07,2027-11-11,1.0353,0.9953,0.9406,0,0,0
P07,2027-11-12,1.041,1.0583,0.9406,0,0,0
P07,2027-11-13,1.0363,1.1202,0.9406,0,0,0
P07,2027-11-14,1.0385,1.0841,0.9406,0,0,0
P07,2027-11-15,1.0317,0.9212,0.9406,0,0,0
P07,2027-11-16,1.0325,0.948,0.9406,0,0,0
P07,2027-11-17,1.0357,0.9526,0.9406,0,0,0
P07,2027-11-18,1.0307,0.9953,0.9406,0,0,0
P07,2027-11-19,1.035,1.0583,0.9406,0,0,0
P07,2027-11-20,1.0355,1.1202,0.9406,0,0,0
P07,2027-11-21,1.0338,1.0841,0.9406,0,0,0
P07,2027-11-22,1.037,0.9212,0.9406,0,0,0
P07,2027-11-23,1.0411,0.948,0.9406,0,0,0
P07,2027-11-24,1.0427,0.9526,0.9406,0,0,0
P07,2027-11-25,1.0445,0.9953,0.9406,0,0,0
P07,2027-11-26,1.0432,1.0583,0.9406,0,0,0
P07,2027-11-27,1.0447,1.1202,0.9406,0,0,0
P07,2027-11-28,1.0454,1.0841,0.9406,0,0,0
P07,2027-11-29,1.0498,0.9212,0.9406,0,0,0
P07,2027-11-30,1.0534,0.948,0.9406,0,0,0
P07,2027-12-01,1.0548,0.9526,0.9406,0,0,0
P07,2027-12-02,1.0566,0.9953,0.9406,0,0,0
P07,2027-12-03,1.0535,1.0583,0.9406,0,0,0
P07,2027-12-04,1.0574,1.1202,0.9406,0,0,0
P07,2027-12-05,1.0608,1.0841,0.9406,0,0,0
P07,2027-12-06,1.0654,0.9212,0.9406,0,0,0
P07,2027-12-07,1.072,0.948,0.9406,0,0,0
P07,2027-12-08,1.0758,0.9526,0.9406,0,0,0
P07,2027-12-09,1.0805,0.9953,0.9406,0,0,0
P07,2027-12-10,1.0861,1.0583,0.9406,0,0,0
P07,2027-12-11,1.0876,1.1202,0.9406,0,0,0
P07,2027-12-12,1.0896,1.0841,0.9406,0,0,0
P07,2027-12-13,1.09,0.9212,0.9406,0,0,0
P07,2027-12-14,1.0943,0.948,0.9406,0,0,0
P07,2027-12-15,1.0958,0.9526,0.9406,0,0,0
P07,2027-12-16,1.0941,0.9953,0.9406,0,0,0
P07,2027-12-17,1.0996,1.0583,0.9406,0,0,0
P07,2027-12-18,1.1091,1.1202,0.9406,0,0,0
P07,2027-12-19,1.1121,1.0841,0.9406,0,0,0
P07,2027-12-20,1.1129,0.9212,0.9406,0,0,0
P07,2027-12-21,1.1132,0.948,0.9406,0,0,0
P07,2027-12-22,1.1157,0.9526,0.9406,0,0,0
P07,2027-12-23,1.1198,0.9953,0.9406,0,0,0
P07,2027-12-24,1.1185,1.0583,0.9406,0,0,0
P07,2027-12-25,1.1165,1.1202,0.9406,0,0,0
P07,2027-12-26,1.1251,1.0841,0.9406,0,0,0
P07,2027-12-27,1.1328,0.9212,0.9406,0,0,0
P07,2027-12-28,1.1323,0.948,0.9406,0,0,0
P07,2027-12-29,1.1307,0.9526,0.9406,0,0,0
P07,2027-12-30,1.1326,0.9953,0.9406,0,0,0
P07,2027-12-31,1.139,1.0583,0.9406,0,0,0
P08,2026-01-01,0.5855,0.9719,0.5339,0,0,0
P08,2026-01-02,0.5874,1.0864,0.9918,0,0,0
P08,2026-01-03,0.5872,1.1902,0.9918,0,0,0
P08,2026-01-04,0.5893,1.0753,0.9918,0,0,0
P08,2026-01-05,0.5934,0.9142,0.9918,0,0,0
P08,2026-01-06,0.5929,0.9046,0.9918,0,0,0
P08,2026-01-07,0.5934,0.972,0.9918,0,0,0
P08,2026-01-08,0.5925,0.9719,0.9918,0,0,0
P08,2026-01-09,0.5927,1.0864,0.9918,0,0,0
P08,2026-01-10,0.5924,1.1902,0.9918,0,0,0
P08,2026-01-11,0.599,1.0753,0.9918,0,0,0
P08,2026-01-12,0.5993,0.9142,0.9918,0,0,0
P08,2026-01-13,0.6009,0.9046,1.7052,0,0,0
P08,2026-01-14,0.6039,0.972,1.7052,0,0,0
P08,2026-01-15,0.6087,0.9719,1.7052,0,0,0
P08,2026-01-16,0.6106,1.0864,1.7052,0,0,0
P08,2026-01-17,0.6121,1.1902,0.9918,0,0,0
P08,2026-01-18,0.6169,1.0753,0.9918,0,0,0
P08,2026-01-19,0.618,0.9142,0.9918,0,0,0
P08,2026-01-20,0.6241,0.9046,0.9918,0,0,0
P08,2026-01-21,0.6267,0.972,0.9918,0,0,0
P08,2026-01-22,0.6324,0.9719,0.9918,0,0,0
P08,2026-01-23,0.6331,1.0864,0.9918,0,0,0
P08,2026-01-24,0.6352,1.1902,0.9918,0,0,0
P08,2026-01-25,0.637,1.0753,0.9918,0,0,0
P08,2026-01-26,0.64,0.9142,0.5339,0,0,0
P08,2026-01-27,0.6406,0.9046,0.9918,0,0,0
P08,2026-01-28,0.6401,0.972,0.9918,0,0,0
P08,2026-01-29,0.6407,0.9719,0.9918,0,0,0
P08,2026-01-30,0.6412,1.0864,0.9918,0,0,0
P08,2026-01-31,0.641,1.1902,0.9918,0,0,0
P08,2026-02-01,0.6426,1.0753,0.9918,0,0,0
P08,2026-02-02,0.6446,0.9142,0.9918,0,0,0
P08,2026-02-03,0.6469,0.9046,0.9918,0,0,0
P08,2026-02-04,0.6469,0.972,0.9918,0,0,0
P08,2026-02-05,0.6462,0.9719,0.9918,0,0,0
P08,2026-02-06,0.6474,1.0864,0.9918,0,0,0
P08,2026-02-07,0.652,1.1902,0.9918,0,0,0
P08,2026-02-08,0.6566,1.0753,0.9918,0,0,0
P08,2026-02-09,0.6578,0.9142,0.9918,0,0,0
P08,2026-02-10,0.6622,0.9046,0.9918,0,0,0
P08,2026-02-11,0.6619,0.972,0.9918,0,0,0
P08,2026-02-12,0.6609,0.9719,0.9918,0,0,0
P08,2026-02-13,0.6674,1.0864,0.9918,0,0,0
P08,2026-02-14,0.6723,1.1902,0.9918,0,0,0
P08,2026-02-15,0.6766,1.0753,0.9918,0,0,0
P08,2026-02-16,0.6786,0.9142,0.9918,0,0,0
P08,2026-02-17,0.6845,0.9046,0.9918,0,0,0
P08,2026-02-18,0.6874,0.972,0.9918,0,0,0
P08,2026-02-19,0.6926,0.9719,0.9918,0,0,0
P08,2026-02-20,0.6944,1.0864,0.9918,0,0,0
P08,2026-02-21,0.7019,1.1902,0.9918,0,0,0
P08,2026-02-22,0.7065,1.0753,0.9918,0,0,0
P08,2026-02-23,0.7131,0.9142,0.9918,0,0,0
P08,2026-02-24,0.7189,0.9046,0.9918,0,0,0
P08,2026-02-25,0.7239,0.972,0.9918,0,0,0
P08,2026-02-26,0.7269,0.9719,0.9918,0,0,0
P08,2026-02-27,0.7327,1.0864,0.9918,0,0,0
P08,2026-02-28,0.7356,1.1902,0.9918,0,0,0
P08,2026-03-01,0.7453,1.0753,1.0405,0,0,0
P08,2026-03-02,0.7489,0.9142,1.0405,0,0,0
P08,2026-03-03,0.7567,0.9046,1.0405,0,0,0
P08,2026-03-04,0.7598,0.972,1.0405,0,0,0
P08,2026-03-05,0.7644,0.9719,1.0405,0,0,0
P08,2026-03-06,0.7724,1.0864,1.4953,0,0,0
P08,2026-03-07,0.779,1.1902,1.4953,0,0,0
P08,2026-03-08,0.7842,1.0753,1.0405,0,0,0
P08,2026-03-09,0.7874,0.9142,1.0405,0,0,0
P08,2026-03-10,0.7901,0.9046,1.0405,0,0,0
P08,2026-03-11,0.7946,0.972,1.0405,0,0,0
P08,2026-03-12,0.7963,0.9719,1.0405,0,0,0
P08,2026-03-13,0.7999,1.0864,1.4953,0,0,0
P08,2026-03-14,0.8083,1.1902,1.4953,0,0,0
P08,2026-03-15,0.8121,1.0753,1.0405,0,0,0
P08,2026-03-16,0.822,0.9142,1.0405,0,0,0
P08,2026-03-17,0.8261,0.9046,1.0405,0,0,0
P08,2026-03-18,0.8316,0.972,1.0405,0,0,0
P08,2026-03-19,0.8332,0.9719,1.0405,0,0,0
P08,2026-03-20,0.8381,1.0864,1.4953,0,0,0
P08,2026-03-21,0.8415,1.1902,1.4953,0,0,0
P08,2026-03-22,0.8506,1.0753,1.0405,0,0,0
P08,2026-03-23,0.8569,0.9142,1.0405,0,0,0
P08,2026-03-24,0.8609,0.9046,1.0405,0,0,0
P08,2026-03-25,0.8664,0.972,1.0405,0,0,0
P08,2026-03-26,0.8677,0.9719,1.0405,0,0,0
P08,2026-03-27,0.8719,1.0864,1.4953,0,0,0
P08,2026-03-28,0.874,1.1902,1.4953,0,0,0
P08,2026-03-29,0.875,1.0753,1.0405,0,0,0
P08,2026-03-30,0.8759,0.9142,1.0405,0,0,0
P08,2026-03-31,0.8751,0.9046,1.0405,0,0,0
P08,2026-04-01,0.8787,0.972,1.0405,0,0,0
P08,2026-04-02,0.8818,0.9719,1.0405,0,0,0
P08,2026-04-03,0.8875,1.0864,1.0405,0,0,0
P08,2026-04-04,0.8926,1.1902,1.2193,0,0,0
P08,2026-04-05,0.8931,1.0753,1.2193,0,0,0
P08,2026-04-06,0.8996,0.9142,1.0405,0,0,0
P08,2026-04-07,0.9035,0.9046,1.0405,0,0,0
P08,2026-04-08,0.9077,0.972,1.0405,0,0,0
P08,2026-04-09,0.9125,0.9719,1.0405,0,0,0
P08,2026-04-10,0.9144,1.0864,1.0405,0,0,0
P08,2026-04-11,0.9188,1.1902,1.2193,0,0,0
P08,2026-04-12,0.9234,1.0753,1.2193,0,0,0
P08,2026-04-13,0.9257,0.9142,1.0405,0,0,0
P08,2026-04-14,0.9302,0.9046,1.0405,0,0,0
P08,2026-04-15,0.9297,0.972,1.0405,0,0,0
P08,2026-04-16,0.9307,0.9719,1.0405,0,0,0
P08,2026-04-17,0.9351,1.0864,1.0405,0,0,0
P08,2026-04-18,0.9302,1.1902,1.2193,0,0,0
P08,2026-04-19,0.9277,1.0753,1.2193,0,0,0
P08,2026-04-20,0.9217,0.9142,1.0405,0,0,0
P08,2026-04-21,0.9233,0.9046,1.0405,0,0,0
P08,2026-04-22,0.9227,0.972,1.0405,0,0,0
P08,2026-04-23,0.928,0.9719,1.0405,0,0,0
P08,2026-04-24,0.9317,1.0864,1.0405,0,0,0
P08,2026-04-25,0.9352,1.1902,1.2193,0,0,0
P08,2026-04-26,0.9364,1.0753,1.2193,0,0,0
P08,2026-04-27,0.9401,0.9142,1.0405,0,0,0
P08,2026-04-28,0.9462,0.9046,1.0405,0,0,0
P08,2026-04-29,0.9485,0.972,1.0405,0,0,0
P08,2026-04-30,0.951,0.9719,1.0405,0,0,0
P08,2026-05-01,0.9542,1.0864,1.0405,0,0,0
P08,2026-05-02,0.9572,1.1902,1.2193,0,0,0
P08,2026-05-03,0.9584,1.0753,1.2193,0,0,0
P08,2026-05-04,0.9589,0.9142,1.0405,0,0,0
P08,2026-05-05,0.9612,0.9046,1.0405,0,0,0
P08,2026-05-06,0.9684,0.972,1.0405,0,0,0
P08,2026-05-07,0.9689,0.9719,1.0405,0,0,0
P08,2026-05-08,0.9691,1.0864,1.0405,0,0,0
P08,2026-05-09,0.9692,1.1902,1.2193,0,0,0
P08,2026-05-10,0.9707,1.0753,1.2193,0,0,0
P08,2026-05-11,0.9699,0.9142,1.0405,0,0,0
P08,2026-05-12,0.9729,0.9046,1.0405,0,0,0
P08,2026-05-13,0.9768,0.972,1.0405,0,0,0
P08,2026-05-14,0.9737,0.9719,1.0405,0,0,0
P08,2026-05-15,0.9717,1.0864,1.0405,0,0,0
P08,2026-05-16,0.9746,1.1902,1.2193,0,0,0
P08,2026-05-17,0.9756,1.0753,1.2193,0,0,0
P08,2026-05-18,0.9749,0.9142,1.0405,0,0,0
P08,2026-05-19,0.9761,0.9046,1.0405,0,0,0
P08,2026-05-20,0.9751,0.972,1.0405,0,0,0
P08,2026-05-21,0.9755,0.9719,1.0405,0,0,0
P08,2026-05-22,0.9741,1.0864,1.0405,0,0,0
P08,2026-05-23,0.9754,1.1902,1.2193,0,0,0
P08,2026-05-24,0.9726,1.0753,1.2193,0,0,0
P08,2026-05-25,0.9736,0.9142,1.0405,0,0,0
P08,2026-05-26,0.9717,0.9046,1.0405,0,0,0
P08,2026-05-27,0.9709,0.972,1.0405,0,0,0
P08,2026-05-28,0.9675,0.9719,1.0405,0,0,0
P08,2026-05-29,0.9688,1.0864,1.0405,0,0,0
P08,2026-05-30,0.9656,1.1902,1.2193,0,0,0
P08,2026-05-31,0.967,1.0753,1.2193,0,0,0
P08,2026-06-01,0.9624,0.9142,1.0405,0,0,0
P08,2026-06-02,0.9616,0.9046,1.0405,0,0,0
P08,2026-06-03,0.962,0.972,1.0405,0,0,0
P08,2026-06-04,0.9582,0.9719,1.0405,0,0,0
P08,2026-06-05,0.9551,1.0864,1.0405,0,0,0
P08,2026-06-06,0.9553,1.1902,1.0405,0,0,0
P08,2026-06-07,0.9582,1.0753,1.0405,0,0,0
P08,2026-06-08,0.9586,0.9142,1.0405,0,0,0
P08,2026-06-09,0.9616,0.9046,1.0405,0,0,0
P08,2026-06-10,0.9618,0.972,1.0405,0,0,0
P08,2026-06-11,0.9603,0.9719,1.0405,0,0,0
P08,2026-06-12,0.9592,1.0864,1.0405,0,0,0
P08,2026-06-13,0.9618,1.1902,1.0405,0,0,0
P08,2026-06-14,0.9584,1.0753,1.0405,0,0,0
P08,2026-06-15,0.9596,0.9142,1.0405,0,0,0
P08,2026-06-16,0.9587,0.9046,1.0405,0,0,0
P08,2026-06-17,0.9581,0.972,1.0405,0,0,0
P08,2026-06-18,0.9596,0.9719,1.0405,0,0,0
P08,2026-06-19,0.9603,1.0864,1.0405,0,0,0
P08,2026-06-20,0.9576,1.1902,1.0405,0,0,0
P08,2026-06-21,0.9543,1.0753,1.0405,0,0,0
P08,2026-06-22,0.9524,0.9142,1.0405,0,0,0
P08,2026-06-23,0.9515,0.9046,1.0405,0,0,0
P08,2026-06-24,0.9545,0.972,1.0405,0,0,0
P08,2026-06-25,0.9529,0.9719,1.0405,0,0,0
P08,2026-06-26,0.9554,1.0864,1.0405,0,0,0
P08,2026-06-27,0.9556,1.1902,1.0405,0,0,0
P08,2026-06-28,0.9533,1.0753,1.0405,0,0,0
P08,2026-06-29,0.9531,0.9142,1.0405,0,0,0
P08,2026-06-30,0.9512,0.9046,1.0405,0,0,0
P08,2026-07-01,0.9533,0.972,1.1138,0,0,0
P08,2026-07-02,0.9477,0.9719,1.1138,0,0,0
P08,2026-07-03,0.9406,1.0864,1.6007,0,0,0
P08,2026-07-04,0.9383,1.1902,1.6007,0,0,0
P08,2026-07-05,0.9357,1.0753,1.1138,0,0,0
P08,2026-07-06,0.9377,0.9142,1.1138,0,0,0
P08,2026-07-07,0.9394,0.9046,1.1138,0,0,0
P08,2026-07-08,0.9369,0.972,1.1138,0,0,0
P08,2026-07-09,0.9378,0.9719,1.1138,0,0,0
P08,2026-07-10,0.9329,1.0864,1.6007,0,0,0
P08,2026-07-11,0.9331,1.1902,1.6007,0,0,0
P08,2026-07-12,0.9331,1.0753,1.1138,0,0,0
P08,2026-07-13,0.9293,0.9142,1.1138,0,0,0
P08,2026-07-14,0.93,0.9046,1.1138,0,0,0
P08,2026-07-15,0.9338,0.972,1.1138,0,0,0
P08,2026-07-16,0.9338,0.9719,1.1138,0,0,0
P08,2026-07-17,0.9418,1.0864,1.6007,0,0,0
P08,2026-07-18,0.9472,1.1902,1.6007,0,0,0
P08,2026-07-19,0.9524,1.0753,1.1138,0,0,0
P08,2026-07-20,0.9544,0.9142,1.1138,0,0,0
P08,2026-07-21,0.9581,0.9046,1.1138,0,0,0
P08,2026-07-22,0.9575,0.972,1.1138,0,0,0
P08,2026-07-23,0.9598,0.9719,1.1138,0,0,0
P08,2026-07-24,0.956,1.0864,1.6007,0,0,0
P08,2026-07-25,0.958,1.1902,1.6007,0,0,0
P08,2026-07-26,0.9562,1.0753,1.1138,0,0,0
P08,2026-07-27,0.9522,0.9142,1.1138,0,0,0
P08,2026-07-28,0.9521,0.9046,1.1138,0,0,0
P08,2026-07-29,0.953,0.972,1.1138,0,0,0
P08,2026-07-30,0.9499,0.9719,1.1138,0,0,0
P08,2026-07-31,0.9504,1.0864,1.6007,0,0,0
P08,2026-08-01,0.9473,1.1902,1.1138,0,0,0
P08,2026-08-02,0.9457,1.0753,1.1138,0,0,0
P08,2026-08-03,0.9466,0.9142,1.1138,0,0,0
P08,2026-08-04,0.9447,0.9046,1.1138,0,0,0
P08,2026-08-05,0.9443,0.972,1.1138,0,0,0
P08,2026-08-06,0.9437,0.9719,1.1138,0,0,0
P08,2026-08-07,0.9435,1.0864,1.1138,0,0,0
P08,2026-08-08,0.9427,1.1902,1.1138,0,0,0
P08,2026-08-09,0.9402,1.0753,1.1138,0,0,0
P08,2026-08-10,0.9405,0.9142,1.1138,0,0,0
P08,2026-08-11,0.9427,0.9046,1.1138,0,0,0
P08,2026-08-12,0.9436,0.972,1.1138,0,0,0
P08,2026-08-13,0.9458,0.9719,1.1138,0,0,0
P08,2026-08-14,0.9403,1.0864,1.1138,0,0,0
P08,2026-08-15,0.939,1.1902,2.45,0,0,0
P08,2026-08-16,0.9421,1.0753,2.45,0,0,0
P08,2026-08-17,0.9418,0.9142,2.45,0,0,0
P08,2026-08-18,0.9472,0.9046,1.1138,0,0,0
P08,2026-08-19,0.9498,0.972,1.1138,0,0,0
P08,2026-08-20,0.9495,0.9719,1.1138,0,0,0
P08,2026-08-21,0.9503,1.0864,1.1138,0,0,0
P08,2026-08-22,0.9563,1.1902,1.1138,0,0,0
P08,2026-08-23,0.9557,1.0753,1.1138,0,0,0
P08,2026-08-24,0.9579,0.9142,1.1138,0,0,0
P08,2026-08-25,0.9593,0.9046,1.1138,0,0,0
P08,2026-08-26,0.9593,0.972,1.1138,0,0,0
P08,2026-08-27,0.9578,0.9719,1.1138,0,0,0
P08,2026-08-28,0.9586,1.0864,1.1138,0,0,0
P08,2026-08-29,0.9615,1.1902,1.1138,0,0,0
P08,2026-08-30,0.9694,1.0753,1.1138,0,0,0
P08,2026-08-31,0.9763,0.9142,1.1138,0,0,0
P08,2026-09-01,0.9746,0.9046,1.1138,0,0,0
P08,2026-09-02,0.9727,0.972,1.1138,0,0,0
P08,2026-09-03,0.9735,0.9719,1.1138,0,0,0
P08,2026-09-04,0.9724,1.0864,1.1138,0,0,0
P08,2026-09-05,0.9713,1.1902,1.1138,0,0,0
P08,2026-09-06,0.9692,1.0753,1.1138,0,0,0
P08,2026-09-07,0.9647,0.9142,1.1138,0,0,0
P08,2026-09-08,0.9615,0.9046,1.1138,0,0,0
P08,2026-09-09,0.9597,0.972,1.1138,0,0,0
P08,2026-09-10,0.9543,0.9719,1.1138,0,0,0
P08,2026-09-11,0.9479,1.0864,1.1138,0,0,0
P08,2026-09-12,0.9481,1.1902,1.1138,0,0,0
P08,2026-09-13,0.9462,1.0753,1.1138,0,0,0
P08,2026-09-14,0.9483,0.9142,1.1138,0,0,0
P08,2026-09-15,0.953,0.9046,1.1138,0,0,0
P08,2026-09-16,0.9489,0.972,1.1138,0,0,0
P08,2026-09-17,0.9464,0.9719,1.1138,0,0,0
P08,2026-09-18,0.943,1.0864,1.1138,0,0,0
P08,2026-09-19,0.9409,1.1902,1.1138,0,0,0
P08,2026-09-20,0.9403,1.0753,1.1138,0,0,0
P08,2026-09-21,0.9401,0.9142,1.1138,0,0,0
P08,2026-09-22,0.9383,0.9046,1.1138,0,0,0
P08,2026-09-23,0.9393,0.972,1.1138,0,0,0
P08,2026-09-24,0.9381,0.9719,1.1138,0,0,0
P08,2026-09-25,0.9379,1.0864,1.1138,0,0,0
P08,2026-09-26,0.9416,1.1902,1.1138,0,0,0
P08,2026-09-27,0.9416,1.0753,1.1138,0,0,0
P08,2026-09-28,0.9413,0.9142,1.1138,0,0,0
P08,2026-09-29,0.9402,0.9046,1.1138,0,0,0
P08,2026-09-30,0.9462,0.972,1.1138,0,0,0
P08,2026-10-01,0.9523,0.9719,1.0,0,0,0
P08,2026-10-02,0.9555,1.0864,1.4371,0,0,0
P08,2026-10-03,0.9552,1.1902,1.4371,0,0,0
P08,2026-10-04,0.9561,1.0753,1.0,0,0,0
P08,2026-10-05,0.9575,0.9142,1.0,0,0,0
P08,2026-10-06,0.959,0.9046,1.0,0,0,0
P08,2026-10-07,0.9628,0.972,1.0,0,0,0
P08,2026-10-08,0.9643,0.9719,1.0,0,0,0
P08,2026-10-09,0.9635,1.0864,1.4371,0,0,0
P08,2026-10-10,0.9685,1.1902,1.4371,0,0,0
P08,2026-10-11,0.9698,1.0753,1.0,0,0,0
P08,2026-10-12,0.9718,0.9142,1.0,0,0,0
P08,2026-10-13,0.9669,0.9046,1.0,0,0,0
P08,2026-10-14,0.969,0.972,1.0,0,0,0
P08,2026-10-15,0.9712,0.9719,1.0,0,0,0
P08,2026-10-16,0.9732,1.0864,1.4371,0,0,0
P08,2026-10-17,0.9741,1.1902,1.4371,0,0,0
P08,2026-10-18,0.9778,1.0753,1.0,0,0,0
P08,2026-10-19,0.9763,0.9142,1.0,0,0,0
P08,2026-10-20,0.9775,0.9046,3.0553,0,0,0
P08,2026-10-21,0.9767,0.972,3.0553,0,0,0
P08,2026-10-22,0.9815,0.9719,3.0553,0,0,0
P08,2026-10-23,0.9797,1.0864,3.0553,0,0,0
P08,2026-10-24,0.9857,1.1902,3.0553,0,0,0
P08,2026-10-25,0.9893,1.0753,3.0553,0,0,0
P08,2026-10-26,0.9913,0.9142,1.0,0,0,0
P08,2026-10-27,0.9933,0.9046,1.0,0,0,0
P08,2026-10-28,1.0,0.972,1.0,0,0,0
P08,2026-10-29,1.0013,0.9719,1.0,0,0,0
P08,2026-10-30,1.007,1.0864,1.4371,0,0,0
P08,2026-10-31,1.009,1.1902,1.4371,0,0,0
P08,2026-11-01,1.0085,1.0753,3.1383,0,0,0
P08,2026-11-02,1.0083,0.9142,3.1383,0,0,0
P08,2026-11-03,1.0104,0.9046,3.1383,0,0,0
P08,2026-11-04,1.0117,0.972,0.9918,0,0,0
P08,2026-11-05,1.0115,0.9719,0.9918,0,0,0
P08,2026-11-06,1.0138,1.0864,0.9918,0,0,0
P08,2026-11-07,1.0205,1.1902,0.9918,0,0,0
P08,2026-11-08,1.0209,1.0753,0.9918,0,0,0
P08,2026-11-09,1.0199,0.9142,0.9918,0,0,0
P08,2026-11-10,1.0226,0.9046,0.9918,0,0,0
P08,2026-11-11,1.0228,0.972,0.9918,0,0,0
P08,2026-11-12,1.0276,0.9719,0.9918,0,0,0
P08,2026-11-13,1.0351,1.0864,0.9918,0,0,0
P08,2026-11-14,1.0354,1.1902,0.9918,0,0,0
P08,2026-11-15,1.0354,1.0753,0.9918,0,0,0
P08,2026-11-16,1.0352,0.9142,0.9918,0,0,0
P08,2026-11-17,1.0373,0.9046,0.9918,0,0,0
P08,2026-11-18,1.0408,0.972,0.9918,0,0,0
P08,2026-11-19,1.0424,0.9719,0.9918,0,0,0
P08,2026-11-20,1.0461,1.0864,0.9918,0,0,0
P08,2026-11-21,1.0455,1.1902,0.9918,0,0,0
P08,2026-11-22,1.0435,1.0753,0.9918,0,0,0
P08,2026-11-23,1.0422,0.9142,0.9918,0,0,0
P08,2026-11-24,1.042,0.9046,0.9918,0,0,0
P08,2026-11-25,1.045,0.972,0.9918,0,0,0
P08,2026-11-26,1.0437,0.9719,0.9918,0,0,0
P08,2026-11-27,1.0408,1.0864,0.9918,0,0,0
P08,2026-11-28,1.0323,1.1902,0.9918,0,0,0
P08,2026-11-29,1.0323,1.0753,0.9918,0,0,0
P08,2026-11-30,1.0335,0.9142,0.9918,0,0,0
P08,2026-12-01,1.0353,0.9046,0.9918,0,0,0
P08,2026-12-02,1.035,0.972,0.9918,0,0,0
P08,2026-12-03,1.0357,0.9719,0.9918,0,0,0
P08,2026-12-04,1.0362,1.0864,0.9918,0,0,0
P08,2026-12-05,1.0412,1.1902,0.9918,0,0,0
P08,2026-12-06,1.0443,1.0753,0.9918,0,0,0
P08,2026-12-07,1.0464,0.9142,0.9918,0,0,0
P08,2026-12-08,1.0484,0.9046,0.9918,0,0,0
P08,2026-12-09,1.0506,0.972,0.9918,0,0,0
P08,2026-12-10,1.0548,0.9719,0.9918,0,0,0
P08,2026-12-11,1.0537,1.0864,0.9918,0,0,0
P08,2026-12-12,1.0531,1.1902,0.9918,0,0,0
P08,2026-12-13,1.0562,1.0753,0.9918,0,0,0
P08,2026-12-14,1.053,0.9142,0.9918,0,0,0
P08,2026-12-15,1.0558,0.9046,0.9918,0,0,0
P08,2026-12-16,1.0575,0.972,0.9918,0,0,0
P08,2026-12-17,1.062,0.9719,0.9918,0,0,0
P08,2026-12-18,1.0677,1.0864,0.9918,0,0,0
P08,2026-12-19,1.0717,1.1902,0.9918,0,0,0
P08,2026-12-20,1.0723,1.0753,0.9918,0,0,0
P08,2026-12-21,1.0748,0.9142,0.9918,0,0,0
P08,2026-12-22,1.073,0.9046,0.9918,0,0,0
P08,2026-12-23,1.0723,0.972,0.9918,0,0,0
P08,2026-12-24,1.0729,0.9719,0.9918,0,0,0
P08,2026-12-25,1.0715,1.0864,0.9918,0,0,0
P08,2026-12-26,1.0728,1.1902,0.9918,0,0,0
P08,2026-12-27,1.0773,1.0753,0.9918,0,0,0
P08,2026-12-28,1.0801,0.9142,0.9918,0,0,0
P08,2026-12-29,1.0785,0.9046,0.9918,0,0,0
P08,2026-12-30,1.0765,0.972,0.9918,0,0,0
P08,2026-12-31,1.0771,0.9719,0.9918,0,0,0
P08,2027-01-01,1.0768,1.0864,0.5339,0,0,0
P08,2027-01-02,1.0743,1.1902,0.9918,0,0,0
P08,2027-01-03,1.0756,1.0753,0.9918,0,0,0
P08,2027-01-04,1.0767,0.9142,0.9918,0,0,0
P08,2027-01-05,1.0709,0.9046,0.9918,0,0,0
P08,2027-01-06,1.0717,0.972,0.9918,0,0,0
P08,2027-01-07,1.0711,0.9719,0.9918,0,0,0
P08,2027-01-08,1.0671,1.0864,0.9918,0,0,0
P08,2027-01-09,1.0688,1.1902,0.9918,0,0,0
P08,2027-01-10,1.0676,1.0753,0.9918,0,0,0
P08,2027-01-11,1.0701,0.9142,0.9918,0,0,0
P08,2027-01-12,1.0685,0.9046,0.9918,0,0,0
P08,2027-01-13,1.0626,0.972,1.7052,0,0,0
P08,2027-01-14,1.0621,0.9719,1.7052,0,0,0
P08,2027-01-15,1.0616,1.0864,1.7052,0,0,0
P08,2027-01-16,1.0573,1.1902,1.7052,0,0,0
P08,2027-01-17,1.0562,1.0753,0.9918,0,0,0
P08,2027-01-18,1.0525,0.9142,0.9918,0,0,0
P08,2027-01-19,1.0468,0.9046,0.9918,0,0,0
P08,2027-01-20,1.042,0.972,0.9918,0,0,0
P08,2027-01-21,1.0397,0.9719,0.9918,0,0,0
P08,2027-01-22,1.0349,1.0864,0.9918,0,0,0
P08,2027-01-23,1.0344,1.1902,0.9918,0,0,0
P08,2027-01-24,1.0336,1.0753,0.9918,0,0,0
P08,2027-01-25,1.0314,0.9142,0.9918,0,0,0
P08,2027-01-26,1.03,0.9046,0.5339,0,0,0
P08,2027-01-27,1.0236,0.972,0.9918,0,0,0
P08,2027-01-28,1.0196,0.9719,0.9918,0,0,0
P08,2027-01-29,1.0195,1.0864,0.9918,0,0,0
P08,2027-01-30,1.024,1.1902,0.9918,0,0,0
P08,2027-01-31,1.0265,1.0753,0.9918,0,0,0
P08,2027-02-01,1.0265,0.9142,0.9918,0,0,0
P08,2027-02-02,1.0247,0.9046,0.9918,0,0,0
P08,2027-02-03,1.0221,0.972,0.9918,0,0,0
P08,2027-02-04,1.0197,0.9719,0.9918,0,0,0
P08,2027-02-05,1.0171,1.0864,0.9918,0,0,0
P08,2027-02-06,1.0165,1.1902,0.9918,0,0,0
P08,2027-02-07,1.0156,1.0753,0.9918,0,0,0
P08,2027-02-08,1.0123,0.9142,0.9918,0,0,0
P08,2027-02-09,1.0108,0.9046,0.9918,0,0,0
P08,2027-02-10,1.0069,0.972,0.9918,0,0,0
P08,2027-02-11,0.9963,0.9719,0.9918,0,0,0
P08,2027-02-12,0.9926,1.0864,0.9918,0,0,0
P08,2027-02-13,0.9922,1.1902,0.9918,0,0,0
P08,2027-02-14,0.9853,1.0753,0.9918,0,0,0
P08,2027-02-15,0.986,0.9142,0.9918,0,0,0
P08,2027-02-16,0.9843,0.9046,0.9918,0,0,0
P08,2027-02-17,0.9816,0.972,0.9918,0,0,0
P08,2027-02-18,0.9768,0.9719,0.9918,0,0,0
P08,2027-02-19,0.9775,1.0864,0.9918,0,0,0
P08,2027-02-20,0.9775,1.1902,0.9918,0,0,0
P08,2027-02-21,0.9808,1.0753,0.9918,0,0,0
P08,2027-02-22,0.982,0.9142,0.9918,0,0,0
P08,2027-02-23,0.9794,0.9046,0.9918,0,0,0
P08,2027-02-24,0.9775,0.972,0.9918,0,0,0
P08,2027-02-25,0.9768,0.9719,0.9918,0,0,0
P08,2027-02-26,0.9789,1.0864,0.9918,0,0,0
P08,2027-02-27,0.9747,1.1902,0.9918,0,0,0
P08,2027-02-28,0.9745,1.0753,0.9918,0,0,0
P08,2027-03-01,0.9758,0.9142,1.0405,0,0,0
P08,2027-03-02,0.9775,0.9046,1.0405,0,0,0
P08,2027-03-03,0.9787,0.972,1.0405,0,0,0
P08,2027-03-04,0.9792,0.9719,1.0405,0,0,0
P08,2027-03-05,0.9798,1.0864,1.4953,0,0,0
P08,2027-03-06,0.9772,1.1902,1.4953,0,0,0
P08,2027-03-07,0.9779,1.0753,1.0405,0,0,0
P08,2027-03-08,0.9796,0.9142,1.0405,0,0,0
P08,2027-03-09,0.9786,0.9046,1.0405,0,0,0
P08,2027-03-10,0.9782,0.972,1.0405,0,0,0
P08,2027-03-11,0.9761,0.9719,1.0405,0,0,0
P08,2027-03-12,0.9789,1.0864,1.4953,0,0,0
P08,2027-03-13,0.9756,1.1902,1.4953,0,0,0
P08,2027-03-14,0.9809,1.0753,1.0405,0,0,0
P08,2027-03-15,0.9801,0.9142,1.0405,0,0,0
P08,2027-03-16,0.9787,0.9046,1.0405,0,0,0
P08,2027-03-17,0.9753,0.972,1.0405,0,0,0
P08,2027-03-18,0.9725,0.9719,1.0405,0,0,0
P08,2027-03-19,0.9708,1.0864,1.4953,0,0,0
P08,2027-03-20,0.9704,1.1902,1.4953,0,0,0
P08,2027-03-21,0.9687,1.0753,1.0405,0,0,0
P08,2027-03-22,0.9704,0.9142,1.0405,0,0,0
P08,2027-03-23,0.9706,0.9046,1.0405,0,0,0
P08,2027-03-24,0.9699,0.972,1.0405,0,0,0
P08,2027-03-25,0.9699,0.9719,1.0405,0,0,0
P08,2027-03-26,0.9665,1.0864,1.4953,0,0,0
P08,2027-03-27,0.9601,1.1902,1.4953,0,0,0
P08,2027-03-28,0.9557,1.0753,1.0405,0,0,0
P08,2027-03-29,0.9554,0.9142,1.0405,0,0,0
P08,2027-03-30,0.9579,0.9046,1.0405,0,0,0
P08,2027-03-31,0.9586,0.972,1.0405,0,0,0
P08,2027-04-01,0.9615,0.9719,1.0405,0,0,0
P08,2027-04-02,0.9613,1.0864,1.0405,0,0,0
P08,2027-04-03,0.9577,1.1902,1.2193,0,0,0
P08,2027-04-04,0.956,1.0753,1.2193,0,0,0
P08,2027-04-05,0.9651,0.9142,1.0405,0,0,0
P08,2027-04-06,0.9657,0.9046,1.0405,0,0,0
P08,2027-04-07,0.965,0.972,1.0405,0,0,0
P08,2027-04-08,0.9641,0.9719,1.0405,0,0,0
P08,2027-04-09,0.9617,1.0864,1.0405,0,0,0
P08,2027-04-10,0.9628,1.1902,1.2193,0,0,0
P08,2027-04-11,0.963,1.0753,1.2193,0,0,0
P08,2027-04-12,0.9614,0.9142,1.0405,0,0,0
P08,2027-04-13,0.9633,0.9046,1.0405,0,0,0
P08,2027-04-14,0.9643,0.972,1.0405,0,0,0
P08,2027-04-15,0.9641,0.9719,1.0405,0,0,0
P08,2027-04-16,0.9643,1.0864,1.0405,0,0,0
P08,2027-04-17,0.9636,1.1902,1.2193,0,0,0
P08,2027-04-18,0.9657,1.0753,1.2193,0,0,0
P08,2027-04-19,0.9699,0.9142,1.0405,0,0,0
P08,2027-04-20,0.9725,0.9046,1.0405,0,0,0
P08,2027-04-21,0.9756,0.972,1.0405,0,0,0
P08,2027-04-22,0.9746,0.9719,1.0405,0,0,0
P08,2027-04-23,0.9761,1.0864,1.0405,0,0,0
P08,2027-04-24,0.9757,1.1902,1.2193,0,0,0
P08,2027-04-25,0.9801,1.0753,1.2193,0,0,0
P08,2027-04-26,0.9765,0.9142,1.0405,0,0,0
P08,2027-04-27,0.9796,0.9046,1.0405,0,0,0
P08,2027-04-28,0.9808,0.972,1.0405,0,0,0
P08,2027-04-29,0.9841,0.9719,1.0405,0,0,0
P08,2027-04-30,0.981,1.0864,1.0405,0,0,0
P08,2027-05-01,0.9764,1.1902,1.2193,0,0,0
P08,2027-05-02,0.9797,1.0753,1.2193,0,0,0
P08,2027-05-03,0.9797,0.9142,1.0405,0,0,0
P08,2027-05-04,0.9808,0.9046,1.0405,0,0,0
P08,2027-05-05,0.9817,0.972,1.0405,0,0,0
P08,2027-05-06,0.9841,0.9719,1.0405,0,0,0
P08,2027-05-07,0.9859,1.0864,1.0405,0,0,0
P08,2027-05-08,0.988,1.1902,1.2193,0,0,0
P08,2027-05-09,0.9877,1.0753,1.2193,0,0,0
P08,2027-05-10,0.988,0.9142,1.0405,0,0,0
P08,2027-05-11,0.9885,0.9046,1.0405,0,0,0
P08,2027-05-12,0.992,0.972,1.0405,0,0,0
P08,2027-05-13,0.9913,0.9719,1.0405,0,0,0
P08,2027-05-14,0.9902,1.0864,1.0405,0,0,0
P08,2027-05-15,0.9976,1.1902,1.2193,0,0,0
P08,2027-05-16,0.9958,1.0753,1.2193,0,0,0
P08,2027-05-17,0.9948,0.9142,1.0405,0,0,0
P08,2027-05-18,0.994,0.9046,1.0405,0,0,0
P08,2027-05-19,0.9887,0.972,1.0405,0,0,0
P08,2027-05-20,0.9866,0.9719,1.0405,0,0,0
P08,2027-05-21,0.9861,1.0864,1.0405,0,0,0
P08,2027-05-22,0.9825,1.1902,1.2193,0,0,0
P08,2027-05-23,0.9852,1.0753,1.2193,0,0,0
P08,2027-05-24,0.9843,0.9142,1.0405,0,0,0
P08,2027-05-25,0.9874,0.9046,1.0405,0,0,0
P08,2027-05-26,0.9858,0.972,1.0405,0,0,0
P08,2027-05-27,0.9844,0.9719,1.0405,0,0,0
P08,2027-05-28,0.9857,1.0864,1.0405,0,0,0
P08,2027-05-29,0.9859,1.1902,1.2193,0,0,0
P08,2027-05-30,0.9839,1.0753,1.2193,0,0,0
P08,2027-05-31,0.9836,0.9142,1.0405,0,0,0
P08,2027-06-01,0.9815,0.9046,1.0405,0,0,0
P08,2027-06-02,0.9777,0.972,1.0405,0,0,0
P08,2027-06-03,0.9755,0.9719,1.0405,0,0,0
P08,2027-06-04,0.9736,1.0864,1.0405,0,0,0
P08,2027-06-05,0.9736,1.1902,1.0405,0,0,0
P08,2027-06-06,0.9737,1.0753,1.0405,0,0,0
P08,2027-06-07,0.9775,0.9142,1.0405,0,0,0
P08,2027-06-08,0.9775,0.9046,1.0405,0,0,0
P08,2027-06-09,0.9744,0.972,1.0405,0,0,0
P08,2027-06-10,0.9701,0.9719,1.0405,0,0,0
P08,2027-06-11,0.9639,1.0864,1.0405,0,0,0
P08,2027-06-12,0.9614,1.1902,1.0405,0,0,0
P08,2027-06-13,0.9606,1.0753,1.0405,0,0,0
P08,2027-06-14,0.9626,0.9142,1.0405,0,0,0
P08,2027-06-15,0.9633,0.9046,1.0405,0,0,0
P08,2027-06-16,0.9628,0.972,1.0405,0,0,0
P08,2027-06-17,0.9622,0.9719,1.0405,0,0,0
P08,2027-06-18,0.9622,1.0864,1.0405,0,0,0
P08,2027-06-19,0.9608,1.1902,1.0405,0,0,0
P08,2027-06-20,0.96,1.0753,1.0405,0,0,0
P08,2027-06-21,0.9613,0.9142,1.0405,0,0,0
P08,2027-06-22,0.9625,0.9046,1.0405,0,0,0
P08,2027-06-23,0.9644,0.972,1.0405,0,0,0
P08,2027-06-24,0.9661,0.9719,1.0405,0,0,0
P08,2027-06-25,0.9684,1.0864,1.0405,0,0,0
P08,2027-06-26,0.9687,1.1902,1.0405,0,0,0
P08,2027-06-27,0.9685,1.0753,1.0405,0,0,0
P08,2027-06-28,0.9669,0.9142,1.0405,0,0,0
P08,2027-06-29,0.9667,0.9046,1.0405,0,0,0
P08,2027-06-30,0.9672,0.972,1.0405,0,0,0
P08,2027-07-01,0.9683,0.9719,1.1138,0,0,0
P08,2027-07-02,0.9644,1.0864,1.6007,0,0,0
P08,2027-07-03,0.9626,1.1902,1.6007,0,0,0
P08,2027-07-04,0.9536,1.0753,1.1138,0,0,0
P08,2027-07-05,0.9502,0.9142,1.1138,0,0,0
P08,2027-07-06,0.9494,0.9046,1.1138,0,0,0
P08,2027-07-07,0.9493,0.972,1.1138,0,0,0
P08,2027-07-08,0.9506,0.9719,1.1138,0,0,0
P08,2027-07-09,0.9527,1.0864,1.6007,0,0,0
P08,2027-07-10,0.9514,1.1902,1.6007,0,0,0
P08,2027-07-11,0.9509,1.0753,1.1138,0,0,0
P08,2027-07-12,0.9509,0.9142,1.1138,0,0,0
P08,2027-07-13,0.949,0.9046,1.1138,0,0,0
P08,2027-07-14,0.9466,0.972,1.1138,0,0,0
P08,2027-07-15,0.9452,0.9719,1.1138,0,0,0
P08,2027-07-16,0.9457,1.0864,1.6007,0,0,0
P08,2027-07-17,0.9427,1.1902,1.6007,0,0,0
P08,2027-07-18,0.9417,1.0753,1.1138,0,0,0
P08,2027-07-19,0.9422,0.9142,1.1138,0,0,0
P08,2027-07-20,0.942,0.9046,1.1138,0,0,0
P08,2027-07-21,0.9437,0.972,1.1138,0,0,0
P08,2027-07-22,0.9426,0.9719,1.1138,0,0,0
P08,2027-07-23,0.9431,1.0864,1.6007,0,0,0
P08,2027-07-24,0.9399,1.1902,1.6007,0,0,0
P08,2027-07-25,0.9389,1.0753,1.1138,0,0,0
P08,2027-07-26,0.9419,0.9142,1.1138,0,0,0
P08,2027-07-27,0.9416,0.9046,1.1138,0,0,0
P08,2027-07-28,0.9401,0.972,1.1138,0,0,0
P08,2027-07-29,0.9394,0.9719,1.1138,0,0,0
P08,2027-07-30,0.9405,1.0864,1.6007,0,0,0
P08,2027-07-31,0.9402,1.1902,1.6007,0,0,0
P08,2027-08-01,0.9416,1.0753,1.1138,0,0,0
P08,2027-08-02,0.9444,0.9142,1.1138,0,0,0
P08,2027-08-03,0.9492,0.9046,1.1138,0,0,0
P08,2027-08-04,0.9439,0.972,1.1138,0,0,0
P08,2027-08-05,0.9436,0.9719,1.1138,0,0,0
P08,2027-08-06,0.9421,1.0864,1.1138,0,0,0
P08,2027-08-07,0.9397,1.1902,1.1138,0,0,0
P08,2027-08-08,0.9403,1.0753,1.1138,0,0,0
P08,2027-08-09,0.9386,0.9142,1.1138,0,0,0
P08,2027-08-10,0.9398,0.9046,1.1138,0,0,0
P08,2027-08-11,0.9387,0.972,1.1138,0,0,0
P08,2027-08-12,0.9403,0.9719,1.1138,0,0,0
P08,2027-08-13,0.9376,1.0864,1.1138,0,0,0
P08,2027-08-14,0.9347,1.1902,1.1138,0,0,0
P08,2027-08-15,0.9373,1.0753,2.45,0,0,0
P08,2027-08-16,0.9383,0.9142,2.45,0,0,0
P08,2027-08-17,0.9392,0.9046,2.45,0,0,0
P08,2027-08-18,0.9392,0.972,1.1138,0,0,0
P08,2027-08-19,0.9397,0.9719,1.1138,0,0,0
P08,2027-08-20,0.9431,1.0864,1.1138,0,0,0
P08,2027-08-21,0.9406,1.1902,1.1138,0,0,0
P08,2027-08-22,0.9388,1.0753,1.1138,0,0,0
P08,2027-08-23,0.9413,0.9142,1.1138,0,0,0
P08,2027-08-24,0.943,0.9046,1.1138,0,0,0
P08,2027-08-25,0.9433,0.972,1.1138,0,0,0
P08,2027-08-26,0.9424,0.9719,1.1138,0,0,0
P08,2027-08-27,0.945,1.0864,1.1138,0,0,0
P08,2027-08-28,0.9508,1.1902,1.1138,0,0,0
P08,2027-08-29,0.9538,1.0753,1.1138,0,0,0
P08,2027-08-30,0.956,0.9142,1.1138,0,0,0
P08,2027-08-31,0.9632,0.9046,1.1138,0,0,0
P08,2027-09-01,0.9626,0.972,1.1138,0,0,0
P08,2027-09-02,0.9637,0.9719,1.1138,0,0,0
P08,2027-09-03,0.9635,1.0864,1.1138,0,0,0
P08,2027-09-04,0.9605,1.1902,1.1138,0,0,0
P08,2027-09-05,0.9612,1.0753,1.1138,0,0,0
P08,2027-09-06,0.9572,0.9142,1.1138,0,0,0
P08,2027-09-07,0.9595,0.9046,1.1138,0,0,0
P08,2027-09-08,0.9604,0.972,1.1138,0,0,0
P08,2027-09-09,0.9617,0.9719,1.1138,0,0,0
P08,2027-09-10,0.9552,1.0864,1.1138,0,0,0
P08,2027-09-11,0.9524,1.1902,1.1138,0,0,0
P08,2027-09-12,0.9524,1.0753,1.1138,0,0,0
P08,2027-09-13,0.9536,0.9142,1.1138,0,0,0
P08,2027-09-14,0.9563,0.9046,1.1138,0,0,0
P08,2027-09-15,0.9587,0.972,1.1138,0,0,0
P08,2027-09-16,0.9582,0.9719,1.1138,0,0,0
P08,2027-09-17,0.9616,1.0864,1.1138,0,0,0
P08,2027-09-18,0.9596,1.1902,1.1138,0,0,0
P08,2027-09-19,0.9555,1.0753,1.1138,0,0,0
P08,2027-09-20,0.9516,0.9142,1.1138,0,0,0
P08,2027-09-21,0.9515,0.9046,1.1138,0,0,0
P08,2027-09-22,0.9551,0.972,1.1138,0,0,0
P08,2027-09-23,0.9591,0.9719,1.1138,0,0,0
P08,2027-09-24,0.9616,1.0864,1.1138,0,0,0
P08,2027-09-25,0.9636,1.1902,1.1138,0,0,0
P08,2027-09-26,0.9635,1.0753,1.1138,0,0,0
P08,2027-09-27,0.9646,0.9142,1.1138,0,0,0
P08,2027-09-28,0.9649,0.9046,1.1138,0,0,0
P08,2027-09-29,0.9672,0.972,1.1138,0,0,0
P08,2027-09-30,0.9719,0.9719,1.1138,0,0,0
P08,2027-10-01,0.977,1.0864,1.4371,0,0,0
P08,2027-10-02,0.978,1.1902,1.4371,0,0,0
P08,2027-10-03,0.98,1.0753,1.0,0,0,0
P08,2027-10-04,0.9844,0.9142,1.0,0,0,0
P08,2027-10-05,0.9877,0.9046,1.0,0,0,0
P08,2027-10-06,0.9905,0.972,1.0,0,0,0
P08,2027-10-07,0.9872,0.9719,1.0,0,0,0
P08,2027-10-08,0.9897,1.0864,1.4371,0,0,0
P08,2027-10-09,0.9897,1.1902,1.4371,0,0,0
P08,2027-10-10,0.9874,1.0753,1.0,0,0,0
P08,2027-10-11,0.989,0.9142,1.0,0,0,0
P08,2027-10-12,0.9925,0.9046,1.0,0,0,0
P08,2027-10-13,0.9974,0.972,1.0,0,0,0
P08,2027-10-14,0.9945,0.9719,1.0,0,0,0
P08,2027-10-15,0.9985,1.0864,1.4371,0,0,0
P08,2027-10-16,1.0004,1.1902,1.4371,0,0,0
P08,2027-10-17,1.0042,1.0753,1.0,0,0,0
P08,2027-10-18,1.0034,0.9142,1.0,0,0,0
P08,2027-10-19,1.0046,0.9046,1.0,0,0,0
P08,2027-10-20,1.006,0.972,3.0553,0,0,0
P08,2027-10-21,1.0071,0.9719,3.0553,0,0,0
P08,2027-10-22,1.0078,1.0864,3.0553,0,0,0
P08,2027-10-23,1.0139,1.1902,3.0553,0,0,0
P08,2027-10-24,1.0133,1.0753,3.0553,0,0,0
P08,2027-10-25,1.0175,0.9142,3.0553,0,0,0
P08,2027-10-26,1.0173,0.9046,1.0,0,0,0
P08,2027-10-27,1.0189,0.972,1.0,0,0,0
P08,2027-10-28,1.0209,0.9719,1.0,0,0,0
P08,2027-10-29,1.0232,1.0864,1.4371,0,0,0
P08,2027-10-30,1.0248,1.1902,1.4371,0,0,0
P08,2027-10-31,1.0209,1.0753,1.0,0,0,0
P08,2027-11-01,1.0164,0.9142,3.1383,0,0,0
P08,2027-11-02,1.0202,0.9046,3.1383,0,0,0
P08,2027-11-03,1.0214,0.972,3.1383,0,0,0
P08,2027-11-04,1.0251,0.9719,0.9918,0,0,0
P08,2027-11-05,1.0275,1.0864,0.9918,0,0,0
P08,2027-11-06,1.0268,1.1902,0.9918,0,0,0
P08,2027-11-07,1.0292,1.0753,0.9918,0,0,0
P08,2027-11-08,1.0298,0.9142,0.9918,0,0,0
P08,2027-11-09,1.0323,0.9046,0.9918,0,0,0
P08,2027-11-10,1.0337,0.972,0.9918,0,0,0
P08,2027-11-11,1.0348,0.9719,0.9918,0,0,0
P08,2027-11-12,1.0388,1.0864,0.9918,0,0,0
P08,2027-11-13,1.036,1.1902,0.9918,0,0,0
P08,2027-11-14,1.0374,1.0753,0.9918,0,0,0
P08,2027-11-15,1.0428,0.9142,0.9918,0,0,0
P08,2027-11-16,1.0546,0.9046,0.9918,0,0,0
P08,2027-11-17,1.0571,0.972,0.9918,0,0,0
P08,2027-11-18,1.0561,0.9719,0.9918,0,0,0
P08,2027-11-19,1.0583,1.0864,0.9918,0,0,0
P08,2027-11-20,1.0632,1.1902,0.9918,0,0,0
P08,2027-11-21,1.0602,1.0753,0.9918,0,0,0
P08,2027-11-22,1.0623,0.9142,0.9918,0,0,0
P08,2027-11-23,1.0646,0.9046,0.9918,0,0,0
P08,2027-11-24,1.0652,0.972,0.9918,0,0,0
P08,2027-11-25,1.0639,0.9719,0.9918,0,0,0
P08,2027-11-26,1.0612,1.0864,0.9918,0,0,0
P08,2027-11-27,1.059,1.1902,0.9918,0,0,0
P08,2027-11-28,1.0591,1.0753,0.9918,0,0,0
P08,2027-11-29,1.0554,0.9142,0.9918,0,0,0
P08,2027-11-30,1.0578,0.9046,0.9918,0,0,0
P08,2027-12-01,1.0615,0.972,0.9918,0,0,0
P08,2027-12-02,1.0644,0.9719,0.9918,0,0,0
P08,2027-12-03,1.069,1.0864,0.9918,0,0,0
P08,2027-12-04,1.0677,1.1902,0.9918,0,0,0
P08,2027-12-05,1.0738,1.0753,0.9918,0,0,0
P08,2027-12-06,1.0776,0.9142,0.9918,0,0,0
P08,2027-12-07,1.0809,0.9046,0.9918,0,0,0
P08,2027-12-08,1.0859,0.972,0.9918,0,0,0
P08,2027-12-09,1.0922,0.9719,0.9918,0,0,0
P08,2027-12-10,1.0982,1.0864,0.9918,0,0,0
P08,2027-12-11,1.0985,1.1902,0.9918,0,0,0
P08,2027-12-12,1.0996,1.0753,0.9918,0,0,0
P08,2027-12-13,1.0988,0.9142,0.9918,0,0,0
P08,2027-12-14,1.099,0.9046,0.9918,0,0,0
P08,2027-12-15,1.1001,0.972,0.9918,0,0,0
P08,2027-12-16,1.0982,0.9719,0.9918,0,0,0
P08,2027-12-17,1.1053,1.0864,0.9918,0,0,0
P08,2027-12-18,1.1124,1.1902,0.9918,0,0,0
P08,2027-12-19,1.1199,1.0753,0.9918,0,0,0
P08,2027-12-20,1.1213,0.9142,0.9918,0,0,0
P08,2027-12-21,1.1204,0.9046,0.9918,0,0,0
P08,2027-12-22,1.1188,0.972,0.9918,0,0,0
P08,2027-12-23,1.1184,0.9719,0.9918,0,0,0
P08,2027-12-24,1.1182,1.0864,0.9918,0,0,0
P08,2027-12-25,1.1213,1.1902,0.9918,0,0,0
P08,2027-12-26,1.1215,1.0753,0.9918,0,0,0
P08,2027-12-27,1.1198,0.9142,0.9918,0,0,0
P08,2027-12-28,1.1165,0.9046,0.9918,0,0,0
P08,2027-12-29,1.1174,0.972,0.9918,0,0,0
P08,2027-12-30,1.116,0.9719,0.9918,0,0,0
P08,2027-12-31,1.1243,1.0864,0.9918,0,0,0
P09,2026-01-01,0.5726,0.9702,0.6917,0,0,0
P09,2026-01-02,0.5763,1.0318,0.931,0,0,0
P09,2026-01-03,0.5761,1.1045,0.931,0,0,0
P09,2026-01-04,0.5801,1.0518,0.931,0,0,0
P09,2026-01-05,0.5825,0.9238,0.931,0,0,0
P09,2026-01-06,0.5888,0.9809,0.931,0,0,0
P09,2026-01-07,0.5922,0.9981,0.931,0,0,0
P09,2026-01-08,0.596,0.9702,0.931,0,0,0
P09,2026-01-09,0.6019,1.0318,0.931,0,0,0
P09,2026-01-10,0.6024,1.1045,0.931,0,0,0
P09,2026-01-11,0.5984,1.0518,0.931,0,0,0
P09,2026-01-12,0.6044,0.9238,0.931,0,0,0
P09,2026-01-13,0.609,0.9809,1.4874,0,0,0
P09,2026-01-14,0.6145,0.9981,1.4874,0,0,0
P09,2026-01-15,0.6188,0.9702,1.4874,0,0,0
P09,2026-01-16,0.6223,1.0318,1.4874,0,0,0
P09,2026-01-17,0.6242,1.1045,0.931,0,0,0
P09,2026-01-18,0.6281,1.0518,0.931,0,0,0
P09,2026-01-19,0.6293,0.9238,0.931,0,0,0
P09,2026-01-20,0.6342,0.9809,0.931,0,0,0
P09,2026-01-21,0.6368,0.9981,0.931,0,0,0
P09,2026-01-22,0.6465,0.9702,0.931,0,0,0
P09,2026-01-23,0.6499,1.0318,0.931,0,0,0
P09,2026-01-24,0.6491,1.1045,0.931,0,0,0
P09,2026-01-25,0.6529,1.0518,0.931,0,0,0
P09,2026-01-26,0.6533,0.9238,0.6917,0,0,0
P09,2026-01-27,0.6558,0.9809,0.931,0,0,0
P09,2026-01-28,0.6556,0.9981,0.931,0,0,0
P09,2026-01-29,0.6552,0.9702,0.931,0,0,0
P09,2026-01-30,0.6578,1.0318,0.931,0,0,0
P09,2026-01-31,0.6614,1.1045,0.931,0,0,0
P09,2026-02-01,0.6623,1.0518,0.931,0,0,0
P09,2026-02-02,0.6643,0.9238,0.931,0,0,0
P09,2026-02-03,0.6641,0.9809,0.931,0,0,0
P09,2026-02-04,0.6659,0.9981,0.931,0,0,0
P09,2026-02-05,0.6662,0.9702,0.931,0,0,0
P09,2026-02-06,0.6685,1.0318,0.931,0,0,0
P09,2026-02-07,0.6687,1.1045,0.931,0,0,0
P09,2026-02-08,0.6698,1.0518,0.931,0,0,0
P09,2026-02-09,0.6715,0.9238,0.931,0,0,0
P09,2026-02-10,0.6755,0.9809,0.931,0,0,0
P09,2026-02-11,0.6775,0.9981,0.931,0,0,0
P09,2026-02-12,0.6792,0.9702,0.931,0,0,0
P09,2026-02-13,0.683,1.0318,0.931,0,0,0
P09,2026-02-14,0.6836,1.1045,0.931,0,0,0
P09,2026-02-15,0.6886,1.0518,0.931,0,0,0
P09,2026-02-16,0.6944,0.9238,0.931,0,0,0
P09,2026-02-17,0.6975,0.9809,0.931,0,0,0
P09,2026-02-18,0.7029,0.9981,0.931,0,0,0
P09,2026-02-19,0.709,0.9702,0.931,0,0,0
P09,2026-02-20,0.7123,1.0318,0.931,0,0,0
P09,2026-02-21,0.7151,1.1045,0.931,0,0,0
P09,2026-02-22,0.7205,1.0518,0.931,0,0,0
P09,2026-02-23,0.7241,0.9238,0.931,0,0,0
P09,2026-02-24,0.7291,0.9809,0.931,0,0,0
P09,2026-02-25,0.7327,0.9981,0.931,0,0,0
P09,2026-02-26,0.7376,0.9702,0.931,0,0,0
P09,2026-02-27,0.7409,1.0318,0.931,0,0,0
P09,2026-02-28,0.7469,1.1045,0.931,0,0,0
P09,2026-03-01,0.7487,1.0518,1.2364,0,0,0
P09,2026-03-02,0.754,0.9238,1.2364,0,0,0
P09,2026-03-03,0.7584,0.9809,1.2364,0,0,0
P09,2026-03-04,0.7652,0.9981,1.2364,0,0,0
P09,2026-03-05,0.7701,0.9702,1.2364,0,0,0
P09,2026-03-06,0.7752,1.0318,1.7612,0,0,0
P09,2026-03-07,0.7831,1.1045,1.7612,0,0,0
P09,2026-03-08,0.7888,1.0518,1.2364,0,0,0
P09,2026-03-09,0.7927,0.9238,1.2364,0,0,0
P09,2026-03-10,0.7955,0.9809,1.2364,0,0,0
P09,2026-03-11,0.8004,0.9981,1.2364,0,0,0
P09,2026-03-12,0.8045,0.9702,1.2364,0,0,0
P09,2026-03-13,0.8054,1.0318,1.7612,0,0,0
P09,2026-03-14,0.8136,1.1045,1.7612,0,0,0
P09,2026-03-15,0.8212,1.0518,1.2364,0,0,0
P09,2026-03-16,0.8266,0.9238,1.2364,0,0,0
P09,2026-03-17,0.8263,0.9809,1.2364,0,0,0
P09,2026-03-18,0.8259,0.9981,1.2364,0,0,0
P09,2026-03-19,0.8276,0.9702,1.2364,0,0,0
P09,2026-03-20,0.8272,1.0318,1.7612,0,0,0
P09,2026-03-21,0.826,1.1045,1.7612,0,0,0
P09,2026-03-22,0.8272,1.0518,1.2364,0,0,0
P09,2026-03-23,0.83,0.9238,1.2364,0,0,0
P09,2026-03-24,0.837,0.9809,1.2364,0,0,0
P09,2026-03-25,0.8399,0.9981,1.2364,0,0,0
P09,2026-03-26,0.8417,0.9702,1.2364,0,0,0
P09,2026-03-27,0.8426,1.0318,1.7612,0,0,0
P09,2026-03-28,0.8433,1.1045,1.7612,0,0,0
P09,2026-03-29,0.8501,1.0518,1.2364,0,0,0
P09,2026-03-30,0.8559,0.9238,1.2364,0,0,0
P09,2026-03-31,0.8618,0.9809,1.2364,0,0,0
P09,2026-04-01,0.8656,0.9981,1.2364,0,0,0
P09,2026-04-02,0.8688,0.9702,1.2364,0,0,0
P09,2026-04-03,0.8715,1.0318,1.2364,0,0,0
P09,2026-04-04,0.8742,1.1045,1.7523,0,0,0
P09,2026-04-05,0.8774,1.0518,1.7523,0,0,0
P09,2026-04-06,0.8781,0.9238,1.2364,0,0,0
P09,2026-04-07,0.8807,0.9809,1.2364,0,0,0
P09,2026-04-08,0.8858,0.9981,1.2364,0,0,0
P09,2026-04-09,0.8841,0.9702,1.2364,0,0,0
P09,2026-04-10,0.8873,1.0318,1.2364,0,0,0
P09,2026-04-11,0.8933,1.1045,1.7523,0,0,0
P09,2026-04-12,0.8919,1.0518,1.7523,0,0,0
P09,2026-04-13,0.893,0.9238,1.2364,0,0,0
P09,2026-04-14,0.8959,0.9809,1.2364,0,0,0
P09,2026-04-15,0.8999,0.9981,1.2364,0,0,0
P09,2026-04-16,0.8984,0.9702,1.2364,0,0,0
P09,2026-04-17,0.8986,1.0318,1.2364,0,0,0
P09,2026-04-18,0.9005,1.1045,1.7523,0,0,0
P09,2026-04-19,0.9039,1.0518,1.7523,0,0,0
P09,2026-04-20,0.9024,0.9238,1.2364,0,0,0
P09,2026-04-21,0.9047,0.9809,1.2364,0,0,0
P09,2026-04-22,0.9002,0.9981,1.2364,0,0,0
P09,2026-04-23,0.9041,0.9702,1.2364,0,0,0
P09,2026-04-24,0.907,1.0318,1.2364,0,0,0
P09,2026-04-25,0.9089,1.1045,1.7523,0,0,0
P09,2026-04-26,0.91,1.0518,1.7523,0,0,0
P09,2026-04-27,0.9105,0.9238,1.2364,0,0,0
P09,2026-04-28,0.9114,0.9809,1.2364,0,0,0
P09,2026-04-29,0.9191,0.9981,1.2364,0,0,0
P09,2026-04-30,0.9195,0.9702,1.2364,0,0,0
P09,2026-05-01,0.9196,1.0318,1.2364,0,0,0
P09,2026-05-02,0.922,1.1045,1.7523,0,0,0
P09,2026-05-03,0.9236,1.0518,1.7523,0,0,0
P09,2026-05-04,0.9268,0.9238,1.2364,0,0,0
P09,2026-05-05,0.9282,0.9809,1.2364,0,0,0
P09,2026-05-06,0.9306,0.9981,1.2364,0,0,0
P09,2026-05-07,0.931,0.9702,1.2364,0,0,0
P09,2026-05-08,0.9349,1.0318,1.2364,0,0,0
P09,2026-05-09,0.9378,1.1045,1.7523,0,0,0
P09,2026-05-10,0.9412,1.0518,1.7523,0,0,0
P09,2026-05-11,0.9406,0.9238,1.2364,0,0,0
P09,2026-05-12,0.941,0.9809,1.2364,0,0,0
P09,2026-05-13,0.946,0.9981,1.2364,0,0,0
P09,2026-05-14,0.9446,0.9702,1.2364,0,0,0
P09,2026-05-15,0.9507,1.0318,1.2364,0,0,0
P09,2026-05-16,0.9478,1.1045,1.7523,0,0,0
P09,2026-05-17,0.948,1.0518,1.7523,0,0,0
P09,2026-05-18,0.9522,0.9238,1.2364,0,0,0
P09,2026-05-19,0.9494,0.9809,1.2364,0,0,0
P09,2026-05-20,0.9537,0.9981,1.2364,0,0,0
P09,2026-05-21,0.9531,0.9702,1.2364,0,0,0
P09,2026-05-22,0.9568,1.0318,1.2364,0,0,0
P09,2026-05-23,0.9537,1.1045,1.7523,0,0,0
P09,2026-05-24,0.95,1.0518,1.7523,0,0,0
P09,2026-05-25,0.9522,0.9238,1.2364,0,0,0
P09,2026-05-26,0.9549,0.9809,1.2364,0,0,0
P09,2026-05-27,0.9539,0.9981,1.2364,0,0,0
P09,2026-05-28,0.956,0.9702,1.2364,0,0,0
P09,2026-05-29,0.9536,1.0318,1.2364,0,0,0
P09,2026-05-30,0.9573,1.1045,1.7523,0,0,0
P09,2026-05-31,0.9594,1.0518,1.7523,0,0,0
P09,2026-06-01,0.96,0.9238,1.2364,0,0,0
P09,2026-06-02,0.9569,0.9809,1.2364,0,0,0
P09,2026-06-03,0.9562,0.9981,1.2364,0,0,0
P09,2026-06-04,0.9568,0.9702,1.2364,0,0,0
P09,2026-06-05,0.9518,1.0318,1.2364,0,0,0
P09,2026-06-06,0.9489,1.1045,1.2364,0,0,0
P09,2026-06-07,0.9449,1.0518,1.2364,0,0,0
P09,2026-06-08,0.9473,0.9238,1.2364,0,0,0
P09,2026-06-09,0.9506,0.9809,1.2364,0,0,0
P09,2026-06-10,0.9491,0.9981,1.2364,0,0,0
P09,2026-06-11,0.9503,0.9702,1.2364,0,0,0
P09,2026-06-12,0.947,1.0318,1.2364,0,0,0
P09,2026-06-13,0.9449,1.1045,1.2364,0,0,0
P09,2026-06-14,0.942,1.0518,1.2364,0,0,0
P09,2026-06-15,0.9442,0.9238,1.2364,0,0,0
P09,2026-06-16,0.9474,0.9809,1.2364,0,0,0
P09,2026-06-17,0.9482,0.9981,1.2364,0,0,0
P09,2026-06-18,0.9499,0.9702,1.2364,0,0,0
P09,2026-06-19,0.9534,1.0318,1.2364,0,0,0
P09,2026-06-20,0.9535,1.1045,1.2364,0,0,0
P09,2026-06-21,0.9551,1.0518,1.2364,0,0,0
P09,2026-06-22,0.9531,0.9238,1.2364,0,0,0
P09,2026-06-23,0.9519,0.9809,1.2364,0,0,0
P09,2026-06-24,0.9561,0.9981,1.2364,0,0,0
P09,2026-06-25,0.9591,0.9702,1.2364,0,0,0
P09,2026-06-26,0.9621,1.0318,1.2364,0,0,0
P09,2026-06-27,0.9596,1.1045,1.2364,0,0,0
P09,2026-06-28,0.9613,1.0518,1.2364,0,0,0
P09,2026-06-29,0.9551,0.9238,1.2364,0,0,0
P09,2026-06-30,0.9515,0.9809,1.2364,0,0,0
P09,2026-07-01,0.9534,0.9981,0.9367,0,0,0
P09,2026-07-02,0.9516,0.9702,0.9367,0,0,0
P09,2026-07-03,0.9488,1.0318,1.3344,0,0,0
P09,2026-07-04,0.947,1.1045,1.3344,0,0,0
P09,2026-07-05,0.9497,1.0518,0.9367,0,0,0
P09,2026-07-06,0.947,0.9238,0.9367,0,0,0
P09,2026-07-07,0.9453,0.9809,0.9367,0,0,0
P09,2026-07-08,0.946,0.9981,0.9367,0,0,0
P09,2026-07-09,0.9482,0.9702,0.9367,0,0,0
P09,2026-07-10,0.9492,1.0318,1.3344,0,0,0
P09,2026-07-11,0.9493,1.1045,1.3344,0,0,0
P09,2026-07-12,0.9451,1.0518,0.9367,0,0,0
P09,2026-07-13,0.9425,0.9238,0.9367,0,0,0
P09,2026-07-14,0.943,0.9809,0.9367,0,0,0
P09,2026-07-15,0.9471,0.9981,0.9367,0,0,0
P09,2026-07-16,0.9533,0.9702,0.9367,0,0,0
P09,2026-07-17,0.953,1.0318,1.3344,0,0,0
P09,2026-07-18,0.9526,1.1045,1.3344,0,0,0
P09,2026-07-19,0.9573,1.0518,0.9367,0,0,0
P09,2026-07-20,0.9589,0.9238,0.9367,0,0,0
P09,2026-07-21,0.9592,0.9809,0.9367,0,0,0
P09,2026-07-22,0.9552,0.9981,0.9367,0,0,0
P09,2026-07-23,0.9582,0.9702,0.9367,0,0,0
P09,2026-07-24,0.958,1.0318,1.3344,0,0,0
P09,2026-07-25,0.9587,1.1045,1.3344,0,0,0
P09,2026-07-26,0.9584,1.0518,0.9367,0,0,0
P09,2026-07-27,0.961,0.9238,0.9367,0,0,0
P09,2026-07-28,0.955,0.9809,0.9367,0,0,0
P09,2026-07-29,0.956,0.9981,0.9367,0,0,0
P09,2026-07-30,0.9569,0.9702,0.9367,0,0,0
P09,2026-07-31,0.9592,1.0318,1.3344,0,0,0
P09,2026-08-01,0.9555,1.1045,0.9367,0,0,0
P09,2026-08-02,0.9538,1.0518,0.9367,0,0,0
P09,2026-08-03,0.9551,0.9238,0.9367,0,0,0
P09,2026-08-04,0.9559,0.9809,0.9367,0,0,0
P09,2026-08-05,0.9526,0.9981,0.9367,0,0,0
P09,2026-08-06,0.9529,0.9702,0.9367,0,0,0
P09,2026-08-07,0.9523,1.0318,0.9367,0,0,0
P09,2026-08-08,0.9517,1.1045,0.9367,0,0,0
P09,2026-08-09,0.9541,1.0518,0.9367,0,0,0
P09,2026-08-10,0.953,0.9238,0.9367,0,0,0
P09,2026-08-11,0.9504,0.9809,0.9367,0,0,0
P09,2026-08-12,0.9501,0.9981,0.9367,0,0,0
P09,2026-08-13,0.9495,0.9702,0.9367,0,0,0
P09,2026-08-14,0.9489,1.0318,0.9367,0,0,0
P09,2026-08-15,0.9508,1.1045,1.7154,0,0,0
P09,2026-08-16,0.9501,1.0518,1.7154,0,0,0
P09,2026-08-17,0.9514,0.9238,1.7154,0,0,0
P09,2026-08-18,0.9515,0.9809,0.9367,0,0,0
P09,2026-08-19,0.9556,0.9981,0.9367,0,0,0
P09,2026-08-20,0.9549,0.9702,0.9367,0,0,0
P09,2026-08-21,0.9596,1.0318,0.9367,0,0,0
P09,2026-08-22,0.9667,1.1045,0.9367,0,0,0
P09,2026-08-23,0.9627,1.0518,0.9367,0,0,0
P09,2026-08-24,0.9623,0.9238,0.9367,0,0,0
P09,2026-08-25,0.9638,0.9809,0.9367,0,0,0
P09,2026-08-26,0.9644,0.9981,0.9367,0,0,0
P09,2026-08-27,0.9658,0.9702,0.9367,0,0,0
P09,2026-08-28,0.9652,1.0318,0.9367,0,0,0
P09,2026-08-29,0.9612,1.1045,0.9367,0,0,0
P09,2026-08-30,0.965,1.0518,0.9367,0,0,0
P09,2026-08-31,0.9662,0.9238,0.9367,0,0,0
P09,2026-09-01,0.9687,0.9809,0.9367,0,0,0
P09,2026-09-02,0.9683,0.9981,0.9367,0,0,0
P09,2026-09-03,0.9696,0.9702,0.9367,0,0,0
P09,2026-09-04,0.9734,1.0318,0.9367,0,0,0
P09,2026-09-05,0.9798,1.1045,0.9367,0,0,0
P09,2026-09-06,0.9752,1.0518,0.9367,0,0,0
P09,2026-09-07,0.9675,0.9238,0.9367,0,0,0
P09,2026-09-08,0.9689,0.9809,0.9367,0,0,0
P09,2026-09-09,0.9668,0.9981,0.9367,0,0,0
P09,2026-09-10,0.9659,0.9702,0.9367,0,0,0
P09,2026-09-11,0.9645,1.0318,0.9367,0,0,0
P09,2026-09-12,0.9677,1.1045,0.9367,0,0,0
P09,2026-09-13,0.9669,1.0518,0.9367,0,0,0
P09,2026-09-14,0.9673,0.9238,0.9367,0,0,0
P09,2026-09-15,0.9655,0.9809,0.9367,0,0,0
P09,2026-09-16,0.9655,0.9981,0.9367,0,0,0
P09,2026-09-17,0.9606,0.9702,0.9367,0,0,0
P09,2026-09-18,0.9623,1.0318,0.9367,0,0,0
P09,2026-09-19,0.9588,1.1045,0.9367,0,0,0
P09,2026-09-20,0.9554,1.0518,0.9367,0,0,0
P09,2026-09-21,0.9591,0.9238,0.9367,0,0,0
P09,2026-09-22,0.9554,0.9809,0.9367,0,0,0
P09,2026-09-23,0.9513,0.9981,0.9367,0,0,0
P09,2026-09-24,0.9526,0.9702,0.9367,0,0,0
P09,2026-09-25,0.9525,1.0318,0.9367,0,0,0
P09,2026-09-26,0.9512,1.1045,0.9367,0,0,0
P09,2026-09-27,0.9537,1.0518,0.9367,0,0,0
P09,2026-09-28,0.9597,0.9238,0.9367,0,0,0
P09,2026-09-29,0.9593,0.9809,0.9367,0,0,0
P09,2026-09-30,0.9687,0.9981,0.9367,0,0,0
P09,2026-10-01,0.9728,0.9702,1.0,0,0,0
P09,2026-10-02,0.976,1.0318,1.4245,0,0,0
P09,2026-10-03,0.9731,1.1045,1.4245,0,0,0
P09,2026-10-04,0.9759,1.0518,1.0,0,0,0
P09,2026-10-05,0.9724,0.9238,1.0,0,0,0
P09,2026-10-06,0.977,0.9809,1.0,0,0,0
P09,2026-10-07,0.978,0.9981,1.0,0,0,0
P09,2026-10-08,0.976,0.9702,1.0,0,0,0
P09,2026-10-09,0.9787,1.0318,1.4245,0,0,0
P09,2026-10-10,0.9885,1.1045,1.4245,0,0,0
P09,2026-10-11,0.9872,1.0518,1.0,0,0,0
P09,2026-10-12,0.9839,0.9238,1.0,0,0,0
P09,2026-10-13,0.9848,0.9809,1.0,0,0,0
P09,2026-10-14,0.9834,0.9981,1.0,0,0,0
P09,2026-10-15,0.9861,0.9702,1.0,0,0,0
P09,2026-10-16,0.9907,1.0318,1.4245,0,0,0
P09,2026-10-17,0.9885,1.1045,1.4245,0,0,0
P09,2026-10-18,0.9885,1.0518,1.0,0,0,0
P09,2026-10-19,0.9908,0.9238,1.0,0,0,0
P09,2026-10-20,0.9948,0.9809,3.0181,0,0,0
P09,2026-10-21,0.9961,0.9981,3.0181,0,0,0
P09,2026-10-22,0.9959,0.9702,3.0181,0,0,0
P09,2026-10-23,0.996,1.0318,3.0181,0,0,0
P09,2026-10-24,1.003,1.1045,3.0181,0,0,0
P09,2026-10-25,1.0062,1.0518,3.0181,0,0,0
P09,2026-10-26,1.0131,0.9238,1.0,0,0,0
P09,2026-10-27,1.0125,0.9809,1.0,0,0,0
P09,2026-10-28,1.0115,0.9981,1.0,0,0,0
P09,2026-10-29,1.0125,0.9702,1.0,0,0,0
P09,2026-10-30,1.0187,1.0318,1.4245,0,0,0
P09,2026-10-31,1.0214,1.1045,1.4245,0,0,0
P09,2026-11-01,1.0213,1.0518,2.6028,0,0,0
P09,2026-11-02,1.0221,0.9238,2.6028,0,0,0
P09,2026-11-03,1.0302,0.9809,2.6028,0,0,0
P09,2026-11-04,1.032,0.9981,0.931,0,0,0
P09,2026-11-05,1.0351,0.9702,0.931,0,0,0
P09,2026-11-06,1.0356,1.0318,0.931,0,0,0
P09,2026-11-07,1.0344,1.1045,0.931,0,0,0
P09,2026-11-08,1.0362,1.0518,0.931,0,0,0
P09,2026-11-09,1.035,0.9238,0.931,0,0,0
P09,2026-11-10,1.038,0.9809,0.931,0,0,0
P09,2026-11-11,1.0359,0.9981,0.931,0,0,0
P09,2026-11-12,1.0402,0.9702,0.931,0,0,0
P09,2026-11-13,1.0424,1.0318,0.931,0,0,0
P09,2026-11-14,1.0443,1.1045,0.931,0,0,0
P09,2026-11-15,1.0462,1.0518,0.931,0,0,0
P09,2026-11-16,1.0439,0.9238,0.931,0,0,0
P09,2026-11-17,1.0421,0.9809,0.931,0,0,0
P09,2026-11-18,1.0504,0.9981,0.931,0,0,0
P09,2026-11-19,1.0493,0.9702,0.931,0,0,0
P09,2026-11-20,1.0494,1.0318,0.931,0,0,0
P09,2026-11-21,1.0517,1.1045,0.931,0,0,0
P09,2026-11-22,1.0518,1.0518,0.931,0,0,0
P09,2026-11-23,1.0532,0.9238,0.931,0,0,0
P09,2026-11-24,1.0509,0.9809,0.931,0,0,0
P09,2026-11-25,1.0492,0.9981,0.931,0,0,0
P09,2026-11-26,1.0486,0.9702,0.931,0,0,0
P09,2026-11-27,1.0505,1.0318,0.931,0,0,0
P09,2026-11-28,1.0487,1.1045,0.931,0,0,0
P09,2026-11-29,1.0471,1.0518,0.931,0,0,0
P09,2026-11-30,1.0479,0.9238,0.931,0,0,0
P09,2026-12-01,1.0499,0.9809,0.931,0,0,0
P09,2026-12-02,1.0504,0.9981,0.931,0,0,0
P09,2026-12-03,1.0478,0.9702,0.931,0,0,0
P09,2026-12-04,1.0436,1.0318,0.931,0,0,0
P09,2026-12-05,1.0482,1.1045,0.931,0,0,0
P09,2026-12-06,1.0499,1.0518,0.931,0,0,0
P09,2026-12-07,1.0545,0.9238,0.931,0,0,0
P09,2026-12-08,1.0547,0.9809,0.931,0,0,0
P09,2026-12-09,1.0553,0.9981,0.931,0,0,0
P09,2026-12-10,1.0592,0.9702,0.931,0,0,0
P09,2026-12-11,1.0588,1.0318,0.931,0,0,0
P09,2026-12-12,1.0606,1.1045,0.931,0,0,0
P09,2026-12-13,1.0633,1.0518,0.931,0,0,0
P09,2026-12-14,1.0659,0.9238,0.931,0,0,0
P09,2026-12-15,1.0696,0.9809,0.931,0,0,0
P09,2026-12-16,1.0764,0.9981,0.931,0,0,0
P09,2026-12-17,1.079,0.9702,0.931,0,0,0
P09,2026-12-18,1.0821,1.0318,0.931,0,0,0
P09,2026-12-19,1.0833,1.1045,0.931,0,0,0
P09,2026-12-20,1.0832,1.0518,0.931,0,0,0
P09,2026-12-21,1.0833,0.9238,0.931,0,0,0
P09,2026-12-22,1.0877,0.9809,0.931,0,0,0
P09,2026-12-23,1.0855,0.9981,0.931,0,0,0
P09,2026-12-24,1.0849,0.9702,0.931,0,0,0
P09,2026-12-25,1.0877,1.0318,0.931,0,0,0
P09,2026-12-26,1.0867,1.1045,0.931,0,0,0
P09,2026-12-27,1.084,1.0518,0.931,0,0,0
P09,2026-12-28,1.0817,0.9238,0.931,0,0,0
P09,2026-12-29,1.0748,0.9809,0.931,0,0,0
P09,2026-12-30,1.0738,0.9981,0.931,0,0,0
P09,2026-12-31,1.0712,0.9702,0.931,0,0,0
P09,2027-01-01,1.0711,1.0318,0.6917,0,0,0
P09,2027-01-02,1.0673,1.1045,0.931,0,0,0
P09,2027-01-03,1.0697,1.0518,0.931,0,0,0
P09,2027-01-04,1.0655,0.9238,0.931,0,0,0
P09,2027-01-05,1.0617,0.9809,0.931,0,0,0
P09,2027-01-06,1.0617,0.9981,0.931,0,0,0
P09,2027-01-07,1.0638,0.9702,0.931,0,0,0
P09,2027-01-08,1.0605,1.0318,0.931,0,0,0
P09,2027-01-09,1.059,1.1045,0.931,0,0,0
P09,2027-01-10,1.0582,1.0518,0.931,0,0,0
P09,2027-01-11,1.0575,0.9238,0.931,0,0,0
P09,2027-01-12,1.0554,0.9809,0.931,0,0,0
P09,2027-01-13,1.0536,0.9981,1.4874,0,0,0
P09,2027-01-14,1.0525,0.9702,1.4874,0,0,0
P09,2027-01-15,1.0514,1.0318,1.4874,0,0,0
P09,2027-01-16,1.0486,1.1045,1.4874,0,0,0
P09,2027-01-17,1.047,1.0518,0.931,0,0,0
P09,2027-01-18,1.0455,0.9238,0.931,0,0,0
P09,2027-01-19,1.041,0.9809,0.931,0,0,0
P09,2027-01-20,1.0373,0.9981,0.931,0,0,0
P09,2027-01-21,1.035,0.9702,0.931,0,0,0
P09,2027-01-22,1.0267,1.0318,0.931,0,0,0
P09,2027-01-23,1.0252,1.1045,0.931,0,0,0
P09,2027-01-24,1.0231,1.0518,0.931,0,0,0
P09,2027-01-25,1.0271,0.9238,0.931,0,0,0
P09,2027-01-26,1.0251,0.9809,0.6917,0,0,0
P09,2027-01-27,1.0221,0.9981,0.931,0,0,0
P09,2027-01-28,1.0185,0.9702,0.931,0,0,0
P09,2027-01-29,1.0181,1.0318,0.931,0,0,0
P09,2027-01-30,1.0168,1.1045,0.931,0,0,0
P09,2027-01-31,1.0148,1.0518,0.931,0,0,0
P09,2027-02-01,1.0104,0.9238,0.931,0,0,0
P09,2027-02-02,1.0067,0.9809,0.931,0,0,0
P09,2027-02-03,1.0015,0.9981,0.931,0,0,0
P09,2027-02-04,0.997,0.9702,0.931,0,0,0
P09,2027-02-05,0.9955,1.0318,0.931,0,0,0
P09,2027-02-06,0.996,1.1045,0.931,0,0,0
P09,2027-02-07,0.9956,1.0518,0.931,0,0,0
P09,2027-02-08,0.9963,0.9238,0.931,0,0,0
P09,2027-02-09,0.9943,0.9809,0.931,0,0,0
P09,2027-02-10,0.9896,0.9981,0.931,0,0,0
P09,2027-02-11,0.9823,0.9702,0.931,0,0,0
P09,2027-02-12,0.9802,1.0318,0.931,0,0,0
P09,2027-02-13,0.9794,1.1045,0.931,0,0,0
P09,2027-02-14,0.9794,1.0518,0.931,0,0,0
P09,2027-02-15,0.9779,0.9238,0.931,0,0,0
P09,2027-02-16,0.9666,0.9809,0.931,0,0,0
P09,2027-02-17,0.9637,0.9981,0.931,0,0,0
P09,2027-02-18,0.9587,0.9702,0.931,0,0,0
P09,2027-02-19,0.9577,1.0318,0.931,0,0,0
P09,2027-02-20,0.9562,1.1045,0.931,0,0,0
P09,2027-02-21,0.9567,1.0518,0.931,0,0,0
P09,2027-02-22,0.9601,0.9238,0.931,0,0,0
P09,2027-02-23,0.9596,0.9809,0.931,0,0,0
P09,2027-02-24,0.9609,0.9981,0.931,0,0,0
P09,2027-02-25,0.9603,0.9702,0.931,0,0,0
P09,2027-02-26,0.9547,1.0318,0.931,0,0,0
P09,2027-02-27,0.9566,1.1045,0.931,0,0,0
P09,2027-02-28,0.954,1.0518,0.931,0,0,0
P09,2027-03-01,0.9537,0.9238,1.2364,0,0,0
P09,2027-03-02,0.955,0.9809,1.2364,0,0,0
P09,2027-03-03,0.9543,0.9981,1.2364,0,0,0
P09,2027-03-04,0.9557,0.9702,1.2364,0,0,0
P09,2027-03-05,0.9525,1.0318,1.7612,0,0,0
P09,2027-03-06,0.9547,1.1045,1.7612,0,0,0
P09,2027-03-07,0.9531,1.0518,1.2364,0,0,0
P09,2027-03-08,0.9572,0.9238,1.2364,0,0,0
P09,2027-03-09,0.9588,0.9809,1.2364,0,0,0
P09,2027-03-10,0.9542,0.9981,1.2364,0,0,0
P09,2027-03-11,0.9499,0.9702,1.2364,0,0,0
P09,2027-03-12,0.9473,1.0318,1.7612,0,0,0
P09,2027-03-13,0.942,1.1045,1.7612,0,0,0
P09,2027-03-14,0.9433,1.0518,1.2364,0,0,0
P09,2027-03-15,0.9411,0.9238,1.2364,0,0,0
P09,2027-03-16,0.9361,0.9809,1.2364,0,0,0
P09,2027-03-17,0.9358,0.9981,1.2364,0,0,0
P09,2027-03-18,0.9344,0.9702,1.2364,0,0,0
P09,2027-03-19,0.9336,1.0318,1.7612,0,0,0
P09,2027-03-20,0.932,1.1045,1.7612,0,0,0
P09,2027-03-21,0.9323,1.0518,1.2364,0,0,0
P09,2027-03-22,0.9284,0.9238,1.2364,0,0,0
P09,2027-03-23,0.9291,0.9809,1.2364,0,0,0
P09,2027-03-24,0.9285,0.9981,1.2364,0,0,0
P09,2027-03-25,0.9272,0.9702,1.2364,0,0,0
P09,2027-03-26,0.924,1.0318,1.7612,0,0,0
P09,2027-03-27,0.9269,1.1045,1.7612,0,0,0
P09,2027-03-28,0.9239,1.0518,1.2364,0,0,0
P09,2027-03-29,0.925,0.9238,1.2364,0,0,0
P09,2027-03-30,0.9229,0.9809,1.2364,0,0,0
P09,2027-03-31,0.9222,0.9981,1.2364,0,0,0
P09,2027-04-01,0.92,0.9702,1.2364,0,0,0
P09,2027-04-02,0.922,1.0318,1.2364,0,0,0
P09,2027-04-03,0.9221,1.1045,1.7523,0,0,0
P09,2027-04-04,0.9236,1.0518,1.7523,0,0,0
P09,2027-04-05,0.9259,0.9238,1.2364,0,0,0
P09,2027-04-06,0.9265,0.9809,1.2364,0,0,0
P09,2027-04-07,0.9232,0.9981,1.2364,0,0,0
P09,2027-04-08,0.9182,0.9702,1.2364,0,0,0
P09,2027-04-09,0.919,1.0318,1.2364,0,0,0
P09,2027-04-10,0.9225,1.1045,1.7523,0,0,0
P09,2027-04-11,0.9237,1.0518,1.7523,0,0,0
P09,2027-04-12,0.9253,0.9238,1.2364,0,0,0
P09,2027-04-13,0.9267,0.9809,1.2364,0,0,0
P09,2027-04-14,0.9234,0.9981,1.2364,0,0,0
P09,2027-04-15,0.9218,0.9702,1.2364,0,0,0
P09,2027-04-16,0.92,1.0318,1.2364,0,0,0
P09,2027-04-17,0.9175,1.1045,1.7523,0,0,0
P09,2027-04-18,0.9165,1.0518,1.7523,0,0,0
P09,2027-04-19,0.9182,0.9238,1.2364,0,0,0
P09,2027-04-20,0.9197,0.9809,1.2364,0,0,0
P09,2027-04-21,0.9238,0.9981,1.2364,0,0,0
P09,2027-04-22,0.9287,0.9702,1.2364,0,0,0
P09,2027-04-23,0.9286,1.0318,1.2364,0,0,0
P09,2027-04-24,0.922,1.1045,1.7523,0,0,0
P09,2027-04-25,0.9223,1.0518,1.7523,0,0,0
P09,2027-04-26,0.9225,0.9238,1.2364,0,0,0
P09,2027-04-27,0.9223,0.9809,1.2364,0,0,0
P09,2027-04-28,0.9224,0.9981,1.2364,0,0,0
P09,2027-04-29,0.9225,0.9702,1.2364,0,0,0
P09,2027-04-30,0.922,1.0318,1.2364,0,0,0
P09,2027-05-01,0.9231,1.1045,1.7523,0,0,0
P09,2027-05-02,0.9252,1.0518,1.7523,0,0,0
P09,2027-05-03,0.924,0.9238,1.2364,0,0,0
P09,2027-05-04,0.9284,0.9809,1.2364,0,0,0
P09,2027-05-05,0.9285,0.9981,1.2364,0,0,0
P09,2027-05-06,0.9328,0.9702,1.2364,0,0,0
P09,2027-05-07,0.9328,1.0318,1.2364,0,0,0
P09,2027-05-08,0.9345,1.1045,1.7523,0,0,0
P09,2027-05-09,0.9305,1.0518,1.7523,0,0,0
P09,2027-05-10,0.9325,0.9238,1.2364,0,0,0
P09,2027-05-11,0.9392,0.9809,1.2364,0,0,0
P09,2027-05-12,0.9437,0.9981,1.2364,0,0,0
P09,2027-05-13,0.9414,0.9702,1.2364,0,0,0
P09,2027-05-14,0.9401,1.0318,1.2364,0,0,0
P09,2027-05-15,0.9431,1.1045,1.7523,0,0,0
P09,2027-05-16,0.9463,1.0518,1.7523,0,0,0
P09,2027-05-17,0.949,0.9238,1.2364,0,0,0
P09,2027-05-18,0.9509,0.9809,1.2364,0,0,0
P09,2027-05-19,0.9515,0.9981,1.2364,0,0,0
P09,2027-05-20,0.9527,0.9702,1.2364,0,0,0
P09,2027-05-21,0.9546,1.0318,1.2364,0,0,0
P09,2027-05-22,0.9505,1.1045,1.7523,0,0,0
P09,2027-05-23,0.9475,1.0518,1.7523,0,0,0
P09,2027-05-24,0.9512,0.9238,1.2364,0,0,0
P09,2027-05-25,0.9509,0.9809,1.2364,0,0,0
P09,2027-05-26,0.9481,0.9981,1.2364,0,0,0
P09,2027-05-27,0.9486,0.9702,1.2364,0,0,0
P09,2027-05-28,0.9467,1.0318,1.2364,0,0,0
P09,2027-05-29,0.947,1.1045,1.7523,0,0,0
P09,2027-05-30,0.9462,1.0518,1.7523,0,0,0
P09,2027-05-31,0.9458,0.9238,1.2364,0,0,0
P09,2027-06-01,0.9489,0.9809,1.2364,0,0,0
P09,2027-06-02,0.9457,0.9981,1.2364,0,0,0
P09,2027-06-03,0.9474,0.9702,1.2364,0,0,0
P09,2027-06-04,0.9479,1.0318,1.2364,0,0,0
P09,2027-06-05,0.946,1.1045,1.2364,0,0,0
P09,2027-06-06,0.9457,1.0518,1.2364,0,0,0
P09,2027-06-07,0.945,0.9238,1.2364,0,0,0
P09,2027-06-08,0.9456,0.9809,1.2364,0,0,0
P09,2027-06-09,0.9514,0.9981,1.2364,0,0,0
P09,2027-06-10,0.9513,0.9702,1.2364,0,0,0
P09,2027-06-11,0.9553,1.0318,1.2364,0,0,0
P09,2027-06-12,0.9524,1.1045,1.2364,0,0,0
P09,2027-06-13,0.9543,1.0518,1.2364,0,0,0
P09,2027-06-14,0.9572,0.9238,1.2364,0,0,0
P09,2027-06-15,0.9558,0.9809,1.2364,0,0,0
P09,2027-06-16,0.9539,0.9981,1.2364,0,0,0
P09,2027-06-17,0.956,0.9702,1.2364,0,0,0
P09,2027-06-18,0.9576,1.0318,1.2364,0,0,0
P09,2027-06-19,0.9615,1.1045,1.2364,0,0,0
P09,2027-06-20,0.9603,1.0518,1.2364,0,0,0
P09,2027-06-21,0.9598,0.9238,1.2364,0,0,0
P09,2027-06-22,0.9621,0.9809,1.2364,0,0,0
P09,2027-06-23,0.957,0.9981,1.2364,0,0,0
P09,2027-06-24,0.9565,0.9702,1.2364,0,0,0
P09,2027-06-25,0.9562,1.0318,1.2364,0,0,0
P09,2027-06-26,0.9614,1.1045,1.2364,0,0,0
P09,2027-06-27,0.9624,1.0518,1.2364,0,0,0
P09,2027-06-28,0.96,0.9238,1.2364,0,0,0
P09,2027-06-29,0.9603,0.9809,1.2364,0,0,0
P09,2027-06-30,0.9639,0.9981,1.2364,0,0,0
P09,2027-07-01,0.9645,0.9702,0.9367,0,0,0
P09,2027-07-02,0.962,1.0318,1.3344,0,0,0
P09,2027-07-03,0.9604,1.1045,1.3344,0,0,0
P09,2027-07-04,0.9556,1.0518,0.9367,0,0,0
P09,2027-07-05,0.9546,0.9238,0.9367,0,0,0
P09,2027-07-06,0.9521,0.9809,0.9367,0,0,0
P09,2027-07-07,0.9489,0.9981,0.9367,0,0,0
P09,2027-07-08,0.9526,0.9702,0.9367,0,0,0
P09,2027-07-09,0.9496,1.0318,1.3344,0,0,0
P09,2027-07-10,0.9462,1.1045,1.3344,0,0,0
P09,2027-07-11,0.9437,1.0518,0.9367,0,0,0
P09,2027-07-12,0.9385,0.9238,0.9367,0,0,0
P09,2027-07-13,0.937,0.9809,0.9367,0,0,0
P09,2027-07-14,0.9394,0.9981,0.9367,0,0,0
P09,2027-07-15,0.9431,0.9702,0.9367,0,0,0
P09,2027-07-16,0.9468,1.0318,1.3344,0,0,0
P09,2027-07-17,0.9461,1.1045,1.3344,0,0,0
P09,2027-07-18,0.9473,1.0518,0.9367,0,0,0
P09,2027-07-19,0.9487,0.9238,0.9367,0,0,0
P09,2027-07-20,0.9473,0.9809,0.9367,0,0,0
P09,2027-07-21,0.9433,0.9981,0.9367,0,0,0
P09,2027-07-22,0.9401,0.9702,0.9367,0,0,0
P09,2027-07-23,0.9463,1.0318,1.3344,0,0,0
P09,2027-07-24,0.938,1.1045,1.3344,0,0,0
P09,2027-07-25,0.9383,1.0518,0.9367,0,0,0
P09,2027-07-26,0.9387,0.9238,0.9367,0,0,0
P09,2027-07-27,0.9406,0.9809,0.9367,0,0,0
P09,2027-07-28,0.9393,0.9981,0.9367,0,0,0
P09,2027-07-29,0.9424,0.9702,0.9367,0,0,0
P09,2027-07-30,0.9423,1.0318,1.3344,0,0,0
P09,2027-07-31,0.9403,1.1045,1.3344,0,0,0
P09,2027-08-01,0.9427,1.0518,0.9367,0,0,0
P09,2027-08-02,0.938,0.9238,0.9367,0,0,0
P09,2027-08-03,0.9411,0.9809,0.9367,0,0,0
P09,2027-08-04,0.9354,0.9981,0.9367,0,0,0
P09,2027-08-05,0.9354,0.9702,0.9367,0,0,0
P09,2027-08-06,0.936,1.0318,0.9367,0,0,0
P09,2027-08-07,0.9325,1.1045,0.9367,0,0,0
P09,2027-08-08,0.9299,1.0518,0.9367,0,0,0
P09,2027-08-09,0.9256,0.9238,0.9367,0,0,0
P09,2027-08-10,0.9262,0.9809,0.9367,0,0,0
P09,2027-08-11,0.9266,0.9981,0.9367,0,0,0
P09,2027-08-12,0.9271,0.9702,0.9367,0,0,0
P09,2027-08-13,0.925,1.0318,0.9367,0,0,0
P09,2027-08-14,0.9274,1.1045,0.9367,0,0,0
P09,2027-08-15,0.9296,1.0518,1.7154,0,0,0
P09,2027-08-16,0.9296,0.9238,1.7154,0,0,0
P09,2027-08-17,0.9307,0.9809,1.7154,0,0,0
P09,2027-08-18,0.9293,0.9981,0.9367,0,0,0
P09,2027-08-19,0.9268,0.9702,0.9367,0,0,0
P09,2027-08-20,0.9311,1.0318,0.9367,0,0,0
P09,2027-08-21,0.9356,1.1045,0.9367,0,0,0
P09,2027-08-22,0.9341,1.0518,0.9367,0,0,0
P09,2027-08-23,0.9328,0.9238,0.9367,0,0,0
P09,2027-08-24,0.9391,0.9809,0.9367,0,0,0
P09,2027-08-25,0.9432,0.9981,0.9367,0,0,0
P09,2027-08-26,0.9415,0.9702,0.9367,0,0,0
P09,2027-08-27,0.9423,1.0318,0.9367,0,0,0
P09,2027-08-28,0.9413,1.1045,0.9367,0,0,0
P09,2027-08-29,0.9423,1.0518,0.9367,0,0,0
P09,2027-08-30,0.9436,0.9238,0.9367,0,0,0
P09,2027-08-31,0.9457,0.9809,0.9367,0,0,0
P09,2027-09-01,0.9451,0.9981,0.9367,0,0,0
P09,2027-09-02,0.9437,0.9702,0.9367,0,0,0
P09,2027-09-03,0.9449,1.0318,0.9367,0,0,0
P09,2027-09-04,0.9454,1.1045,0.9367,0,0,0
P09,2027-09-05,0.9471,1.0518,0.9367,0,0,0
P09,2027-09-06,0.9455,0.9238,0.9367,0,0,0
P09,2027-09-07,0.9402,0.9809,0.9367,0,0,0
P09,2027-09-08,0.9399,0.9981,0.9367,0,0,0
P09,2027-09-09,0.9331,0.9702,0.9367,0,0,0
P09,2027-09-10,0.9323,1.0318,0.9367,0,0,0
P09,2027-09-11,0.926,1.1045,0.9367,0,0,0
P09,2027-09-12,0.923,1.0518,0.9367,0,0,0
P09,2027-09-13,0.9221,0.9238,0.9367,0,0,0
P09,2027-09-14,0.9264,0.9809,0.9367,0,0,0
P09,2027-09-15,0.9248,0.9981,0.9367,0,0,0
P09,2027-09-16,0.9212,0.9702,0.9367,0,0,0
P09,2027-09-17,0.9225,1.0318,0.9367,0,0,0
P09,2027-09-18,0.9251,1.1045,0.9367,0,0,0
P09,2027-09-19,0.9228,1.0518,0.9367,0,0,0
P09,2027-09-20,0.9179,0.9238,0.9367,0,0,0
P09,2027-09-21,0.9227,0.9809,0.9367,0,0,0
P09,2027-09-22,0.9258,0.9981,0.9367,0,0,0
P09,2027-09-23,0.9262,0.9702,0.9367,0,0,0
P09,2027-09-24,0.9265,1.0318,0.9367,0,0,0
P09,2027-09-25,0.9287,1.1045,0.9367,0,0,0
P09,2027-09-26,0.9342,1.0518,0.9367,0,0,0
P09,2027-09-27,0.9391,0.9238,0.9367,0,0,0
P09,2027-09-28,0.939,0.9809,0.9367,0,0,0
P09,2027-09-29,0.9435,0.9981,0.9367,0,0,0
P09,2027-09-30,0.9492,0.9702,0.9367,0,0,0
P09,2027-10-01,0.955,1.0318,1.4245,0,0,0
P09,2027-10-02,0.9615,1.1045,1.4245,0,0,0
P09,2027-10-03,0.9623,1.0518,1.0,0,0,0
P09,2027-10-04,0.9641,0.9238,1.0,0,0,0
P09,2027-10-05,0.9694,0.9809,1.0,0,0,0
P09,2027-10-06,0.9672,0.9981,1.0,0,0,0
P09,2027-10-07,0.9683,0.9702,1.0,0,0,0
P09,2027-10-08,0.972,1.0318,1.4245,0,0,0
P09,2027-10-09,0.9699,1.1045,1.4245,0,0,0
P09,2027-10-10,0.9721,1.0518,1.0,0,0,0
P09,2027-10-11,0.9738,0.9238,1.0,0,0,0
P09,2027-10-12,0.973,0.9809,1.0,0,0,0
P09,2027-10-13,0.9733,0.9981,1.0,0,0,0
P09,2027-10-14,0.9736,0.9702,1.0,0,0,0
P09,2027-10-15,0.9779,1.0318,1.4245,0,0,0
P09,2027-10-16,0.9809,1.1045,1.4245,0,0,0
P09,2027-10-17,0.9831,1.0518,1.0,0,0,0
P09,2027-10-18,0.9874,0.9238,1.0,0,0,0
P09,2027-10-19,0.9934,0.9809,1.0,0,0,0
P09,2027-10-20,0.9965,0.9981,3.0181,0,0,0
P09,2027-10-21,0.9945,0.9702,3.0181,0,0,0
P09,2027-10-22,1.0015,1.0318,3.0181,0,0,0
P09,2027-10-23,1.0052,1.1045,3.0181,0,0,0
P09,2027-10-24,1.0032,1.0518,3.0181,0,0,0
P09,2027-10-25,1.0026,0.9238,3.0181,0,0,0
P09,2027-10-26,1.008,0.9809,1.0,0,0,0
P09,2027-10-27,1.0064,0.9981,1.0,0,0,0
P09,2027-10-28,1.0118,0.9702,1.0,0,0,0
P09,2027-10-29,1.0131,1.0318,1.4245,0,0,0
P09,2027-10-30,1.0166,1.1045,1.4245,0,0,0
P09,2027-10-31,1.0181,1.0518,1.0,0,0,0
P09,2027-11-01,1.0202,0.9238,2.6028,0,0,0
P09,2027-11-02,1.0191,0.9809,2.6028,0,0,0
P09,2027-11-03,1.0184,0.9981,2.6028,0,0,0
P09,2027-11-04,1.0211,0.9702,0.931,0,0,0
P09,2027-11-05,1.0272,1.0318,0.931,0,0,0
P09,2027-11-06,1.0295,1.1045,0.931,0,0,0
P09,2027-11-07,1.0305,1.0518,0.931,0,0,0
P09,2027-11-08,1.0292,0.9238,0.931,0,0,0
P09,2027-11-09,1.0316,0.9809,0.931,0,0,0
P09,2027-11-10,1.0337,0.9981,0.931,0,0,0
P09,2027-11-11,1.0368,0.9702,0.931,0,0,0
P09,2027-11-12,1.0334,1.0318,0.931,0,0,0
P09,2027-11-13,1.0326,1.1045,0.931,0,0,0
P09,2027-11-14,1.0316,1.0518,0.931,0,0,0
P09,2027-11-15,1.0313,0.9238,0.931,0,0,0
P09,2027-11-16,1.0344,0.9809,0.931,0,0,0
P09,2027-11-17,1.0403,0.9981,0.931,0,0,0
P09,2027-11-18,1.0396,0.9702,0.931,0,0,0
P09,2027-11-19,1.0381,1.0318,0.931,0,0,0
P09,2027-11-20,1.0393,1.1045,0.931,0,0,0
P09,2027-11-21,1.041,1.0518,0.931,0,0,0
P09,2027-11-22,1.0385,0.9238,0.931,0,0,0
P09,2027-11-23,1.0384,0.9809,0.931,0,0,0
P09,2027-11-24,1.0428,0.9981,0.931,0,0,0
P09,2027-11-25,1.0439,0.9702,0.931,0,0,0
P09,2027-11-26,1.0456,1.0318,0.931,0,0,0
P09,2027-11-27,1.0442,1.1045,0.931,0,0,0
P09,2027-11-28,1.0427,1.0518,0.931,0,0,0
P09,2027-11-29,1.0439,0.9238,0.931,0,0,0
P09,2027-11-30,1.0468,0.9809,0.931,0,0,0
P09,2027-12-01,1.0488,0.9981,0.931,0,0,0
P09,2027-12-02,1.0497,0.9702,0.931,0,0,0
P09,2027-12-03,1.0485,1.0318,0.931,0,0,0
P09,2027-12-04,1.0478,1.1045,0.931,0,0,0
P09,2027-12-05,1.0536,1.0518,0.931,0,0,0
P09,2027-12-06,1.0586,0.9238,0.931,0,0,0
P09,2027-12-07,1.0623,0.9809,0.931,0,0,0
P09,2027-12-08,1.0686,0.9981,0.931,0,0,0
P09,2027-12-09,1.0726,0.9702,0.931,0,0,0
P09,2027-12-10,1.0803,1.0318,0.931,0,0,0
P09,2027-12-11,1.0846,1.1045,0.931,0,0,0
P09,2027-12-12,1.0879,1.0518,0.931,0,0,0
P09,2027-12-13,1.0884,0.9238,0.931,0,0,0
P09,2027-12-14,1.0925,0.9809,0.931,0,0,0
P09,2027-12-15,1.0963,0.9981,0.931,0,0,0
P09,2027-12-16,1.0924,0.9702,0.931,0,0,0
P09,2027-12-17,1.0965,1.0318,0.931,0,0,0
P09,2027-12-18,1.1029,1.1045,0.931,0,0,0
P09,2027-12-19,1.1105,1.0518,0.931,0,0,0
P09,2027-12-20,1.1121,0.9238,0.931,0,0,0
P09,2027-12-21,1.1139,0.9809,0.931,0,0,0
P09,2027-12-22,1.1121,0.9981,0.931,0,0,0
P09,2027-12-23,1.1108,0.9702,0.931,0,0,0
P09,2027-12-24,1.108,1.0318,0.931,0,0,0
P09,2027-12-25,1.1077,1.1045,0.931,0,0,0
P09,2027-12-26,1.1043,1.0518,0.931,0,0,0
P09,2027-12-27,1.1054,0.9238,0.931,0,0,0
P09,2027-12-28,1.1016,0.9809,0.931,0,0,0
P09,2027-12-29,1.0972,0.9981,0.931,0,0,0
P09,2027-12-30,1.0917,0.9702,0.931,0,0,0
P09,2027-12-31,1.0888,1.0318,0.931,0,0,0
P10,2026-01-01,0.5835,0.9872,1.0171,0,0,0
P10,2026-01-02,0.5854,1.0498,0.9905,0,0,0
P10,2026-01-03,0.5869,1.1479,0.9905,0,0,0
P10,2026-01-04,0.5856,1.0733,0.9905,0,0,0
P10,2026-01-05,0.5879,0.9148,0.9905,0,0,0
P10,2026-01-06,0.592,0.9402,0.9905,0,0,0
P10,2026-01-07,0.5966,0.9739,0.9905,0,0,0
P10,2026-01-08,0.5992,0.9872,0.9905,0,0,0
P10,2026-01-09,0.6017,1.0498,0.9905,0,0,0
P10,2026-01-10,0.6051,1.1479,0.9905,0,0,0
P10,2026-01-11,0.6077,1.0733,0.9905,0,0,0
P10,2026-01-12,0.6097,0.9148,0.9905,0,0,0
P10,2026-01-13,0.6092,0.9402,1.7057,0,0,0
P10,2026-01-14,0.6123,0.9739,1.7057,0,0,0
P10,2026-01-15,0.6162,0.9872,1.7057,0,0,0
P10,2026-01-16,0.6209,1.0498,1.7057,0,0,0
P10,2026-01-17,0.6219,1.1479,0.9905,0,0,0
P10,2026-01-18,0.6247,1.0733,0.9905,0,0,0
P10,2026-01-19,0.6282,0.9148,0.9905,0,0,0
P10,2026-01-20,0.6289,0.9402,0.9905,0,0,0
P10,2026-01-21,0.6287,0.9739,0.9905,0,0,0
P10,2026-01-22,0.6296,0.9872,0.9905,0,0,0
P10,2026-01-23,0.6356,1.0498,0.9905,0,0,0
P10,2026-01-24,0.6379,1.1479,0.9905,0,0,0
P10,2026-01-25,0.6417,1.0733,0.9905,0,0,0
P10,2026-01-26,0.6419,0.9148,1.0171,0,0,0
P10,2026-01-27,0.6432,0.9402,0.9905,0,0,0
P10,2026-01-28,0.6423,0.9739,0.9905,0,0,0
P10,2026-01-29,0.6451,0.9872,0.9905,0,0,0
P10,2026-01-30,0.6468,1.0498,0.9905,0,0,0
P10,2026-01-31,0.6499,1.1479,0.9905,0,0,0
P10,2026-02-01,0.6509,1.0733,0.9905,0,0,0
P10,2026-02-02,0.6505,0.9148,0.9905,0,0,0
P10,2026-02-03,0.6503,0.9402,0.9905,0,0,0
P10,2026-02-04,0.6517,0.9739,0.9905,0,0,0
P10,2026-02-05,0.6525,0.9872,0.9905,0,0,0
P10,2026-02-06,0.6595,1.0498,0.9905,0,0,0
P10,2026-02-07,0.6606,1.1479,0.9905,0,0,0
P10,2026-02-08,0.6652,1.0733,0.9905,0,0,0
P10,2026-02-09,0.6676,0.9148,0.9905,0,0,0
P10,2026-02-10,0.6708,0.9402,0.9905,0,0,0
P10,2026-02-11,0.6719,0.9739,0.9905,0,0,0
P10,2026-02-12,0.6749,0.9872,0.9905,0,0,0
P10,2026-02-13,0.679,1.0498,0.9905,0,0,0
P10,2026-02-14,0.6822,1.1479,0.9905,0,0,0
P10,2026-02-15,0.6842,1.0733,0.9905,0,0,0
P10,2026-02-16,0.6877,0.9148,0.9905,0,0,0
P10,2026-02-17,0.6916,0.9402,0.9905,0,0,0
P10,2026-02-18,0.6971,0.9739,0.9905,0,0,0
P10,2026-02-19,0.7007,0.9872,0.9905,0,0,0
P10,2026-02-20,0.7031,1.0498,0.9905,0,0,0
P10,2026-02-21,0.7066,1.1479,0.9905,0,0,0
P10,2026-02-22,0.71,1.0733,0.9905,0,0,0
P10,2026-02-23,0.7154,0.9148,0.9905,0,0,0
P10,2026-02-24,0.7219,0.9402,0.9905,0,0,0
P10,2026-02-25,0.7252,0.9739,0.9905,0,0,0
P10,2026-02-26,0.7294,0.9872,0.9905,0,0,0
P10,2026-02-27,0.7345,1.0498,0.9905,0,0,0
P10,2026-02-28,0.7408,1.1479,0.9905,0,0,0
P10,2026-03-01,0.7437,1.0733,1.0144,0,0,0
P10,2026-03-02,0.746,0.9148,1.0144,0,0,0
P10,2026-03-03,0.7539,0.9402,1.0144,0,0,0
P10,2026-03-04,0.7626,0.9739,1.0144,0,0,0
P10,2026-03-05,0.7681,0.9872,1.0144,0,0,0
P10,2026-03-06,0.7732,1.0498,1.4469,0,0,0
P10,2026-03-07,0.7742,1.1479,1.4469,0,0,0
P10,2026-03-08,0.7783,1.0733,1.0144,0,0,0
P10,2026-03-09,0.7835,0.9148,1.0144,0,0,0
P10,2026-03-10,0.7896,0.9402,1.0144,0,0,0
P10,2026-03-11,0.7962,0.9739,1.0144,0,0,0
P10,2026-03-12,0.8007,0.9872,1.0144,0,0,0
P10,2026-03-13,0.8095,1.0498,1.4469,0,0,0
P10,2026-03-14,0.8159,1.1479,1.4469,0,0,0
P10,2026-03-15,0.8198,1.0733,1.0144,0,0,0
P10,2026-03-16,0.8234,0.9148,1.0144,0,0,0
P10,2026-03-17,0.8244,0.9402,1.0144,0,0,0
P10,2026-03-18,0.8293,0.9739,1.0144,0,0,0
P10,2026-03-19,0.8341,0.9872,1.0144,0,0,0
P10,2026-03-20,0.8366,1.0498,1.4469,0,0,0
P10,2026-03-21,0.8423,1.1479,1.4469,0,0,0
P10,2026-03-22,0.8462,1.0733,1.0144,0,0,0
P10,2026-03-23,0.8484,0.9148,1.0144,0,0,0
P10,2026-03-24,0.8507,0.9402,1.0144,0,0,0
P10,2026-03-25,0.8533,0.9739,1.0144,0,0,0
P10,2026-03-26,0.8576,0.9872,1.0144,0,0,0
P10,2026-03-27,0.8599,1.0498,1.4469,0,0,0
P10,2026-03-28,0.8614,1.1479,1.4469,0,0,0
P10,2026-03-29,0.8658,1.0733,1.0144,0,0,0
P10,2026-03-30,0.8719,0.9148,1.0144,0,0,0
P10,2026-03-31,0.8766,0.9402,1.0144,0,0,0
P10,2026-04-01,0.8807,0.9739,1.0144,0,0,0
P10,2026-04-02,0.8855,0.9872,1.0144,0,0,0
P10,2026-04-03,0.8883,1.0498,1.0144,0,0,0
P10,2026-04-04,0.8951,1.1479,1.1941,0,0,0
P10,2026-04-05,0.8986,1.0733,1.1941,0,0,0
P10,2026-04-06,0.901,0.9148,1.0144,0,0,0
P10,2026-04-07,0.902,0.9402,1.0144,0,0,0
P10,2026-04-08,0.9073,0.9739,1.0144,0,0,0
P10,2026-04-09,0.9097,0.9872,1.0144,0,0,0
P10,2026-04-10,0.9114,1.0498,1.0144,0,0,0
P10,2026-04-11,0.9146,1.1479,1.1941,0,0,0
P10,2026-04-12,0.914,1.0733,1.1941,0,0,0
P10,2026-04-13,0.9181,0.9148,1.0144,0,0,0
P10,2026-04-14,0.9193,0.9402,1.0144,0,0,0
P10,2026-04-15,0.9195,0.9739,1.0144,0,0,0
P10,2026-04-16,0.9218,0.9872,1.0144,0,0,0
P10,2026-04-17,0.9257,1.0498,1.0144,0,0,0
P10,2026-04-18,0.9296,1.1479,1.1941,0,0,0
P10,2026-04-19,0.9328,1.0733,1.1941,0,0,0
P10,2026-04-20,0.9395,0.9148,1.0144,0,0,0
P10,2026-04-21,0.9458,0.9402,1.0144,0,0,0
P10,2026-04-22,0.9503,0.9739,1.0144,0,0,0
P10,2026-04-23,0.9484,0.9872,1.0144,0,0,0
P10,2026-04-24,0.9483,1.0498,1.0144,0,0,0
P10,2026-04-25,0.9493,1.1479,1.1941,0,0,0
P10,2026-04-26,0.9525,1.0733,1.1941,0,0,0
P10,2026-04-27,0.9519,0.9148,1.0144,0,0,0
P10,2026-04-28,0.9554,0.9402,1.0144,0,0,0
P10,2026-04-29,0.9588,0.9739,1.0144,0,0,0
P10,2026-04-30,0.9598,0.9872,1.0144,0,0,0
P10,2026-05-01,0.9604,1.0498,1.0144,0,0,0
P10,2026-05-02,0.9626,1.1479,1.1941,0,0,0
P10,2026-05-03,0.9655,1.0733,1.1941,0,0,0
P10,2026-05-04,0.9699,0.9148,1.0144,0,0,0
P10,2026-05-05,0.9718,0.9402,1.0144,0,0,0
P10,2026-05-06,0.9765,0.9739,1.0144,0,0,0
P10,2026-05-07,0.9752,0.9872,1.0144,0,0,0
P10,2026-05-08,0.9769,1.0498,1.0144,0,0,0
P10,2026-05-09,0.9745,1.1479,1.1941,0,0,0
P10,2026-05-10,0.9746,1.0733,1.1941,0,0,0
P10,2026-05-11,0.9723,0.9148,1.0144,0,0,0
P10,2026-05-12,0.9739,0.9402,1.0144,0,0,0
P10,2026-05-13,0.9731,0.9739,1.0144,0,0,0
P10,2026-05-14,0.9726,0.9872,1.0144,0,0,0
P10,2026-05-15,0.9729,1.0498,1.0144,0,0,0
P10,2026-05-16,0.9744,1.1479,1.1941,0,0,0
P10,2026-05-17,0.9762,1.0733,1.1941,0,0,0
P10,2026-05-18,0.9775,0.9148,1.0144,0,0,0
P10,2026-05-19,0.9758,0.9402,1.0144,0,0,0
P10,2026-05-20,0.9788,0.9739,1.0144,0,0,0
P10,2026-05-21,0.9766,0.9872,1.0144,0,0,0
P10,2026-05-22,0.9797,1.0498,1.0144,0,0,0
P10,2026-05-23,0.9797,1.1479,1.1941,0,0,0
P10,2026-05-24,0.9808,1.0733,1.1941,0,0,0
P10,2026-05-25,0.9825,0.9148,1.0144,0,0,0
P10,2026-05-26,0.9826,0.9402,1.0144,0,0,0
P10,2026-05-27,0.9795,0.9739,1.0144,0,0,0
P10,2026-05-28,0.9808,0.9872,1.0144,0,0,0
P10,2026-05-29,0.9805,1.0498,1.0144,0,0,0
P10,2026-05-30,0.9827,1.1479,1.1941,0,0,0
P10,2026-05-31,0.9839,1.0733,1.1941,0,0,0
P10,2026-06-01,0.9778,0.9148,1.0144,0,0,0
P10,2026-06-02,0.9764,0.9402,1.0144,0,0,0
P10,2026-06-03,0.9747,0.9739,1.0144,0,0,0
P10,2026-06-04,0.9745,0.9872,1.0144,0,0,0
P10,2026-06-05,0.9772,1.0498,1.0144,0,0,0
P10,2026-06-06,0.9755,1.1479,1.0144,0,0,0
P10,2026-06-07,0.975,1.0733,1.0144,0,0,0
P10,2026-06-08,0.974,0.9148,1.0144,0,0,0
P10,2026-06-09,0.9743,0.9402,1.0144,0,0,0
P10,2026-06-10,0.9719,0.9739,1.0144,0,0,0
P10,2026-06-11,0.9645,0.9872,1.0144,0,0,0
P10,2026-06-12,0.9638,1.0498,1.0144,0,0,0
P10,2026-06-13,0.9639,1.1479,1.0144,0,0,0
P10,2026-06-14,0.9659,1.0733,1.0144,0,0,0
P10,2026-06-15,0.9687,0.9148,1.0144,0,0,0
P10,2026-06-16,0.9689,0.9402,1.0144,0,0,0
P10,2026-06-17,0.9668,0.9739,1.0144,0,0,0
P10,2026-06-18,0.9696,0.9872,1.0144,0,0,0
P10,2026-06-19,0.9715,1.0498,1.0144,0,0,0
P10,2026-06-20,0.9761,1.1479,1.0144,0,0,0
P10,2026-06-21,0.9749,1.0733,1.0144,0,0,0
P10,2026-06-22,0.979,0.9148,1.0144,0,0,0
P10,2026-06-23,0.9788,0.9402,1.0144,0,0,0
P10,2026-06-24,0.9785,0.9739,1.0144,0,0,0
P10,2026-06-25,0.9803,0.9872,1.0144,0,0,0
P10,2026-06-26,0.9793,1.0498,1.0144,0,0,0
P10,2026-06-27,0.9753,1.1479,1.0144,0,0,0
P10,2026-06-28,0.9697,1.0733,1.0144,0,0,0
P10,2026-06-29,0.9717,0.9148,1.0144,0,0,0
P10,2026-06-30,0.9693,0.9402,1.0144,0,0,0
P10,2026-07-01,0.9665,0.9739,1.0759,0,0,0
P10,2026-07-02,0.9637,0.9872,1.0759,0,0,0
P10,2026-07-03,0.9579,1.0498,1.5345,0,0,0
P10,2026-07-04,0.9534,1.1479,1.5345,0,0,0
P10,2026-07-05,0.9507,1.0733,1.0759,0,0,0
P10,2026-07-06,0.9507,0.9148,1.0759,0,0,0
P10,2026-07-07,0.9503,0.9402,1.0759,0,0,0
P10,2026-07-08,0.9501,0.9739,1.0759,0,0,0
P10,2026-07-09,0.95,0.9872,1.0759,0,0,0
P10,2026-07-10,0.9499,1.0498,1.5345,0,0,0
P10,2026-07-11,0.9538,1.1479,1.5345,0,0,0
P10,2026-07-12,0.9531,1.0733,1.0759,0,0,0
P10,2026-07-13,0.9527,0.9148,1.0759,0,0,0
P10,2026-07-14,0.9544,0.9402,1.0759,0,0,0
P10,2026-07-15,0.9508,0.9739,1.0759,0,0,0
P10,2026-07-16,0.9477,0.9872,1.0759,0,0,0
P10,2026-07-17,0.9472,1.0498,1.5345,0,0,0
P10,2026-07-18,0.9461,1.1479,1.5345,0,0,0
P10,2026-07-19,0.9429,1.0733,1.0759,0,0,0
P10,2026-07-20,0.9449,0.9148,1.0759,0,0,0
P10,2026-07-21,0.9451,0.9402,1.0759,0,0,0
P10,2026-07-22,0.9442,0.9739,1.0759,0,0,0
P10,2026-07-23,0.9476,0.9872,1.0759,0,0,0
P10,2026-07-24,0.9464,1.0498,1.5345,0,0,0
P10,2026-07-25,0.9468,1.1479,1.5345,0,0,0
P10,2026-07-26,0.9504,1.0733,1.0759,0,0,0
P10,2026-07-27,0.9519,0.9148,1.0759,0,0,0
P10,2026-07-28,0.9515,0.9402,1.0759,0,0,0
P10,2026-07-29,0.9532,0.9739,1.0759,0,0,0
P10,2026-07-30,0.9546,0.9872,1.0759,0,0,0
P10,2026-07-31,0.9547,1.0498,1.5345,0,0,0
P10,2026-08-01,0.9583,1.1479,1.0759,0,0,0
P10,2026-08-02,0.9576,1.0733,1.0759,0,0,0
P10,2026-08-03,0.9569,0.9148,1.0759,0,0,0
P10,2026-08-04,0.9536,0.9402,1.0759,0,0,0
P10,2026-08-05,0.9513,0.9739,1.0759,0,0,0
P10,2026-08-06,0.9536,0.9872,1.0759,0,0,0
P10,2026-08-07,0.9575,1.0498,1.0759,0,0,0
P10,2026-08-08,0.9577,1.1479,1.0759,0,0,0
P10,2026-08-09,0.9606,1.0733,1.0759,0,0,0
P10,2026-08-10,0.9625,0.9148,1.0759,0,0,0
P10,2026-08-11,0.9619,0.9402,1.0759,0,0,0
P10,2026-08-12,0.9597,0.9739,1.0759,0,0,0
P10,2026-08-13,0.9596,0.9872,1.0759,0,0,0
P10,2026-08-14,0.9583,1.0498,1.0759,0,0,0
P10,2026-08-15,0.9551,1.1479,2.3037,0,0,0
P10,2026-08-16,0.9559,1.0733,2.3037,0,0,0
P10,2026-08-17,0.9578,0.9148,2.3037,0,0,0
P10,2026-08-18,0.9597,0.9402,1.0759,0,0,0
P10,2026-08-19,0.962,0.9739,1.0759,0,0,0
P10,2026-08-20,0.963,0.9872,1.0759,0,0,0
P10,2026-08-21,0.9666,1.0498,1.0759,0,0,0
P10,2026-08-22,0.969,1.1479,1.0759,0,0,0
P10,2026-08-23,0.9707,1.0733,1.0759,0,0,0
P10,2026-08-24,0.9724,0.9148,1.0759,0,0,0
P10,2026-08-25,0.9771,0.9402,1.0759,0,0,0
P10,2026-08-26,0.9768,0.9739,1.0759,0,0,0
P10,2026-08-27,0.9745,0.9872,1.0759,0,0,0
P10,2026-08-28,0.9774,1.0498,1.0759,0,0,0
P10,2026-08-29,0.9798,1.1479,1.0759,0,0,0
P10,2026-08-30,0.9817,1.0733,1.0759,0,0,0
P10,2026-08-31,0.9825,0.9148,1.0759,0,0,0
P10,2026-09-01,0.9828,0.9402,1.0759,0,0,0
P10,2026-09-02,0.98,0.9739,1.0759,0,0,0
P10,2026-09-03,0.9776,0.9872,1.0759,0,0,0
P10,2026-09-04,0.9772,1.0498,1.0759,0,0,0
P10,2026-09-05,0.9767,1.1479,1.0759,0,0,0
P10,2026-09-06,0.9735,1.0733,1.0759,0,0,0
P10,2026-09-07,0.9686,0.9148,1.0759,0,0,0
P10,2026-09-08,0.9682,0.9402,1.0759,0,0,0
P10,2026-09-09,0.9671,0.9739,1.0759,0,0,0
P10,2026-09-10,0.9666,0.9872,1.0759,0,0,0
P10,2026-09-11,0.9639,1.0498,1.0759,0,0,0
P10,2026-09-12,0.9606,1.1479,1.0759,0,0,0
P10,2026-09-13,0.9598,1.0733,1.0759,0,0,0
P10,2026-09-14,0.9634,0.9148,1.0759,0,0,0
P10,2026-09-15,0.9674,0.9402,1.0759,0,0,0
P10,2026-09-16,0.9645,0.9739,1.0759,0,0,0
P10,2026-09-17,0.9629,0.9872,1.0759,0,0,0
P10,2026-09-18,0.9558,1.0498,1.0759,0,0,0
P10,2026-09-19,0.9522,1.1479,1.0759,0,0,0
P10,2026-09-20,0.9469,1.0733,1.0759,0,0,0
P10,2026-09-21,0.9462,0.9148,1.0759,0,0,0
P10,2026-09-22,0.9472,0.9402,1.0759,0,0,0
P10,2026-09-23,0.9459,0.9739,1.0759,0,0,0
P10,2026-09-24,0.9502,0.9872,1.0759,0,0,0
P10,2026-09-25,0.9581,1.0498,1.0759,0,0,0
P10,2026-09-26,0.9602,1.1479,1.0759,0,0,0
P10,2026-09-27,0.9598,1.0733,1.0759,0,0,0
P10,2026-09-28,0.9621,0.9148,1.0759,0,0,0
P10,2026-09-29,0.9645,0.9402,1.0759,0,0,0
P10,2026-09-30,0.9685,0.9739,1.0759,0,0,0
P10,2026-10-01,0.974,0.9872,1.0,0,0,0
P10,2026-10-02,0.9752,1.0498,1.4263,0,0,0
P10,2026-10-03,0.978,1.1479,1.4263,0,0,0
P10,2026-10-04,0.9788,1.0733,1.0,0,0,0
P10,2026-10-05,0.9763,0.9148,1.0,0,0,0
P10,2026-10-06,0.9786,0.9402,1.0,0,0,0
P10,2026-10-07,0.9804,0.9739,1.0,0,0,0
P10,2026-10-08,0.9789,0.9872,1.0,0,0,0
P10,2026-10-09,0.9789,1.0498,1.4263,0,0,0
P10,2026-10-10,0.9824,1.1479,1.4263,0,0,0
P10,2026-10-11,0.9865,1.0733,1.0,0,0,0
P10,2026-10-12,0.9871,0.9148,1.0,0,0,0
P10,2026-10-13,0.9908,0.9402,1.0,0,0,0
P10,2026-10-14,0.9941,0.9739,1.0,0,0,0
P10,2026-10-15,0.9957,0.9872,1.0,0,0,0
P10,2026-10-16,0.9981,1.0498,1.4263,0,0,0
P10,2026-10-17,0.9993,1.1479,1.4263,0,0,0
P10,2026-10-18,0.9976,1.0733,1.0,0,0,0
P10,2026-10-19,0.9979,0.9148,1.0,0,0,0
P10,2026-10-20,1.0018,0.9402,3.1624,0,0,0
P10,2026-10-21,1.0004,0.9739,3.1624,0,0,0
P10,2026-10-22,1.0029,0.9872,3.1624,0,0,0
P10,2026-10-23,1.0044,1.0498,3.1624,0,0,0
P10,2026-10-24,1.0032,1.1479,3.1624,0,0,0
P10,2026-10-25,1.0042,1.0733,3.1624,0,0,0
P10,2026-10-26,1.0033,0.9148,1.0,0,0,0
P10,2026-10-27,1.0025,0.9402,1.0,0,0,0
P10,2026-10-28,1.0058,0.9739,1.0,0,0,0
P10,2026-10-29,1.0078,0.9872,1.0,0,0,0
P10,2026-10-30,1.0036,1.0498,1.4263,0,0,0
P10,2026-10-31,1.0028,1.1479,1.4263,0,0,0
P10,2026-11-01,1.0082,1.0733,2.8466,0,0,0
P10,2026-11-02,1.0096,0.9148,2.8466,0,0,0
P10,2026-11-03,1.0107,0.9402,2.8466,0,0,0
P10,2026-11-04,1.0113,0.9739,0.9905,0,0,0
P10,2026-11-05,1.0099,0.9872,0.9905,0,0,0
P10,2026-11-06,1.011,1.0498,0.9905,0,0,0
P10,2026-11-07,1.0113,1.1479,0.9905,0,0,0
P10,2026-11-08,1.0114,1.0733,0.9905,0,0,0
P10,2026-11-09,1.0144,0.9148,0.9905,0,0,0
P10,2026-11-10,1.0167,0.9402,0.9905,0,0,0
P10,2026-11-11,1.0183,0.9739,0.9905,0,0,0
P10,2026-11-12,1.0218,0.9872,0.9905,0,0,0
P10,2026-11-13,1.0228,1.0498,0.9905,0,0,0
P10,2026-11-14,1.0262,1.1479,0.9905,0,0,0
P10,2026-11-15,1.0271,1.0733,0.9905,0,0,0
P10,2026-11-16,1.0272,0.9148,0.9905,0,0,0
P10,2026-11-17,1.0325,0.9402,0.9905,0,0,0
P10,2026-11-18,1.0338,0.9739,0.9905,0,0,0
P10,2026-11-19,1.0322,0.9872,0.9905,0,0,0
P10,2026-11-20,1.0301,1.0498,0.9905,0,0,0
P10,2026-11-21,1.0288,1.1479,0.9905,0,0,0
P10,2026-11-22,1.0275,1.0733,0.9905,0,0,0
P10,2026-11-23,1.0257,0.9148,0.9905,0,0,0
P10,2026-11-24,1.0252,0.9402,0.9905,0,0,0
P10,2026-11-25,1.028,0.9739,0.9905,0,0,0
P10,2026-11-26,1.0236,0.9872,0.9905,0,0,0
P10,2026-11-27,1.0202,1.0498,0.9905,0,0,0
P10,2026-11-28,1.0178,1.1479,0.9905,0,0,0
P10,2026-11-29,1.0169,1.0733,0.9905,0,0,0
P10,2026-11-30,1.0167,0.9148,0.9905,0,0,0
P10,2026-12-01,1.0194,0.9402,0.9905,0,0,0
P10,2026-12-02,1.0209,0.9739,0.9905,0,0,0
P10,2026-12-03,1.0195,0.9872,0.9905,0,0,0
P10,2026-12-04,1.0231,1.0498,0.9905,0,0,0
P10,2026-12-05,1.0263,1.1479,0.9905,0,0,0
P10,2026-12-06,1.0317,1.0733,0.9905,0,0,0
P10,2026-12-07,1.0359,0.9148,0.9905,0,0,0
P10,2026-12-08,1.0399,0.9402,0.9905,0,0,0
P10,2026-12-09,1.043,0.9739,0.9905,0,0,0
P10,2026-12-10,1.0454,0.9872,0.9905,0,0,0
P10,2026-12-11,1.0451,1.0498,0.9905,0,0,0
P10,2026-12-12,1.0473,1.1479,0.9905,0,0,0
P10,2026-12-13,1.0478,1.0733,0.9905,0,0,0
P10,2026-12-14,1.0462,0.9148,0.9905,0,0,0
P10,2026-12-15,1.0481,0.9402,0.9905,0,0,0
P10,2026-12-16,1.0468,0.9739,0.9905,0,0,0
P10,2026-12-17,1.0503,0.9872,0.9905,0,0,0
P10,2026-12-18,1.0562,1.0498,0.9905,0,0,0
P10,2026-12-19,1.0586,1.1479,0.9905,0,0,0
P10,2026-12-20,1.0575,1.0733,0.9905,0,0,0
P10,2026-12-21,1.0572,0.9148,0.9905,0,0,0
P10,2026-12-22,1.0582,0.9402,0.9905,0,0,0
P10,2026-12-23,1.0544,0.9739,0.9905,0,0,0
P10,2026-12-24,1.0505,0.9872,0.9905,0,0,0
P10,2026-12-25,1.0491,1.0498,0.9905,0,0,0
P10,2026-12-26,1.0477,1.1479,0.9905,0,0,0
P10,2026-12-27,1.0496,1.0733,0.9905,0,0,0
P10,2026-12-28,1.0497,0.9148,0.9905,0,0,0
P10,2026-12-29,1.0516,0.9402,0.9905,0,0,0
P10,2026-12-30,1.051,0.9739,0.9905,0,0,0
P10,2026-12-31,1.0555,0.9872,0.9905,0,0,0
P10,2027-01-01,1.0528,1.0498,1.0171,0,0,0
P10,2027-01-02,1.0521,1.1479,0.9905,0,0,0
P10,2027-01-03,1.0527,1.0733,0.9905,0,0,0
P10,2027-01-04,1.0489,0.9148,0.9905,0,0,0
P10,2027-01-05,1.0478,0.9402,0.9905,0,0,0
P10,2027-01-06,1.0498,0.9739,0.9905,0,0,0
P10,2027-01-07,1.0483,0.9872,0.9905,0,0,0
P10,2027-01-08,1.0454,1.0498,0.9905,0,0,0
P10,2027-01-09,1.0426,1.1479,0.9905,0,0,0
P10,2027-01-10,1.0401,1.0733,0.9905,0,0,0
P10,2027-01-11,1.0386,0.9148,0.9905,0,0,0
P10,2027-01-12,1.0382,0.9402,0.9905,0,0,0
P10,2027-01-13,1.0369,0.9739,1.7057,0,0,0
P10,2027-01-14,1.0346,0.9872,1.7057,0,0,0
P10,2027-01-15,1.0321,1.0498,1.7057,0,0,0
P10,2027-01-16,1.0309,1.1479,1.7057,0,0,0
P10,2027-01-17,1.0278,1.0733,0.9905,0,0,0
P10,2027-01-18,1.0267,0.9148,0.9905,0,0,0
P10,2027-01-19,1.0239,0.9402,0.9905,0,0,0
P10,2027-01-20,1.0195,0.9739,0.9905,0,0,0
P10,2027-01-21,1.0165,0.9872,0.9905,0,0,0
P10,2027-01-22,1.0153,1.0498,0.9905,0,0,0
P10,2027-01-23,1.0114,1.1479,0.9905,0,0,0
P10,2027-01-24,1.0115,1.0733,0.9905,0,0,0
P10,2027-01-25,1.0101,0.9148,0.9905,0,0,0
P10,2027-01-26,1.0043,0.9402,1.0171,0,0,0
P10,2027-01-27,1.003,0.9739,0.9905,0,0,0
P10,2027-01-28,1.0016,0.9872,0.9905,0,0,0
P10,2027-01-29,1.0032,1.0498,0.9905,0,0,0
P10,2027-01-30,0.9962,1.1479,0.9905,0,0,0
P10,2027-01-31,0.9968,1.0733,0.9905,0,0,0
P10,2027-02-01,0.9962,0.9148,0.9905,0,0,0
P10,2027-02-02,0.9929,0.9402,0.9905,0,0,0
P10,2027-02-03,0.9889,0.9739,0.9905,0,0,0
P10,2027-02-04,0.9847,0.9872,0.9905,0,0,0
P10,2027-02-05,0.9843,1.0498,0.9905,0,0,0
P10,2027-02-06,0.9858,1.1479,0.9905,0,0,0
P10,2027-02-07,0.9843,1.0733,0.9905,0,0,0
P10,2027-02-08,0.9821,0.9148,0.9905,0,0,0
P10,2027-02-09,0.9787,0.9402,0.9905,0,0,0
P10,2027-02-10,0.9745,0.9739,0.9905,0,0,0
P10,2027-02-11,0.9733,0.9872,0.9905,0,0,0
P10,2027-02-12,0.9699,1.0498,0.9905,0,0,0
P10,2027-02-13,0.9677,1.1479,0.9905,0,0,0
P10,2027-02-14,0.9705,1.0733,0.9905,0,0,0
P10,2027-02-15,0.9676,0.9148,0.9905,0,0,0
P10,2027-02-16,0.9674,0.9402,0.9905,0,0,0
P10,2027-02-17,0.9668,0.9739,0.9905,0,0,0
P10,2027-02-18,0.9671,0.9872,0.9905,0,0,0
P10,2027-02-19,0.9624,1.0498,0.9905,0,0,0
P10,2027-02-20,0.9613,1.1479,0.9905,0,0,0
P10,2027-02-21,0.9581,1.0733,0.9905,0,0,0
P10,2027-02-22,0.9589,0.9148,0.9905,0,0,0
P10,2027-02-23,0.9573,0.9402,0.9905,0,0,0
P10,2027-02-24,0.9609,0.9739,0.9905,0,0,0
P10,2027-02-25,0.9637,0.9872,0.9905,0,0,0
P10,2027-02-26,0.9639,1.0498,0.9905,0,0,0
P10,2027-02-27,0.962,1.1479,0.9905,0,0,0
P10,2027-02-28,0.9632,1.0733,0.9905,0,0,0
P10,2027-03-01,0.9617,0.9148,1.0144,0,0,0
P10,2027-03-02,0.963,0.9402,1.0144,0,0,0
P10,2027-03-03,0.9636,0.9739,1.0144,0,0,0
P10,2027-03-04,0.9601,0.9872,1.0144,0,0,0
P10,2027-03-05,0.9597,1.0498,1.4469,0,0,0
P10,2027-03-06,0.9597,1.1479,1.4469,0,0,0
P10,2027-03-07,0.9582,1.0733,1.0144,0,0,0
P10,2027-03-08,0.9574,0.9148,1.0144,0,0,0
P10,2027-03-09,0.957,0.9402,1.0144,0,0,0
P10,2027-03-10,0.9563,0.9739,1.0144,0,0,0
P10,2027-03-11,0.9575,0.9872,1.0144,0,0,0
P10,2027-03-12,0.9542,1.0498,1.4469,0,0,0
P10,2027-03-13,0.9501,1.1479,1.4469,0,0,0
P10,2027-03-14,0.9504,1.0733,1.0144,0,0,0
P10,2027-03-15,0.9508,0.9148,1.0144,0,0,0
P10,2027-03-16,0.9523,0.9402,1.0144,0,0,0
P10,2027-03-17,0.9518,0.9739,1.0144,0,0,0
P10,2027-03-18,0.9503,0.9872,1.0144,0,0,0
P10,2027-03-19,0.9515,1.0498,1.4469,0,0,0
P10,2027-03-20,0.955,1.1479,1.4469,0,0,0
P10,2027-03-21,0.9546,1.0733,1.0144,0,0,0
P10,2027-03-22,0.955,0.9148,1.0144,0,0,0
P10,2027-03-23,0.9571,0.9402,1.0144,0,0,0
P10,2027-03-24,0.957,0.9739,1.0144,0,0,0
P10,2027-03-25,0.9592,0.9872,1.0144,0,0,0
P10,2027-03-26,0.9601,1.0498,1.4469,0,0,0
P10,2027-03-27,0.9591,1.1479,1.4469,0,0,0
P10,2027-03-28,0.9602,1.0733,1.0144,0,0,0
P10,2027-03-29,0.9573,0.9148,1.0144,0,0,0
P10,2027-03-30,0.9553,0.9402,1.0144,0,0,0
P10,2027-03-31,0.9542,0.9739,1.0144,0,0,0
P10,2027-04-01,0.9551,0.9872,1.0144,0,0,0
P10,2027-04-02,0.9567,1.0498,1.0144,0,0,0
P10,2027-04-03,0.9557,1.1479,1.1941,0,0,0
P10,2027-04-04,0.957,1.0733,1.1941,0,0,0
P10,2027-04-05,0.9555,0.9148,1.0144,0,0,0
P10,2027-04-06,0.956,0.9402,1.0144,0,0,0
P10,2027-04-07,0.9571,0.9739,1.0144,0,0,0
P10,2027-04-08,0.9594,0.9872,1.0144,0,0,0
P10,2027-04-09,0.9619,1.0498,1.0144,0,0,0
P10,2027-04-10,0.9636,1.1479,1.1941,0,0,0
P10,2027-04-11,0.964,1.0733,1.1941,0,0,0
P10,2027-04-12,0.9652,0.9148,1.0144,0,0,0
P10,2027-04-13,0.9635,0.9402,1.0144,0,0,0
P10,2027-04-14,0.9645,0.9739,1.0144,0,0,0
P10,2027-04-15,0.9669,0.9872,1.0144,0,0,0
P10,2027-04-16,0.9669,1.0498,1.0144,0,0,0
P10,2027-04-17,0.9691,1.1479,1.1941,0,0,0
P10,2027-04-18,0.969,1.0733,1.1941,0,0,0
P10,2027-04-19,0.974,0.9148,1.0144,0,0,0
P10,2027-04-20,0.9756,0.9402,1.0144,0,0,0
P10,2027-04-21,0.9751,0.9739,1.0144,0,0,0
P10,2027-04-22,0.9778,0.9872,1.0144,0,0,0
P10,2027-04-23,0.9807,1.0498,1.0144,0,0,0
P10,2027-04-24,0.9784,1.1479,1.1941,0,0,0
P10,2027-04-25,0.9822,1.0733,1.1941,0,0,0
P10,2027-04-26,0.9854,0.9148,1.0144,0,0,0
P10,2027-04-27,0.9809,0.9402,1.0144,0,0,0
P10,2027-04-28,0.9833,0.9739,1.0144,0,0,0
P10,2027-04-29,0.9829,0.9872,1.0144,0,0,0
P10,2027-04-30,0.9872,1.0498,1.0144,0,0,0
P10,2027-05-01,0.986,1.1479,1.1941,0,0,0
P10,2027-05-02,0.9847,1.0733,1.1941,0,0,0
P10,2027-05-03,0.9835,0.9148,1.0144,0,0,0
P10,2027-05-04,0.9855,0.9402,1.0144,0,0,0
P10,2027-05-05,0.9908,0.9739,1.0144,0,0,0
P10,2027-05-06,0.9911,0.9872,1.0144,0,0,0
P10,2027-05-07,0.9887,1.0498,1.0144,0,0,0
P10,2027-05-08,0.9921,1.1479,1.1941,0,0,0
P10,2027-05-09,0.9946,1.0733,1.1941,0,0,0
P10,2027-05-10,0.9956,0.9148,1.0144,0,0,0
P10,2027-05-11,0.9996,0.9402,1.0144,0,0,0
P10,2027-05-12,0.9982,0.9739,1.0144,0,0,0
P10,2027-05-13,0.9961,0.9872,1.0144,0,0,0
P10,2027-05-14,0.9952,1.0498,1.0144,0,0,0
P10,2027-05-15,0.9922,1.1479,1.1941,0,0,0
P10,2027-05-16,0.9938,1.0733,1.1941,0,0,0
P10,2027-05-17,0.9899,0.9148,1.0144,0,0,0
P10,2027-05-18,0.9916,0.9402,1.0144,0,0,0
P10,2027-05-19,0.988,0.9739,1.0144,0,0,0
P10,2027-05-20,0.9904,0.9872,1.0144,0,0,0
P10,2027-05-21,0.9901,1.0498,1.0144,0,0,0
P10,2027-05-22,0.9928,1.1479,1.1941,0,0,0
P10,2027-05-23,0.9925,1.0733,1.1941,0,0,0
P10,2027-05-24,0.9916,0.9148,1.0144,0,0,0
P10,2027-05-25,0.9886,0.9402,1.0144,0,0,0
P10,2027-05-26,0.985,0.9739,1.0144,0,0,0
P10,2027-05-27,0.9858,0.9872,1.0144,0,0,0
P10,2027-05-28,0.9877,1.0498,1.0144,0,0,0
P10,2027-05-29,0.9876,1.1479,1.1941,0,0,0
P10,2027-05-30,0.9907,1.0733,1.1941,0,0,0
P10,2027-05-31,0.9902,0.9148,1.0144,0,0,0
P10,2027-06-01,0.9907,0.9402,1.0144,0,0,0
P10,2027-06-02,0.989,0.9739,1.0144,0,0,0
P10,2027-06-03,0.9882,0.9872,1.0144,0,0,0
P10,2027-06-04,0.9865,1.0498,1.0144,0,0,0
P10,2027-06-05,0.9855,1.1479,1.0144,0,0,0
P10,2027-06-06,0.9862,1.0733,1.0144,0,0,0
P10,2027-06-07,0.9854,0.9148,1.0144,0,0,0
P10,2027-06-08,0.9829,0.9402,1.0144,0,0,0
P10,2027-06-09,0.9803,0.9739,1.0144,0,0,0
P10,2027-06-10,0.9782,0.9872,1.0144,0,0,0
P10,2027-06-11,0.9773,1.0498,1.0144,0,0,0
P10,2027-06-12,0.9751,1.1479,1.0144,0,0,0
P10,2027-06-13,0.9742,1.0733,1.0144,0,0,0
P10,2027-06-14,0.9719,0.9148,1.0144,0,0,0
P10,2027-06-15,0.9711,0.9402,1.0144,0,0,0
P10,2027-06-16,0.9685,0.9739,1.0144,0,0,0
P10,2027-06-17,0.9652,0.9872,1.0144,0,0,0
P10,2027-06-18,0.9613,1.0498,1.0144,0,0,0
P10,2027-06-19,0.9617,1.1479,1.0144,0,0,0
P10,2027-06-20,0.9612,1.0733,1.0144,0,0,0
P10,2027-06-21,0.9591,0.9148,1.0144,0,0,0
P10,2027-06-22,0.9606,0.9402,1.0144,0,0,0
P10,2027-06-23,0.9592,0.9739,1.0144,0,0,0
P10,2027-06-24,0.9583,0.9872,1.0144,0,0,0
P10,2027-06-25,0.9601,1.0498,1.0144,0,0,0
P10,2027-06-26,0.9572,1.1479,1.0144,0,0,0
P10,2027-06-27,0.9561,1.0733,1.0144,0,0,0
P10,2027-06-28,0.9565,0.9148,1.0144,0,0,0
P10,2027-06-29,0.9561,0.9402,1.0144,0,0,0
P10,2027-06-30,0.9583,0.9739,1.0144,0,0,0
P10,2027-07-01,0.9573,0.9872,1.0759,0,0,0
P10,2027-07-02,0.9551,1.0498,1.5345,0,0,0
P10,2027-07-03,0.9521,1.1479,1.5345,0,0,0
P10,2027-07-04,0.95,1.0733,1.0759,0,0,0
P10,2027-07-05,0.9454,0.9148,1.0759,0,0,0
P10,2027-07-06,0.9452,0.9402,1.0759,0,0,0
P10,2027-07-07,0.9431,0.9739,1.0759,0,0,0
P10,2027-07-08,0.9412,0.9872,1.0759,0,0,0
P10,2027-07-09,0.9413,1.0498,1.5345,0,0,0
P10,2027-07-10,0.9412,1.1479,1.5345,0,0,0
P10,2027-07-11,0.9416,1.0733,1.0759,0,0,0
P10,2027-07-12,0.9392,0.9148,1.0759,0,0,0
P10,2027-07-13,0.9343,0.9402,1.0759,0,0,0
P10,2027-07-14,0.9335,0.9739,1.0759,0,0,0
P10,2027-07-15,0.933,0.9872,1.0759,0,0,0
P10,2027-07-16,0.9339,1.0498,1.5345,0,0,0
P10,2027-07-17,0.934,1.1479,1.5345,0,0,0
P10,2027-07-18,0.9326,1.0733,1.0759,0,0,0
P10,2027-07-19,0.9341,0.9148,1.0759,0,0,0
P10,2027-07-20,0.935,0.9402,1.0759,0,0,0
P10,2027-07-21,0.9327,0.9739,1.0759,0,0,0
P10,2027-07-22,0.9301,0.9872,1.0759,0,0,0
P10,2027-07-23,0.9332,1.0498,1.5345,0,0,0
P10,2027-07-24,0.93,1.1479,1.5345,0,0,0
P10,2027-07-25,0.9313,1.0733,1.0759,0,0,0
P10,2027-07-26,0.9347,0.9148,1.0759,0,0,0
P10,2027-07-27,0.9366,0.9402,1.0759,0,0,0
P10,2027-07-28,0.939,0.9739,1.0759,0,0,0
P10,2027-07-29,0.9377,0.9872,1.0759,0,0,0
P10,2027-07-30,0.9389,1.0498,1.5345,0,0,0
P10,2027-07-31,0.94,1.1479,1.5345,0,0,0
P10,2027-08-01,0.9434,1.0733,1.0759,0,0,0
P10,2027-08-02,0.944,0.9148,1.0759,0,0,0
P10,2027-08-03,0.9421,0.9402,1.0759,0,0,0
P10,2027-08-04,0.9411,0.9739,1.0759,0,0,0
P10,2027-08-05,0.9401,0.9872,1.0759,0,0,0
P10,2027-08-06,0.9352,1.0498,1.0759,0,0,0
P10,2027-08-07,0.931,1.1479,1.0759,0,0,0
P10,2027-08-08,0.9289,1.0733,1.0759,0,0,0
P10,2027-08-09,0.9264,0.9148,1.0759,0,0,0
P10,2027-08-10,0.9281,0.9402,1.0759,0,0,0
P10,2027-08-11,0.9262,0.9739,1.0759,0,0,0
P10,2027-08-12,0.9273,0.9872,1.0759,0,0,0
P10,2027-08-13,0.9258,1.0498,1.0759,0,0,0
P10,2027-08-14,0.9237,1.1479,1.0759,0,0,0
P10,2027-08-15,0.9262,1.0733,2.3037,0,0,0
P10,2027-08-16,0.9237,0.9148,2.3037,0,0,0
P10,2027-08-17,0.9255,0.9402,2.3037,0,0,0
P10,2027-08-18,0.9255,0.9739,1.0759,0,0,0
P10,2027-08-19,0.9247,0.9872,1.0759,0,0,0
P10,2027-08-20,0.9254,1.0498,1.0759,0,0,0
P10,2027-08-21,0.9258,1.1479,1.0759,0,0,0
P10,2027-08-22,0.9263,1.0733,1.0759,0,0,0
P10,2027-08-23,0.9308,0.9148,1.0759,0,0,0
P10,2027-08-24,0.9349,0.9402,1.0759,0,0,0
P10,2027-08-25,0.9346,0.9739,1.0759,0,0,0
P10,2027-08-26,0.9333,0.9872,1.0759,0,0,0
P10,2027-08-27,0.9373,1.0498,1.0759,0,0,0
P10,2027-08-28,0.9395,1.1479,1.0759,0,0,0
P10,2027-08-29,0.9372,1.0733,1.0759,0,0,0
P10,2027-08-30,0.9371,0.9148,1.0759,0,0,0
P10,2027-08-31,0.9425,0.9402,1.0759,0,0,0
P10,2027-09-01,0.9432,0.9739,1.0759,0,0,0
P10,2027-09-02,0.9414,0.9872,1.0759,0,0,0
P10,2027-09-03,0.9434,1.0498,1.0759,0,0,0
P10,2027-09-04,0.9426,1.1479,1.0759,0,0,0
P10,2027-09-05,0.9403,1.0733,1.0759,0,0,0
P10,2027-09-06,0.9398,0.9148,1.0759,0,0,0
P10,2027-09-07,0.9381,0.9402,1.0759,0,0,0
P10,2027-09-08,0.9381,0.9739,1.0759,0,0,0
P10,2027-09-09,0.9343,0.9872,1.0759,0,0,0
P10,2027-09-10,0.9339,1.0498,1.0759,0,0,0
P10,2027-09-11,0.9307,1.1479,1.0759,0,0,0
P10,2027-09-12,0.9329,1.0733,1.0759,0,0,0
P10,2027-09-13,0.9345,0.9148,1.0759,0,0,0
P10,2027-09-14,0.9458,0.9402,1.0759,0,0,0
P10,2027-09-15,0.9458,0.9739,1.0759,0,0,0
P10,2027-09-16,0.9477,0.9872,1.0759,0,0,0
P10,2027-09-17,0.9505,1.0498,1.0759,0,0,0
P10,2027-09-18,0.9465,1.1479,1.0759,0,0,0
P10,2027-09-19,0.9445,1.0733,1.0759,0,0,0
P10,2027-09-20,0.9406,0.9148,1.0759,0,0,0
P10,2027-09-21,0.9387,0.9402,1.0759,0,0,0
P10,2027-09-22,0.9404,0.9739,1.0759,0,0,0
P10,2027-09-23,0.9405,0.9872,1.0759,0,0,0
P10,2027-09-24,0.9453,1.0498,1.0759,0,0,0
P10,2027-09-25,0.9501,1.1479,1.0759,0,0,0
P10,2027-09-26,0.9516,1.0733,1.0759,0,0,0
P10,2027-09-27,0.9548,0.9148,1.0759,0,0,0
P10,2027-09-28,0.9527,0.9402,1.0759,0,0,0
P10,2027-09-29,0.9547,0.9739,1.0759,0,0,0
P10,2027-09-30,0.9602,0.9872,1.0759,0,0,0
P10,2027-10-01,0.9632,1.0498,1.4263,0,0,0
P10,2027-10-02,0.9679,1.1479,1.4263,0,0,0
P10,2027-10-03,0.9686,1.0733,1.0,0,0,0
P10,2027-10-04,0.9688,0.9148,1.0,0,0,0
P10,2027-10-05,0.9683,0.9402,1.0,0,0,0
P10,2027-10-06,0.9698,0.9739,1.0,0,0,0
P10,2027-10-07,0.972,0.9872,1.0,0,0,0
P10,2027-10-08,0.9723,1.0498,1.4263,0,0,0
P10,2027-10-09,0.9703,1.1479,1.4263,0,0,0
P10,2027-10-10,0.9747,1.0733,1.0,0,0,0
P10,2027-10-11,0.9811,0.9148,1.0,0,0,0
P10,2027-10-12,0.981,0.9402,1.0,0,0,0
P10,2027-10-13,0.9793,0.9739,1.0,0,0,0
P10,2027-10-14,0.9811,0.9872,1.0,0,0,0
P10,2027-10-15,0.9824,1.0498,1.4263,0,0,0
P10,2027-10-16,0.985,1.1479,1.4263,0,0,0
P10,2027-10-17,0.9885,1.0733,1.0,0,0,0
P10,2027-10-18,0.9945,0.9148,1.0,0,0,0
P10,2027-10-19,0.9989,0.9402,1.0,0,0,0
P10,2027-10-20,1.0054,0.9739,3.1624,0,0,0
P10,2027-10-21,1.005,0.9872,3.1624,0,0,0
P10,2027-10-22,1.0085,1.0498,3.1624,0,0,0
P10,2027-10-23,1.0076,1.1479,3.1624,0,0,0
P10,2027-10-24,1.0069,1.0733,3.1624,0,0,0
P10,2027-10-25,1.0065,0.9148,3.1624,0,0,0
P10,2027-10-26,1.0033,0.9402,1.0,0,0,0
P10,2027-10-27,1.0056,0.9739,1.0,0,0,0
P10,2027-10-28,1.0045,0.9872,1.0,0,0,0
P10,2027-10-29,1.008,1.0498,1.4263,0,0,0
P10,2027-10-30,1.0086,1.1479,1.4263,0,0,0
P10,2027-10-31,1.0109,1.0733,1.0,0,0,0
P10,2027-11-01,1.0129,0.9148,2.8466,0,0,0
P10,2027-11-02,1.0161,0.9402,2.8466,0,0,0
P10,2027-11-03,1.0187,0.9739,2.8466,0,0,0
P10,2027-11-04,1.024,0.9872,0.9905,0,0,0
P10,2027-11-05,1.0293,1.0498,0.9905,0,0,0
P10,2027-11-06,1.033,1.1479,0.9905,0,0,0
P10,2027-11-07,1.0357,1.0733,0.9905,0,0,0
P10,2027-11-08,1.0359,0.9148,0.9905,0,0,0
P10,2027-11-09,1.0406,0.9402,0.9905,0,0,0
P10,2027-11-10,1.0421,0.9739,0.9905,0,0,0
P10,2027-11-11,1.0447,0.9872,0.9905,0,0,0
P10,2027-11-12,1.0425,1.0498,0.9905,0,0,0
P10,2027-11-13,1.0494,1.1479,0.9905,0,0,0
P10,2027-11-14,1.0515,1.0733,0.9905,0,0,0
P10,2027-11-15,1.0549,0.9148,0.9905,0,0,0
P10,2027-11-16,1.0598,0.9402,0.9905,0,0,0
P10,2027-11-17,1.0633,0.9739,0.9905,0,0,0
P10,2027-11-18,1.0631,0.9872,0.9905,0,0,0
P10,2027-11-19,1.064,1.0498,0.9905,0,0,0
P10,2027-11-20,1.065,1.1479,0.9905,0,0,0
P10,2027-11-21,1.0625,1.0733,0.9905,0,0,0
P10,2027-11-22,1.0619,0.9148,0.9905,0,0,0
P10,2027-11-23,1.0658,0.9402,0.9905,0,0,0
P10,2027-11-24,1.0679,0.9739,0.9905,0,0,0
P10,2027-11-25,1.0654,0.9872,0.9905,0,0,0
P10,2027-11-26,1.0634,1.0498,0.9905,0,0,0
P10,2027-11-27,1.0661,1.1479,0.9905,0,0,0
P10,2027-11-28,1.0688,1.0733,0.9905,0,0,0
P10,2027-11-29,1.0652,0.9148,0.9905,0,0,0
P10,2027-11-30,1.0674,0.9402,0.9905,0,0,0
P10,2027-12-01,1.0708,0.9739,0.9905,0,0,0
P10,2027-12-02,1.0719,0.9872,0.9905,0,0,0
P10,2027-12-03,1.0743,1.0498,0.9905,0,0,0
P10,2027-12-04,1.0777,1.1479,0.9905,0,0,0
P10,2027-12-05,1.0831,1.0733,0.9905,0,0,0
P10,2027-12-06,1.0904,0.9148,0.9905,0,0,0
P10,2027-12-07,1.0956,0.9402,0.9905,0,0,0
P10,2027-12-08,1.1015,0.9739,0.9905,0,0,0
P10,2027-12-09,1.1063,0.9872,0.9905,0,0,0
P10,2027-12-10,1.1119,1.0498,0.9905,0,0,0
P10,2027-12-11,1.1129,1.1479,0.9905,0,0,0
P10,2027-12-12,1.1139,1.0733,0.9905,0,0,0
P10,2027-12-13,1.1049,0.9148,0.9905,0,0,0
P10,2027-12-14,1.1088,0.9402,0.9905,0,0,0
P10,2027-12-15,1.1094,0.9739,0.9905,0,0,0
P10,2027-12-16,1.1067,0.9872,0.9905,0,0,0
P10,2027-12-17,1.1123,1.0498,0.9905,0,0,0
P10,2027-12-18,1.1194,1.1479,0.9905,0,0,0
P10,2027-12-19,1.1261,1.0733,0.9905,0,0,0
P10,2027-12-20,1.1309,0.9148,0.9905,0,0,0
P10,2027-12-21,1.1314,0.9402,0.9905,0,0,0
P10,2027-12-22,1.1298,0.9739,0.9905,0,0,0
P10,2027-12-23,1.1259,0.9872,0.9905,0,0,0
P10,2027-12-24,1.1233,1.0498,0.9905,0,0,0
P10,2027-12-25,1.1247,1.1479,0.9905,0,0,0
P10,2027-12-26,1.1218,1.0733,0.9905,0,0,0
P10,2027-12-27,1.1272,0.9148,0.9905,0,0,0
P10,2027-12-28,1.1265,0.9402,0.9905,0,0,0
P10,2027-12-29,1.1246,0.9739,0.9905,0,0,0
P10,2027-12-30,1.1289,0.9872,0.9905,0,0,0
P10,2027-12-31,1.1299,1.0498,0.9905,0,0,0
P11,2026-01-01,0.5228,0.9727,0.8146,0,0,0
P11,2026-01-02,0.5213,1.0305,1.0031,0,0,0
P11,2026-01-03,0.5159,1.1289,1.0031,0,0,0
P11,2026-01-04,0.5145,1.1,1.0031,0,0,0
P11,2026-01-05,0.5229,0.9334,1.0031,0,0,0
P11,2026-01-06,0.5175,0.969,1.0031,0,0,0
P11,2026-01-07,0.5204,0.9454,1.0031,0,0,0
P11,2026-01-08,0.5189,0.9727,1.0031,0,0,0
P11,2026-01-09,0.5209,1.0305,1.0031,0,0,0
P11,2026-01-10,0.5261,1.1289,1.0031,0,0,0
P11,2026-01-11,0.5317,1.1,1.0031,0,0,0
P11,2026-01-12,0.5304,0.9334,1.0031,0,0,0
P11,2026-01-13,0.5414,0.969,1.7527,0,0,0
P11,2026-01-14,0.5414,0.9454,1.7527,0,0,0
P11,2026-01-15,0.5491,0.9727,1.7527,0,0,0
P11,2026-01-16,0.5493,1.0305,1.7527,0,0,0
P11,2026-01-17,0.5533,1.1289,1.0031,0,0,0
P11,2026-01-18,0.5537,1.1,1.0031,0,0,0
P11,2026-01-19,0.5563,0.9334,1.0031,0,0,0
P11,2026-01-20,0.5596,0.969,1.0031,0,0,0
P11,2026-01-21,0.5581,0.9454,1.0031,0,0,0
P11,2026-01-22,0.5619,0.9727,1.0031,0,0,0
P11,2026-01-23,0.5636,1.0305,1.0031,0,0,0
P11,2026-01-24,0.5728,1.1289,1.0031,0,0,0
P11,2026-01-25,0.5729,1.1,1.0031,0,0,0
P11,2026-01-26,0.574,0.9334,0.8146,0,0,0
P11,2026-01-27,0.5794,0.969,1.0031,0,0,0
P11,2026-01-28,0.5807,0.9454,1.0031,0,0,0
P11,2026-01-29,0.5823,0.9727,1.0031,0,0,0
P11,2026-01-30,0.5858,1.0305,1.0031,0,0,0
P11,2026-01-31,0.5842,1.1289,1.0031,0,0,0
P11,2026-02-01,0.5832,1.1,1.0031,0,0,0
P11,2026-02-02,0.5859,0.9334,1.0031,0,0,0
P11,2026-02-03,0.5963,0.969,1.0031,0,0,0
P11,2026-02-04,0.5984,0.9454,1.0031,0,0,0
P11,2026-02-05,0.6039,0.9727,1.0031,0,0,0
P11,2026-02-06,0.6089,1.0305,1.0031,0,0,0
P11,2026-02-07,0.612,1.1289,1.0031,0,0,0
P11,2026-02-08,0.6185,1.1,1.0031,0,0,0
P11,2026-02-09,0.6236,0.9334,1.0031,0,0,0
P11,2026-02-10,0.6253,0.969,1.0031,0,0,0
P11,2026-02-11,0.6258,0.9454,1.0031,0,0,0
P11,2026-02-12,0.6297,0.9727,1.0031,0,0,0
P11,2026-02-13,0.6328,1.0305,1.0031,0,0,0
P11,2026-02-14,0.6354,1.1289,1.0031,0,0,0
P11,2026-02-15,0.6397,1.1,1.0031,0,0,0
P11,2026-02-16,0.6497,0.9334,1.0031,0,0,0
P11,2026-02-17,0.659,0.969,1.0031,0,0,0
P11,2026-02-18,0.6674,0.9454,1.0031,0,0,0
P11,2026-02-19,0.6682,0.9727,1.0031,0,0,0
P11,2026-02-20,0.6729,1.0305,1.0031,0,0,0
P11,2026-02-21,0.6789,1.1289,1.0031,0,0,0
P11,2026-02-22,0.6894,1.1,1.0031,0,0,0
P11,2026-02-23,0.6925,0.9334,1.0031,0,0,0
P11,2026-02-24,0.7024,0.969,1.0031,0,0,0
P11,2026-02-25,0.7013,0.9454,1.0031,0,0,0
P11,2026-02-26,0.6998,0.9727,1.0031,0,0,0
P11,2026-02-27,0.703,1.0305,1.0031,0,0,0
P11,2026-02-28,0.7106,1.1289,1.0031,0,0,0
P11,2026-03-01,0.7203,1.1,1.0098,0,0,0
P11,2026-03-02,0.7278,0.9334,1.0098,0,0,0
P11,2026-03-03,0.7265,0.969,1.0098,0,0,0
P11,2026-03-04,0.733,0.9454,1.0098,0,0,0
P11,2026-03-05,0.7401,0.9727,1.0098,0,0,0
P11,2026-03-06,0.7471,1.0305,1.4372,0,0,0
P11,2026-03-07,0.7488,1.1289,1.4372,0,0,0
P11,2026-03-08,0.7494,1.1,1.0098,0,0,0
P11,2026-03-09,0.7596,0.9334,1.0098,0,0,0
P11,2026-03-10,0.7683,0.969,1.0098,0,0,0
P11,2026-03-11,0.7701,0.9454,1.0098,0,0,0
P11,2026-03-12,0.7766,0.9727,1.0098,0,0,0
P11,2026-03-13,0.7792,1.0305,1.4372,0,0,0
P11,2026-03-14,0.7831,1.1289,1.4372,0,0,0
P11,2026-03-15,0.7843,1.1,1.0098,0,0,0
P11,2026-03-16,0.7939,0.9334,1.0098,0,0,0
P11,2026-03-17,0.7938,0.969,1.0098,0,0,0
P11,2026-03-18,0.7963,0.9454,1.0098,0,0,0
P11,2026-03-19,0.8013,0.9727,1.0098,0,0,0
P11,2026-03-20,0.8143,1.0305,1.4372,0,0,0
P11,2026-03-21,0.819,1.1289,1.4372,0,0,0
P11,2026-03-22,0.8209,1.1,1.0098,0,0,0
P11,2026-03-23,0.8239,0.9334,1.0098,0,0,0
P11,2026-03-24,0.8298,0.969,1.0098,0,0,0
P11,2026-03-25,0.836,0.9454,1.0098,0,0,0
P11,2026-03-26,0.8416,0.9727,1.0098,0,0,0
P11,2026-03-27,0.8456,1.0305,1.4372,0,0,0
P11,2026-03-28,0.845,1.1289,1.4372,0,0,0
P11,2026-03-29,0.8434,1.1,1.0098,0,0,0
P11,2026-03-30,0.8443,0.9334,1.0098,0,0,0
P11,2026-03-31,0.8502,0.969,1.0098,0,0,0
P11,2026-04-01,0.8523,0.9454,1.0098,0,0,0
P11,2026-04-02,0.8595,0.9727,1.0098,0,0,0
P11,2026-04-03,0.8691,1.0305,1.0098,0,0,0
P11,2026-04-04,0.8766,1.1289,1.1579,0,0,0
P11,2026-04-05,0.8763,1.1,1.1579,0,0,0
P11,2026-04-06,0.8836,0.9334,1.0098,0,0,0
P11,2026-04-07,0.8904,0.969,1.0098,0,0,0
P11,2026-04-08,0.8968,0.9454,1.0098,0,0,0
P11,2026-04-09,0.901,0.9727,1.0098,0,0,0
P11,2026-04-10,0.902,1.0305,1.0098,0,0,0
P11,2026-04-11,0.8978,1.1289,1.1579,0,0,0
P11,2026-04-12,0.9034,1.1,1.1579,0,0,0
P11,2026-04-13,0.8993,0.9334,1.0098,0,0,0
P11,2026-04-14,0.9067,0.969,1.0098,0,0,0
P11,2026-04-15,0.911,0.9454,1.0098,0,0,0
P11,2026-04-16,0.9169,0.9727,1.0098,0,0,0
P11,2026-04-17,0.9212,1.0305,1.0098,0,0,0
P11,2026-04-18,0.9214,1.1289,1.1579,0,0,0
P11,2026-04-19,0.9234,1.1,1.1579,0,0,0
P11,2026-04-20,0.9243,0.9334,1.0098,0,0,0
P11,2026-04-21,0.9319,0.969,1.0098,0,0,0
P11,2026-04-22,0.9282,0.9454,1.0098,0,0,0
P11,2026-04-23,0.9323,0.9727,1.0098,0,0,0
P11,2026-04-24,0.9284,1.0305,1.0098,0,0,0
P11,2026-04-25,0.9331,1.1289,1.1579,0,0,0
P11,2026-04-26,0.9365,1.1,1.1579,0,0,0
P11,2026-04-27,0.9346,0.9334,1.0098,0,0,0
P11,2026-04-28,0.9356,0.969,1.0098,0,0,0
P11,2026-04-29,0.9392,0.9454,1.0098,0,0,0
P11,2026-04-30,0.9408,0.9727,1.0098,0,0,0
P11,2026-05-01,0.9482,1.0305,1.0098,0,0,0
P11,2026-05-02,0.9535,1.1289,1.1579,0,0,0
P11,2026-05-03,0.9547,1.1,1.1579,0,0,0
P11,2026-05-04,0.9472,0.9334,1.0098,0,0,0
P11,2026-05-05,0.9529,0.969,1.0098,0,0,0
P11,2026-05-06,0.954,0.9454,1.0098,0,0,0
P11,2026-05-07,0.9562,0.9727,1.0098,0,0,0
P11,2026-05-08,0.9585,1.0305,1.0098,0,0,0
P11,2026-05-09,0.9567,1.1289,1.1579,0,0,0
P11,2026-05-10,0.955,1.1,1.1579,0,0,0
P11,2026-05-11,0.9538,0.9334,1.0098,0,0,0
P11,2026-05-12,0.9597,0.969,1.0098,0,0,0
P11,2026-05-13,0.9637,0.9454,1.0098,0,0,0
P11,2026-05-14,0.9665,0.9727,1.0098,0,0,0
P11,2026-05-15,0.9682,1.0305,1.0098,0,0,0
P11,2026-05-16,0.9679,1.1289,1.1579,0,0,0
P11,2026-05-17,0.9611,1.1,1.1579,0,0,0
P11,2026-05-18,0.9557,0.9334,1.0098,0,0,0
P11,2026-05-19,0.9554,0.969,1.0098,0,0,0
P11,2026-05-20,0.9537,0.9454,1.0098,0,0,0
P11,2026-05-21,0.959,0.9727,1.0098,0,0,0
P11,2026-05-22,0.9593,1.0305,1.0098,0,0,0
P11,2026-05-23,0.96,1.1289,1.1579,0,0,0
P11,2026-05-24,0.9636,1.1,1.1579,0,0,0
P11,2026-05-25,0.9669,0.9334,1.0098,0,0,0
P11,2026-05-26,0.9738,0.969,1.0098,0,0,0
P11,2026-05-27,0.9763,0.9454,1.0098,0,0,0
P11,2026-05-28,0.9789,0.9727,1.0098,0,0,0
P11,2026-05-29,0.9779,1.0305,1.0098,0,0,0
P11,2026-05-30,0.9751,1.1289,1.1579,0,0,0
P11,2026-05-31,0.9731,1.1,1.1579,0,0,0
P11,2026-06-01,0.9735,0.9334,1.0098,0,0,0
P11,2026-06-02,0.9699,0.969,1.0098,0,0,0
P11,2026-06-03,0.9627,0.9454,1.0098,0,0,0
P11,2026-06-04,0.9613,0.9727,1.0098,0,0,0
P11,2026-06-05,0.9573,1.0305,1.0098,0,0,0
P11,2026-06-06,0.9617,1.1289,1.0098,0,0,0
P11,2026-06-07,0.957,1.1,1.0098,0,0,0
P11,2026-06-08,0.955,0.9334,1.0098,0,0,0
P11,2026-06-09,0.9613,0.969,1.0098,0,0,0
P11,2026-06-10,0.9554,0.9454,1.0098,0,0,0
P11,2026-06-11,0.9484,0.9727,1.0098,0,0,0
P11,2026-06-12,0.9448,1.0305,1.0098,0,0,0
P11,2026-06-13,0.9512,1.1289,1.0098,0,0,0
P11,2026-06-14,0.9536,1.1,1.0098,0,0,0
P11,2026-06-15,0.955,0.9334,1.0098,0,0,0
P11,2026-06-16,0.958,0.969,1.0098,0,0,0
P11,2026-06-17,0.9506,0.9454,1.0098,0,0,0
P11,2026-06-18,0.946,0.9727,1.0098,0,0,0
P11,2026-06-19,0.9484,1.0305,1.0098,0,0,0
P11,2026-06-20,0.948,1.1289,1.0098,0,0,0
P11,2026-06-21,0.9513,1.1,1.0098,0,0,0
P11,2026-06-22,0.9474,0.9334,1.0098,0,0,0
P11,2026-06-23,0.9491,0.969,1.0098,0,0,0
P11,2026-06-24,0.9438,0.9454,1.0098,0,0,0
P11,2026-06-25,0.9479,0.9727,1.0098,0,0,0
P11,2026-06-26,0.9504,1.0305,1.0098,0,0,0
P11,2026-06-27,0.9562,1.1289,1.0098,0,0,0
P11,2026-06-28,0.9552,1.1,1.0098,0,0,0
P11,2026-06-29,0.9579,0.9334,1.0098,0,0,0
P11,2026-06-30,0.9557,0.969,1.0098,0,0,0
P11,2026-07-01,0.952,0.9454,1.1011,0,0,0
P11,2026-07-02,0.9487,0.9727,1.1011,0,0,0
P11,2026-07-03,0.944,1.0305,1.5672,0,0,0
P11,2026-07-04,0.941,1.1289,1.5672,0,0,0
P11,2026-07-05,0.9406,1.1,1.1011,0,0,0
P11,2026-07-06,0.9378,0.9334,1.1011,0,0,0
P11,2026-07-07,0.9362,0.969,1.1011,0,0,0
P11,2026-07-08,0.9372,0.9454,1.1011,0,0,0
P11,2026-07-09,0.9386,0.9727,1.1011,0,0,0
P11,2026-07-10,0.9466,1.0305,1.5672,0,0,0
P11,2026-07-11,0.9421,1.1289,1.5672,0,0,0
P11,2026-07-12,0.9477,1.1,1.1011,0,0,0
P11,2026-07-13,0.9416,0.9334,1.1011,0,0,0
P11,2026-07-14,0.9346,0.969,1.1011,0,0,0
P11,2026-07-15,0.934,0.9454,1.1011,0,0,0
P11,2026-07-16,0.9327,0.9727,1.1011,0,0,0
P11,2026-07-17,0.9398,1.0305,1.5672,0,0,0
P11,2026-07-18,0.9373,1.1289,1.5672,0,0,0
P11,2026-07-19,0.9415,1.1,1.1011,0,0,0
P11,2026-07-20,0.9375,0.9334,1.1011,0,0,0
P11,2026-07-21,0.9458,0.969,1.1011,0,0,0
P11,2026-07-22,0.944,0.9454,1.1011,0,0,0
P11,2026-07-23,0.9469,0.9727,1.1011,0,0,0
P11,2026-07-24,0.9484,1.0305,1.5672,0,0,0
P11,2026-07-25,0.9446,1.1289,1.5672,0,0,0
P11,2026-07-26,0.9521,1.1,1.1011,0,0,0
P11,2026-07-27,0.9509,0.9334,1.1011,0,0,0
P11,2026-07-28,0.95,0.969,1.1011,0,0,0
P11,2026-07-29,0.9506,0.9454,1.1011,0,0,0
P11,2026-07-30,0.9476,0.9727,1.1011,0,0,0
P11,2026-07-31,0.9492,1.0305,1.5672,0,0,0
P11,2026-08-01,0.9514,1.1289,1.1011,0,0,0
P11,2026-08-02,0.9486,1.1,1.1011,0,0,0
P11,2026-08-03,0.9452,0.9334,1.1011,0,0,0
P11,2026-08-04,0.9409,0.969,1.1011,0,0,0
P11,2026-08-05,0.9373,0.9454,1.1011,0,0,0
P11,2026-08-06,0.9422,0.9727,1.1011,0,0,0
P11,2026-08-07,0.9403,1.0305,1.1011,0,0,0
P11,2026-08-08,0.9418,1.1289,1.1011,0,0,0
P11,2026-08-09,0.9456,1.1,1.1011,0,0,0
P11,2026-08-10,0.9415,0.9334,1.1011,0,0,0
P11,2026-08-11,0.9366,0.969,1.1011,0,0,0
P11,2026-08-12,0.9336,0.9454,1.1011,0,0,0
P11,2026-08-13,0.9352,0.9727,1.1011,0,0,0
P11,2026-08-14,0.9379,1.0305,1.1011,0,0,0
P11,2026-08-15,0.9422,1.1289,2.3441,0,0,0
P11,2026-08-16,0.944,1.1,2.3441,0,0,0
P11,2026-08-17,0.9403,0.9334,2.3441,0,0,0
P11,2026-08-18,0.948,0.969,1.1011,0,0,0
P11,2026-08-19,0.9483,0.9454,1.1011,0,0,0
P11,2026-08-20,0.9499,0.9727,1.1011,0,0,0
P11,2026-08-21,0.9427,1.0305,1.1011,0,0,0
P11,2026-08-22,0.9408,1.1289,1.1011,0,0,0
P11,2026-08-23,0.9433,1.1,1.1011,0,0,0
P11,2026-08-24,0.938,0.9334,1.1011,0,0,0
P11,2026-08-25,0.9422,0.969,1.1011,0,0,0
P11,2026-08-26,0.94,0.9454,1.1011,0,0,0
P11,2026-08-27,0.9398,0.9727,1.1011,0,0,0
P11,2026-08-28,0.9351,1.0305,1.1011,0,0,0
P11,2026-08-29,0.9381,1.1289,1.1011,0,0,0
P11,2026-08-30,0.9443,1.1,1.1011,0,0,0
P11,2026-08-31,0.9483,0.9334,1.1011,0,0,0
P11,2026-09-01,0.9505,0.969,1.1011,0,0,0
P11,2026-09-02,0.9512,0.9454,1.1011,0,0,0
P11,2026-09-03,0.96,0.9727,1.1011,0,0,0
P11,2026-09-04,0.9612,1.0305,1.1011,0,0,0
P11,2026-09-05,0.9662,1.1289,1.1011,0,0,0
P11,2026-09-06,0.9618,1.1,1.1011,0,0,0
P11,2026-09-07,0.9579,0.9334,1.1011,0,0,0
P11,2026-09-08,0.96,0.969,1.1011,0,0,0
P11,2026-09-09,0.9607,0.9454,1.1011,0,0,0
P11,2026-09-10,0.9609,0.9727,1.1011,0,0,0
P11,2026-09-11,0.9538,1.0305,1.1011,0,0,0
P11,2026-09-12,0.9496,1.1289,1.1011,0,0,0
P11,2026-09-13,0.9497,1.1,1.1011,0,0,0
P11,2026-09-14,0.9513,0.9334,1.1011,0,0,0
P11,2026-09-15,0.9548,0.969,1.1011,0,0,0
P11,2026-09-16,0.9548,0.9454,1.1011,0,0,0
P11,2026-09-17,0.9502,0.9727,1.1011,0,0,0
P11,2026-09-18,0.9513,1.0305,1.1011,0,0,0
P11,2026-09-19,0.9475,1.1289,1.1011,0,0,0
P11,2026-09-20,0.9487,1.1,1.1011,0,0,0
P11,2026-09-21,0.9515,0.9334,1.1011,0,0,0
P11,2026-09-22,0.955,0.969,1.1011,0,0,0
P11,2026-09-23,0.9601,0.9454,1.1011,0,0,0
P11,2026-09-24,0.9607,0.9727,1.1011,0,0,0
P11,2026-09-25,0.9643,1.0305,1.1011,0,0,0
P11,2026-09-26,0.9699,1.1289,1.1011,0,0,0
P11,2026-09-27,0.9731,1.1,1.1011,0,0,0
P11,2026-09-28,0.9764,0.9334,1.1011,0,0,0
P11,2026-09-29,0.977,0.969,1.1011,0,0,0
P11,2026-09-30,0.9846,0.9454,1.1011,0,0,0
P11,2026-10-01,0.9879,0.9727,1.0,0,0,0
P11,2026-10-02,0.9947,1.0305,1.4233,0,0,0
P11,2026-10-03,0.9946,1.1289,1.4233,0,0,0
P11,2026-10-04,0.9969,1.1,1.0,0,0,0
P11,2026-10-05,1.004,0.9334,1.0,0,0,0
P11,2026-10-06,1.0038,0.969,1.0,0,0,0
P11,2026-10-07,1.0021,0.9454,1.0,0,0,0
P11,2026-10-08,0.9981,0.9727,1.0,0,0,0
P11,2026-10-09,1.0021,1.0305,1.4233,0,0,0
P11,2026-10-10,1.0055,1.1289,1.4233,0,0,0
P11,2026-10-11,1.0096,1.1,1.0,0,0,0
P11,2026-10-12,1.0181,0.9334,1.0,0,0,0
P11,2026-10-13,1.0171,0.969,1.0,0,0,0
P11,2026-10-14,1.0215,0.9454,1.0,0,0,0
P11,2026-10-15,1.0237,0.9727,1.0,0,0,0
P11,2026-10-16,1.0345,1.0305,1.4233,0,0,0
P11,2026-10-17,1.0327,1.1289,1.4233,0,0,0
P11,2026-10-18,1.0326,1.1,1.0,0,0,0
P11,2026-10-19,1.0344,0.9334,1.0,0,0,0
P11,2026-10-20,1.036,0.969,2.9421,0,0,0
P11,2026-10-21,1.0378,0.9454,2.9421,0,0,0
P11,2026-10-22,1.038,0.9727,2.9421,0,0,0
P11,2026-10-23,1.0407,1.0305,2.9421,0,0,0
P11,2026-10-24,1.0356,1.1289,2.9421,0,0,0
P11,2026-10-25,1.039,1.1,2.9421,0,0,0
P11,2026-10-26,1.0418,0.9334,1.0,0,0,0
P11,2026-10-27,1.0479,0.969,1.0,0,0,0
P11,2026-10-28,1.0532,0.9454,1.0,0,0,0
P11,2026-10-29,1.0492,0.9727,1.0,0,0,0
P11,2026-10-30,1.0465,1.0305,1.4233,0,0,0
P11,2026-10-31,1.0568,1.1289,1.4233,0,0,0
P11,2026-11-01,1.0583,1.1,3.0964,0,0,0
P11,2026-11-02,1.0638,0.9334,3.0964,0,0,0
P11,2026-11-03,1.0732,0.969,3.0964,0,0,0
P11,2026-11-04,1.0652,0.9454,1.0031,0,0,0
P11,2026-11-05,1.072,0.9727,1.0031,0,0,0
P11,2026-11-06,1.075,1.0305,1.0031,0,0,0
P11,2026-11-07,1.0817,1.1289,1.0031,0,0,0
P11,2026-11-08,1.0888,1.1,1.0031,0,0,0
P11,2026-11-09,1.0886,0.9334,1.0031,0,0,0
P11,2026-11-10,1.0895,0.969,1.0031,0,0,0
P11,2026-11-11,1.0894,0.9454,1.0031,0,0,0
P11,2026-11-12,1.0922,0.9727,1.0031,0,0,0
P11,2026-11-13,1.0944,1.0305,1.0031,0,0,0
P11,2026-11-14,1.0994,1.1289,1.0031,0,0,0
P11,2026-11-15,1.1043,1.1,1.0031,0,0,0
P11,2026-11-16,1.1017,0.9334,1.0031,0,0,0
P11,2026-11-17,1.0984,0.969,1.0031,0,0,0
P11,2026-11-18,1.1025,0.9454,1.0031,0,0,0
P11,2026-11-19,1.1054,0.9727,1.0031,0,0,0
P11,2026-11-20,1.1055,1.0305,1.0031,0,0,0
P11,2026-11-21,1.1032,1.1289,1.0031,0,0,0
P11,2026-11-22,1.1058,1.1,1.0031,0,0,0
P11,2026-11-23,1.1053,0.9334,1.0031,0,0,0
P11,2026-11-24,1.1087,0.969,1.0031,0,0,0
P11,2026-11-25,1.1095,0.9454,1.0031,0,0,0
P11,2026-11-26,1.1074,0.9727,1.0031,0,0,0
P11,2026-11-27,1.1035,1.0305,1.0031,0,0,0
P11,2026-11-28,1.0995,1.1289,1.0031,0,0,0
P11,2026-11-29,1.097,1.1,1.0031,0,0,0
P11,2026-11-30,1.0975,0.9334,1.0031,0,0,0
P11,2026-12-01,1.1024,0.969,1.0031,0,0,0
P11,2026-12-02,1.0989,0.9454,1.0031,0,0,0
P11,2026-12-03,1.0925,0.9727,1.0031,0,0,0
P11,2026-12-04,1.0853,1.0305,1.0031,0,0,0
P11,2026-12-05,1.0871,1.1289,1.0031,0,0,0
P11,2026-12-06,1.0824,1.1,1.0031,0,0,0
P11,2026-12-07,1.0851,0.9334,1.0031,0,0,0
P11,2026-12-08,1.0842,0.969,1.0031,0,0,0
P11,2026-12-09,1.0872,0.9454,1.0031,0,0,0
P11,2026-12-10,1.0936,0.9727,1.0031,0,0,0
P11,2026-12-11,1.0936,1.0305,1.0031,0,0,0
P11,2026-12-12,1.0903,1.1289,1.0031,0,0,0
P11,2026-12-13,1.0903,1.1,1.0031,0,0,0
P11,2026-12-14,1.0935,0.9334,1.0031,0,0,0
P11,2026-12-15,1.0914,0.969,1.0031,0,0,0
P11,2026-12-16,1.0897,0.9454,1.0031,0,0,0
P11,2026-12-17,1.0916,0.9727,1.0031,0,0,0
P11,2026-12-18,1.1001,1.0305,1.0031,0,0,0
P11,2026-12-19,1.1041,1.1289,1.0031,0,0,0
P11,2026-12-20,1.1038,1.1,1.0031,0,0,0
P11,2026-12-21,1.1042,0.9334,1.0031,0,0,0
P11,2026-12-22,1.1016,0.969,1.0031,0,0,0
P11,2026-12-23,1.1005,0.9454,1.0031,0,0,0
P11,2026-12-24,1.0983,0.9727,1.0031,0,0,0
P11,2026-12-25,1.1006,1.0305,1.0031,0,0,0
P11,2026-12-26,1.0953,1.1289,1.0031,0,0,0
P11,2026-12-27,1.095,1.1,1.0031,0,0,0
P11,2026-12-28,1.0953,0.9334,1.0031,0,0,0
P11,2026-12-29,1.0906,0.969,1.0031,0,0,0
P11,2026-12-30,1.0903,0.9454,1.0031,0,0,0
P11,2026-12-31,1.0832,0.9727,1.0031,0,0,0
P11,2027-01-01,1.0823,1.0305,0.8146,0,0,0
P11,2027-01-02,1.0821,1.1289,1.0031,0,0,0
P11,2027-01-03,1.0738,1.1,1.0031,0,0,0
P11,2027-01-04,1.0742,0.9334,1.0031,0,0,0
P11,2027-01-05,1.0755,0.969,1.0031,0,0,0
P11,2027-01-06,1.0797,0.9454,1.0031,0,0,0
P11,2027-01-07,1.0813,0.9727,1.0031,0,0,0
P11,2027-01-08,1.0704,1.0305,1.0031,0,0,0
P11,2027-01-09,1.0686,1.1289,1.0031,0,0,0
P11,2027-01-10,1.0625,1.1,1.0031,0,0,0
P11,2027-01-11,1.0584,0.9334,1.0031,0,0,0
P11,2027-01-12,1.0537,0.969,1.0031,0,0,0
P11,2027-01-13,1.0552,0.9454,1.7527,0,0,0
P11,2027-01-14,1.0455,0.9727,1.7527,0,0,0
P11,2027-01-15,1.0406,1.0305,1.7527,0,0,0
P11,2027-01-16,1.0423,1.1289,1.7527,0,0,0
P11,2027-01-17,1.0376,1.1,1.0031,0,0,0
P11,2027-01-18,1.0408,0.9334,1.0031,0,0,0
P11,2027-01-19,1.0302,0.969,1.0031,0,0,0
P11,2027-01-20,1.0262,0.9454,1.0031,0,0,0
P11,2027-01-21,1.024,0.9727,1.0031,0,0,0
P11,2027-01-22,1.0261,1.0305,1.0031,0,0,0
P11,2027-01-23,1.0279,1.1289,1.0031,0,0,0
P11,2027-01-24,1.0211,1.1,1.0031,0,0,0
P11,2027-01-25,1.02,0.9334,1.0031,0,0,0
P11,2027-01-26,1.0109,0.969,0.8146,0,0,0
P11,2027-01-27,1.0117,0.9454,1.0031,0,0,0
P11,2027-01-28,1.0112,0.9727,1.0031,0,0,0
P11,2027-01-29,1.0063,1.0305,1.0031,0,0,0
P11,2027-01-30,1.003,1.1289,1.0031,0,0,0
P11,2027-01-31,1.0018,1.1,1.0031,0,0,0
P11,2027-02-01,0.9943,0.9334,1.0031,0,0,0
P11,2027-02-02,0.9961,0.969,1.0031,0,0,0
P11,2027-02-03,0.9905,0.9454,1.0031,0,0,0
P11,2027-02-04,0.9846,0.9727,1.0031,0,0,0
P11,2027-02-05,0.9737,1.0305,1.0031,0,0,0
P11,2027-02-06,0.9683,1.1289,1.0031,0,0,0
P11,2027-02-07,0.9708,1.1,1.0031,0,0,0
P11,2027-02-08,0.9711,0.9334,1.0031,0,0,0
P11,2027-02-09,0.9647,0.969,1.0031,0,0,0
P11,2027-02-10,0.9565,0.9454,1.0031,0,0,0
P11,2027-02-11,0.9491,0.9727,1.0031,0,0,0
P11,2027-02-12,0.9463,1.0305,1.0031,0,0,0
P11,2027-02-13,0.943,1.1289,1.0031,0,0,0
P11,2027-02-14,0.9419,1.1,1.0031,0,0,0
P11,2027-02-15,0.9407,0.9334,1.0031,0,0,0
P11,2027-02-16,0.9385,0.969,1.0031,0,0,0
P11,2027-02-17,0.9388,0.9454,1.0031,0,0,0
P11,2027-02-18,0.9375,0.9727,1.0031,0,0,0
P11,2027-02-19,0.9369,1.0305,1.0031,0,0,0
P11,2027-02-20,0.9365,1.1289,1.0031,0,0,0
P11,2027-02-21,0.9405,1.1,1.0031,0,0,0
P11,2027-02-22,0.9429,0.9334,1.0031,0,0,0
P11,2027-02-23,0.9449,0.969,1.0031,0,0,0
P11,2027-02-24,0.9508,0.9454,1.0031,0,0,0
P11,2027-02-25,0.9536,0.9727,1.0031,0,0,0
P11,2027-02-26,0.9531,1.0305,1.0031,0,0,0
P11,2027-02-27,0.9519,1.1289,1.0031,0,0,0
P11,2027-02-28,0.9513,1.1,1.0031,0,0,0
P11,2027-03-01,0.9502,0.9334,1.0098,0,0,0
P11,2027-03-02,0.9507,0.969,1.0098,0,0,0
P11,2027-03-03,0.9558,0.9454,1.0098,0,0,0
P11,2027-03-04,0.9621,0.9727,1.0098,0,0,0
P11,2027-03-05,0.9661,1.0305,1.4372,0,0,0
P11,2027-03-06,0.9729,1.1289,1.4372,0,0,0
P11,2027-03-07,0.9697,1.1,1.0098,0,0,0
P11,2027-03-08,0.9808,0.9334,1.0098,0,0,0
P11,2027-03-09,0.9821,0.969,1.0098,0,0,0
P11,2027-03-10,0.9819,0.9454,1.0098,0,0,0
P11,2027-03-11,0.9778,0.9727,1.0098,0,0,0
P11,2027-03-12,0.9782,1.0305,1.4372,0,0,0
P11,2027-03-13,0.9797,1.1289,1.4372,0,0,0
P11,2027-03-14,0.9751,1.1,1.0098,0,0,0
P11,2027-03-15,0.9746,0.9334,1.0098,0,0,0
P11,2027-03-16,0.9736,0.969,1.0098,0,0,0
P11,2027-03-17,0.9779,0.9454,1.0098,0,0,0
P11,2027-03-18,0.9768,0.9727,1.0098,0,0,0
P11,2027-03-19,0.977,1.0305,1.4372,0,0,0
P11,2027-03-20,0.9752,1.1289,1.4372,0,0,0
P11,2027-03-21,0.9719,1.1,1.0098,0,0,0
P11,2027-03-22,0.9701,0.9334,1.0098,0,0,0
P11,2027-03-23,0.9719,0.969,1.0098,0,0,0
P11,2027-03-24,0.9691,0.9454,1.0098,0,0,0
P11,2027-03-25,0.9597,0.9727,1.0098,0,0,0
P11,2027-03-26,0.9576,1.0305,1.4372,0,0,0
P11,2027-03-27,0.9558,1.1289,1.4372,0,0,0
P11,2027-03-28,0.9576,1.1,1.0098,0,0,0
P11,2027-03-29,0.9513,0.9334,1.0098,0,0,0
P11,2027-03-30,0.949,0.969,1.0098,0,0,0
P11,2027-03-31,0.9496,0.9454,1.0098,0,0,0
P11,2027-04-01,0.9509,0.9727,1.0098,0,0,0
P11,2027-04-02,0.9468,1.0305,1.0098,0,0,0
P11,2027-04-03,0.9537,1.1289,1.1579,0,0,0
P11,2027-04-04,0.9583,1.1,1.1579,0,0,0
P11,2027-04-05,0.9578,0.9334,1.0098,0,0,0
P11,2027-04-06,0.9529,0.969,1.0098,0,0,0
P11,2027-04-07,0.9552,0.9454,1.0098,0,0,0
P11,2027-04-08,0.96,0.9727,1.0098,0,0,0
P11,2027-04-09,0.9629,1.0305,1.0098,0,0,0
P11,2027-04-10,0.964,1.1289,1.1579,0,0,0
P11,2027-04-11,0.9673,1.1,1.1579,0,0,0
P11,2027-04-12,0.9698,0.9334,1.0098,0,0,0
P11,2027-04-13,0.9601,0.969,1.0098,0,0,0
P11,2027-04-14,0.9642,0.9454,1.0098,0,0,0
P11,2027-04-15,0.9657,0.9727,1.0098,0,0,0
P11,2027-04-16,0.9701,1.0305,1.0098,0,0,0
P11,2027-04-17,0.9706,1.1289,1.1579,0,0,0
P11,2027-04-18,0.973,1.1,1.1579,0,0,0
P11,2027-04-19,0.9804,0.9334,1.0098,0,0,0
P11,2027-04-20,0.9948,0.969,1.0098,0,0,0
P11,2027-04-21,1.0002,0.9454,1.0098,0,0,0
P11,2027-04-22,0.9993,0.9727,1.0098,0,0,0
P11,2027-04-23,0.9999,1.0305,1.0098,0,0,0
P11,2027-04-24,1.0038,1.1289,1.1579,0,0,0
P11,2027-04-25,0.9956,1.1,1.1579,0,0,0
P11,2027-04-26,1.0089,0.9334,1.0098,0,0,0
P11,2027-04-27,1.0094,0.969,1.0098,0,0,0
P11,2027-04-28,1.0131,0.9454,1.0098,0,0,0
P11,2027-04-29,1.0128,0.9727,1.0098,0,0,0
P11,2027-04-30,1.014,1.0305,1.0098,0,0,0
P11,2027-05-01,1.0122,1.1289,1.1579,0,0,0
P11,2027-05-02,1.0105,1.1,1.1579,0,0,0
P11,2027-05-03,1.0094,0.9334,1.0098,0,0,0
P11,2027-05-04,1.0125,0.969,1.0098,0,0,0
P11,2027-05-05,1.012,0.9454,1.0098,0,0,0
P11,2027-05-06,1.01,0.9727,1.0098,0,0,0
P11,2027-05-07,1.0108,1.0305,1.0098,0,0,0
P11,2027-05-08,1.0068,1.1289,1.1579,0,0,0
P11,2027-05-09,1.0066,1.1,1.1579,0,0,0
P11,2027-05-10,1.0111,0.9334,1.0098,0,0,0
P11,2027-05-11,1.0111,0.969,1.0098,0,0,0
P11,2027-05-12,1.0135,0.9454,1.0098,0,0,0
P11,2027-05-13,1.0126,0.9727,1.0098,0,0,0
P11,2027-05-14,1.0155,1.0305,1.0098,0,0,0
P11,2027-05-15,1.0181,1.1289,1.1579,0,0,0
P11,2027-05-16,1.02,1.1,1.1579,0,0,0
P11,2027-05-17,1.0204,0.9334,1.0098,0,0,0
P11,2027-05-18,1.0214,0.969,1.0098,0,0,0
P11,2027-05-19,1.0191,0.9454,1.0098,0,0,0
P11,2027-05-20,1.0166,0.9727,1.0098,0,0,0
P11,2027-05-21,1.0173,1.0305,1.0098,0,0,0
P11,2027-05-22,1.0132,1.1289,1.1579,0,0,0
P11,2027-05-23,1.0085,1.1,1.1579,0,0,0
P11,2027-05-24,0.999,0.9334,1.0098,0,0,0
P11,2027-05-25,1.0006,0.969,1.0098,0,0,0
P11,2027-05-26,0.9979,0.9454,1.0098,0,0,0
P11,2027-05-27,1.0012,0.9727,1.0098,0,0,0
P11,2027-05-28,1.0029,1.0305,1.0098,0,0,0
P11,2027-05-29,1.0039,1.1289,1.1579,0,0,0
P11,2027-05-30,1.0019,1.1,1.1579,0,0,0
P11,2027-05-31,1.0026,0.9334,1.0098,0,0,0
P11,2027-06-01,1.0009,0.969,1.0098,0,0,0
P11,2027-06-02,0.9937,0.9454,1.0098,0,0,0
P11,2027-06-03,0.9909,0.9727,1.0098,0,0,0
P11,2027-06-04,0.9911,1.0305,1.0098,0,0,0
P11,2027-06-05,0.9934,1.1289,1.0098,0,0,0
P11,2027-06-06,0.9838,1.1,1.0098,0,0,0
P11,2027-06-07,0.9844,0.9334,1.0098,0,0,0
P11,2027-06-08,0.9801,0.969,1.0098,0,0,0
P11,2027-06-09,0.9772,0.9454,1.0098,0,0,0
P11,2027-06-10,0.9754,0.9727,1.0098,0,0,0
P11,2027-06-11,0.9733,1.0305,1.0098,0,0,0
P11,2027-06-12,0.9776,1.1289,1.0098,0,0,0
P11,2027-06-13,0.9759,1.1,1.0098,0,0,0
P11,2027-06-14,0.9835,0.9334,1.0098,0,0,0
P11,2027-06-15,0.9804,0.969,1.0098,0,0,0
P11,2027-06-16,0.9776,0.9454,1.0098,0,0,0
P11,2027-06-17,0.9742,0.9727,1.0098,0,0,0
P11,2027-06-18,0.9735,1.0305,1.0098,0,0,0
P11,2027-06-19,0.9778,1.1289,1.0098,0,0,0
P11,2027-06-20,0.9745,1.1,1.0098,0,0,0
P11,2027-06-21,0.9739,0.9334,1.0098,0,0,0
P11,2027-06-22,0.973,0.969,1.0098,0,0,0
P11,2027-06-23,0.9789,0.9454,1.0098,0,0,0
P11,2027-06-24,0.9792,0.9727,1.0098,0,0,0
P11,2027-06-25,0.9828,1.0305,1.0098,0,0,0
P11,2027-06-26,0.9836,1.1289,1.0098,0,0,0
P11,2027-06-27,0.9908,1.1,1.0098,0,0,0
P11,2027-06-28,0.9923,0.9334,1.0098,0,0,0
P11,2027-06-29,0.9934,0.969,1.0098,0,0,0
P11,2027-06-30,0.9912,0.9454,1.0098,0,0,0
P11,2027-07-01,0.9943,0.9727,1.1011,0,0,0
P11,2027-07-02,0.9855,1.0305,1.5672,0,0,0
P11,2027-07-03,0.9742,1.1289,1.5672,0,0,0
P11,2027-07-04,0.9701,1.1,1.1011,0,0,0
P11,2027-07-05,0.9696,0.9334,1.1011,0,0,0
P11,2027-07-06,0.9654,0.969,1.1011,0,0,0
P11,2027-07-07,0.9635,0.9454,1.1011,0,0,0
P11,2027-07-08,0.9604,0.9727,1.1011,0,0,0
P11,2027-07-09,0.9584,1.0305,1.5672,0,0,0
P11,2027-07-10,0.9599,1.1289,1.5672,0,0,0
P11,2027-07-11,0.9598,1.1,1.1011,0,0,0
P11,2027-07-12,0.9587,0.9334,1.1011,0,0,0
P11,2027-07-13,0.9564,0.969,1.1011,0,0,0
P11,2027-07-14,0.9583,0.9454,1.1011,0,0,0
P11,2027-07-15,0.9519,0.9727,1.1011,0,0,0
P11,2027-07-16,0.9552,1.0305,1.5672,0,0,0
P11,2027-07-17,0.9497,1.1289,1.5672,0,0,0
P11,2027-07-18,0.9537,1.1,1.1011,0,0,0
P11,2027-07-19,0.9424,0.9334,1.1011,0,0,0
P11,2027-07-20,0.9394,0.969,1.1011,0,0,0
P11,2027-07-21,0.9383,0.9454,1.1011,0,0,0
P11,2027-07-22,0.9363,0.9727,1.1011,0,0,0
P11,2027-07-23,0.9363,1.0305,1.5672,0,0,0
P11,2027-07-24,0.946,1.1289,1.5672,0,0,0
P11,2027-07-25,0.9356,1.1,1.1011,0,0,0
P11,2027-07-26,0.9357,0.9334,1.1011,0,0,0
P11,2027-07-27,0.936,0.969,1.1011,0,0,0
P11,2027-07-28,0.936,0.9454,1.1011,0,0,0
P11,2027-07-29,0.94,0.9727,1.1011,0,0,0
P11,2027-07-30,0.941,1.0305,1.5672,0,0,0
P11,2027-07-31,0.9405,1.1289,1.5672,0,0,0
P11,2027-08-01,0.9408,1.1,1.1011,0,0,0
P11,2027-08-02,0.9367,0.9334,1.1011,0,0,0
P11,2027-08-03,0.9371,0.969,1.1011,0,0,0
P11,2027-08-04,0.9414,0.9454,1.1011,0,0,0
P11,2027-08-05,0.9441,0.9727,1.1011,0,0,0
P11,2027-08-06,0.9452,1.0305,1.1011,0,0,0
P11,2027-08-07,0.9426,1.1289,1.1011,0,0,0
P11,2027-08-08,0.9408,1.1,1.1011,0,0,0
P11,2027-08-09,0.943,0.9334,1.1011,0,0,0
P11,2027-08-10,0.944,0.969,1.1011,0,0,0
P11,2027-08-11,0.949,0.9454,1.1011,0,0,0
P11,2027-08-12,0.9482,0.9727,1.1011,0,0,0
P11,2027-08-13,0.9434,1.0305,1.1011,0,0,0
P11,2027-08-14,0.9415,1.1289,1.1011,0,0,0
P11,2027-08-15,0.9414,1.1,2.3441,0,0,0
P11,2027-08-16,0.9478,0.9334,2.3441,0,0,0
P11,2027-08-17,0.9511,0.969,2.3441,0,0,0
P11,2027-08-18,0.9492,0.9454,1.1011,0,0,0
P11,2027-08-19,0.9464,0.9727,1.1011,0,0,0
P11,2027-08-20,0.9457,1.0305,1.1011,0,0,0
P11,2027-08-21,0.9455,1.1289,1.1011,0,0,0
P11,2027-08-22,0.9502,1.1,1.1011,0,0,0
P11,2027-08-23,0.9454,0.9334,1.1011,0,0,0
P11,2027-08-24,0.9509,0.969,1.1011,0,0,0
P11,2027-08-25,0.948,0.9454,1.1011,0,0,0
P11,2027-08-26,0.9494,0.9727,1.1011,0,0,0
P11,2027-08-27,0.9514,1.0305,1.1011,0,0,0
P11,2027-08-28,0.9536,1.1289,1.1011,0,0,0
P11,2027-08-29,0.9517,1.1,1.1011,0,0,0
P11,2027-08-30,0.9559,0.9334,1.1011,0,0,0
P11,2027-08-31,0.9578,0.969,1.1011,0,0,0
P11,2027-09-01,0.9605,0.9454,1.1011,0,0,0
P11,2027-09-02,0.9619,0.9727,1.1011,0,0,0
P11,2027-09-03,0.9637,1.0305,1.1011,0,0,0
P11,2027-09-04,0.964,1.1289,1.1011,0,0,0
P11,2027-09-05,0.9614,1.1,1.1011,0,0,0
P11,2027-09-06,0.9593,0.9334,1.1011,0,0,0
P11,2027-09-07,0.962,0.969,1.1011,0,0,0
P11,2027-09-08,0.9635,0.9454,1.1011,0,0,0
P11,2027-09-09,0.9603,0.9727,1.1011,0,0,0
P11,2027-09-10,0.9532,1.0305,1.1011,0,0,0
P11,2027-09-11,0.9526,1.1289,1.1011,0,0,0
P11,2027-09-12,0.948,1.1,1.1011,0,0,0
P11,2027-09-13,0.9504,0.9334,1.1011,0,0,0
P11,2027-09-14,0.9569,0.969,1.1011,0,0,0
P11,2027-09-15,0.9544,0.9454,1.1011,0,0,0
P11,2027-09-16,0.9519,0.9727,1.1011,0,0,0
P11,2027-09-17,0.9453,1.0305,1.1011,0,0,0
P11,2027-09-18,0.9444,1.1289,1.1011,0,0,0
P11,2027-09-19,0.9413,1.1,1.1011,0,0,0
P11,2027-09-20,0.9408,0.9334,1.1011,0,0,0
P11,2027-09-21,0.9372,0.969,1.1011,0,0,0
P11,2027-09-22,0.9406,0.9454,1.1011,0,0,0
P11,2027-09-23,0.9403,0.9727,1.1011,0,0,0
P11,2027-09-24,0.9401,1.0305,1.1011,0,0,0
P11,2027-09-25,0.9427,1.1289,1.1011,0,0,0
P11,2027-09-26,0.9505,1.1,1.1011,0,0,0
P11,2027-09-27,0.9567,0.9334,1.1011,0,0,0
P11,2027-09-28,0.9602,0.969,1.1011,0,0,0
P11,2027-09-29,0.9613,0.9454,1.1011,0,0,0
P11,2027-09-30,0.9687,0.9727,1.1011,0,0,0
P11,2027-10-01,0.9743,1.0305,1.4233,0,0,0
P11,2027-10-02,0.9815,1.1289,1.4233,0,0,0
P11,2027-10-03,0.9871,1.1,1.0,0,0,0
P11,2027-10-04,0.9825,0.9334,1.0,0,0,0
P11,2027-10-05,0.9834,0.969,1.0,0,0,0
P11,2027-10-06,0.9867,0.9454,1.0,0,0,0
P11,2027-10-07,0.9886,0.9727,1.0,0,0,0
P11,2027-10-08,0.9834,1.0305,1.4233,0,0,0
P11,2027-10-09,0.9801,1.1289,1.4233,0,0,0
P11,2027-10-10,0.9856,1.1,1.0,0,0,0
P11,2027-10-11,0.9876,0.9334,1.0,0,0,0
P11,2027-10-12,0.99,0.969,1.0,0,0,0
P11,2027-10-13,0.9938,0.9454,1.0,0,0,0
P11,2027-10-14,0.9886,0.9727,1.0,0,0,0
P11,2027-10-15,0.9922,1.0305,1.4233,0,0,0
P11,2027-10-16,0.998,1.1289,1.4233,0,0,0
P11,2027-10-17,0.996,1.1,1.0,0,0,0
P11,2027-10-18,0.998,0.9334,1.0,0,0,0
P11,2027-10-19,0.9998,0.969,1.0,0,0,0
P11,2027-10-20,1.0034,0.9454,2.9421,0,0,0
P11,2027-10-21,1.0035,0.9727,2.9421,0,0,0
P11,2027-10-22,1.0004,1.0305,2.9421,0,0,0
P11,2027-10-23,1.0053,1.1289,2.9421,0,0,0
P11,2027-10-24,1.011,1.1,2.9421,0,0,0
P11,2027-10-25,1.0061,0.9334,2.9421,0,0,0
P11,2027-10-26,1.0078,0.969,1.0,0,0,0
P11,2027-10-27,1.0099,0.9454,1.0,0,0,0
P11,2027-10-28,1.0065,0.9727,1.0,0,0,0
P11,2027-10-29,1.0096,1.0305,1.4233,0,0,0
P11,2027-10-30,1.0139,1.1289,1.4233,0,0,0
P11,2027-10-31,1.0175,1.1,1.0,0,0,0
P11,2027-11-01,1.0185,0.9334,3.0964,0,0,0
P11,2027-11-02,1.0208,0.969,3.0964,0,0,0
P11,2027-11-03,1.0177,0.9454,3.0964,0,0,0
P11,2027-11-04,1.0226,0.9727,1.0031,0,0,0
P11,2027-11-05,1.0302,1.0305,1.0031,0,0,0
P11,2027-11-06,1.0315,1.1289,1.0031,0,0,0
P11,2027-11-07,1.0365,1.1,1.0031,0,0,0
P11,2027-11-08,1.0394,0.9334,1.0031,0,0,0
P11,2027-11-09,1.0369,0.969,1.0031,0,0,0
P11,2027-11-10,1.0319,0.9454,1.0031,0,0,0
P11,2027-11-11,1.0399,0.9727,1.0031,0,0,0
P11,2027-11-12,1.0431,1.0305,1.0031,0,0,0
P11,2027-11-13,1.0375,1.1289,1.0031,0,0,0
P11,2027-11-14,1.0345,1.1,1.0031,0,0,0
P11,2027-11-15,1.0344,0.9334,1.0031,0,0,0
P11,2027-11-16,1.0394,0.969,1.0031,0,0,0
P11,2027-11-17,1.0398,0.9454,1.0031,0,0,0
P11,2027-11-18,1.0413,0.9727,1.0031,0,0,0
P11,2027-11-19,1.044,1.0305,1.0031,0,0,0
P11,2027-11-20,1.0464,1.1289,1.0031,0,0,0
P11,2027-11-21,1.0493,1.1,1.0031,0,0,0
P11,2027-11-22,1.0458,0.9334,1.0031,0,0,0
P11,2027-11-23,1.0496,0.969,1.0031,0,0,0
P11,2027-11-24,1.0501,0.9454,1.0031,0,0,0
P11,2027-11-25,1.0511,0.9727,1.0031,0,0,0
P11,2027-11-26,1.05,1.0305,1.0031,0,0,0
P11,2027-11-27,1.051,1.1289,1.0031,0,0,0
P11,2027-11-28,1.0484,1.1,1.0031,0,0,0
P11,2027-11-29,1.0528,0.9334,1.0031,0,0,0
P11,2027-11-30,1.0532,0.969,1.0031,0,0,0
P11,2027-12-01,1.0512,0.9454,1.0031,0,0,0
P11,2027-12-02,1.0501,0.9727,1.0031,0,0,0
P11,2027-12-03,1.0543,1.0305,1.0031,0,0,0
P11,2027-12-04,1.0564,1.1289,1.0031,0,0,0
P11,2027-12-05,1.0623,1.1,1.0031,0,0,0
P11,2027-12-06,1.0668,0.9334,1.0031,0,0,0
P11,2027-12-07,1.0706,0.969,1.0031,0,0,0
P11,2027-12-08,1.0738,0.9454,1.0031,0,0,0
P11,2027-12-09,1.0819,0.9727,1.0031,0,0,0
P11,2027-12-10,1.0876,1.0305,1.0031,0,0,0
P11,2027-12-11,1.0894,1.1289,1.0031,0,0,0
P11,2027-12-12,1.0858,1.1,1.0031,0,0,0
P11,2027-12-13,1.0797,0.9334,1.0031,0,0,0
P11,2027-12-14,1.088,0.969,1.0031,0,0,0
P11,2027-12-15,1.0943,0.9454,1.0031,0,0,0
P11,2027-12-16,1.102,0.9727,1.0031,0,0,0
P11,2027-12-17,1.1081,1.0305,1.0031,0,0,0
P11,2027-12-18,1.1163,1.1289,1.0031,0,0,0
P11,2027-12-19,1.1211,1.1,1.0031,0,0,0
P11,2027-12-20,1.1262,0.9334,1.0031,0,0,0
P11,2027-12-21,1.1247,0.969,1.0031,0,0,0
P11,2027-12-22,1.1241,0.9454,1.0031,0,0,0
P11,2027-12-23,1.125,0.9727,1.0031,0,0,0
P11,2027-12-24,1.1198,1.0305,1.0031,0,0,0
P11,2027-12-25,1.1104,1.1289,1.0031,0,0,0
P11,2027-12-26,1.1063,1.1,1.0031,0,0,0
P11,2027-12-27,1.1079,0.9334,1.0031,0,0,0
P11,2027-12-28,1.1059,0.969,1.0031,0,0,0
P11,2027-12-29,1.1025,0.9454,1.0031,0,0,0
P11,2027-12-30,1.1042,0.9727,1.0031,0,0,0
P11,2027-12-31,1.1021,1.0305,1.0031,0,0,0
P12,2026-01-01,0.5609,0.9705,0.6945,0,0,0
P12,2026-01-02,0.5682,1.0338,0.9485,0,0,0
P12,2026-01-03,0.5747,1.1808,0.9485,0,0,0
P12,2026-01-04,0.5766,1.1084,0.9485,0,0,0
P12,2026-01-05,0.5794,0.9222,0.9485,0,0,0
P12,2026-01-06,0.5844,0.9333,0.9485,0,0,0
P12,2026-01-07,0.5836,0.9548,0.9485,0,0,0
P12,2026-01-08,0.5865,0.9705,0.9485,0,0,0
P12,2026-01-09,0.5881,1.0338,0.9485,0,0,0
P12,2026-01-10,0.5909,1.1808,0.9485,0,0,0
P12,2026-01-11,0.5958,1.1084,0.9485,0,0,0
P12,2026-01-12,0.5991,0.9222,0.9485,0,0,0
P12,2026-01-13,0.5998,0.9333,1.7218,0,0,0
P12,2026-01-14,0.6029,0.9548,1.7218,0,0,0
P12,2026-01-15,0.6087,0.9705,1.7218,0,0,0
P12,2026-01-16,0.61,1.0338,1.7218,0,0,0
P12,2026-01-17,0.6167,1.1808,0.9485,0,0,0
P12,2026-01-18,0.6179,1.1084,0.9485,0,0,0
P12,2026-01-19,0.6188,0.9222,0.9485,0,0,0
P12,2026-01-20,0.6223,0.9333,0.9485,0,0,0
P12,2026-01-21,0.6268,0.9548,0.9485,0,0,0
P12,2026-01-22,0.6253,0.9705,0.9485,0,0,0
P12,2026-01-23,0.6222,1.0338,0.9485,0,0,0
P12,2026-01-24,0.6252,1.1808,0.9485,0,0,0
P12,2026-01-25,0.6253,1.1084,0.9485,0,0,0
P12,2026-01-26,0.6242,0.9222,0.6945,0,0,0
P12,2026-01-27,0.6248,0.9333,0.9485,0,0,0
P12,2026-01-28,0.6238,0.9548,0.9485,0,0,0
P12,2026-01-29,0.6253,0.9705,0.9485,0,0,0
P12,2026-01-30,0.6276,1.0338,0.9485,0,0,0
P12,2026-01-31,0.6277,1.1808,0.9485,0,0,0
P12,2026-02-01,0.631,1.1084,0.9485,0,0,0
P12,2026-02-02,0.6308,0.9222,0.9485,0,0,0
P12,2026-02-03,0.6327,0.9333,0.9485,0,0,0
P12,2026-02-04,0.6308,0.9548,0.9485,0,0,0
P12,2026-02-05,0.6316,0.9705,0.9485,0,0,0
P12,2026-02-06,0.633,1.0338,0.9485,0,0,0
P12,2026-02-07,0.633,1.1808,0.9485,0,0,0
P12,2026-02-08,0.6337,1.1084,0.9485,0,0,0
P12,2026-02-09,0.6371,0.9222,0.9485,0,0,0
P12,2026-02-10,0.6416,0.9333,0.9485,0,0,0
P12,2026-02-11,0.6421,0.9548,0.9485,0,0,0
P12,2026-02-12,0.6439,0.9705,0.9485,0,0,0
P12,2026-02-13,0.6474,1.0338,0.9485,0,0,0
P12,2026-02-14,0.648,1.1808,0.9485,0,0,0
P12,2026-02-15,0.6533,1.1084,0.9485,0,0,0
P12,2026-02-16,0.6544,0.9222,0.9485,0,0,0
P12,2026-02-17,0.6605,0.9333,0.9485,0,0,0
P12,2026-02-18,0.6672,0.9548,0.9485,0,0,0
P12,2026-02-19,0.67,0.9705,0.9485,0,0,0
P12,2026-02-20,0.6756,1.0338,0.9485,0,0,0
P12,2026-02-21,0.6788,1.1808,0.9485,0,0,0
P12,2026-02-22,0.6822,1.1084,0.9485,0,0,0
P12,2026-02-23,0.6854,0.9222,0.9485,0,0,0
P12,2026-02-24,0.6921,0.9333,0.9485,0,0,0
P12,2026-02-25,0.6938,0.9548,0.9485,0,0,0
P12,2026-02-26,0.7033,0.9705,0.9485,0,0,0
P12,2026-02-27,0.706,1.0338,0.9485,0,0,0
P12,2026-02-28,0.7126,1.1808,0.9485,0,0,0
P12,2026-03-01,0.7196,1.1084,1.0049,0,0,0
P12,2026-03-02,0.7253,0.9222,1.0049,0,0,0
P12,2026-03-03,0.7302,0.9333,1.0049,0,0,0
P12,2026-03-04,0.7343,0.9548,1.0049,0,0,0
P12,2026-03-05,0.7398,0.9705,1.0049,0,0,0
P12,2026-03-06,0.7463,1.0338,1.4261,0,0,0
P12,2026-03-07,0.7502,1.1808,1.4261,0,0,0
P12,2026-03-08,0.7492,1.1084,1.0049,0,0,0
P12,2026-03-09,0.7586,0.9222,1.0049,0,0,0
P12,2026-03-10,0.7627,0.9333,1.0049,0,0,0
P12,2026-03-11,0.7699,0.9548,1.0049,0,0,0
P12,2026-03-12,0.7744,0.9705,1.0049,0,0,0
P12,2026-03-13,0.7729,1.0338,1.4261,0,0,0
P12,2026-03-14,0.7775,1.1808,1.4261,0,0,0
P12,2026-03-15,0.7779,1.1084,1.0049,0,0,0
P12,2026-03-16,0.7803,0.9222,1.0049,0,0,0
P12,2026-03-17,0.7864,0.9333,1.0049,0,0,0
P12,2026-03-18,0.7919,0.9548,1.0049,0,0,0
P12,2026-03-19,0.7918,0.9705,1.0049,0,0,0
P12,2026-03-20,0.7981,1.0338,1.4261,0,0,0
P12,2026-03-21,0.8062,1.1808,1.4261,0,0,0
P12,2026-03-22,0.8052,1.1084,1.0049,0,0,0
P12,2026-03-23,0.8098,0.9222,1.0049,0,0,0
P12,2026-03-24,0.8165,0.9333,1.0049,0,0,0
P12,2026-03-25,0.8197,0.9548,1.0049,0,0,0
P12,2026-03-26,0.8182,0.9705,1.0049,0,0,0
P12,2026-03-27,0.8262,1.0338,1.4261,0,0,0
P12,2026-03-28,0.8222,1.1808,1.4261,0,0,0
P12,2026-03-29,0.8282,1.1084,1.0049,0,0,0
P12,2026-03-30,0.8307,0.9222,1.0049,0,0,0
P12,2026-03-31,0.8348,0.9333,1.0049,0,0,0
P12,2026-04-01,0.8403,0.9548,1.0049,0,0,0
P12,2026-04-02,0.836,0.9705,1.0049,0,0,0
P12,2026-04-03,0.8332,1.0338,1.0049,0,0,0
P12,2026-04-04,0.8329,1.1808,1.0941,0,0,0
P12,2026-04-05,0.8375,1.1084,1.0941,0,0,0
P12,2026-04-06,0.8406,0.9222,1.0049,0,0,0
P12,2026-04-07,0.8493,0.9333,1.0049,0,0,0
P12,2026-04-08,0.8493,0.9548,1.0049,0,0,0
P12,2026-04-09,0.8515,0.9705,1.0049,0,0,0
P12,2026-04-10,0.8535,1.0338,1.0049,0,0,0
P12,2026-04-11,0.8545,1.1808,1.0941,0,0,0
P12,2026-04-12,0.8604,1.1084,1.0941,0,0,0
P12,2026-04-13,0.8615,0.9222,1.0049,0,0,0
P12,2026-04-14,0.8616,0.9333,1.0049,0,0,0
P12,2026-04-15,0.8586,0.9548,1.0049,0,0,0
P12,2026-04-16,0.8596,0.9705,1.0049,0,0,0
P12,2026-04-17,0.8607,1.0338,1.0049,0,0,0
P12,2026-04-18,0.8685,1.1808,1.0941,0,0,0
P12,2026-04-19,0.875,1.1084,1.0941,0,0,0
P12,2026-04-20,0.8806,0.9222,1.0049,0,0,0
P12,2026-04-21,0.8791,0.9333,1.0049,0,0,0
P12,2026-04-22,0.8846,0.9548,1.0049,0,0,0
P12,2026-04-23,0.8898,0.9705,1.0049,0,0,0
P12,2026-04-24,0.8947,1.0338,1.0049,0,0,0
P12,2026-04-25,0.8991,1.1808,1.0941,0,0,0
P12,2026-04-26,0.9034,1.1084,1.0941,0,0,0
P12,2026-04-27,0.9076,0.9222,1.0049,0,0,0
P12,2026-04-28,0.9101,0.9333,1.0049,0,0,0
P12,2026-04-29,0.912,0.9548,1.0049,0,0,0
P12,2026-04-30,0.9159,0.9705,1.0049,0,0,0
P12,2026-05-01,0.92,1.0338,1.0049,0,0,0
P12,2026-05-02,0.9152,1.1808,1.0941,0,0,0
P12,2026-05-03,0.9202,1.1084,1.0941,0,0,0
P12,2026-05-04,0.9183,0.9222,1.0049,0,0,0
P12,2026-05-05,0.9257,0.9333,1.0049,0,0,0
P12,2026-05-06,0.9268,0.9548,1.0049,0,0,0
P12,2026-05-07,0.9362,0.9705,1.0049,0,0,0
P12,2026-05-08,0.942,1.0338,1.0049,0,0,0
P12,2026-05-09,0.9478,1.1808,1.0941,0,0,0
P12,2026-05-10,0.9508,1.1084,1.0941,0,0,0
P12,2026-05-11,0.9523,0.9222,1.0049,0,0,0
P12,2026-05-12,0.9609,0.9333,1.0049,0,0,0
P12,2026-05-13,0.9652,0.9548,1.0049,0,0,0
P12,2026-05-14,0.9612,0.9705,1.0049,0,0,0
P12,2026-05-15,0.964,1.0338,1.0049,0,0,0
P12,2026-05-16,0.9677,1.1808,1.0941,0,0,0
P12,2026-05-17,0.9756,1.1084,1.0941,0,0,0
P12,2026-05-18,0.9788,0.9222,1.0049,0,0,0
P12,2026-05-19,0.9819,0.9333,1.0049,0,0,0
P12,2026-05-20,0.9822,0.9548,1.0049,0,0,0
P12,2026-05-21,0.9796,0.9705,1.0049,0,0,0
P12,2026-05-22,0.9775,1.0338,1.0049,0,0,0
P12,2026-05-23,0.9785,1.1808,1.0941,0,0,0
P12,2026-05-24,0.9807,1.1084,1.0941,0,0,0
P12,2026-05-25,0.9846,0.9222,1.0049,0,0,0
P12,2026-05-26,0.9852,0.9333,1.0049,0,0,0
P12,2026-05-27,0.9824,0.9548,1.0049,0,0,0
P12,2026-05-28,0.9792,0.9705,1.0049,0,0,0
P12,2026-05-29,0.9786,1.0338,1.0049,0,0,0
P12,2026-05-30,0.9706,1.1808,1.0941,0,0,0
P12,2026-05-31,0.9695,1.1084,1.0941,0,0,0
P12,2026-06-01,0.9721,0.9222,1.0049,0,0,0
P12,2026-06-02,0.977,0.9333,1.0049,0,0,0
P12,2026-06-03,0.9734,0.9548,1.0049,0,0,0
P12,2026-06-04,0.9722,0.9705,1.0049,0,0,0
P12,2026-06-05,0.9688,1.0338,1.0049,0,0,0
P12,2026-06-06,0.9711,1.1808,1.0049,0,0,0
P12,2026-06-07,0.9646,1.1084,1.0049,0,0,0
P12,2026-06-08,0.9602,0.9222,1.0049,0,0,0
P12,2026-06-09,0.9607,0.9333,1.0049,0,0,0
P12,2026-06-10,0.9576,0.9548,1.0049,0,0,0
P12,2026-06-11,0.9563,0.9705,1.0049,0,0,0
P12,2026-06-12,0.953,1.0338,1.0049,0,0,0
P12,2026-06-13,0.9479,1.1808,1.0049,0,0,0
P12,2026-06-14,0.9468,1.1084,1.0049,0,0,0
P12,2026-06-15,0.9469,0.9222,1.0049,0,0,0
P12,2026-06-16,0.9431,0.9333,1.0049,0,0,0
P12,2026-06-17,0.9456,0.9548,1.0049,0,0,0
P12,2026-06-18,0.9461,0.9705,1.0049,0,0,0
P12,2026-06-19,0.9414,1.0338,1.0049,0,0,0
P12,2026-06-20,0.9476,1.1808,1.0049,0,0,0
P12,2026-06-21,0.9518,1.1084,1.0049,0,0,0
P12,2026-06-22,0.9498,0.9222,1.0049,0,0,0
P12,2026-06-23,0.9503,0.9333,1.0049,0,0,0
P12,2026-06-24,0.9518,0.9548,1.0049,0,0,0
P12,2026-06-25,0.9496,0.9705,1.0049,0,0,0
P12,2026-06-26,0.9618,1.0338,1.0049,0,0,0
P12,2026-06-27,0.9564,1.1808,1.0049,0,0,0
P12,2026-06-28,0.9638,1.1084,1.0049,0,0,0
P12,2026-06-29,0.9672,0.9222,1.0049,0,0,0
P12,2026-06-30,0.9627,0.9333,1.0049,0,0,0
P12,2026-07-01,0.9677,0.9548,1.078,0,0,0
P12,2026-07-02,0.9666,0.9705,1.078,0,0,0
P12,2026-07-03,0.9642,1.0338,1.5299,0,0,0
P12,2026-07-04,0.9586,1.1808,1.5299,0,0,0
P12,2026-07-05,0.9574,1.1084,1.078,0,0,0
P12,2026-07-06,0.9522,0.9222,1.078,0,0,0
P12,2026-07-07,0.9571,0.9333,1.078,0,0,0
P12,2026-07-08,0.9586,0.9548,1.078,0,0,0
P12,2026-07-09,0.9597,0.9705,1.078,0,0,0
P12,2026-07-10,0.9633,1.0338,1.5299,0,0,0
P12,2026-07-11,0.9592,1.1808,1.5299,0,0,0
P12,2026-07-12,0.9627,1.1084,1.078,0,0,0
P12,2026-07-13,0.9693,0.9222,1.078,0,0,0
P12,2026-07-14,0.9705,0.9333,1.078,0,0,0
P12,2026-07-15,0.9724,0.9548,1.078,0,0,0
P12,2026-07-16,0.9734,0.9705,1.078,0,0,0
P12,2026-07-17,0.9688,1.0338,1.5299,0,0,0
P12,2026-07-18,0.968,1.1808,1.5299,0,0,0
P12,2026-07-19,0.966,1.1084,1.078,0,0,0
P12,2026-07-20,0.9694,0.9222,1.078,0,0,0
P12,2026-07-21,0.9662,0.9333,1.078,0,0,0
P12,2026-07-22,0.9662,0.9548,1.078,0,0,0
P12,2026-07-23,0.9624,0.9705,1.078,0,0,0
P12,2026-07-24,0.9637,1.0338,1.5299,0,0,0
P12,2026-07-25,0.9631,1.1808,1.5299,0,0,0
P12,2026-07-26,0.9606,1.1084,1.078,0,0,0
P12,2026-07-27,0.9621,0.9222,1.078,0,0,0
P12,2026-07-28,0.9614,0.9333,1.078,0,0,0
P12,2026-07-29,0.9593,0.9548,1.078,0,0,0
P12,2026-07-30,0.9594,0.9705,1.078,0,0,0
P12,2026-07-31,0.9654,1.0338,1.5299,0,0,0
P12,2026-08-01,0.9687,1.1808,1.078,0,0,0
P12,2026-08-02,0.9762,1.1084,1.078,0,0,0
P12,2026-08-03,0.9768,0.9222,1.078,0,0,0
P12,2026-08-04,0.983,0.9333,1.078,0,0,0
P12,2026-08-05,0.9759,0.9548,1.078,0,0,0
P12,2026-08-06,0.9707,0.9705,1.078,0,0,0
P12,2026-08-07,0.9677,1.0338,1.078,0,0,0
P12,2026-08-08,0.9636,1.1808,1.078,0,0,0
P12,2026-08-09,0.9598,1.1084,1.078,0,0,0
P12,2026-08-10,0.9558,0.9222,1.078,0,0,0
P12,2026-08-11,0.9488,0.9333,1.078,0,0,0
P12,2026-08-12,0.9516,0.9548,1.078,0,0,0
P12,2026-08-13,0.9492,0.9705,1.078,0,0,0
P12,2026-08-14,0.944,1.0338,1.078,0,0,0
P12,2026-08-15,0.943,1.1808,2.1506,0,0,0
P12,2026-08-16,0.9407,1.1084,2.1506,0,0,0
P12,2026-08-17,0.9359,0.9222,2.1506,0,0,0
P12,2026-08-18,0.9412,0.9333,1.078,0,0,0
P12,2026-08-19,0.9422,0.9548,1.078,0,0,0
P12,2026-08-20,0.9475,0.9705,1.078,0,0,0
P12,2026-08-21,0.9598,1.0338,1.078,0,0,0
P12,2026-08-22,0.9579,1.1808,1.078,0,0,0
P12,2026-08-23,0.9468,1.1084,1.078,0,0,0
P12,2026-08-24,0.951,0.9222,1.078,0,0,0
P12,2026-08-25,0.9532,0.9333,1.078,0,0,0
P12,2026-08-26,0.9598,0.9548,1.078,0,0,0
P12,2026-08-27,0.9587,0.9705,1.078,0,0,0
P12,2026-08-28,0.9647,1.0338,1.078,0,0,0
P12,2026-08-29,0.9656,1.1808,1.078,0,0,0
P12,2026-08-30,0.9648,1.1084,1.078,0,0,0
P12,2026-08-31,0.9654,0.9222,1.078,0,0,0
P12,2026-09-01,0.9721,0.9333,1.078,0,0,0
P12,2026-09-02,0.9746,0.9548,1.078,0,0,0
P12,2026-09-03,0.9751,0.9705,1.078,0,0,0
P12,2026-09-04,0.9843,1.0338,1.078,0,0,0
P12,2026-09-05,0.9878,1.1808,1.078,0,0,0
P12,2026-09-06,0.9894,1.1084,1.078,0,0,0
P12,2026-09-07,0.985,0.9222,1.078,0,0,0
P12,2026-09-08,0.9878,0.9333,1.078,0,0,0
P12,2026-09-09,0.9872,0.9548,1.078,0,0,0
P12,2026-09-10,0.9849,0.9705,1.078,0,0,0
P12,2026-09-11,0.992,1.0338,1.078,0,0,0
P12,2026-09-12,0.9907,1.1808,1.078,0,0,0
P12,2026-09-13,0.9889,1.1084,1.078,0,0,0
P12,2026-09-14,0.9979,0.9222,1.078,0,0,0
P12,2026-09-15,0.9988,0.9333,1.078,0,0,0
P12,2026-09-16,0.9991,0.9548,1.078,0,0,0
P12,2026-09-17,0.9978,0.9705,1.078,0,0,0
P12,2026-09-18,0.9935,1.0338,1.078,0,0,0
P12,2026-09-19,0.9884,1.1808,1.078,0,0,0
P12,2026-09-20,0.9862,1.1084,1.078,0,0,0
P12,2026-09-21,0.98,0.9222,1.078,0,0,0
P12,2026-09-22,0.9766,0.9333,1.078,0,0,0
P12,2026-09-23,0.9788,0.9548,1.078,0,0,0
P12,2026-09-24,0.9677,0.9705,1.078,0,0,0
P12,2026-09-25,0.9679,1.0338,1.078,0,0,0
P12,2026-09-26,0.9621,1.1808,1.078,0,0,0
P12,2026-09-27,0.9552,1.1084,1.078,0,0,0
P12,2026-09-28,0.9587,0.9222,1.078,0,0,0
P12,2026-09-29,0.9587,0.9333,1.078,0,0,0
P12,2026-09-30,0.9695,0.9548,1.078,0,0,0
P12,2026-10-01,0.9759,0.9705,1.0,0,0,0
P12,2026-10-02,0.9814,1.0338,1.4192,0,0,0
P12,2026-10-03,0.9853,1.1808,1.4192,0,0,0
P12,2026-10-04,0.9861,1.1084,1.0,0,0,0
P12,2026-10-05,0.9788,0.9222,1.0,0,0,0
P12,2026-10-06,0.9811,0.9333,1.0,0,0,0
P12,2026-10-07,0.9812,0.9548,1.0,0,0,0
P12,2026-10-08,0.9815,0.9705,1.0,0,0,0
P12,2026-10-09,0.9866,1.0338,1.4192,0,0,0
P12,2026-10-10,0.9861,1.1808,1.4192,0,0,0
P12,2026-10-11,0.9826,1.1084,1.0,0,0,0
P12,2026-10-12,0.9855,0.9222,1.0,0,0,0
P12,2026-10-13,0.9926,0.9333,1.0,0,0,0
P12,2026-10-14,0.9913,0.9548,1.0,0,0,0
P12,2026-10-15,0.9932,0.9705,1.0,0,0,0
P12,2026-10-16,0.9912,1.0338,1.4192,0,0,0
P12,2026-10-17,0.9909,1.1808,1.4192,0,0,0
P12,2026-10-18,0.9922,1.1084,1.0,0,0,0
P12,2026-10-19,0.9985,0.9222,1.0,0,0,0
P12,2026-10-20,1.0091,0.9333,2.9358,0,0,0
P12,2026-10-21,1.0128,0.9548,2.9358,0,0,0
P12,2026-10-22,1.0107,0.9705,2.9358,0,0,0
P12,2026-10-23,1.0115,1.0338,2.9358,0,0,0
P12,2026-10-24,1.0113,1.1808,2.9358,0,0,0
P12,2026-10-25,1.013,1.1084,2.9358,0,0,0
P12,2026-10-26,1.0152,0.9222,1.0,0,0,0
P12,2026-10-27,1.0216,0.9333,1.0,0,0,0
P12,2026-10-28,1.025,0.9548,1.0,0,0,0
P12,2026-10-29,1.0322,0.9705,1.0,0,0,0
P12,2026-10-30,1.027,1.0338,1.4192,0,0,0
P12,2026-10-31,1.0254,1.1808,1.4192,0,0,0
P12,2026-11-01,1.0261,1.1084,2.7952,0,0,0
P12,2026-11-02,1.0262,0.9222,2.7952,0,0,0
P12,2026-11-03,1.0242,0.9333,2.7952,0,0,0
P12,2026-11-04,1.0305,0.9548,0.9485,0,0,0
P12,2026-11-05,1.0359,0.9705,0.9485,0,0,0
P12,2026-11-06,1.0366,1.0338,0.9485,0,0,0
P12,2026-11-07,1.0432,1.1808,0.9485,0,0,0
P12,2026-11-08,1.0407,1.1084,0.9485,0,0,0
P12,2026-11-09,1.046,0.9222,0.9485,0,0,0
P12,2026-11-10,1.053,0.9333,0.9485,0,0,0
P12,2026-11-11,1.0574,0.9548,0.9485,0,0,0
P12,2026-11-12,1.0628,0.9705,0.9485,0,0,0
P12,2026-11-13,1.0558,1.0338,0.9485,0,0,0
P12,2026-11-14,1.0589,1.1808,0.9485,0,0,0
P12,2026-11-15,1.054,1.1084,0.9485,0,0,0
P12,2026-11-16,1.0513,0.9222,0.9485,0,0,0
P12,2026-11-17,1.0577,0.9333,0.9485,0,0,0
P12,2026-11-18,1.0552,0.9548,0.9485,0,0,0
P12,2026-11-19,1.0486,0.9705,0.9485,0,0,0
P12,2026-11-20,1.0538,1.0338,0.9485,0,0,0
P12,2026-11-21,1.0674,1.1808,0.9485,0,0,0
P12,2026-11-22,1.0669,1.1084,0.9485,0,0,0
P12,2026-11-23,1.0634,0.9222,0.9485,0,0,0
P12,2026-11-24,1.0649,0.9333,0.9485,0,0,0
P12,2026-11-25,1.0666,0.9548,0.9485,0,0,0
P12,2026-11-26,1.0659,0.9705,0.9485,0,0,0
P12,2026-11-27,1.0652,1.0338,0.9485,0,0,0
P12,2026-11-28,1.0637,1.1808,0.9485,0,0,0
P12,2026-11-29,1.0574,1.1084,0.9485,0,0,0
P12,2026-11-30,1.0524,0.9222,0.9485,0,0,0
P12,2026-12-01,1.0537,0.9333,0.9485,0,0,0
P12,2026-12-02,1.055,0.9548,0.9485,0,0,0
P12,2026-12-03,1.0482,0.9705,0.9485,0,0,0
P12,2026-12-04,1.0512,1.0338,0.9485,0,0,0
P12,2026-12-05,1.0583,1.1808,0.9485,0,0,0
P12,2026-12-06,1.0642,1.1084,0.9485,0,0,0
P12,2026-12-07,1.0695,0.9222,0.9485,0,0,0
P12,2026-12-08,1.0702,0.9333,0.9485,0,0,0
P12,2026-12-09,1.0725,0.9548,0.9485,0,0,0
P12,2026-12-10,1.069,0.9705,0.9485,0,0,0
P12,2026-12-11,1.0681,1.0338,0.9485,0,0,0
P12,2026-12-12,1.0783,1.1808,0.9485,0,0,0
P12,2026-12-13,1.077,1.1084,0.9485,0,0,0
P12,2026-12-14,1.0772,0.9222,0.9485,0,0,0
P12,2026-12-15,1.0791,0.9333,0.9485,0,0,0
P12,2026-12-16,1.0843,0.9548,0.9485,0,0,0
P12,2026-12-17,1.0883,0.9705,0.9485,0,0,0
P12,2026-12-18,1.091,1.0338,0.9485,0,0,0
P12,2026-12-19,1.093,1.1808,0.9485,0,0,0
P12,2026-12-20,1.1012,1.1084,0.9485,0,0,0
P12,2026-12-21,1.1013,0.9222,0.9485,0,0,0
P12,2026-12-22,1.098,0.9333,0.9485,0,0,0
P12,2026-12-23,1.1017,0.9548,0.9485,0,0,0
P12,2026-12-24,1.1053,0.9705,0.9485,0,0,0
P12,2026-12-25,1.1029,1.0338,0.9485,0,0,0
P12,2026-12-26,1.1067,1.1808,0.9485,0,0,0
P12,2026-12-27,1.1055,1.1084,0.9485,0,0,0
P12,2026-12-28,1.1056,0.9222,0.9485,0,0,0
P12,2026-12-29,1.0961,0.9333,0.9485,0,0,0
P12,2026-12-30,1.095,0.9548,0.9485,0,0,0
P12,2026-12-31,1.0931,0.9705,0.9485,0,0,0
P12,2027-01-01,1.0874,1.0338,0.6945,0,0,0
P12,2027-01-02,1.0883,1.1808,0.9485,0,0,0
P12,2027-01-03,1.0929,1.1084,0.9485,0,0,0
P12,2027-01-04,1.0881,0.9222,0.9485,0,0,0
P12,2027-01-05,1.0938,0.9333,0.9485,0,0,0
P12,2027-01-06,1.0925,0.9548,0.9485,0,0,0
P12,2027-01-07,1.0857,0.9705,0.9485,0,0,0
P12,2027-01-08,1.0807,1.0338,0.9485,0,0,0
P12,2027-01-09,1.0816,1.1808,0.9485,0,0,0
P12,2027-01-10,1.0782,1.1084,0.9485,0,0,0
P12,2027-01-11,1.0691,0.9222,0.9485,0,0,0
P12,2027-01-12,1.0713,0.9333,0.9485,0,0,0
P12,2027-01-13,1.0678,0.9548,1.7218,0,0,0
P12,2027-01-14,1.0689,0.9705,1.7218,0,0,0
P12,2027-01-15,1.0649,1.0338,1.7218,0,0,0
P12,2027-01-16,1.0671,1.1808,1.7218,0,0,0
P12,2027-01-17,1.0638,1.1084,0.9485,0,0,0
P12,2027-01-18,1.0555,0.9222,0.9485,0,0,0
P12,2027-01-19,1.0462,0.9333,0.9485,0,0,0
P12,2027-01-20,1.0459,0.9548,0.9485,0,0,0
P12,2027-01-21,1.0427,0.9705,0.9485,0,0,0
P12,2027-01-22,1.0449,1.0338,0.9485,0,0,0
P12,2027-01-23,1.045,1.1808,0.9485,0,0,0
P12,2027-01-24,1.0467,1.1084,0.9485,0,0,0
P12,2027-01-25,1.0385,0.9222,0.9485,0,0,0
P12,2027-01-26,1.0353,0.9333,0.6945,0,0,0
P12,2027-01-27,1.0229,0.9548,0.9485,0,0,0
P12,2027-01-28,1.0231,0.9705,0.9485,0,0,0
P12,2027-01-29,1.0215,1.0338,0.9485,0,0,0
P12,2027-01-30,1.0188,1.1808,0.9485,0,0,0
P12,2027-01-31,1.0155,1.1084,0.9485,0,0,0
P12,2027-02-01,1.0165,0.9222,0.9485,0,0,0
P12,2027-02-02,1.0112,0.9333,0.9485,0,0,0
P12,2027-02-03,1.0083,0.9548,0.9485,0,0,0
P12,2027-02-04,1.0073,0.9705,0.9485,0,0,0
P12,2027-02-05,1.0028,1.0338,0.9485,0,0,0
P12,2027-02-06,1.0037,1.1808,0.9485,0,0,0
P12,2027-02-07,0.9985,1.1084,0.9485,0,0,0
P12,2027-02-08,0.9951,0.9222,0.9485,0,0,0
P12,2027-02-09,0.9958,0.9333,0.9485,0,0,0
P12,2027-02-10,0.987,0.9548,0.9485,0,0,0
P12,2027-02-11,0.9872,0.9705,0.9485,0,0,0
P12,2027-02-12,0.9836,1.0338,0.9485,0,0,0
P12,2027-02-13,0.9869,1.1808,0.9485,0,0,0
P12,2027-02-14,0.99,1.1084,0.9485,0,0,0
P12,2027-02-15,0.9818,0.9222,0.9485,0,0,0
P12,2027-02-16,0.9865,0.9333,0.9485,0,0,0
P12,2027-02-17,0.9881,0.9548,0.9485,0,0,0
P12,2027-02-18,0.9855,0.9705,0.9485,0,0,0
P12,2027-02-19,0.982,1.0338,0.9485,0,0,0
P12,2027-02-20,0.9801,1.1808,0.9485,0,0,0
P12,2027-02-21,0.9847,1.1084,0.9485,0,0,0
P12,2027-02-22,0.9834,0.9222,0.9485,0,0,0
P12,2027-02-23,0.9815,0.9333,0.9485,0,0,0
P12,2027-02-24,0.9842,0.9548,0.9485,0,0,0
P12,2027-02-25,0.9908,0.9705,0.9485,0,0,0
P12,2027-02-26,0.99,1.0338,0.9485,0,0,0
P12,2027-02-27,0.9932,1.1808,0.9485,0,0,0
P12,2027-02-28,0.9966,1.1084,0.9485,0,0,0
P12,2027-03-01,0.9974,0.9222,1.0049,0,0,0
P12,2027-03-02,0.9971,0.9333,1.0049,0,0,0
P12,2027-03-03,0.9975,0.9548,1.0049,0,0,0
P12,2027-03-04,0.9929,0.9705,1.0049,0,0,0
P12,2027-03-05,0.9853,1.0338,1.4261,0,0,0
P12,2027-03-06,0.9833,1.1808,1.4261,0,0,0
P12,2027-03-07,0.9737,1.1084,1.0049,0,0,0
P12,2027-03-08,0.9802,0.9222,1.0049,0,0,0
P12,2027-03-09,0.9822,0.9333,1.0049,0,0,0
P12,2027-03-10,0.9853,0.9548,1.0049,0,0,0
P12,2027-03-11,0.9886,0.9705,1.0049,0,0,0
P12,2027-03-12,0.9813,1.0338,1.4261,0,0,0
P12,2027-03-13,0.9802,1.1808,1.4261,0,0,0
P12,2027-03-14,0.9784,1.1084,1.0049,0,0,0
P12,2027-03-15,0.9731,0.9222,1.0049,0,0,0
P12,2027-03-16,0.9672,0.9333,1.0049,0,0,0
P12,2027-03-17,0.97,0.9548,1.0049,0,0,0
P12,2027-03-18,0.9716,0.9705,1.0049,0,0,0
P12,2027-03-19,0.9765,1.0338,1.4261,0,0,0
P12,2027-03-20,0.9752,1.1808,1.4261,0,0,0
P12,2027-03-21,0.9806,1.1084,1.0049,0,0,0
P12,2027-03-22,0.9774,0.9222,1.0049,0,0,0
P12,2027-03-23,0.9761,0.9333,1.0049,0,0,0
P12,2027-03-24,0.9733,0.9548,1.0049,0,0,0
P12,2027-03-25,0.9784,0.9705,1.0049,0,0,0
P12,2027-03-26,0.9786,1.0338,1.4261,0,0,0
P12,2027-03-27,0.9774,1.1808,1.4261,0,0,0
P12,2027-03-28,0.9798,1.1084,1.0049,0,0,0
P12,2027-03-29,0.9843,0.9222,1.0049,0,0,0
P12,2027-03-30,0.9871,0.9333,1.0049,0,0,0
P12,2027-03-31,0.9891,0.9548,1.0049,0,0,0
P12,2027-04-01,0.9874,0.9705,1.0049,0,0,0
P12,2027-04-02,0.9929,1.0338,1.0049,0,0,0
P12,2027-04-03,0.9981,1.1808,1.0941,0,0,0
P12,2027-04-04,1.0048,1.1084,1.0941,0,0,0
P12,2027-04-05,1.0013,0.9222,1.0049,0,0,0
P12,2027-04-06,1.0007,0.9333,1.0049,0,0,0
P12,2027-04-07,0.9983,0.9548,1.0049,0,0,0
P12,2027-04-08,1.0098,0.9705,1.0049,0,0,0
P12,2027-04-09,1.0105,1.0338,1.0049,0,0,0
P12,2027-04-10,1.0109,1.1808,1.0941,0,0,0
P12,2027-04-11,1.0141,1.1084,1.0941,0,0,0
P12,2027-04-12,1.0087,0.9222,1.0049,0,0,0
P12,2027-04-13,1.0068,0.9333,1.0049,0,0,0
P12,2027-04-14,1.0008,0.9548,1.0049,0,0,0
P12,2027-04-15,1.0047,0.9705,1.0049,0,0,0
P12,2027-04-16,1.0011,1.0338,1.0049,0,0,0
P12,2027-04-17,1.0026,1.1808,1.0941,0,0,0
P12,2027-04-18,1.0064,1.1084,1.0941,0,0,0
P12,2027-04-19,1.0187,0.9222,1.0049,0,0,0
P12,2027-04-20,1.0213,0.9333,1.0049,0,0,0
P12,2027-04-21,1.0252,0.9548,1.0049,0,0,0
P12,2027-04-22,1.0229,0.9705,1.0049,0,0,0
P12,2027-04-23,1.0221,1.0338,1.0049,0,0,0
P12,2027-04-24,1.0243,1.1808,1.0941,0,0,0
P12,2027-04-25,1.0252,1.1084,1.0941,0,0,0
P12,2027-04-26,1.0315,0.9222,1.0049,0,0,0
P12,2027-04-27,1.0365,0.9333,1.0049,0,0,0
P12,2027-04-28,1.0352,0.9548,1.0049,0,0,0
P12,2027-04-29,1.0323,0.9705,1.0049,0,0,0
P12,2027-04-30,1.0316,1.0338,1.0049,0,0,0
P12,2027-05-01,1.0353,1.1808,1.0941,0,0,0
P12,2027-05-02,1.0348,1.1084,1.0941,0,0,0
P12,2027-05-03,1.0363,0.9222,1.0049,0,0,0
P12,2027-05-04,1.0362,0.9333,1.0049,0,0,0
P12,2027-05-05,1.0392,0.9548,1.0049,0,0,0
P12,2027-05-06,1.0446,0.9705,1.0049,0,0,0
P12,2027-05-07,1.0487,1.0338,1.0049,0,0,0
P12,2027-05-08,1.0516,1.1808,1.0941,0,0,0
P12,2027-05-09,1.0491,1.1084,1.0941,0,0,0
P12,2027-05-10,1.0425,0.9222,1.0049,0,0,0
P12,2027-05-11,1.0464,0.9333,1.0049,0,0,0
P12,2027-05-12,1.0494,0.9548,1.0049,0,0,0
P12,2027-05-13,1.0487,0.9705,1.0049,0,0,0
P12,2027-05-14,1.0507,1.0338,1.0049,0,0,0
P12,2027-05-15,1.0481,1.1808,1.0941,0,0,0
P12,2027-05-16,1.051,1.1084,1.0941,0,0,0
P12,2027-05-17,1.0438,0.9222,1.0049,0,0,0
P12,2027-05-18,1.0412,0.9333,1.0049,0,0,0
P12,2027-05-19,1.0404,0.9548,1.0049,0,0,0
P12,2027-05-20,1.0384,0.9705,1.0049,0,0,0
P12,2027-05-21,1.0389,1.0338,1.0049,0,0,0
P12,2027-05-22,1.0355,1.1808,1.0941,0,0,0
P12,2027-05-23,1.0349,1.1084,1.0941,0,0,0
P12,2027-05-24,1.0325,0.9222,1.0049,0,0,0
P12,2027-05-25,1.0286,0.9333,1.0049,0,0,0
P12,2027-05-26,1.0205,0.9548,1.0049,0,0,0
P12,2027-05-27,1.0191,0.9705,1.0049,0,0,0
P12,2027-05-28,1.02,1.0338,1.0049,0,0,0
P12,2027-05-29,1.0147,1.1808,1.0941,0,0,0
P12,2027-05-30,1.0154,1.1084,1.0941,0,0,0
P12,2027-05-31,1.0148,0.9222,1.0049,0,0,0
P12,2027-06-01,1.0166,0.9333,1.0049,0,0,0
P12,2027-06-02,1.0154,0.9548,1.0049,0,0,0
P12,2027-06-03,1.0192,0.9705,1.0049,0,0,0
P12,2027-06-04,1.0227,1.0338,1.0049,0,0,0
P12,2027-06-05,1.029,1.1808,1.0049,0,0,0
P12,2027-06-06,1.0283,1.1084,1.0049,0,0,0
P12,2027-06-07,1.0284,0.9222,1.0049,0,0,0
P12,2027-06-08,1.0252,0.9333,1.0049,0,0,0
P12,2027-06-09,1.0229,0.9548,1.0049,0,0,0
P12,2027-06-10,1.0192,0.9705,1.0049,0,0,0
P12,2027-06-11,1.0127,1.0338,1.0049,0,0,0
P12,2027-06-12,1.0141,1.1808,1.0049,0,0,0
P12,2027-06-13,1.0157,1.1084,1.0049,0,0,0
P12,2027-06-14,1.0158,0.9222,1.0049,0,0,0
P12,2027-06-15,1.0107,0.9333,1.0049,0,0,0
P12,2027-06-16,1.0081,0.9548,1.0049,0,0,0
P12,2027-06-17,1.001,0.9705,1.0049,0,0,0
P12,2027-06-18,1.001,1.0338,1.0049,0,0,0
P12,2027-06-19,0.9983,1.1808,1.0049,0,0,0
P12,2027-06-20,1.0032,1.1084,1.0049,0,0,0
P12,2027-06-21,1.0039,0.9222,1.0049,0,0,0
P12,2027-06-22,1.0045,0.9333,1.0049,0,0,0
P12,2027-06-23,1.0007,0.9548,1.0049,0,0,0
P12,2027-06-24,1.0049,0.9705,1.0049,0,0,0
P12,2027-06-25,1.0045,1.0338,1.0049,0,0,0
P12,2027-06-26,0.9998,1.1808,1.0049,0,0,0
P12,2027-06-27,0.9966,1.1084,1.0049,0,0,0
P12,2027-06-28,0.9934,0.9222,1.0049,0,0,0
P12,2027-06-29,0.9946,0.9333,1.0049,0,0,0
P12,2027-06-30,0.9981,0.9548,1.0049,0,0,0
P12,2027-07-01,0.9922,0.9705,1.078,0,0,0
P12,2027-07-02,0.9841,1.0338,1.5299,0,0,0
P12,2027-07-03,0.978,1.1808,1.5299,0,0,0
P12,2027-07-04,0.9738,1.1084,1.078,0,0,0
P12,2027-07-05,0.9687,0.9222,1.078,0,0,0
P12,2027-07-06,0.9743,0.9333,1.078,0,0,0
P12,2027-07-07,0.9712,0.9548,1.078,0,0,0
P12,2027-07-08,0.9711,0.9705,1.078,0,0,0
P12,2027-07-09,0.9736,1.0338,1.5299,0,0,0
P12,2027-07-10,0.9762,1.1808,1.5299,0,0,0
P12,2027-07-11,0.9778,1.1084,1.078,0,0,0
P12,2027-07-12,0.9799,0.9222,1.078,0,0,0
P12,2027-07-13,0.9849,0.9333,1.078,0,0,0
P12,2027-07-14,0.9845,0.9548,1.078,0,0,0
P12,2027-07-15,0.9829,0.9705,1.078,0,0,0
P12,2027-07-16,0.9784,1.0338,1.5299,0,0,0
P12,2027-07-17,0.9723,1.1808,1.5299,0,0,0
P12,2027-07-18,0.9656,1.1084,1.078,0,0,0
P12,2027-07-19,0.9675,0.9222,1.078,0,0,0
P12,2027-07-20,0.9649,0.9333,1.078,0,0,0
P12,2027-07-21,0.9708,0.9548,1.078,0,0,0
P12,2027-07-22,0.9699,0.9705,1.078,0,0,0
P12,2027-07-23,0.9648,1.0338,1.5299,0,0,0
P12,2027-07-24,0.9708,1.1808,1.5299,0,0,0
P12,2027-07-25,0.9648,1.1084,1.078,0,0,0
P12,2027-07-26,0.9617,0.9222,1.078,0,0,0
P12,2027-07-27,0.961,0.9333,1.078,0,0,0
P12,2027-07-28,0.9627,0.9548,1.078,0,0,0
P12,2027-07-29,0.965,0.9705,1.078,0,0,0
P12,2027-07-30,0.9615,1.0338,1.5299,0,0,0
P12,2027-07-31,0.9603,1.1808,1.5299,0,0,0
P12,2027-08-01,0.9573,1.1084,1.078,0,0,0
P12,2027-08-02,0.9528,0.9222,1.078,0,0,0
P12,2027-08-03,0.9533,0.9333,1.078,0,0,0
P12,2027-08-04,0.9509,0.9548,1.078,0,0,0
P12,2027-08-05,0.9485,0.9705,1.078,0,0,0
P12,2027-08-06,0.947,1.0338,1.078,0,0,0
P12,2027-08-07,0.9477,1.1808,1.078,0,0,0
P12,2027-08-08,0.9507,1.1084,1.078,0,0,0
P12,2027-08-09,0.9551,0.9222,1.078,0,0,0
P12,2027-08-10,0.9482,0.9333,1.078,0,0,0
P12,2027-08-11,0.9471,0.9548,1.078,0,0,0
P12,2027-08-12,0.9482,0.9705,1.078,0,0,0
P12,2027-08-13,0.9513,1.0338,1.078,0,0,0
P12,2027-08-14,0.9461,1.1808,1.078,0,0,0
P12,2027-08-15,0.9482,1.1084,2.1506,0,0,0
P12,2027-08-16,0.9465,0.9222,2.1506,0,0,0
P12,2027-08-17,0.9443,0.9333,2.1506,0,0,0
P12,2027-08-18,0.9423,0.9548,1.078,0,0,0
P12,2027-08-19,0.944,0.9705,1.078,0,0,0
P12,2027-08-20,0.9436,1.0338,1.078,0,0,0
P12,2027-08-21,0.9439,1.1808,1.078,0,0,0
P12,2027-08-22,0.949,1.1084,1.078,0,0,0
P12,2027-08-23,0.9526,0.9222,1.078,0,0,0
P12,2027-08-24,0.9576,0.9333,1.078,0,0,0
P12,2027-08-25,0.9613,0.9548,1.078,0,0,0
P12,2027-08-26,0.9565,0.9705,1.078,0,0,0
P12,2027-08-27,0.9604,1.0338,1.078,0,0,0
P12,2027-08-28,0.9554,1.1808,1.078,0,0,0
P12,2027-08-29,0.9536,1.1084,1.078,0,0,0
P12,2027-08-30,0.9589,0.9222,1.078,0,0,0
P12,2027-08-31,0.9605,0.9333,1.078,0,0,0
P12,2027-09-01,0.961,0.9548,1.078,0,0,0
P12,2027-09-02,0.956,0.9705,1.078,0,0,0
P12,2027-09-03,0.9583,1.0338,1.078,0,0,0
P12,2027-09-04,0.9596,1.1808,1.078,0,0,0
P12,2027-09-05,0.9593,1.1084,1.078,0,0,0
P12,2027-09-06,0.9581,0.9222,1.078,0,0,0
P12,2027-09-07,0.9567,0.9333,1.078,0,0,0
P12,2027-09-08,0.9569,0.9548,1.078,0,0,0
P12,2027-09-09,0.9541,0.9705,1.078,0,0,0
P12,2027-09-10,0.9491,1.0338,1.078,0,0,0
P12,2027-09-11,0.95,1.1808,1.078,0,0,0
P12,2027-09-12,0.9565,1.1084,1.078,0,0,0
P12,2027-09-13,0.9561,0.9222,1.078,0,0,0
P12,2027-09-14,0.9547,0.9333,1.078,0,0,0
P12,2027-09-15,0.955,0.9548,1.078,0,0,0
P12,2027-09-16,0.9508,0.9705,1.078,0,0,0
P12,2027-09-17,0.951,1.0338,1.078,0,0,0
P12,2027-09-18,0.9457,1.1808,1.078,0,0,0
P12,2027-09-19,0.9424,1.1084,1.078,0,0,0
P12,2027-09-20,0.942,0.9222,1.078,0,0,0
P12,2027-09-21,0.9418,0.9333,1.078,0,0,0
P12,2027-09-22,0.9445,0.9548,1.078,0,0,0
P12,2027-09-23,0.9491,0.9705,1.078,0,0,0
P12,2027-09-24,0.9574,1.0338,1.078,0,0,0
P12,2027-09-25,0.9594,1.1808,1.078,0,0,0
P12,2027-09-26,0.958,1.1084,1.078,0,0,0
P12,2027-09-27,0.9551,0.9222,1.078,0,0,0
P12,2027-09-28,0.951,0.9333,1.078,0,0,0
P12,2027-09-29,0.9536,0.9548,1.078,0,0,0
P12,2027-09-30,0.9573,0.9705,1.078,0,0,0
P12,2027-10-01,0.9598,1.0338,1.4192,0,0,0
P12,2027-10-02,0.9586,1.1808,1.4192,0,0,0
P12,2027-10-03,0.9613,1.1084,1.0,0,0,0
P12,2027-10-04,0.9625,0.9222,1.0,0,0,0
P12,2027-10-05,0.9627,0.9333,1.0,0,0,0
P12,2027-10-06,0.9594,0.9548,1.0,0,0,0
P12,2027-10-07,0.9607,0.9705,1.0,0,0,0
P12,2027-10-08,0.9599,1.0338,1.4192,0,0,0
P12,2027-10-09,0.9585,1.1808,1.4192,0,0,0
P12,2027-10-10,0.96,1.1084,1.0,0,0,0
P12,2027-10-11,0.9632,0.9222,1.0,0,0,0
P12,2027-10-12,0.9665,0.9333,1.0,0,0,0
P12,2027-10-13,0.9662,0.9548,1.0,0,0,0
P12,2027-10-14,0.9714,0.9705,1.0,0,0,0
P12,2027-10-15,0.9734,1.0338,1.4192,0,0,0
P12,2027-10-16,0.972,1.1808,1.4192,0,0,0
P12,2027-10-17,0.9684,1.1084,1.0,0,0,0
P12,2027-10-18,0.9676,0.9222,1.0,0,0,0
P12,2027-10-19,0.9665,0.9333,1.0,0,0,0
P12,2027-10-20,0.9668,0.9548,2.9358,0,0,0
P12,2027-10-21,0.9705,0.9705,2.9358,0,0,0
P12,2027-10-22,0.9677,1.0338,2.9358,0,0,0
P12,2027-10-23,0.9695,1.1808,2.9358,0,0,0
P12,2027-10-24,0.9729,1.1084,2.9358,0,0,0
P12,2027-10-25,0.9735,0.9222,2.9358,0,0,0
P12,2027-10-26,0.972,0.9333,1.0,0,0,0
P12,2027-10-27,0.9752,0.9548,1.0,0,0,0
P12,2027-10-28,0.9766,0.9705,1.0,0,0,0
P12,2027-10-29,0.9824,1.0338,1.4192,0,0,0
P12,2027-10-30,0.9902,1.1808,1.4192,0,0,0
P12,2027-10-31,0.993,1.1084,1.0,0,0,0
P12,2027-11-01,0.9978,0.9222,2.7952,0,0,0
P12,2027-11-02,0.9944,0.9333,2.7952,0,0,0
P12,2027-11-03,0.9934,0.9548,2.7952,0,0,0
P12,2027-11-04,0.9957,0.9705,0.9485,0,0,0
P12,2027-11-05,0.9982,1.0338,0.9485,0,0,0
P12,2027-11-06,0.9989,1.1808,0.9485,0,0,0
P12,2027-11-07,0.9978,1.1084,0.9485,0,0,0
P12,2027-11-08,1.0065,0.9222,0.9485,0,0,0
P12,2027-11-09,1.0076,0.9333,0.9485,0,0,0
P12,2027-11-10,1.008,0.9548,0.9485,0,0,0
P12,2027-11-11,1.0077,0.9705,0.9485,0,0,0
P12,2027-11-12,1.0136,1.0338,0.9485,0,0,0
P12,2027-11-13,1.0132,1.1808,0.9485,0,0,0
P12,2027-11-14,1.0192,1.1084,0.9485,0,0,0
P12,2027-11-15,1.0255,0.9222,0.9485,0,0,0
P12,2027-11-16,1.0265,0.9333,0.9485,0,0,0
P12,2027-11-17,1.0344,0.9548,0.9485,0,0,0
P12,2027-11-18,1.0365,0.9705,0.9485,0,0,0
P12,2027-11-19,1.0359,1.0338,0.9485,0,0,0
P12,2027-11-20,1.0341,1.1808,0.9485,0,0,0
P12,2027-11-21,1.0332,1.1084,0.9485,0,0,0
P12,2027-11-22,1.0304,0.9222,0.9485,0,0,0
P12,2027-11-23,1.0298,0.9333,0.9485,0,0,0
P12,2027-11-24,1.035,0.9548,0.9485,0,0,0
P12,2027-11-25,1.0353,0.9705,0.9485,0,0,0
P12,2027-11-26,1.0379,1.0338,0.9485,0,0,0
P12,2027-11-27,1.0414,1.1808,0.9485,0,0,0
P12,2027-11-28,1.0343,1.1084,0.9485,0,0,0
P12,2027-11-29,1.0367,0.9222,0.9485,0,0,0
P12,2027-11-30,1.0355,0.9333,0.9485,0,0,0
P12,2027-12-01,1.0376,0.9548,0.9485,0,0,0
P12,2027-12-02,1.0345,0.9705,0.9485,0,0,0
P12,2027-12-03,1.0295,1.0338,0.9485,0,0,0
P12,2027-12-04,1.0306,1.1808,0.9485,0,0,0
P12,2027-12-05,1.0371,1.1084,0.9485,0,0,0
P12,2027-12-06,1.0436,0.9222,0.9485,0,0,0
P12,2027-12-07,1.0485,0.9333,0.9485,0,0,0
P12,2027-12-08,1.0573,0.9548,0.9485,0,0,0
P12,2027-12-09,1.0638,0.9705,0.9485,0,0,0
P12,2027-12-10,1.0654,1.0338,0.9485,0,0,0
P12,2027-12-11,1.0596,1.1808,0.9485,0,0,0
P12,2027-12-12,1.0626,1.1084,0.9485,0,0,0
P12,2027-12-13,1.0679,0.9222,0.9485,0,0,0
P12,2027-12-14,1.0715,0.9333,0.9485,0,0,0
P12,2027-12-15,1.0774,0.9548,0.9485,0,0,0
P12,2027-12-16,1.0803,0.9705,0.9485,0,0,0
P12,2027-12-17,1.0876,1.0338,0.9485,0,0,0
P12,2027-12-18,1.0946,1.1808,0.9485,0,0,0
P12,2027-12-19,1.0987,1.1084,0.9485,0,0,0
P12,2027-12-20,1.1034,0.9222,0.9485,0,0,0
P12,2027-12-21,1.0974,0.9333,0.9485,0,0,0
P12,2027-12-22,1.0953,0.9548,0.9485,0,0,0
P12,2027-12-23,1.0877,0.9705,0.9485,0,0,0
P12,2027-12-24,1.0904,1.0338,0.9485,0,0,0
P12,2027-12-25,1.0973,1.1808,0.9485,0,0,0
P12,2027-12-26,1.0997,1.1084,0.9485,0,0,0
P12,2027-12-27,1.109,0.9222,0.9485,0,0,0
P12,2027-12-28,1.1071,0.9333,0.9485,0,0,0
P12,2027-12-29,1.1094,0.9548,0.9485,0,0,0
P12,2027-12-30,1.1104,0.9705,0.9485,0,0,0
P12,2027-12-31,1.1184,1.0338,0.9485,0,0,0
P13,2026-01-01,0.5976,0.9876,0.6904,0,0,0
P13,2026-01-02,0.5997,1.0342,0.9918,0,0,0
P13,2026-01-03,0.5987,1.1655,0.9918,0,0,0
P13,2026-01-04,0.5997,1.1301,0.9918,0,0,0
P13,2026-01-05,0.6043,0.8786,0.9918,0,0,0
P13,2026-01-06,0.6011,0.9487,0.9918,0,0,0
P13,2026-01-07,0.6076,0.9563,0.9918,0,0,0
P13,2026-01-08,0.6038,0.9876,0.9918,0,0,0
P13,2026-01-09,0.6019,1.0342,0.9918,0,0,0
P13,2026-01-10,0.6019,1.1655,0.9918,0,0,0
P13,2026-01-11,0.6019,1.1301,0.9918,0,0,0
P13,2026-01-12,0.5993,0.8786,0.9918,0,0,0
P13,2026-01-13,0.6013,0.9487,1.6742,0,0,0
P13,2026-01-14,0.604,0.9563,1.6742,0,0,0
P13,2026-01-15,0.6046,0.9876,1.6742,0,0,0
P13,2026-01-16,0.6033,1.0342,1.6742,0,0,0
P13,2026-01-17,0.6044,1.1655,0.9918,0,0,0
P13,2026-01-18,0.6083,1.1301,0.9918,0,0,0
P13,2026-01-19,0.6162,0.8786,0.9918,0,0,0
P13,2026-01-20,0.6146,0.9487,0.9918,0,0,0
P13,2026-01-21,0.6162,0.9563,0.9918,0,0,0
P13,2026-01-22,0.6169,0.9876,0.9918,0,0,0
P13,2026-01-23,0.6183,1.0342,0.9918,0,0,0
P13,2026-01-24,0.6227,1.1655,0.9918,0,0,0
P13,2026-01-25,0.6221,1.1301,0.9918,0,0,0
P13,2026-01-26,0.6207,0.8786,0.6904,0,0,0
P13,2026-01-27,0.6223,0.9487,0.9918,0,0,0
P13,2026-01-28,0.6252,0.9563,0.9918,0,0,0
P13,2026-01-29,0.6243,0.9876,0.9918,0,0,0
P13,2026-01-30,0.626,1.0342,0.9918,0,0,0
P13,2026-01-31,0.6273,1.1655,0.9918,0,0,0
P13,2026-02-01,0.6313,1.1301,0.9918,0,0,0
P13,2026-02-02,0.6306,0.8786,0.9918,0,0,0
P13,2026-02-03,0.6324,0.9487,0.9918,0,0,0
P13,2026-02-04,0.6291,0.9563,0.9918,0,0,0
P13,2026-02-05,0.6279,0.9876,0.9918,0,0,0
P13,2026-02-06,0.6336,1.0342,0.9918,0,0,0
P13,2026-02-07,0.6352,1.1655,0.9918,0,0,0
P13,2026-02-08,0.6378,1.1301,0.9918,0,0,0
P13,2026-02-09,0.6402,0.8786,0.9918,0,0,0
P13,2026-02-10,0.6422,0.9487,0.9918,0,0,0
P13,2026-02-11,0.6421,0.9563,0.9918,0,0,0
P13,2026-02-12,0.6441,0.9876,0.9918,0,0,0
P13,2026-02-13,0.6487,1.0342,0.9918,0,0,0
P13,2026-02-14,0.649,1.1655,0.9918,0,0,0
P13,2026-02-15,0.6586,1.1301,0.9918,0,0,0
P13,2026-02-16,0.6657,0.8786,0.9918,0,0,0
P13,2026-02-17,0.6715,0.9487,0.9918,0,0,0
P13,2026-02-18,0.6788,0.9563,0.9918,0,0,0
P13,2026-02-19,0.6886,0.9876,0.9918,0,0,0
P13,2026-02-20,0.6916,1.0342,0.9918,0,0,0
P13,2026-02-21,0.6982,1.1655,0.9918,0,0,0
P13,2026-02-22,0.6956,1.1301,0.9918,0,0,0
P13,2026-02-23,0.6975,0.8786,0.9918,0,0,0
P13,2026-02-24,0.6971,0.9487,0.9918,0,0,0
P13,2026-02-25,0.701,0.9563,0.9918,0,0,0
P13,2026-02-26,0.7041,0.9876,0.9918,0,0,0
P13,2026-02-27,0.707,1.0342,0.9918,0,0,0
P13,2026-02-28,0.7126,1.1655,0.9918,0,0,0
P13,2026-03-01,0.7208,1.1301,1.0286,0,0,0
P13,2026-03-02,0.7259,0.8786,1.0286,0,0,0
P13,2026-03-03,0.7331,0.9487,1.0286,0,0,0
P13,2026-03-04,0.7416,0.9563,1.0286,0,0,0
P13,2026-03-05,0.7463,0.9876,1.0286,0,0,0
P13,2026-03-06,0.7467,1.0342,1.4626,0,0,0
P13,2026-03-07,0.7518,1.1655,1.4626,0,0,0
P13,2026-03-08,0.7566,1.1301,1.0286,0,0,0
P13,2026-03-09,0.758,0.8786,1.0286,0,0,0
P13,2026-03-10,0.7633,0.9487,1.0286,0,0,0
P13,2026-03-11,0.7679,0.9563,1.0286,0,0,0
P13,2026-03-12,0.7791,0.9876,1.0286,0,0,0
P13,2026-03-13,0.7841,1.0342,1.4626,0,0,0
P13,2026-03-14,0.787,1.1655,1.4626,0,0,0
P13,2026-03-15,0.7902,1.1301,1.0286,0,0,0
P13,2026-03-16,0.7946,0.8786,1.0286,0,0,0
P13,2026-03-17,0.7999,0.9487,1.0286,0,0,0
P13,2026-03-18,0.8082,0.9563,1.0286,0,0,0
P13,2026-03-19,0.8147,0.9876,1.0286,0,0,0
P13,2026-03-20,0.8218,1.0342,1.4626,0,0,0
P13,2026-03-21,0.8296,1.1655,1.4626,0,0,0
P13,2026-03-22,0.8319,1.1301,1.0286,0,0,0
P13,2026-03-23,0.8373,0.8786,1.0286,0,0,0
P13,2026-03-24,0.8435,0.9487,1.0286,0,0,0
P13,2026-03-25,0.8444,0.9563,1.0286,0,0,0
P13,2026-03-26,0.8499,0.9876,1.0286,0,0,0
P13,2026-03-27,0.848,1.0342,1.4626,0,0,0
P13,2026-03-28,0.8526,1.1655,1.4626,0,0,0
P13,2026-03-29,0.8533,1.1301,1.0286,0,0,0
P13,2026-03-30,0.8557,0.8786,1.0286,0,0,0
P13,2026-03-31,0.8596,0.9487,1.0286,0,0,0
P13,2026-04-01,0.8625,0.9563,1.0286,0,0,0
P13,2026-04-02,0.8654,0.9876,1.0286,0,0,0
P13,2026-04-03,0.8693,1.0342,1.0286,0,0,0
P13,2026-04-04,0.8749,1.1655,1.2035,0,0,0
P13,2026-04-05,0.8786,1.1301,1.2035,0,0,0
P13,2026-04-06,0.8865,0.8786,1.0286,0,0,0
P13,2026-04-07,0.8894,0.9487,1.0286,0,0,0
P13,2026-04-08,0.8971,0.9563,1.0286,0,0,0
P13,2026-04-09,0.9025,0.9876,1.0286,0,0,0
P13,2026-04-10,0.9037,1.0342,1.0286,0,0,0
P13,2026-04-11,0.9077,1.1655,1.2035,0,0,0
P13,2026-04-12,0.909,1.1301,1.2035,0,0,0
P13,2026-04-13,0.911,0.8786,1.0286,0,0,0
P13,2026-04-14,0.9167,0.9487,1.0286,0,0,0
P13,2026-04-15,0.9187,0.9563,1.0286,0,0,0
P13,2026-04-16,0.9253,0.9876,1.0286,0,0,0
P13,2026-04-17,0.9292,1.0342,1.0286,0,0,0
P13,2026-04-18,0.9278,1.1655,1.2035,0,0,0
P13,2026-04-19,0.9244,1.1301,1.2035,0,0,0
P13,2026-04-20,0.9295,0.8786,1.0286,0,0,0
P13,2026-04-21,0.9334,0.9487,1.0286,0,0,0
P13,2026-04-22,0.9365,0.9563,1.0286,0,0,0
P13,2026-04-23,0.9387,0.9876,1.0286,0,0,0
P13,2026-04-24,0.9439,1.0342,1.0286,0,0,0
P13,2026-04-25,0.9455,1.1655,1.2035,0,0,0
P13,2026-04-26,0.9495,1.1301,1.2035,0,0,0
P13,2026-04-27,0.9532,0.8786,1.0286,0,0,0
P13,2026-04-28,0.9563,0.9487,1.0286,0,0,0
P13,2026-04-29,0.9587,0.9563,1.0286,0,0,0
P13,2026-04-30,0.9621,0.9876,1.0286,0,0,0
P13,2026-05-01,0.9661,1.0342,1.0286,0,0,0
P13,2026-05-02,0.9669,1.1655,1.2035,0,0,0
P13,2026-05-03,0.9685,1.1301,1.2035,0,0,0
P13,2026-05-04,0.9668,0.8786,1.0286,0,0,0
P13,2026-05-05,0.9731,0.9487,1.0286,0,0,0
P13,2026-05-06,0.9781,0.9563,1.0286,0,0,0
P13,2026-05-07,0.9753,0.9876,1.0286,0,0,0
P13,2026-05-08,0.9783,1.0342,1.0286,0,0,0
P13,2026-05-09,0.9791,1.1655,1.2035,0,0,0
P13,2026-05-10,0.9846,1.1301,1.2035,0,0,0
P13,2026-05-11,0.9864,0.8786,1.0286,0,0,0
P13,2026-05-12,0.9917,0.9487,1.0286,0,0,0
P13,2026-05-13,0.9917,0.9563,1.0286,0,0,0
P13,2026-05-14,0.9922,0.9876,1.0286,0,0,0
P13,2026-05-15,0.9968,1.0342,1.0286,0,0,0
P13,2026-05-16,0.9965,1.1655,1.2035,0,0,0
P13,2026-05-17,0.9966,1.1301,1.2035,0,0,0
P13,2026-05-18,0.9984,0.8786,1.0286,0,0,0
P13,2026-05-19,0.9958,0.9487,1.0286,0,0,0
P13,2026-05-20,0.9915,0.9563,1.0286,0,0,0
P13,2026-05-21,0.9933,0.9876,1.0286,0,0,0
P13,2026-05-22,0.9941,1.0342,1.0286,0,0,0
P13,2026-05-23,1.004,1.1655,1.2035,0,0,0
P13,2026-05-24,1.007,1.1301,1.2035,0,0,0
P13,2026-05-25,1.0089,0.8786,1.0286,0,0,0
P13,2026-05-26,1.0085,0.9487,1.0286,0,0,0
P13,2026-05-27,1.0095,0.9563,1.0286,0,0,0
P13,2026-05-28,1.0086,0.9876,1.0286,0,0,0
P13,2026-05-29,1.0055,1.0342,1.0286,0,0,0
P13,2026-05-30,1.0025,1.1655,1.2035,0,0,0
P13,2026-05-31,1.0007,1.1301,1.2035,0,0,0
P13,2026-06-01,0.9969,0.8786,1.0286,0,0,0
P13,2026-06-02,1.0002,0.9487,1.0286,0,0,0
P13,2026-06-03,0.9989,0.9563,1.0286,0,0,0
P13,2026-06-04,1.0005,0.9876,1.0286,0,0,0
P13,2026-06-05,0.999,1.0342,1.0286,0,0,0
P13,2026-06-06,0.9994,1.1655,1.0286,0,0,0
P13,2026-06-07,0.9987,1.1301,1.0286,0,0,0
P13,2026-06-08,0.9976,0.8786,1.0286,0,0,0
P13,2026-06-09,0.9931,0.9487,1.0286,0,0,0
P13,2026-06-10,0.985,0.9563,1.0286,0,0,0
P13,2026-06-11,0.9795,0.9876,1.0286,0,0,0
P13,2026-06-12,0.9799,1.0342,1.0286,0,0,0
P13,2026-06-13,0.9783,1.1655,1.0286,0,0,0
P13,2026-06-14,0.9717,1.1301,1.0286,0,0,0
P13,2026-06-15,0.9698,0.8786,1.0286,0,0,0
P13,2026-06-16,0.9621,0.9487,1.0286,0,0,0
P13,2026-06-17,0.9582,0.9563,1.0286,0,0,0
P13,2026-06-18,0.9554,0.9876,1.0286,0,0,0
P13,2026-06-19,0.9498,1.0342,1.0286,0,0,0
P13,2026-06-20,0.9516,1.1655,1.0286,0,0,0
P13,2026-06-21,0.9552,1.1301,1.0286,0,0,0
P13,2026-06-22,0.956,0.8786,1.0286,0,0,0
P13,2026-06-23,0.9575,0.9487,1.0286,0,0,0
P13,2026-06-24,0.9573,0.9563,1.0286,0,0,0
P13,2026-06-25,0.9618,0.9876,1.0286,0,0,0
P13,2026-06-26,0.9584,1.0342,1.0286,0,0,0
P13,2026-06-27,0.9609,1.1655,1.0286,0,0,0
P13,2026-06-28,0.96,1.1301,1.0286,0,0,0
P13,2026-06-29,0.9567,0.8786,1.0286,0,0,0
P13,2026-06-30,0.959,0.9487,1.0286,0,0,0
P13,2026-07-01,0.961,0.9563,1.0691,0,0,0
P13,2026-07-02,0.9582,0.9876,1.0691,0,0,0
P13,2026-07-03,0.952,1.0342,1.5202,0,0,0
P13,2026-07-04,0.9467,1.1655,1.5202,0,0,0
P13,2026-07-05,0.9459,1.1301,1.0691,0,0,0
P13,2026-07-06,0.9434,0.8786,1.0691,0,0,0
P13,2026-07-07,0.9408,0.9487,1.0691,0,0,0
P13,2026-07-08,0.942,0.9563,1.0691,0,0,0
P13,2026-07-09,0.9439,0.9876,1.0691,0,0,0
P13,2026-07-10,0.9404,1.0342,1.5202,0,0,0
P13,2026-07-11,0.9437,1.1655,1.5202,0,0,0
P13,2026-07-12,0.9467,1.1301,1.0691,0,0,0
P13,2026-07-13,0.9434,0.8786,1.0691,0,0,0
P13,2026-07-14,0.943,0.9487,1.0691,0,0,0
P13,2026-07-15,0.9419,0.9563,1.0691,0,0,0
P13,2026-07-16,0.9434,0.9876,1.0691,0,0,0
P13,2026-07-17,0.9473,1.0342,1.5202,0,0,0
P13,2026-07-18,0.9513,1.1655,1.5202,0,0,0
P13,2026-07-19,0.9519,1.1301,1.0691,0,0,0
P13,2026-07-20,0.9518,0.8786,1.0691,0,0,0
P13,2026-07-21,0.9537,0.9487,1.0691,0,0,0
P13,2026-07-22,0.9563,0.9563,1.0691,0,0,0
P13,2026-07-23,0.9506,0.9876,1.0691,0,0,0
P13,2026-07-24,0.9502,1.0342,1.5202,0,0,0
P13,2026-07-25,0.9511,1.1655,1.5202,0,0,0
P13,2026-07-26,0.9522,1.1301,1.0691,0,0,0
P13,2026-07-27,0.9516,0.8786,1.0691,0,0,0
P13,2026-07-28,0.9517,0.9487,1.0691,0,0,0
P13,2026-07-29,0.9488,0.9563,1.0691,0,0,0
P13,2026-07-30,0.9491,0.9876,1.0691,0,0,0
P13,2026-07-31,0.9479,1.0342,1.5202,0,0,0
P13,2026-08-01,0.9472,1.1655,1.0691,0,0,0
P13,2026-08-02,0.9546,1.1301,1.0691,0,0,0
P13,2026-08-03,0.9578,0.8786,1.0691,0,0,0
P13,2026-08-04,0.9556,0.9487,1.0691,0,0,0
P13,2026-08-05,0.9573,0.9563,1.0691,0,0,0
P13,2026-08-06,0.9577,0.9876,1.0691,0,0,0
P13,2026-08-07,0.9599,1.0342,1.0691,0,0,0
P13,2026-08-08,0.9569,1.1655,1.0691,0,0,0
P13,2026-08-09,0.9561,1.1301,1.0691,0,0,0
P13,2026-08-10,0.9541,0.8786,1.0691,0,0,0
P13,2026-08-11,0.9537,0.9487,1.0691,0,0,0
P13,2026-08-12,0.9587,0.9563,1.0691,0,0,0
P13,2026-08-13,0.9582,0.9876,1.0691,0,0,0
P13,2026-08-14,0.9517,1.0342,1.0691,0,0,0
P13,2026-08-15,0.9466,1.1655,2.3194,0,0,0
P13,2026-08-16,0.941,1.1301,2.3194,0,0,0
P13,2026-08-17,0.9436,0.8786,2.3194,0,0,0
P13,2026-08-18,0.946,0.9487,1.0691,0,0,0
P13,2026-08-19,0.9486,0.9563,1.0691,0,0,0
P13,2026-08-20,0.9474,0.9876,1.0691,0,0,0
P13,2026-08-21,0.9451,1.0342,1.0691,0,0,0
P13,2026-08-22,0.9443,1.1655,1.0691,0,0,0
P13,2026-08-23,0.951,1.1301,1.0691,0,0,0
P13,2026-08-24,0.9532,0.8786,1.0691,0,0,0
P13,2026-08-25,0.9548,0.9487,1.0691,0,0,0
P13,2026-08-26,0.9571,0.9563,1.0691,0,0,0
P13,2026-08-27,0.9581,0.9876,1.0691,0,0,0
P13,2026-08-28,0.9585,1.0342,1.0691,0,0,0
P13,2026-08-29,0.9631,1.1655,1.0691,0,0,0
P13,2026-08-30,0.9653,1.1301,1.0691,0,0,0
P13,2026-08-31,0.9638,0.8786,1.0691,0,0,0
P13,2026-09-01,0.9653,0.9487,1.0691,0,0,0
P13,2026-09-02,0.9647,0.9563,1.0691,0,0,0
P13,2026-09-03,0.9609,0.9876,1.0691,0,0,0
P13,2026-09-04,0.9594,1.0342,1.0691,0,0,0
P13,2026-09-05,0.9608,1.1655,1.0691,0,0,0
P13,2026-09-06,0.9567,1.1301,1.0691,0,0,0
P13,2026-09-07,0.9564,0.8786,1.0691,0,0,0
P13,2026-09-08,0.9549,0.9487,1.0691,0,0,0
P13,2026-09-09,0.9571,0.9563,1.0691,0,0,0
P13,2026-09-10,0.9553,0.9876,1.0691,0,0,0
P13,2026-09-11,0.9536,1.0342,1.0691,0,0,0
P13,2026-09-12,0.9586,1.1655,1.0691,0,0,0
P13,2026-09-13,0.9599,1.1301,1.0691,0,0,0
P13,2026-09-14,0.9678,0.8786,1.0691,0,0,0
P13,2026-09-15,0.9722,0.9487,1.0691,0,0,0
P13,2026-09-16,0.9717,0.9563,1.0691,0,0,0
P13,2026-09-17,0.9715,0.9876,1.0691,0,0,0
P13,2026-09-18,0.9695,1.0342,1.0691,0,0,0
P13,2026-09-19,0.9656,1.1655,1.0691,0,0,0
P13,2026-09-20,0.9636,1.1301,1.0691,0,0,0
P13,2026-09-21,0.9655,0.8786,1.0691,0,0,0
P13,2026-09-22,0.9698,0.9487,1.0691,0,0,0
P13,2026-09-23,0.9708,0.9563,1.0691,0,0,0
P13,2026-09-24,0.9757,0.9876,1.0691,0,0,0
P13,2026-09-25,0.9724,1.0342,1.0691,0,0,0
P13,2026-09-26,0.973,1.1655,1.0691,0,0,0
P13,2026-09-27,0.9733,1.1301,1.0691,0,0,0
P13,2026-09-28,0.9732,0.8786,1.0691,0,0,0
P13,2026-09-29,0.9724,0.9487,1.0691,0,0,0
P13,2026-09-30,0.9798,0.9563,1.0691,0,0,0
P13,2026-10-01,0.9849,0.9876,1.0,0,0,0
P13,2026-10-02,0.9894,1.0342,1.4219,0,0,0
P13,2026-10-03,0.993,1.1655,1.4219,0,0,0
P13,2026-10-04,0.996,1.1301,1.0,0,0,0
P13,2026-10-05,0.9976,0.8786,1.0,0,0,0
P13,2026-10-06,0.9957,0.9487,1.0,0,0,0
P13,2026-10-07,0.995,0.9563,1.0,0,0,0
P13,2026-10-08,1.0057,0.9876,1.0,0,0,0
P13,2026-10-09,1.0037,1.0342,1.4219,0,0,0
P13,2026-10-10,1.0036,1.1655,1.4219,0,0,0
P13,2026-10-11,1.0046,1.1301,1.0,0,0,0
P13,2026-10-12,1.0025,0.8786,1.0,0,0,0
P13,2026-10-13,1.0069,0.9487,1.0,0,0,0
P13,2026-10-14,1.0002,0.9563,1.0,0,0,0
P13,2026-10-15,1.0033,0.9876,1.0,0,0,0
P13,2026-10-16,1.0003,1.0342,1.4219,0,0,0
P13,2026-10-17,1.0033,1.1655,1.4219,0,0,0
P13,2026-10-18,1.0064,1.1301,1.0,0,0,0
P13,2026-10-19,1.0078,0.8786,1.0,0,0,0
P13,2026-10-20,1.008,0.9487,3.0152,0,0,0
P13,2026-10-21,1.0096,0.9563,3.0152,0,0,0
P13,2026-10-22,1.0116,0.9876,3.0152,0,0,0
P13,2026-10-23,1.0137,1.0342,3.0152,0,0,0
P13,2026-10-24,1.0119,1.1655,3.0152,0,0,0
P13,2026-10-25,1.0124,1.1301,3.0152,0,0,0
P13,2026-10-26,1.0185,0.8786,1.0,0,0,0
P13,2026-10-27,1.0192,0.9487,1.0,0,0,0
P13,2026-10-28,1.0223,0.9563,1.0,0,0,0
P13,2026-10-29,1.0269,0.9876,1.0,0,0,0
P13,2026-10-30,1.0305,1.0342,1.4219,0,0,0
P13,2026-10-31,1.0273,1.1655,1.4219,0,0,0
P13,2026-11-01,1.0264,1.1301,3.1118,0,0,0
P13,2026-11-02,1.0305,0.8786,3.1118,0,0,0
P13,2026-11-03,1.0299,0.9487,3.1118,0,0,0
P13,2026-11-04,1.0377,0.9563,0.9918,0,0,0
P13,2026-11-05,1.0391,0.9876,0.9918,0,0,0
P13,2026-11-06,1.038,1.0342,0.9918,0,0,0
P13,2026-11-07,1.048,1.1655,0.9918,0,0,0
P13,2026-11-08,1.0509,1.1301,0.9918,0,0,0
P13,2026-11-09,1.0509,0.8786,0.9918,0,0,0
P13,2026-11-10,1.0442,0.9487,0.9918,0,0,0
P13,2026-11-11,1.0462,0.9563,0.9918,0,0,0
P13,2026-11-12,1.0529,0.9876,0.9918,0,0,0
P13,2026-11-13,1.0588,1.0342,0.9918,0,0,0
P13,2026-11-14,1.0633,1.1655,0.9918,0,0,0
P13,2026-11-15,1.0613,1.1301,0.9918,0,0,0
P13,2026-11-16,1.0618,0.8786,0.9918,0,0,0
P13,2026-11-17,1.0638,0.9487,0.9918,0,0,0
P13,2026-11-18,1.0659,0.9563,0.9918,0,0,0
P13,2026-11-19,1.0661,0.9876,0.9918,0,0,0
P13,2026-11-20,1.0674,1.0342,0.9918,0,0,0
P13,2026-11-21,1.0637,1.1655,0.9918,0,0,0
P13,2026-11-22,1.0629,1.1301,0.9918,0,0,0
P13,2026-11-23,1.0608,0.8786,0.9918,0,0,0
P13,2026-11-24,1.059,0.9487,0.9918,0,0,0
P13,2026-11-25,1.0573,0.9563,0.9918,0,0,0
P13,2026-11-26,1.0571,0.9876,0.9918,0,0,0
P13,2026-11-27,1.0591,1.0342,0.9918,0,0,0
P13,2026-11-28,1.0546,1.1655,0.9918,0,0,0
P13,2026-11-29,1.0537,1.1301,0.9918,0,0,0
P13,2026-11-30,1.0518,0.8786,0.9918,0,0,0
P13,2026-12-01,1.0519,0.9487,0.9918,0,0,0
P13,2026-12-02,1.0558,0.9563,0.9918,0,0,0
P13,2026-12-03,1.0559,0.9876,0.9918,0,0,0
P13,2026-12-04,1.0609,1.0342,0.9918,0,0,0
P13,2026-12-05,1.0664,1.1655,0.9918,0,0,0
P13,2026-12-06,1.072,1.1301,0.9918,0,0,0
P13,2026-12-07,1.0787,0.8786,0.9918,0,0,0
P13,2026-12-08,1.0758,0.9487,0.9918,0,0,0
P13,2026-12-09,1.0861,0.9563,0.9918,0,0,0
P13,2026-12-10,1.0863,0.9876,0.9918,0,0,0
P13,2026-12-11,1.0876,1.0342,0.9918,0,0,0
P13,2026-12-12,1.0886,1.1655,0.9918,0,0,0
P13,2026-12-13,1.0901,1.1301,0.9918,0,0,0
P13,2026-12-14,1.082,0.8786,0.9918,0,0,0
P13,2026-12-15,1.083,0.9487,0.9918,0,0,0
P13,2026-12-16,1.0841,0.9563,0.9918,0,0,0
P13,2026-12-17,1.0897,0.9876,0.9918,0,0,0
P13,2026-12-18,1.0911,1.0342,0.9918,0,0,0
P13,2026-12-19,1.0907,1.1655,0.9918,0,0,0
P13,2026-12-20,1.0949,1.1301,0.9918,0,0,0
P13,2026-12-21,1.0908,0.8786,0.9918,0,0,0
P13,2026-12-22,1.0894,0.9487,0.9918,0,0,0
P13,2026-12-23,1.0901,0.9563,0.9918,0,0,0
P13,2026-12-24,1.0894,0.9876,0.9918,0,0,0
P13,2026-12-25,1.0894,1.0342,0.9918,0,0,0
P13,2026-12-26,1.0874,1.1655,0.9918,0,0,0
P13,2026-12-27,1.0844,1.1301,0.9918,0,0,0
P13,2026-12-28,1.0843,0.8786,0.9918,0,0,0
P13,2026-12-29,1.0776,0.9487,0.9918,0,0,0
P13,2026-12-30,1.0739,0.9563,0.9918,0,0,0
P13,2026-12-31,1.0731,0.9876,0.9918,0,0,0
P13,2027-01-01,1.0701,1.0342,0.6904,0,0,0
P13,2027-01-02,1.0717,1.1655,0.9918,0,0,0
P13,2027-01-03,1.0703,1.1301,0.9918,0,0,0
P13,2027-01-04,1.0732,0.8786,0.9918,0,0,0
P13,2027-01-05,1.0741,0.9487,0.9918,0,0,0
P13,2027-01-06,1.0665,0.9563,0.9918,0,0,0
P13,2027-01-07,1.0712,0.9876,0.9918,0,0,0
P13,2027-01-08,1.0706,1.0342,0.9918,0,0,0
P13,2027-01-09,1.0732,1.1655,0.9918,0,0,0
P13,2027-01-10,1.0748,1.1301,0.9918,0,0,0
P13,2027-01-11,1.0707,0.8786,0.9918,0,0,0
P13,2027-01-12,1.0749,0.9487,0.9918,0,0,0
P13,2027-01-13,1.0674,0.9563,1.6742,0,0,0
P13,2027-01-14,1.0684,0.9876,1.6742,0,0,0
P13,2027-01-15,1.0656,1.0342,1.6742,0,0,0
P13,2027-01-16,1.0609,1.1655,1.6742,0,0,0
P13,2027-01-17,1.0595,1.1301,0.9918,0,0,0
P13,2027-01-18,1.0589,0.8786,0.9918,0,0,0
P13,2027-01-19,1.0605,0.9487,0.9918,0,0,0
P13,2027-01-20,1.0569,0.9563,0.9918,0,0,0
P13,2027-01-21,1.0505,0.9876,0.9918,0,0,0
P13,2027-01-22,1.0473,1.0342,0.9918,0,0,0
P13,2027-01-23,1.0446,1.1655,0.9918,0,0,0
P13,2027-01-24,1.0403,1.1301,0.9918,0,0,0
P13,2027-01-25,1.0392,0.8786,0.9918,0,0,0
P13,2027-01-26,1.0332,0.9487,0.6904,0,0,0
P13,2027-01-27,1.0282,0.9563,0.9918,0,0,0
P13,2027-01-28,1.0267,0.9876,0.9918,0,0,0
P13,2027-01-29,1.0294,1.0342,0.9918,0,0,0
P13,2027-01-30,1.0304,1.1655,0.9918,0,0,0
P13,2027-01-31,1.0291,1.1301,0.9918,0,0,0
P13,2027-02-01,1.0295,0.8786,0.9918,0,0,0
P13,2027-02-02,1.0216,0.9487,0.9918,0,0,0
P13,2027-02-03,1.0139,0.9563,0.9918,0,0,0
P13,2027-02-04,1.0116,0.9876,0.9918,0,0,0
P13,2027-02-05,0.9979,1.0342,0.9918,0,0,0
P13,2027-02-06,1.0001,1.1655,0.9918,0,0,0
P13,2027-02-07,1.0048,1.1301,0.9918,0,0,0
P13,2027-02-08,0.9998,0.8786,0.9918,0,0,0
P13,2027-02-09,0.9981,0.9487,0.9918,0,0,0
P13,2027-02-10,0.9925,0.9563,0.9918,0,0,0
P13,2027-02-11,0.989,0.9876,0.9918,0,0,0
P13,2027-02-12,0.991,1.0342,0.9918,0,0,0
P13,2027-02-13,0.9935,1.1655,0.9918,0,0,0
P13,2027-02-14,0.9922,1.1301,0.9918,0,0,0
P13,2027-02-15,0.9882,0.8786,0.9918,0,0,0
P13,2027-02-16,0.982,0.9487,0.9918,0,0,0
P13,2027-02-17,0.9812,0.9563,0.9918,0,0,0
P13,2027-02-18,0.9841,0.9876,0.9918,0,0,0
P13,2027-02-19,0.9871,1.0342,0.9918,0,0,0
P13,2027-02-20,0.9876,1.1655,0.9918,0,0,0
P13,2027-02-21,0.9888,1.1301,0.9918,0,0,0
P13,2027-02-22,0.9927,0.8786,0.9918,0,0,0
P13,2027-02-23,0.9909,0.9487,0.9918,0,0,0
P13,2027-02-24,0.9891,0.9563,0.9918,0,0,0
P13,2027-02-25,0.9879,0.9876,0.9918,0,0,0
P13,2027-02-26,0.9913,1.0342,0.9918,0,0,0
P13,2027-02-27,0.987,1.1655,0.9918,0,0,0
P13,2027-02-28,0.9901,1.1301,0.9918,0,0,0
P13,2027-03-01,0.9911,0.8786,1.0286,0,0,0
P13,2027-03-02,0.9907,0.9487,1.0286,0,0,0
P13,2027-03-03,0.9962,0.9563,1.0286,0,0,0
P13,2027-03-04,0.9893,0.9876,1.0286,0,0,0
P13,2027-03-05,0.9872,1.0342,1.4626,0,0,0
P13,2027-03-06,0.986,1.1655,1.4626,0,0,0
P13,2027-03-07,0.9837,1.1301,1.0286,0,0,0
P13,2027-03-08,0.9881,0.8786,1.0286,0,0,0
P13,2027-03-09,0.9854,0.9487,1.0286,0,0,0
P13,2027-03-10,0.9818,0.9563,1.0286,0,0,0
P13,2027-03-11,0.9791,0.9876,1.0286,0,0,0
P13,2027-03-12,0.9751,1.0342,1.4626,0,0,0
P13,2027-03-13,0.9686,1.1655,1.4626,0,0,0
P13,2027-03-14,0.9704,1.1301,1.0286,0,0,0
P13,2027-03-15,0.9699,0.8786,1.0286,0,0,0
P13,2027-03-16,0.9672,0.9487,1.0286,0,0,0
P13,2027-03-17,0.9638,0.9563,1.0286,0,0,0
P13,2027-03-18,0.9632,0.9876,1.0286,0,0,0
P13,2027-03-19,0.9668,1.0342,1.4626,0,0,0
P13,2027-03-20,0.9574,1.1655,1.4626,0,0,0
P13,2027-03-21,0.9586,1.1301,1.0286,0,0,0
P13,2027-03-22,0.958,0.8786,1.0286,0,0,0
P13,2027-03-23,0.9534,0.9487,1.0286,0,0,0
P13,2027-03-24,0.9542,0.9563,1.0286,0,0,0
P13,2027-03-25,0.9518,0.9876,1.0286,0,0,0
P13,2027-03-26,0.9535,1.0342,1.4626,0,0,0
P13,2027-03-27,0.9566,1.1655,1.4626,0,0,0
P13,2027-03-28,0.9543,1.1301,1.0286,0,0,0
P13,2027-03-29,0.9562,0.8786,1.0286,0,0,0
P13,2027-03-30,0.9577,0.9487,1.0286,0,0,0
P13,2027-03-31,0.9596,0.9563,1.0286,0,0,0
P13,2027-04-01,0.9588,0.9876,1.0286,0,0,0
P13,2027-04-02,0.9564,1.0342,1.0286,0,0,0
P13,2027-04-03,0.9574,1.1655,1.2035,0,0,0
P13,2027-04-04,0.957,1.1301,1.2035,0,0,0
P13,2027-04-05,0.9599,0.8786,1.0286,0,0,0
P13,2027-04-06,0.9633,0.9487,1.0286,0,0,0
P13,2027-04-07,0.9631,0.9563,1.0286,0,0,0
P13,2027-04-08,0.962,0.9876,1.0286,0,0,0
P13,2027-04-09,0.959,1.0342,1.0286,0,0,0
P13,2027-04-10,0.9646,1.1655,1.2035,0,0,0
P13,2027-04-11,0.9609,1.1301,1.2035,0,0,0
P13,2027-04-12,0.9633,0.8786,1.0286,0,0,0
P13,2027-04-13,0.9676,0.9487,1.0286,0,0,0
P13,2027-04-14,0.9658,0.9563,1.0286,0,0,0
P13,2027-04-15,0.9625,0.9876,1.0286,0,0,0
P13,2027-04-16,0.9601,1.0342,1.0286,0,0,0
P13,2027-04-17,0.9574,1.1655,1.2035,0,0,0
P13,2027-04-18,0.9545,1.1301,1.2035,0,0,0
P13,2027-04-19,0.9485,0.8786,1.0286,0,0,0
P13,2027-04-20,0.9577,0.9487,1.0286,0,0,0
P13,2027-04-21,0.9639,0.9563,1.0286,0,0,0
P13,2027-04-22,0.9669,0.9876,1.0286,0,0,0
P13,2027-04-23,0.9685,1.0342,1.0286,0,0,0
P13,2027-04-24,0.9677,1.1655,1.2035,0,0,0
P13,2027-04-25,0.9742,1.1301,1.2035,0,0,0
P13,2027-04-26,0.9814,0.8786,1.0286,0,0,0
P13,2027-04-27,0.9818,0.9487,1.0286,0,0,0
P13,2027-04-28,0.9842,0.9563,1.0286,0,0,0
P13,2027-04-29,0.985,0.9876,1.0286,0,0,0
P13,2027-04-30,0.9828,1.0342,1.0286,0,0,0
P13,2027-05-01,0.9805,1.1655,1.2035,0,0,0
P13,2027-05-02,0.9811,1.1301,1.2035,0,0,0
P13,2027-05-03,0.9824,0.8786,1.0286,0,0,0
P13,2027-05-04,0.9897,0.9487,1.0286,0,0,0
P13,2027-05-05,0.9912,0.9563,1.0286,0,0,0
P13,2027-05-06,0.9934,0.9876,1.0286,0,0,0
P13,2027-05-07,0.9891,1.0342,1.0286,0,0,0
P13,2027-05-08,0.9854,1.1655,1.2035,0,0,0
P13,2027-05-09,0.9889,1.1301,1.2035,0,0,0
P13,2027-05-10,0.9898,0.8786,1.0286,0,0,0
P13,2027-05-11,0.9867,0.9487,1.0286,0,0,0
P13,2027-05-12,0.9846,0.9563,1.0286,0,0,0
P13,2027-05-13,0.9829,0.9876,1.0286,0,0,0
P13,2027-05-14,0.9822,1.0342,1.0286,0,0,0
P13,2027-05-15,0.9799,1.1655,1.2035,0,0,0
P13,2027-05-16,0.9834,1.1301,1.2035,0,0,0
P13,2027-05-17,0.9876,0.8786,1.0286,0,0,0
P13,2027-05-18,0.9863,0.9487,1.0286,0,0,0
P13,2027-05-19,0.9799,0.9563,1.0286,0,0,0
P13,2027-05-20,0.9754,0.9876,1.0286,0,0,0
P13,2027-05-21,0.9735,1.0342,1.0286,0,0,0
P13,2027-05-22,0.9719,1.1655,1.2035,0,0,0
P13,2027-05-23,0.971,1.1301,1.2035,0,0,0
P13,2027-05-24,0.9742,0.8786,1.0286,0,0,0
P13,2027-05-25,0.9766,0.9487,1.0286,0,0,0
P13,2027-05-26,0.9721,0.9563,1.0286,0,0,0
P13,2027-05-27,0.9701,0.9876,1.0286,0,0,0
P13,2027-05-28,0.9717,1.0342,1.0286,0,0,0
P13,2027-05-29,0.9676,1.1655,1.2035,0,0,0
P13,2027-05-30,0.9692,1.1301,1.2035,0,0,0
P13,2027-05-31,0.971,0.8786,1.0286,0,0,0
P13,2027-06-01,0.9666,0.9487,1.0286,0,0,0
P13,2027-06-02,0.9684,0.9563,1.0286,0,0,0
P13,2027-06-03,0.9645,0.9876,1.0286,0,0,0
P13,2027-06-04,0.9633,1.0342,1.0286,0,0,0
P13,2027-06-05,0.9653,1.1655,1.0286,0,0,0
P13,2027-06-06,0.9702,1.1301,1.0286,0,0,0
P13,2027-06-07,0.9616,0.8786,1.0286,0,0,0
P13,2027-06-08,0.9648,0.9487,1.0286,0,0,0
P13,2027-06-09,0.964,0.9563,1.0286,0,0,0
P13,2027-06-10,0.9643,0.9876,1.0286,0,0,0
P13,2027-06-11,0.9634,1.0342,1.0286,0,0,0
P13,2027-06-12,0.9612,1.1655,1.0286,0,0,0
P13,2027-06-13,0.9609,1.1301,1.0286,0,0,0
P13,2027-06-14,0.9665,0.8786,1.0286,0,0,0
P13,2027-06-15,0.967,0.9487,1.0286,0,0,0
P13,2027-06-16,0.967,0.9563,1.0286,0,0,0
P13,2027-06-17,0.9654,0.9876,1.0286,0,0,0
P13,2027-06-18,0.9694,1.0342,1.0286,0,0,0
P13,2027-06-19,0.9704,1.1655,1.0286,0,0,0
P13,2027-06-20,0.9691,1.1301,1.0286,0,0,0
P13,2027-06-21,0.9686,0.8786,1.0286,0,0,0
P13,2027-06-22,0.9687,0.9487,1.0286,0,0,0
P13,2027-06-23,0.9664,0.9563,1.0286,0,0,0
P13,2027-06-24,0.9722,0.9876,1.0286,0,0,0
P13,2027-06-25,0.9686,1.0342,1.0286,0,0,0
P13,2027-06-26,0.9674,1.1655,1.0286,0,0,0
P13,2027-06-27,0.9647,1.1301,1.0286,0,0,0
P13,2027-06-28,0.9656,0.8786,1.0286,0,0,0
P13,2027-06-29,0.9694,0.9487,1.0286,0,0,0
P13,2027-06-30,0.9699,0.9563,1.0286,0,0,0
P13,2027-07-01,0.9703,0.9876,1.0691,0,0,0
P13,2027-07-02,0.9676,1.0342,1.5202,0,0,0
P13,2027-07-03,0.9616,1.1655,1.5202,0,0,0
P13,2027-07-04,0.9565,1.1301,1.0691,0,0,0
P13,2027-07-05,0.9507,0.8786,1.0691,0,0,0
P13,2027-07-06,0.9494,0.9487,1.0691,0,0,0
P13,2027-07-07,0.9458,0.9563,1.0691,0,0,0
P13,2027-07-08,0.9442,0.9876,1.0691,0,0,0
P13,2027-07-09,0.9407,1.0342,1.5202,0,0,0
P13,2027-07-10,0.9415,1.1655,1.5202,0,0,0
P13,2027-07-11,0.9368,1.1301,1.0691,0,0,0
P13,2027-07-12,0.9377,0.8786,1.0691,0,0,0
P13,2027-07-13,0.9387,0.9487,1.0691,0,0,0
P13,2027-07-14,0.9405,0.9563,1.0691,0,0,0
P13,2027-07-15,0.9412,0.9876,1.0691,0,0,0
P13,2027-07-16,0.9455,1.0342,1.5202,0,0,0
P13,2027-07-17,0.9475,1.1655,1.5202,0,0,0
P13,2027-07-18,0.9549,1.1301,1.0691,0,0,0
P13,2027-07-19,0.9505,0.8786,1.0691,0,0,0
P13,2027-07-20,0.9479,0.9487,1.0691,0,0,0
P13,2027-07-21,0.9466,0.9563,1.0691,0,0,0
P13,2027-07-22,0.9424,0.9876,1.0691,0,0,0
P13,2027-07-23,0.9463,1.0342,1.5202,0,0,0
P13,2027-07-24,0.9428,1.1655,1.5202,0,0,0
P13,2027-07-25,0.9375,1.1301,1.0691,0,0,0
P13,2027-07-26,0.9384,0.8786,1.0691,0,0,0
P13,2027-07-27,0.9358,0.9487,1.0691,0,0,0
P13,2027-07-28,0.933,0.9563,1.0691,0,0,0
P13,2027-07-29,0.9323,0.9876,1.0691,0,0,0
P13,2027-07-30,0.9368,1.0342,1.5202,0,0,0
P13,2027-07-31,0.9352,1.1655,1.5202,0,0,0
P13,2027-08-01,0.9295,1.1301,1.0691,0,0,0
P13,2027-08-02,0.9261,0.8786,1.0691,0,0,0
P13,2027-08-03,0.9262,0.9487,1.0691,0,0,0
P13,2027-08-04,0.9278,0.9563,1.0691,0,0,0
P13,2027-08-05,0.9282,0.9876,1.0691,0,0,0
P13,2027-08-06,0.9294,1.0342,1.0691,0,0,0
P13,2027-08-07,0.9318,1.1655,1.0691,0,0,0
P13,2027-08-08,0.93,1.1301,1.0691,0,0,0
P13,2027-08-09,0.9318,0.8786,1.0691,0,0,0
P13,2027-08-10,0.93,0.9487,1.0691,0,0,0
P13,2027-08-11,0.9289,0.9563,1.0691,0,0,0
P13,2027-08-12,0.93,0.9876,1.0691,0,0,0
P13,2027-08-13,0.9301,1.0342,1.0691,0,0,0
P13,2027-08-14,0.9271,1.1655,1.0691,0,0,0
P13,2027-08-15,0.9286,1.1301,2.3194,0,0,0
P13,2027-08-16,0.9313,0.8786,2.3194,0,0,0
P13,2027-08-17,0.9346,0.9487,2.3194,0,0,0
P13,2027-08-18,0.9374,0.9563,1.0691,0,0,0
P13,2027-08-19,0.9374,0.9876,1.0691,0,0,0
P13,2027-08-20,0.9454,1.0342,1.0691,0,0,0
P13,2027-08-21,0.9442,1.1655,1.0691,0,0,0
P13,2027-08-22,0.947,1.1301,1.0691,0,0,0
P13,2027-08-23,0.9471,0.8786,1.0691,0,0,0
P13,2027-08-24,0.9548,0.9487,1.0691,0,0,0
P13,2027-08-25,0.952,0.9563,1.0691,0,0,0
P13,2027-08-26,0.9532,0.9876,1.0691,0,0,0
P13,2027-08-27,0.9546,1.0342,1.0691,0,0,0
P13,2027-08-28,0.9559,1.1655,1.0691,0,0,0
P13,2027-08-29,0.9523,1.1301,1.0691,0,0,0
P13,2027-08-30,0.9539,0.8786,1.0691,0,0,0
P13,2027-08-31,0.9552,0.9487,1.0691,0,0,0
P13,2027-09-01,0.9606,0.9563,1.0691,0,0,0
P13,2027-09-02,0.9609,0.9876,1.0691,0,0,0
P13,2027-09-03,0.9619,1.0342,1.0691,0,0,0
P13,2027-09-04,0.9593,1.1655,1.0691,0,0,0
P13,2027-09-05,0.9583,1.1301,1.0691,0,0,0
P13,2027-09-06,0.956,0.8786,1.0691,0,0,0
P13,2027-09-07,0.9528,0.9487,1.0691,0,0,0
P13,2027-09-08,0.9539,0.9563,1.0691,0,0,0
P13,2027-09-09,0.9522,0.9876,1.0691,0,0,0
P13,2027-09-10,0.9536,1.0342,1.0691,0,0,0
P13,2027-09-11,0.9535,1.1655,1.0691,0,0,0
P13,2027-09-12,0.9521,1.1301,1.0691,0,0,0
P13,2027-09-13,0.9517,0.8786,1.0691,0,0,0
P13,2027-09-14,0.9567,0.9487,1.0691,0,0,0
P13,2027-09-15,0.9546,0.9563,1.0691,0,0,0
P13,2027-09-16,0.9492,0.9876,1.0691,0,0,0
P13,2027-09-17,0.956,1.0342,1.0691,0,0,0
P13,2027-09-18,0.9541,1.1655,1.0691,0,0,0
P13,2027-09-19,0.9522,1.1301,1.0691,0,0,0
P13,2027-09-20,0.9501,0.8786,1.0691,0,0,0
P13,2027-09-21,0.9569,0.9487,1.0691,0,0,0
P13,2027-09-22,0.9572,0.9563,1.0691,0,0,0
P13,2027-09-23,0.9606,0.9876,1.0691,0,0,0
P13,2027-09-24,0.9653,1.0342,1.0691,0,0,0
P13,2027-09-25,0.9714,1.1655,1.0691,0,0,0
P13,2027-09-26,0.9713,1.1301,1.0691,0,0,0
P13,2027-09-27,0.9635,0.8786,1.0691,0,0,0
P13,2027-09-28,0.9651,0.9487,1.0691,0,0,0
P13,2027-09-29,0.9666,0.9563,1.0691,0,0,0
P13,2027-09-30,0.97,0.9876,1.0691,0,0,0
P13,2027-10-01,0.9765,1.0342,1.4219,0,0,0
P13,2027-10-02,0.9815,1.1655,1.4219,0,0,0
P13,2027-10-03,0.9868,1.1301,1.0,0,0,0
P13,2027-10-04,0.9876,0.8786,1.0,0,0,0
P13,2027-10-05,0.994,0.9487,1.0,0,0,0
P13,2027-10-06,0.9965,0.9563,1.0,0,0,0
P13,2027-10-07,0.9945,0.9876,1.0,0,0,0
P13,2027-10-08,0.9978,1.0342,1.4219,0,0,0
P13,2027-10-09,0.998,1.1655,1.4219,0,0,0
P13,2027-10-10,0.9976,1.1301,1.0,0,0,0
P13,2027-10-11,1.0008,0.8786,1.0,0,0,0
P13,2027-10-12,1.0016,0.9487,1.0,0,0,0
P13,2027-10-13,1.0053,0.9563,1.0,0,0,0
P13,2027-10-14,1.0017,0.9876,1.0,0,0,0
P13,2027-10-15,1.0012,1.0342,1.4219,0,0,0
P13,2027-10-16,0.9991,1.1655,1.4219,0,0,0
P13,2027-10-17,1.0021,1.1301,1.0,0,0,0
P13,2027-10-18,1.0037,0.8786,1.0,0,0,0
P13,2027-10-19,1.0015,0.9487,1.0,0,0,0
P13,2027-10-20,1.0044,0.9563,3.0152,0,0,0
P13,2027-10-21,1.0025,0.9876,3.0152,0,0,0
P13,2027-10-22,1.005,1.0342,3.0152,0,0,0
P13,2027-10-23,1.0097,1.1655,3.0152,0,0,0
P13,2027-10-24,1.0096,1.1301,3.0152,0,0,0
P13,2027-10-25,1.0137,0.8786,3.0152,0,0,0
P13,2027-10-26,1.0142,0.9487,1.0,0,0,0
P13,2027-10-27,1.0146,0.9563,1.0,0,0,0
P13,2027-10-28,1.0102,0.9876,1.0,0,0,0
P13,2027-10-29,1.0125,1.0342,1.4219,0,0,0
P13,2027-10-30,1.0171,1.1655,1.4219,0,0,0
P13,2027-10-31,1.018,1.1301,1.0,0,0,0
P13,2027-11-01,1.0196,0.8786,3.1118,0,0,0
P13,2027-11-02,1.0219,0.9487,3.1118,0,0,0
P13,2027-11-03,1.0183,0.9563,3.1118,0,0,0
P13,2027-11-04,1.0234,0.9876,0.9918,0,0,0
P13,2027-11-05,1.025,1.0342,0.9918,0,0,0
P13,2027-11-06,1.0207,1.1655,0.9918,0,0,0
P13,2027-11-07,1.02,1.1301,0.9918,0,0,0
P13,2027-11-08,1.0224,0.8786,0.9918,0,0,0
P13,2027-11-09,1.0248,0.9487,0.9918,0,0,0
P13,2027-11-10,1.0267,0.9563,0.9918,0,0,0
P13,2027-11-11,1.0309,0.9876,0.9918,0,0,0
P13,2027-11-12,1.0318,1.0342,0.9918,0,0,0
P13,2027-11-13,1.0305,1.1655,0.9918,0,0,0
P13,2027-11-14,1.0336,1.1301,0.9918,0,0,0
P13,2027-11-15,1.0371,0.8786,0.9918,0,0,0
P13,2027-11-16,1.0425,0.9487,0.9918,0,0,0
P13,2027-11-17,1.0395,0.9563,0.9918,0,0,0
P13,2027-11-18,1.0348,0.9876,0.9918,0,0,0
P13,2027-11-19,1.0342,1.0342,0.9918,0,0,0
P13,2027-11-20,1.0329,1.1655,0.9918,0,0,0
P13,2027-11-21,1.0333,1.1301,0.9918,0,0,0
P13,2027-11-22,1.0278,0.8786,0.9918,0,0,0
P13,2027-11-23,1.0337,0.9487,0.9918,0,0,0
P13,2027-11-24,1.0345,0.9563,0.9918,0,0,0
P13,2027-11-25,1.0354,0.9876,0.9918,0,0,0
P13,2027-11-26,1.0335,1.0342,0.9918,0,0,0
P13,2027-11-27,1.0367,1.1655,0.9918,0,0,0
P13,2027-11-28,1.0354,1.1301,0.9918,0,0,0
P13,2027-11-29,1.0351,0.8786,0.9918,0,0,0
P13,2027-11-30,1.0344,0.9487,0.9918,0,0,0
P13,2027-12-01,1.0376,0.9563,0.9918,0,0,0
P13,2027-12-02,1.0361,0.9876,0.9918,0,0,0
P13,2027-12-03,1.0347,1.0342,0.9918,0,0,0
P13,2027-12-04,1.0413,1.1655,0.9918,0,0,0
P13,2027-12-05,1.0461,1.1301,0.9918,0,0,0
P13,2027-12-06,1.0525,0.8786,0.9918,0,0,0
P13,2027-12-07,1.0551,0.9487,0.9918,0,0,0
P13,2027-12-08,1.0591,0.9563,0.9918,0,0,0
P13,2027-12-09,1.0653,0.9876,0.9918,0,0,0
P13,2027-12-10,1.0692,1.0342,0.9918,0,0,0
P13,2027-12-11,1.0681,1.1655,0.9918,0,0,0
P13,2027-12-12,1.0698,1.1301,0.9918,0,0,0
P13,2027-12-13,1.0666,0.8786,0.9918,0,0,0
P13,2027-12-14,1.0708,0.9487,0.9918,0,0,0
P13,2027-12-15,1.0763,0.9563,0.9918,0,0,0
P13,2027-12-16,1.0649,0.9876,0.9918,0,0,0
P13,2027-12-17,1.0726,1.0342,0.9918,0,0,0
P13,2027-12-18,1.08,1.1655,0.9918,0,0,0
P13,2027-12-19,1.087,1.1301,0.9918,0,0,0
P13,2027-12-20,1.0843,0.8786,0.9918,0,0,0
P13,2027-12-21,1.0794,0.9487,0.9918,0,0,0
P13,2027-12-22,1.0786,0.9563,0.9918,0,0,0
P13,2027-12-23,1.077,0.9876,0.9918,0,0,0
P13,2027-12-24,1.0747,1.0342,0.9918,0,0,0
P13,2027-12-25,1.0776,1.1655,0.9918,0,0,0
P13,2027-12-26,1.0826,1.1301,0.9918,0,0,0
P13,2027-12-27,1.0793,0.8786,0.9918,0,0,0
P13,2027-12-28,1.0737,0.9487,0.9918,0,0,0
P13,2027-12-29,1.0749,0.9563,0.9918,0,0,0
P13,2027-12-30,1.0722,0.9876,0.9918,0,0,0
P13,2027-12-31,1.0705,1.0342,0.9918,0,0,0
P14,2026-01-01,0.5829,1.0066,0.6832,0,0,0
P14,2026-01-02,0.5837,1.0313,0.975,0,0,0
P14,2026-01-03,0.5861,1.1453,0.975,0,0,0
P14,2026-01-04,0.5859,1.1035,0.975,0,0,0
P14,2026-01-05,0.587,0.9153,0.975,0,0,0
P14,2026-01-06,0.5904,0.9382,0.975,0,0,0
P14,2026-01-07,0.5939,0.9467,0.975,0,0,0
P14,2026-01-08,0.5997,1.0066,0.975,0,0,0
P14,2026-01-09,0.6025,1.0313,0.975,0,0,0
P14,2026-01-10,0.6067,1.1453,0.975,0,0,0
P14,2026-01-11,0.6108,1.1035,0.975,0,0,0
P14,2026-01-12,0.6125,0.9153,0.975,0,0,0
P14,2026-01-13,0.6169,0.9382,1.5472,0,0,0
P14,2026-01-14,0.6195,0.9467,1.5472,0,0,0
P14,2026-01-15,0.6265,1.0066,1.5472,0,0,0
P14,2026-01-16,0.6282,1.0313,1.5472,0,0,0
P14,2026-01-17,0.6297,1.1453,0.975,0,0,0
P14,2026-01-18,0.6334,1.1035,0.975,0,0,0
P14,2026-01-19,0.6371,0.9153,0.975,0,0,0
P14,2026-01-20,0.6402,0.9382,0.975,0,0,0
P14,2026-01-21,0.6385,0.9467,0.975,0,0,0
P14,2026-01-22,0.6383,1.0066,0.975,0,0,0
P14,2026-01-23,0.6396,1.0313,0.975,0,0,0
P14,2026-01-24,0.6391,1.1453,0.975,0,0,0
P14,2026-01-25,0.6421,1.1035,0.975,0,0,0
P14,2026-01-26,0.6433,0.9153,0.6832,0,0,0
P14,2026-01-27,0.6461,0.9382,0.975,0,0,0
P14,2026-01-28,0.6448,0.9467,0.975,0,0,0
P14,2026-01-29,0.6457,1.0066,0.975,0,0,0
P14,2026-01-30,0.6485,1.0313,0.975,0,0,0
P14,2026-01-31,0.652,1.1453,0.975,0,0,0
P14,2026-02-01,0.6539,1.1035,0.975,0,0,0
P14,2026-02-02,0.6587,0.9153,0.975,0,0,0
P14,2026-02-03,0.6581,0.9382,0.975,0,0,0
P14,2026-02-04,0.6575,0.9467,0.975,0,0,0
P14,2026-02-05,0.6582,1.0066,0.975,0,0,0
P14,2026-02-06,0.6618,1.0313,0.975,0,0,0
P14,2026-02-07,0.6657,1.1453,0.975,0,0,0
P14,2026-02-08,0.6707,1.1035,0.975,0,0,0
P14,2026-02-09,0.6738,0.9153,0.975,0,0,0
P14,2026-02-10,0.6772,0.9382,0.975,0,0,0
P14,2026-02-11,0.6791,0.9467,0.975,0,0,0
P14,2026-02-12,0.6813,1.0066,0.975,0,0,0
P14,2026-02-13,0.6852,1.0313,0.975,0,0,0
P14,2026-02-14,0.6871,1.1453,0.975,0,0,0
P14,2026-02-15,0.6906,1.1035,0.975,0,0,0
P14,2026-02-16,0.6957,0.9153,0.975,0,0,0
P14,2026-02-17,0.6978,0.9382,0.975,0,0,0
P14,2026-02-18,0.705,0.9467,0.975,0,0,0
P14,2026-02-19,0.71,1.0066,0.975,0,0,0
P14,2026-02-20,0.7155,1.0313,0.975,0,0,0
P14,2026-02-21,0.7228,1.1453,0.975,0,0,0
P14,2026-02-22,0.7267,1.1035,0.975,0,0,0
P14,2026-02-23,0.7297,0.9153,0.975,0,0,0
P14,2026-02-24,0.7332,0.9382,0.975,0,0,0
P14,2026-02-25,0.7384,0.9467,0.975,0,0,0
P14,2026-02-26,0.7403,1.0066,0.975,0,0,0
P14,2026-02-27,0.7459,1.0313,0.975,0,0,0
P14,2026-02-28,0.7539,1.1453,0.975,0,0,0
P14,2026-03-01,0.7599,1.1035,1.0143,0,0,0
P14,2026-03-02,0.7662,0.9153,1.0143,0,0,0
P14,2026-03-03,0.772,0.9382,1.0143,0,0,0
P14,2026-03-04,0.7768,0.9467,1.0143,0,0,0
P14,2026-03-05,0.7843,1.0066,1.0143,0,0,0
P14,2026-03-06,0.7891,1.0313,1.4406,0,0,0
P14,2026-03-07,0.7974,1.1453,1.4406,0,0,0
P14,2026-03-08,0.8018,1.1035,1.0143,0,0,0
P14,2026-03-09,0.8042,0.9153,1.0143,0,0,0
P14,2026-03-10,0.8096,0.9382,1.0143,0,0,0
P14,2026-03-11,0.8145,0.9467,1.0143,0,0,0
P14,2026-03-12,0.8181,1.0066,1.0143,0,0,0
P14,2026-03-13,0.8202,1.0313,1.4406,0,0,0
P14,2026-03-14,0.8242,1.1453,1.4406,0,0,0
P14,2026-03-15,0.8281,1.1035,1.0143,0,0,0
P14,2026-03-16,0.8364,0.9153,1.0143,0,0,0
P14,2026-03-17,0.8426,0.9382,1.0143,0,0,0
P14,2026-03-18,0.8501,0.9467,1.0143,0,0,0
P14,2026-03-19,0.8535,1.0066,1.0143,0,0,0
P14,2026-03-20,0.8599,1.0313,1.4406,0,0,0
P14,2026-03-21,0.8643,1.1453,1.4406,0,0,0
P14,2026-03-22,0.8691,1.1035,1.0143,0,0,0
P14,2026-03-23,0.8679,0.9153,1.0143,0,0,0
P14,2026-03-24,0.8692,0.9382,1.0143,0,0,0
P14,2026-03-25,0.8752,0.9467,1.0143,0,0,0
P14,2026-03-26,0.8801,1.0066,1.0143,0,0,0
P14,2026-03-27,0.8831,1.0313,1.4406,0,0,0
P14,2026-03-28,0.8873,1.1453,1.4406,0,0,0
P14,2026-03-29,0.8901,1.1035,1.0143,0,0,0
P14,2026-03-30,0.8899,0.9153,1.0143,0,0,0
P14,2026-03-31,0.8936,0.9382,1.0143,0,0,0
P14,2026-04-01,0.8972,0.9467,1.0143,0,0,0
P14,2026-04-02,0.9022,1.0066,1.0143,0,0,0
P14,2026-04-03,0.9057,1.0313,1.0143,0,0,0
P14,2026-04-04,0.9101,1.1453,1.1532,0,0,0
P14,2026-04-05,0.9152,1.1035,1.1532,0,0,0
P14,2026-04-06,0.9173,0.9153,1.0143,0,0,0
P14,2026-04-07,0.9187,0.9382,1.0143,0,0,0
P14,2026-04-08,0.9198,0.9467,1.0143,0,0,0
P14,2026-04-09,0.9222,1.0066,1.0143,0,0,0
P14,2026-04-10,0.9242,1.0313,1.0143,0,0,0
P14,2026-04-11,0.9263,1.1453,1.1532,0,0,0
P14,2026-04-12,0.9303,1.1035,1.1532,0,0,0
P14,2026-04-13,0.9319,0.9153,1.0143,0,0,0
P14,2026-04-14,0.9361,0.9382,1.0143,0,0,0
P14,2026-04-15,0.9367,0.9467,1.0143,0,0,0
P14,2026-04-16,0.9396,1.0066,1.0143,0,0,0
P14,2026-04-17,0.9445,1.0313,1.0143,0,0,0
P14,2026-04-18,0.9398,1.1453,1.1532,0,0,0
P14,2026-04-19,0.9355,1.1035,1.1532,0,0,0
P14,2026-04-20,0.931,0.9153,1.0143,0,0,0
P14,2026-04-21,0.936,0.9382,1.0143,0,0,0
P14,2026-04-22,0.9408,0.9467,1.0143,0,0,0
P14,2026-04-23,0.9444,1.0066,1.0143,0,0,0
P14,2026-04-24,0.9506,1.0313,1.0143,0,0,0
P14,2026-04-25,0.9531,1.1453,1.1532,0,0,0
P14,2026-04-26,0.9544,1.1035,1.1532,0,0,0
P14,2026-04-27,0.9571,0.9153,1.0143,0,0,0
P14,2026-04-28,0.9633,0.9382,1.0143,0,0,0
P14,2026-04-29,0.9667,0.9467,1.0143,0,0,0
P14,2026-04-30,0.9677,1.0066,1.0143,0,0,0
P14,2026-05-01,0.97,1.0313,1.0143,0,0,0
P14,2026-05-02,0.9731,1.1453,1.1532,0,0,0
P14,2026-05-03,0.9734,1.1035,1.1532,0,0,0
P14,2026-05-04,0.9782,0.9153,1.0143,0,0,0
P14,2026-05-05,0.982,0.9382,1.0143,0,0,0
P14,2026-05-06,0.9848,0.9467,1.0143,0,0,0
P14,2026-05-07,0.9853,1.0066,1.0143,0,0,0
P14,2026-05-08,0.9843,1.0313,1.0143,0,0,0
P14,2026-05-09,0.9797,1.1453,1.1532,0,0,0
P14,2026-05-10,0.9809,1.1035,1.1532,0,0,0
P14,2026-05-11,0.9821,0.9153,1.0143,0,0,0
P14,2026-05-12,0.9849,0.9382,1.0143,0,0,0
P14,2026-05-13,0.9874,0.9467,1.0143,0,0,0
P14,2026-05-14,0.988,1.0066,1.0143,0,0,0
P14,2026-05-15,0.9883,1.0313,1.0143,0,0,0
P14,2026-05-16,0.989,1.1453,1.1532,0,0,0
P14,2026-05-17,0.99,1.1035,1.1532,0,0,0
P14,2026-05-18,0.9949,0.9153,1.0143,0,0,0
P14,2026-05-19,0.9908,0.9382,1.0143,0,0,0
P14,2026-05-20,0.9882,0.9467,1.0143,0,0,0
P14,2026-05-21,0.9852,1.0066,1.0143,0,0,0
P14,2026-05-22,0.982,1.0313,1.0143,0,0,0
P14,2026-05-23,0.9798,1.1453,1.1532,0,0,0
P14,2026-05-24,0.9814,1.1035,1.1532,0,0,0
P14,2026-05-25,0.9797,0.9153,1.0143,0,0,0
P14,2026-05-26,0.9795,0.9382,1.0143,0,0,0
P14,2026-05-27,0.9803,0.9467,1.0143,0,0,0
P14,2026-05-28,0.9792,1.0066,1.0143,0,0,0
P14,2026-05-29,0.9749,1.0313,1.0143,0,0,0
P14,2026-05-30,0.9754,1.1453,1.1532,0,0,0
P14,2026-05-31,0.9762,1.1035,1.1532,0,0,0
P14,2026-06-01,0.9741,0.9153,1.0143,0,0,0
P14,2026-06-02,0.9717,0.9382,1.0143,0,0,0
P14,2026-06-03,0.9695,0.9467,1.0143,0,0,0
P14,2026-06-04,0.9684,1.0066,1.0143,0,0,0
P14,2026-06-05,0.9678,1.0313,1.0143,0,0,0
P14,2026-06-06,0.9671,1.1453,1.0143,0,0,0
P14,2026-06-07,0.9654,1.1035,1.0143,0,0,0
P14,2026-06-08,0.9661,0.9153,1.0143,0,0,0
P14,2026-06-09,0.9632,0.9382,1.0143,0,0,0
P14,2026-06-10,0.9608,0.9467,1.0143,0,0,0
P14,2026-06-11,0.9599,1.0066,1.0143,0,0,0
P14,2026-06-12,0.9585,1.0313,1.0143,0,0,0
P14,2026-06-13,0.9564,1.1453,1.0143,0,0,0
P14,2026-06-14,0.9528,1.1035,1.0143,0,0,0
P14,2026-06-15,0.9507,0.9153,1.0143,0,0,0
P14,2026-06-16,0.9468,0.9382,1.0143,0,0,0
P14,2026-06-17,0.9447,0.9467,1.0143,0,0,0
P14,2026-06-18,0.9414,1.0066,1.0143,0,0,0
P14,2026-06-19,0.9423,1.0313,1.0143,0,0,0
P14,2026-06-20,0.9437,1.1453,1.0143,0,0,0
P14,2026-06-21,0.9434,1.1035,1.0143,0,0,0
P14,2026-06-22,0.9448,0.9153,1.0143,0,0,0
P14,2026-06-23,0.9445,0.9382,1.0143,0,0,0
P14,2026-06-24,0.944,0.9467,1.0143,0,0,0
P14,2026-06-25,0.9447,1.0066,1.0143,0,0,0
P14,2026-06-26,0.9432,1.0313,1.0143,0,0,0
P14,2026-06-27,0.9437,1.1453,1.0143,0,0,0
P14,2026-06-28,0.9464,1.1035,1.0143,0,0,0
P14,2026-06-29,0.9474,0.9153,1.0143,0,0,0
P14,2026-06-30,0.9477,0.9382,1.0143,0,0,0
P14,2026-07-01,0.9453,0.9467,1.0746,0,0,0
P14,2026-07-02,0.9411,1.0066,1.0746,0,0,0
P14,2026-07-03,0.9369,1.0313,1.5264,0,0,0
P14,2026-07-04,0.9318,1.1453,1.5264,0,0,0
P14,2026-07-05,0.9335,1.1035,1.0746,0,0,0
P14,2026-07-06,0.934,0.9153,1.0746,0,0,0
P14,2026-07-07,0.9313,0.9382,1.0746,0,0,0
P14,2026-07-08,0.9299,0.9467,1.0746,0,0,0
P14,2026-07-09,0.9298,1.0066,1.0746,0,0,0
P14,2026-07-10,0.9268,1.0313,1.5264,0,0,0
P14,2026-07-11,0.9234,1.1453,1.5264,0,0,0
P14,2026-07-12,0.9255,1.1035,1.0746,0,0,0
P14,2026-07-13,0.9214,0.9153,1.0746,0,0,0
P14,2026-07-14,0.9215,0.9382,1.0746,0,0,0
P14,2026-07-15,0.9251,0.9467,1.0746,0,0,0
P14,2026-07-16,0.9264,1.0066,1.0746,0,0,0
P14,2026-07-17,0.9357,1.0313,1.5264,0,0,0
P14,2026-07-18,0.9406,1.1453,1.5264,0,0,0
P14,2026-07-19,0.9466,1.1035,1.0746,0,0,0
P14,2026-07-20,0.9471,0.9153,1.0746,0,0,0
P14,2026-07-21,0.9464,0.9382,1.0746,0,0,0
P14,2026-07-22,0.947,0.9467,1.0746,0,0,0
P14,2026-07-23,0.9457,1.0066,1.0746,0,0,0
P14,2026-07-24,0.945,1.0313,1.5264,0,0,0
P14,2026-07-25,0.9489,1.1453,1.5264,0,0,0
P14,2026-07-26,0.9465,1.1035,1.0746,0,0,0
P14,2026-07-27,0.9437,0.9153,1.0746,0,0,0
P14,2026-07-28,0.9434,0.9382,1.0746,0,0,0
P14,2026-07-29,0.9439,0.9467,1.0746,0,0,0
P14,2026-07-30,0.941,1.0066,1.0746,0,0,0
P14,2026-07-31,0.9404,1.0313,1.5264,0,0,0
P14,2026-08-01,0.9388,1.1453,1.0746,0,0,0
P14,2026-08-02,0.9369,1.1035,1.0746,0,0,0
P14,2026-08-03,0.9364,0.9153,1.0746,0,0,0
P14,2026-08-04,0.9376,0.9382,1.0746,0,0,0
P14,2026-08-05,0.9365,0.9467,1.0746,0,0,0
P14,2026-08-06,0.9372,1.0066,1.0746,0,0,0
P14,2026-08-07,0.9375,1.0313,1.0746,0,0,0
P14,2026-08-08,0.9383,1.1453,1.0746,0,0,0
P14,2026-08-09,0.935,1.1035,1.0746,0,0,0
P14,2026-08-10,0.9334,0.9153,1.0746,0,0,0
P14,2026-08-11,0.9305,0.9382,1.0746,0,0,0
P14,2026-08-12,0.9281,0.9467,1.0746,0,0,0
P14,2026-08-13,0.929,1.0066,1.0746,0,0,0
P14,2026-08-14,0.9291,1.0313,1.0746,0,0,0
P14,2026-08-15,0.9286,1.1453,2.1828,0,0,0
P14,2026-08-16,0.9255,1.1035,2.1828,0,0,0
P14,2026-08-17,0.9278,0.9153,2.1828,0,0,0
P14,2026-08-18,0.9333,0.9382,1.0746,0,0,0
P14,2026-08-19,0.9344,0.9467,1.0746,0,0,0
P14,2026-08-20,0.9352,1.0066,1.0746,0,0,0
P14,2026-08-21,0.9394,1.0313,1.0746,0,0,0
P14,2026-08-22,0.9426,1.1453,1.0746,0,0,0
P14,2026-08-23,0.9462,1.1035,1.0746,0,0,0
P14,2026-08-24,0.9482,0.9153,1.0746,0,0,0
P14,2026-08-25,0.9502,0.9382,1.0746,0,0,0
P14,2026-08-26,0.9484,0.9467,1.0746,0,0,0
P14,2026-08-27,0.9478,1.0066,1.0746,0,0,0
P14,2026-08-28,0.9471,1.0313,1.0746,0,0,0
P14,2026-08-29,0.947,1.1453,1.0746,0,0,0
P14,2026-08-30,0.9485,1.1035,1.0746,0,0,0
P14,2026-08-31,0.9498,0.9153,1.0746,0,0,0
P14,2026-09-01,0.9505,0.9382,1.0746,0,0,0
P14,2026-09-02,0.9514,0.9467,1.0746,0,0,0
P14,2026-09-03,0.9517,1.0066,1.0746,0,0,0
P14,2026-09-04,0.9524,1.0313,1.0746,0,0,0
P14,2026-09-05,0.9577,1.1453,1.0746,0,0,0
P14,2026-09-06,0.9551,1.1035,1.0746,0,0,0
P14,2026-09-07,0.9551,0.9153,1.0746,0,0,0
P14,2026-09-08,0.9539,0.9382,1.0746,0,0,0
P14,2026-09-09,0.9524,0.9467,1.0746,0,0,0
P14,2026-09-10,0.9503,1.0066,1.0746,0,0,0
P14,2026-09-11,0.9478,1.0313,1.0746,0,0,0
P14,2026-09-12,0.9512,1.1453,1.0746,0,0,0
P14,2026-09-13,0.9539,1.1035,1.0746,0,0,0
P14,2026-09-14,0.9566,0.9153,1.0746,0,0,0
P14,2026-09-15,0.9614,0.9382,1.0746,0,0,0
P14,2026-09-16,0.9621,0.9467,1.0746,0,0,0
P14,2026-09-17,0.9629,1.0066,1.0746,0,0,0
P14,2026-09-18,0.9582,1.0313,1.0746,0,0,0
P14,2026-09-19,0.9575,1.1453,1.0746,0,0,0
P14,2026-09-20,0.953,1.1035,1.0746,0,0,0
P14,2026-09-21,0.9529,0.9153,1.0746,0,0,0
P14,2026-09-22,0.9551,0.9382,1.0746,0,0,0
P14,2026-09-23,0.9572,0.9467,1.0746,0,0,0
P14,2026-09-24,0.9618,1.0066,1.0746,0,0,0
P14,2026-09-25,0.9631,1.0313,1.0746,0,0,0
P14,2026-09-26,0.9613,1.1453,1.0746,0,0,0
P14,2026-09-27,0.9615,1.1035,1.0746,0,0,0
P14,2026-09-28,0.961,0.9153,1.0746,0,0,0
P14,2026-09-29,0.9622,0.9382,1.0746,0,0,0
P14,2026-09-30,0.9679,0.9467,1.0746,0,0,0
P14,2026-10-01,0.9746,1.0066,1.0,0,0,0
P14,2026-10-02,0.9813,1.0313,1.4204,0,0,0
P14,2026-10-03,0.9823,1.1453,1.4204,0,0,0
P14,2026-10-04,0.9849,1.1035,1.0,0,0,0
P14,2026-10-05,0.9895,0.9153,1.0,0,0,0
P14,2026-10-06,0.9912,0.9382,1.0,0,0,0
P14,2026-10-07,0.99,0.9467,1.0,0,0,0
P14,2026-10-08,0.9937,1.0066,1.0,0,0,0
P14,2026-10-09,0.9966,1.0313,1.4204,0,0,0
P14,2026-10-10,0.9942,1.1453,1.4204,0,0,0
P14,2026-10-11,0.9979,1.1035,1.0,0,0,0
P14,2026-10-12,0.9958,0.9153,1.0,0,0,0
P14,2026-10-13,0.9936,0.9382,1.0,0,0,0
P14,2026-10-14,0.9925,0.9467,1.0,0,0,0
P14,2026-10-15,0.9915,1.0066,1.0,0,0,0
P14,2026-10-16,0.9942,1.0313,1.4204,0,0,0
P14,2026-10-17,0.9959,1.1453,1.4204,0,0,0
P14,2026-10-18,0.9965,1.1035,1.0,0,0,0
P14,2026-10-19,0.9993,0.9153,1.0,0,0,0
P14,2026-10-20,0.9995,0.9382,2.9896,0,0,0
P14,2026-10-21,1.002,0.9467,2.9896,0,0,0
P14,2026-10-22,1.0031,1.0066,2.9896,0,0,0
P14,2026-10-23,1.0009,1.0313,2.9896,0,0,0
P14,2026-10-24,1.0031,1.1453,2.9896,0,0,0
P14,2026-10-25,1.0078,1.1035,2.9896,0,0,0
P14,2026-10-26,1.0093,0.9153,1.0,0,0,0
P14,2026-10-27,1.0095,0.9382,1.0,0,0,0
P14,2026-10-28,1.0144,0.9467,1.0,0,0,0
P14,2026-10-29,1.0133,1.0066,1.0,0,0,0
P14,2026-10-30,1.015,1.0313,1.4204,0,0,0
P14,2026-10-31,1.0165,1.1453,1.4204,0,0,0
P14,2026-11-01,1.0193,1.1035,2.7991,0,0,0
P14,2026-11-02,1.021,0.9153,2.7991,0,0,0
P14,2026-11-03,1.0243,0.9382,2.7991,0,0,0
P14,2026-11-04,1.0267,0.9467,0.975,0,0,0
P14,2026-11-05,1.032,1.0066,0.975,0,0,0
P14,2026-11-06,1.0331,1.0313,0.975,0,0,0
P14,2026-11-07,1.0378,1.1453,0.975,0,0,0
P14,2026-11-08,1.0423,1.1035,0.975,0,0,0
P14,2026-11-09,1.0447,0.9153,0.975,0,0,0
P14,2026-11-10,1.0452,0.9382,0.975,0,0,0
P14,2026-11-11,1.0476,0.9467,0.975,0,0,0
P14,2026-11-12,1.0471,1.0066,0.975,0,0,0
P14,2026-11-13,1.047,1.0313,0.975,0,0,0
P14,2026-11-14,1.052,1.1453,0.975,0,0,0
P14,2026-11-15,1.0548,1.1035,0.975,0,0,0
P14,2026-11-16,1.0545,0.9153,0.975,0,0,0
P14,2026-11-17,1.0585,0.9382,0.975,0,0,0
P14,2026-11-18,1.0667,0.9467,0.975,0,0,0
P14,2026-11-19,1.0663,1.0066,0.975,0,0,0
P14,2026-11-20,1.0638,1.0313,0.975,0,0,0
P14,2026-11-21,1.0631,1.1453,0.975,0,0,0
P14,2026-11-22,1.0606,1.1035,0.975,0,0,0
P14,2026-11-23,1.0599,0.9153,0.975,0,0,0
P14,2026-11-24,1.0634,0.9382,0.975,0,0,0
P14,2026-11-25,1.0655,0.9467,0.975,0,0,0
P14,2026-11-26,1.0677,1.0066,0.975,0,0,0
P14,2026-11-27,1.0681,1.0313,0.975,0,0,0
P14,2026-11-28,1.0696,1.1453,0.975,0,0,0
P14,2026-11-29,1.0687,1.1035,0.975,0,0,0
P14,2026-11-30,1.0699,0.9153,0.975,0,0,0
P14,2026-12-01,1.0711,0.9382,0.975,0,0,0
P14,2026-12-02,1.0689,0.9467,0.975,0,0,0
P14,2026-12-03,1.0688,1.0066,0.975,0,0,0
P14,2026-12-04,1.0663,1.0313,0.975,0,0,0
P14,2026-12-05,1.0678,1.1453,0.975,0,0,0
P14,2026-12-06,1.0691,1.1035,0.975,0,0,0
P14,2026-12-07,1.0719,0.9153,0.975,0,0,0
P14,2026-12-08,1.0737,0.9382,0.975,0,0,0
P14,2026-12-09,1.0758,0.9467,0.975,0,0,0
P14,2026-12-10,1.0821,1.0066,0.975,0,0,0
P14,2026-12-11,1.0781,1.0313,0.975,0,0,0
P14,2026-12-12,1.0739,1.1453,0.975,0,0,0
P14,2026-12-13,1.0747,1.1035,0.975,0,0,0
P14,2026-12-14,1.0691,0.9153,0.975,0,0,0
P14,2026-12-15,1.0705,0.9382,0.975,0,0,0
P14,2026-12-16,1.0686,0.9467,0.975,0,0,0
P14,2026-12-17,1.0715,1.0066,0.975,0,0,0
P14,2026-12-18,1.0775,1.0313,0.975,0,0,0
P14,2026-12-19,1.0826,1.1453,0.975,0,0,0
P14,2026-12-20,1.0811,1.1035,0.975,0,0,0
P14,2026-12-21,1.0783,0.9153,0.975,0,0,0
P14,2026-12-22,1.0764,0.9382,0.975,0,0,0
P14,2026-12-23,1.0716,0.9467,0.975,0,0,0
P14,2026-12-24,1.0677,1.0066,0.975,0,0,0
P14,2026-12-25,1.067,1.0313,0.975,0,0,0
P14,2026-12-26,1.0654,1.1453,0.975,0,0,0
P14,2026-12-27,1.0644,1.1035,0.975,0,0,0
P14,2026-12-28,1.0671,0.9153,0.975,0,0,0
P14,2026-12-29,1.0669,0.9382,0.975,0,0,0
P14,2026-12-30,1.0647,0.9467,0.975,0,0,0
P14,2026-12-31,1.0615,1.0066,0.975,0,0,0
P14,2027-01-01,1.0596,1.0313,0.6832,0,0,0
P14,2027-01-02,1.0595,1.1453,0.975,0,0,0
P14,2027-01-03,1.0589,1.1035,0.975,0,0,0
P14,2027-01-04,1.059,0.9153,0.975,0,0,0
P14,2027-01-05,1.0603,0.9382,0.975,0,0,0
P14,2027-01-06,1.0584,0.9467,0.975,0,0,0
P14,2027-01-07,1.0577,1.0066,0.975,0,0,0
P14,2027-01-08,1.0581,1.0313,0.975,0,0,0
P14,2027-01-09,1.0591,1.1453,0.975,0,0,0
P14,2027-01-10,1.0616,1.1035,0.975,0,0,0
P14,2027-01-11,1.0584,0.9153,0.975,0,0,0
P14,2027-01-12,1.0554,0.9382,0.975,0,0,0
P14,2027-01-13,1.0524,0.9467,1.5472,0,0,0
P14,2027-01-14,1.0513,1.0066,1.5472,0,0,0
P14,2027-01-15,1.0487,1.0313,1.5472,0,0,0
P14,2027-01-16,1.0464,1.1453,1.5472,0,0,0
P14,2027-01-17,1.0431,1.1035,0.975,0,0,0
P14,2027-01-18,1.045,0.9153,0.975,0,0,0
P14,2027-01-19,1.0433,0.9382,0.975,0,0,0
P14,2027-01-20,1.0411,0.9467,0.975,0,0,0
P14,2027-01-21,1.0387,1.0066,0.975,0,0,0
P14,2027-01-22,1.0387,1.0313,0.975,0,0,0
P14,2027-01-23,1.0341,1.1453,0.975,0,0,0
P14,2027-01-24,1.0306,1.1035,0.975,0,0,0
P14,2027-01-25,1.0296,0.9153,0.975,0,0,0
P14,2027-01-26,1.0248,0.9382,0.6832,0,0,0
P14,2027-01-27,1.0228,0.9467,0.975,0,0,0
P14,2027-01-28,1.0202,1.0066,0.975,0,0,0
P14,2027-01-29,1.0199,1.0313,0.975,0,0,0
P14,2027-01-30,1.0184,1.1453,0.975,0,0,0
P14,2027-01-31,1.0157,1.1035,0.975,0,0,0
P14,2027-02-01,1.0125,0.9153,0.975,0,0,0
P14,2027-02-02,1.0105,0.9382,0.975,0,0,0
P14,2027-02-03,1.0075,0.9467,0.975,0,0,0
P14,2027-02-04,1.0029,1.0066,0.975,0,0,0
P14,2027-02-05,1.0017,1.0313,0.975,0,0,0
P14,2027-02-06,0.9995,1.1453,0.975,0,0,0
P14,2027-02-07,0.9993,1.1035,0.975,0,0,0
P14,2027-02-08,1.0004,0.9153,0.975,0,0,0
P14,2027-02-09,0.9968,0.9382,0.975,0,0,0
P14,2027-02-10,0.9943,0.9467,0.975,0,0,0
P14,2027-02-11,0.994,1.0066,0.975,0,0,0
P14,2027-02-12,0.99,1.0313,0.975,0,0,0
P14,2027-02-13,0.9889,1.1453,0.975,0,0,0
P14,2027-02-14,0.9878,1.1035,0.975,0,0,0
P14,2027-02-15,0.9844,0.9153,0.975,0,0,0
P14,2027-02-16,0.9774,0.9382,0.975,0,0,0
P14,2027-02-17,0.9804,0.9467,0.975,0,0,0
P14,2027-02-18,0.9808,1.0066,0.975,0,0,0
P14,2027-02-19,0.9784,1.0313,0.975,0,0,0
P14,2027-02-20,0.9796,1.1453,0.975,0,0,0
P14,2027-02-21,0.9802,1.1035,0.975,0,0,0
P14,2027-02-22,0.978,0.9153,0.975,0,0,0
P14,2027-02-23,0.9798,0.9382,0.975,0,0,0
P14,2027-02-24,0.9796,0.9467,0.975,0,0,0
P14,2027-02-25,0.979,1.0066,0.975,0,0,0
P14,2027-02-26,0.9767,1.0313,0.975,0,0,0
P14,2027-02-27,0.9793,1.1453,0.975,0,0,0
P14,2027-02-28,0.9766,1.1035,0.975,0,0,0
P14,2027-03-01,0.976,0.9153,1.0143,0,0,0
P14,2027-03-02,0.976,0.9382,1.0143,0,0,0
P14,2027-03-03,0.9744,0.9467,1.0143,0,0,0
P14,2027-03-04,0.974,1.0066,1.0143,0,0,0
P14,2027-03-05,0.9729,1.0313,1.4406,0,0,0
P14,2027-03-06,0.9769,1.1453,1.4406,0,0,0
P14,2027-03-07,0.9765,1.1035,1.0143,0,0,0
P14,2027-03-08,0.9763,0.9153,1.0143,0,0,0
P14,2027-03-09,0.9759,0.9382,1.0143,0,0,0
P14,2027-03-10,0.974,0.9467,1.0143,0,0,0
P14,2027-03-11,0.9756,1.0066,1.0143,0,0,0
P14,2027-03-12,0.9776,1.0313,1.4406,0,0,0
P14,2027-03-13,0.9758,1.1453,1.4406,0,0,0
P14,2027-03-14,0.9796,1.1035,1.0143,0,0,0
P14,2027-03-15,0.9784,0.9153,1.0143,0,0,0
P14,2027-03-16,0.9808,0.9382,1.0143,0,0,0
P14,2027-03-17,0.9832,0.9467,1.0143,0,0,0
P14,2027-03-18,0.9818,1.0066,1.0143,0,0,0
P14,2027-03-19,0.9789,1.0313,1.4406,0,0,0
P14,2027-03-20,0.9791,1.1453,1.4406,0,0,0
P14,2027-03-21,0.9781,1.1035,1.0143,0,0,0
P14,2027-03-22,0.9778,0.9153,1.0143,0,0,0
P14,2027-03-23,0.9783,0.9382,1.0143,0,0,0
P14,2027-03-24,0.9804,0.9467,1.0143,0,0,0
P14,2027-03-25,0.9817,1.0066,1.0143,0,0,0
P14,2027-03-26,0.982,1.0313,1.4406,0,0,0
P14,2027-03-27,0.9835,1.1453,1.4406,0,0,0
P14,2027-03-28,0.982,1.1035,1.0143,0,0,0
P14,2027-03-29,0.9846,0.9153,1.0143,0,0,0
P14,2027-03-30,0.9829,0.9382,1.0143,0,0,0
P14,2027-03-31,0.9822,0.9467,1.0143,0,0,0
P14,2027-04-01,0.981,1.0066,1.0143,0,0,0
P14,2027-04-02,0.9773,1.0313,1.0143,0,0,0
P14,2027-04-03,0.9732,1.1453,1.1532,0,0,0
P14,2027-04-04,0.9718,1.1035,1.1532,0,0,0
P14,2027-04-05,0.9743,0.9153,1.0143,0,0,0
P14,2027-04-06,0.9727,0.9382,1.0143,0,0,0
P14,2027-04-07,0.9729,0.9467,1.0143,0,0,0
P14,2027-04-08,0.9729,1.0066,1.0143,0,0,0
P14,2027-04-09,0.9715,1.0313,1.0143,0,0,0
P14,2027-04-10,0.9673,1.1453,1.1532,0,0,0
P14,2027-04-11,0.9686,1.1035,1.1532,0,0,0
P14,2027-04-12,0.9717,0.9153,1.0143,0,0,0
P14,2027-04-13,0.974,0.9382,1.0143,0,0,0
P14,2027-04-14,0.9708,0.9467,1.0143,0,0,0
P14,2027-04-15,0.973,1.0066,1.0143,0,0,0
P14,2027-04-16,0.9737,1.0313,1.0143,0,0,0
P14,2027-04-17,0.9758,1.1453,1.1532,0,0,0
P14,2027-04-18,0.9708,1.1035,1.1532,0,0,0
P14,2027-04-19,0.9658,0.9153,1.0143,0,0,0
P14,2027-04-20,0.9674,0.9382,1.0143,0,0,0
P14,2027-04-21,0.9695,0.9467,1.0143,0,0,0
P14,2027-04-22,0.9677,1.0066,1.0143,0,0,0
P14,2027-04-23,0.9679,1.0313,1.0143,0,0,0
P14,2027-04-24,0.9674,1.1453,1.1532,0,0,0
P14,2027-04-25,0.9666,1.1035,1.1532,0,0,0
P14,2027-04-26,0.9685,0.9153,1.0143,0,0,0
P14,2027-04-27,0.9708,0.9382,1.0143,0,0,0
P14,2027-04-28,0.9719,0.9467,1.0143,0,0,0
P14,2027-04-29,0.9718,1.0066,1.0143,0,0,0
P14,2027-04-30,0.9705,1.0313,1.0143,0,0,0
P14,2027-05-01,0.9709,1.1453,1.1532,0,0,0
P14,2027-05-02,0.9751,1.1035,1.1532,0,0,0
P14,2027-05-03,0.9753,0.9153,1.0143,0,0,0
P14,2027-05-04,0.9773,0.9382,1.0143,0,0,0
P14,2027-05-05,0.9797,0.9467,1.0143,0,0,0
P14,2027-05-06,0.9793,1.0066,1.0143,0,0,0
P14,2027-05-07,0.9776,1.0313,1.0143,0,0,0
P14,2027-05-08,0.976,1.1453,1.1532,0,0,0
P14,2027-05-09,0.977,1.1035,1.1532,0,0,0
P14,2027-05-10,0.9794,0.9153,1.0143,0,0,0
P14,2027-05-11,0.9806,0.9382,1.0143,0,0,0
P14,2027-05-12,0.9796,0.9467,1.0143,0,0,0
P14,2027-05-13,0.98,1.0066,1.0143,0,0,0
P14,2027-05-14,0.9797,1.0313,1.0143,0,0,0
P14,2027-05-15,0.9805,1.1453,1.1532,0,0,0
P14,2027-05-16,0.9817,1.1035,1.1532,0,0,0
P14,2027-05-17,0.9817,0.9153,1.0143,0,0,0
P14,2027-05-18,0.9797,0.9382,1.0143,0,0,0
P14,2027-05-19,0.9774,0.9467,1.0143,0,0,0
P14,2027-05-20,0.9786,1.0066,1.0143,0,0,0
P14,2027-05-21,0.9782,1.0313,1.0143,0,0,0
P14,2027-05-22,0.9796,1.1453,1.1532,0,0,0
P14,2027-05-23,0.9806,1.1035,1.1532,0,0,0
P14,2027-05-24,0.9809,0.9153,1.0143,0,0,0
P14,2027-05-25,0.9778,0.9382,1.0143,0,0,0
P14,2027-05-26,0.9748,0.9467,1.0143,0,0,0
P14,2027-05-27,0.9742,1.0066,1.0143,0,0,0
P14,2027-05-28,0.9714,1.0313,1.0143,0,0,0
P14,2027-05-29,0.9723,1.1453,1.1532,0,0,0
P14,2027-05-30,0.973,1.1035,1.1532,0,0,0
P14,2027-05-31,0.9751,0.9153,1.0143,0,0,0
P14,2027-06-01,0.9784,0.9382,1.0143,0,0,0
P14,2027-06-02,0.9786,0.9467,1.0143,0,0,0
P14,2027-06-03,0.9781,1.0066,1.0143,0,0,0
P14,2027-06-04,0.975,1.0313,1.0143,0,0,0
P14,2027-06-05,0.9764,1.1453,1.0143,0,0,0
P14,2027-06-06,0.9774,1.1035,1.0143,0,0,0
P14,2027-06-07,0.9784,0.9153,1.0143,0,0,0
P14,2027-06-08,0.9768,0.9382,1.0143,0,0,0
P14,2027-06-09,0.9748,0.9467,1.0143,0,0,0
P14,2027-06-10,0.9714,1.0066,1.0143,0,0,0
P14,2027-06-11,0.971,1.0313,1.0143,0,0,0
P14,2027-06-12,0.9696,1.1453,1.0143,0,0,0
P14,2027-06-13,0.9682,1.1035,1.0143,0,0,0
P14,2027-06-14,0.9682,0.9153,1.0143,0,0,0
P14,2027-06-15,0.9659,0.9382,1.0143,0,0,0
P14,2027-06-16,0.9646,0.9467,1.0143,0,0,0
P14,2027-06-17,0.9641,1.0066,1.0143,0,0,0
P14,2027-06-18,0.9637,1.0313,1.0143,0,0,0
P14,2027-06-19,0.9646,1.1453,1.0143,0,0,0
P14,2027-06-20,0.9657,1.1035,1.0143,0,0,0
P14,2027-06-21,0.9669,0.9153,1.0143,0,0,0
P14,2027-06-22,0.9655,0.9382,1.0143,0,0,0
P14,2027-06-23,0.9663,0.9467,1.0143,0,0,0
P14,2027-06-24,0.9683,1.0066,1.0143,0,0,0
P14,2027-06-25,0.9683,1.0313,1.0143,0,0,0
P14,2027-06-26,0.9676,1.1453,1.0143,0,0,0
P14,2027-06-27,0.9618,1.1035,1.0143,0,0,0
P14,2027-06-28,0.9629,0.9153,1.0143,0,0,0
P14,2027-06-29,0.9624,0.9382,1.0143,0,0,0
P14,2027-06-30,0.9608,0.9467,1.0143,0,0,0
P14,2027-07-01,0.9626,1.0066,1.0746,0,0,0
P14,2027-07-02,0.9618,1.0313,1.5264,0,0,0
P14,2027-07-03,0.9597,1.1453,1.5264,0,0,0
P14,2027-07-04,0.9537,1.1035,1.0746,0,0,0
P14,2027-07-05,0.9551,0.9153,1.0746,0,0,0
P14,2027-07-06,0.9547,0.9382,1.0746,0,0,0
P14,2027-07-07,0.9528,0.9467,1.0746,0,0,0
P14,2027-07-08,0.9525,1.0066,1.0746,0,0,0
P14,2027-07-09,0.9552,1.0313,1.5264,0,0,0
P14,2027-07-10,0.9549,1.1453,1.5264,0,0,0
P14,2027-07-11,0.9517,1.1035,1.0746,0,0,0
P14,2027-07-12,0.9486,0.9153,1.0746,0,0,0
P14,2027-07-13,0.9518,0.9382,1.0746,0,0,0
P14,2027-07-14,0.9506,0.9467,1.0746,0,0,0
P14,2027-07-15,0.9531,1.0066,1.0746,0,0,0
P14,2027-07-16,0.9515,1.0313,1.5264,0,0,0
P14,2027-07-17,0.9527,1.1453,1.5264,0,0,0
P14,2027-07-18,0.9594,1.1035,1.0746,0,0,0
P14,2027-07-19,0.9583,0.9153,1.0746,0,0,0
P14,2027-07-20,0.9593,0.9382,1.0746,0,0,0
P14,2027-07-21,0.9613,0.9467,1.0746,0,0,0
P14,2027-07-22,0.9637,1.0066,1.0746,0,0,0
P14,2027-07-23,0.9666,1.0313,1.5264,0,0,0
P14,2027-07-24,0.9694,1.1453,1.5264,0,0,0
P14,2027-07-25,0.968,1.1035,1.0746,0,0,0
P14,2027-07-26,0.9674,0.9153,1.0746,0,0,0
P14,2027-07-27,0.9676,0.9382,1.0746,0,0,0
P14,2027-07-28,0.9671,0.9467,1.0746,0,0,0
P14,2027-07-29,0.9692,1.0066,1.0746,0,0,0
P14,2027-07-30,0.9681,1.0313,1.5264,0,0,0
P14,2027-07-31,0.9659,1.1453,1.5264,0,0,0
P14,2027-08-01,0.9666,1.1035,1.0746,0,0,0
P14,2027-08-02,0.9635,0.9153,1.0746,0,0,0
P14,2027-08-03,0.9631,0.9382,1.0746,0,0,0
P14,2027-08-04,0.9614,0.9467,1.0746,0,0,0
P14,2027-08-05,0.9627,1.0066,1.0746,0,0,0
P14,2027-08-06,0.9648,1.0313,1.0746,0,0,0
P14,2027-08-07,0.9613,1.1453,1.0746,0,0,0
P14,2027-08-08,0.9583,1.1035,1.0746,0,0,0
P14,2027-08-09,0.9576,0.9153,1.0746,0,0,0
P14,2027-08-10,0.9606,0.9382,1.0746,0,0,0
P14,2027-08-11,0.9587,0.9467,1.0746,0,0,0
P14,2027-08-12,0.9572,1.0066,1.0746,0,0,0
P14,2027-08-13,0.9565,1.0313,1.0746,0,0,0
P14,2027-08-14,0.9546,1.1453,1.0746,0,0,0
P14,2027-08-15,0.9543,1.1035,2.1828,0,0,0
P14,2027-08-16,0.9529,0.9153,2.1828,0,0,0
P14,2027-08-17,0.9552,0.9382,2.1828,0,0,0
P14,2027-08-18,0.9571,0.9467,1.0746,0,0,0
P14,2027-08-19,0.9596,1.0066,1.0746,0,0,0
P14,2027-08-20,0.9629,1.0313,1.0746,0,0,0
P14,2027-08-21,0.9635,1.1453,1.0746,0,0,0
P14,2027-08-22,0.964,1.1035,1.0746,0,0,0
P14,2027-08-23,0.9694,0.9153,1.0746,0,0,0
P14,2027-08-24,0.9745,0.9382,1.0746,0,0,0
P14,2027-08-25,0.9752,0.9467,1.0746,0,0,0
P14,2027-08-26,0.9745,1.0066,1.0746,0,0,0
P14,2027-08-27,0.9772,1.0313,1.0746,0,0,0
P14,2027-08-28,0.9757,1.1453,1.0746,0,0,0
P14,2027-08-29,0.9747,1.1035,1.0746,0,0,0
P14,2027-08-30,0.9732,0.9153,1.0746,0,0,0
P14,2027-08-31,0.9743,0.9382,1.0746,0,0,0
P14,2027-09-01,0.9758,0.9467,1.0746,0,0,0
P14,2027-09-02,0.9746,1.0066,1.0746,0,0,0
P14,2027-09-03,0.9734,1.0313,1.0746,0,0,0
P14,2027-09-04,0.9736,1.1453,1.0746,0,0,0
P14,2027-09-05,0.9769,1.1035,1.0746,0,0,0
P14,2027-09-06,0.9751,0.9153,1.0746,0,0,0
P14,2027-09-07,0.9753,0.9382,1.0746,0,0,0
P14,2027-09-08,0.9741,0.9467,1.0746,0,0,0
P14,2027-09-09,0.9694,1.0066,1.0746,0,0,0
P14,2027-09-10,0.9668,1.0313,1.0746,0,0,0
P14,2027-09-11,0.9644,1.1453,1.0746,0,0,0
P14,2027-09-12,0.9656,1.1035,1.0746,0,0,0
P14,2027-09-13,0.9686,0.9153,1.0746,0,0,0
P14,2027-09-14,0.9704,0.9382,1.0746,0,0,0
P14,2027-09-15,0.9732,0.9467,1.0746,0,0,0
P14,2027-09-16,0.9722,1.0066,1.0746,0,0,0
P14,2027-09-17,0.9744,1.0313,1.0746,0,0,0
P14,2027-09-18,0.9714,1.1453,1.0746,0,0,0
P14,2027-09-19,0.9679,1.1035,1.0746,0,0,0
P14,2027-09-20,0.9656,0.9153,1.0746,0,0,0
P14,2027-09-21,0.9688,0.9382,1.0746,0,0,0
P14,2027-09-22,0.9661,0.9467,1.0746,0,0,0
P14,2027-09-23,0.9654,1.0066,1.0746,0,0,0
P14,2027-09-24,0.9675,1.0313,1.0746,0,0,0
P14,2027-09-25,0.9689,1.1453,1.0746,0,0,0
P14,2027-09-26,0.973,1.1035,1.0746,0,0,0
P14,2027-09-27,0.9781,0.9153,1.0746,0,0,0
P14,2027-09-28,0.9785,0.9382,1.0746,0,0,0
P14,2027-09-29,0.9795,0.9467,1.0746,0,0,0
P14,2027-09-30,0.9859,1.0066,1.0746,0,0,0
P14,2027-10-01,0.991,1.0313,1.4204,0,0,0
P14,2027-10-02,0.9966,1.1453,1.4204,0,0,0
P14,2027-10-03,0.9999,1.1035,1.0,0,0,0
P14,2027-10-04,1.0053,0.9153,1.0,0,0,0
P14,2027-10-05,1.0069,0.9382,1.0,0,0,0
P14,2027-10-06,1.0048,0.9467,1.0,0,0,0
P14,2027-10-07,1.0046,1.0066,1.0,0,0,0
P14,2027-10-08,1.0076,1.0313,1.4204,0,0,0
P14,2027-10-09,1.0101,1.1453,1.4204,0,0,0
P14,2027-10-10,1.0109,1.1035,1.0,0,0,0
P14,2027-10-11,1.0088,0.9153,1.0,0,0,0
P14,2027-10-12,1.0076,0.9382,1.0,0,0,0
P14,2027-10-13,1.0073,0.9467,1.0,0,0,0
P14,2027-10-14,1.0083,1.0066,1.0,0,0,0
P14,2027-10-15,1.0132,1.0313,1.4204,0,0,0
P14,2027-10-16,1.0116,1.1453,1.4204,0,0,0
P14,2027-10-17,1.015,1.1035,1.0,0,0,0
P14,2027-10-18,1.0165,0.9153,1.0,0,0,0
P14,2027-10-19,1.0186,0.9382,1.0,0,0,0
P14,2027-10-20,1.018,0.9467,2.9896,0,0,0
P14,2027-10-21,1.0185,1.0066,2.9896,0,0,0
P14,2027-10-22,1.0183,1.0313,2.9896,0,0,0
P14,2027-10-23,1.0203,1.1453,2.9896,0,0,0
P14,2027-10-24,1.0224,1.1035,2.9896,0,0,0
P14,2027-10-25,1.0238,0.9153,2.9896,0,0,0
P14,2027-10-26,1.0248,0.9382,1.0,0,0,0
P14,2027-10-27,1.0269,0.9467,1.0,0,0,0
P14,2027-10-28,1.028,1.0066,1.0,0,0,0
P14,2027-10-29,1.0307,1.0313,1.4204,0,0,0
P14,2027-10-30,1.0307,1.1453,1.4204,0,0,0
P14,2027-10-31,1.035,1.1035,1.0,0,0,0
P14,2027-11-01,1.0347,0.9153,2.7991,0,0,0
P14,2027-11-02,1.0347,0.9382,2.7991,0,0,0
P14,2027-11-03,1.0347,0.9467,2.7991,0,0,0
P14,2027-11-04,1.0343,1.0066,0.975,0,0,0
P14,2027-11-05,1.0401,1.0313,0.975,0,0,0
P14,2027-11-06,1.0446,1.1453,0.975,0,0,0
P14,2027-11-07,1.0472,1.1035,0.975,0,0,0
P14,2027-11-08,1.0464,0.9153,0.975,0,0,0
P14,2027-11-09,1.0479,0.9382,0.975,0,0,0
P14,2027-11-10,1.0514,0.9467,0.975,0,0,0
P14,2027-11-11,1.0503,1.0066,0.975,0,0,0
P14,2027-11-12,1.0518,1.0313,0.975,0,0,0
P14,2027-11-13,1.0543,1.1453,0.975,0,0,0
P14,2027-11-14,1.057,1.1035,0.975,0,0,0
P14,2027-11-15,1.0577,0.9153,0.975,0,0,0
P14,2027-11-16,1.0585,0.9382,0.975,0,0,0
P14,2027-11-17,1.058,0.9467,0.975,0,0,0
P14,2027-11-18,1.0549,1.0066,0.975,0,0,0
P14,2027-11-19,1.0556,1.0313,0.975,0,0,0
P14,2027-11-20,1.0536,1.1453,0.975,0,0,0
P14,2027-11-21,1.051,1.1035,0.975,0,0,0
P14,2027-11-22,1.0488,0.9153,0.975,0,0,0
P14,2027-11-23,1.0502,0.9382,0.975,0,0,0
P14,2027-11-24,1.0527,0.9467,0.975,0,0,0
P14,2027-11-25,1.0513,1.0066,0.975,0,0,0
P14,2027-11-26,1.0538,1.0313,0.975,0,0,0
P14,2027-11-27,1.0549,1.1453,0.975,0,0,0
P14,2027-11-28,1.0553,1.1035,0.975,0,0,0
P14,2027-11-29,1.0549,0.9153,0.975,0,0,0
P14,2027-11-30,1.0571,0.9382,0.975,0,0,0
P14,2027-12-01,1.0598,0.9467,0.975,0,0,0
P14,2027-12-02,1.062,1.0066,0.975,0,0,0
P14,2027-12-03,1.0623,1.0313,0.975,0,0,0
P14,2027-12-04,1.0594,1.1453,0.975,0,0,0
P14,2027-12-05,1.0644,1.1035,0.975,0,0,0
P14,2027-12-06,1.0682,0.9153,0.975,0,0,0
P14,2027-12-07,1.0742,0.9382,0.975,0,0,0
P14,2027-12-08,1.0813,0.9467,0.975,0,0,0
P14,2027-12-09,1.0873,1.0066,0.975,0,0,0
P14,2027-12-10,1.0926,1.0313,0.975,0,0,0
P14,2027-12-11,1.0913,1.1453,0.975,0,0,0
P14,2027-12-12,1.0891,1.1035,0.975,0,0,0
P14,2027-12-13,1.088,0.9153,0.975,0,0,0
P14,2027-12-14,1.0874,0.9382,0.975,0,0,0
P14,2027-12-15,1.091,0.9467,0.975,0,0,0
P14,2027-12-16,1.0897,1.0066,0.975,0,0,0
P14,2027-12-17,1.0944,1.0313,0.975,0,0,0
P14,2027-12-18,1.1006,1.1453,0.975,0,0,0
P14,2027-12-19,1.1079,1.1035,0.975,0,0,0
P14,2027-12-20,1.1037,0.9153,0.975,0,0,0
P14,2027-12-21,1.1078,0.9382,0.975,0,0,0
P14,2027-12-22,1.1107,0.9467,0.975,0,0,0
P14,2027-12-23,1.1094,1.0066,0.975,0,0,0
P14,2027-12-24,1.112,1.0313,0.975,0,0,0
P14,2027-12-25,1.1079,1.1453,0.975,0,0,0
P14,2027-12-26,1.1042,1.1035,0.975,0,0,0
P14,2027-12-27,1.1103,0.9153,0.975,0,0,0
P14,2027-12-28,1.1105,0.9382,0.975,0,0,0
P14,2027-12-29,1.1079,0.9467,0.975,0,0,0
P14,2027-12-30,1.1069,1.0066,0.975,0,0,0
P14,2027-12-31,1.1048,1.0313,0.975,0,0,0
P15,2026-01-01,0.5932,0.9892,0.5888,0,0,0
P15,2026-01-02,0.5952,1.0765,0.9361,0,0,0
P15,2026-01-03,0.5982,1.0854,0.9361,0,0,0
P15,2026-01-04,0.5979,1.0828,0.9361,0,0,0
P15,2026-01-05,0.5998,0.9221,0.9361,0,0,0
P15,2026-01-06,0.6034,0.9661,0.9361,0,0,0
P15,2026-01-07,0.6056,0.9474,0.9361,0,0,0
P15,2026-01-08,0.6071,0.9892,0.9361,0,0,0
P15,2026-01-09,0.6096,1.0765,0.9361,0,0,0
P15,2026-01-10,0.612,1.0854,0.9361,0,0,0
P15,2026-01-11,0.6121,1.0828,0.9361,0,0,0
P15,2026-01-12,0.6123,0.9221,0.9361,0,0,0
P15,2026-01-13,0.6137,0.9661,1.2865,0,0,0
P15,2026-01-14,0.6169,0.9474,1.2865,0,0,0
P15,2026-01-15,0.6227,0.9892,1.2865,0,0,0
P15,2026-01-16,0.6272,1.0765,1.2865,0,0,0
P15,2026-01-17,0.6291,1.0854,0.9361,0,0,0
P15,2026-01-18,0.6312,1.0828,0.9361,0,0,0
P15,2026-01-19,0.6347,0.9221,0.9361,0,0,0
P15,2026-01-20,0.6337,0.9661,0.9361,0,0,0
P15,2026-01-21,0.6322,0.9474,0.9361,0,0,0
P15,2026-01-22,0.632,0.9892,0.9361,0,0,0
P15,2026-01-23,0.6353,1.0765,0.9361,0,0,0
P15,2026-01-24,0.6418,1.0854,0.9361,0,0,0
P15,2026-01-25,0.6414,1.0828,0.9361,0,0,0
P15,2026-01-26,0.6419,0.9221,0.5888,0,0,0
P15,2026-01-27,0.6433,0.9661,0.9361,0,0,0
P15,2026-01-28,0.6442,0.9474,0.9361,0,0,0
P15,2026-01-29,0.646,0.9892,0.9361,0,0,0
P15,2026-01-30,0.6523,1.0765,0.9361,0,0,0
P15,2026-01-31,0.6525,1.0854,0.9361,0,0,0
P15,2026-02-01,0.652,1.0828,0.9361,0,0,0
P15,2026-02-02,0.6523,0.9221,0.9361,0,0,0
P15,2026-02-03,0.6522,0.9661,0.9361,0,0,0
P15,2026-02-04,0.6532,0.9474,0.9361,0,0,0
P15,2026-02-05,0.6567,0.9892,0.9361,0,0,0
P15,2026-02-06,0.6608,1.0765,0.9361,0,0,0
P15,2026-02-07,0.6605,1.0854,0.9361,0,0,0
P15,2026-02-08,0.6632,1.0828,0.9361,0,0,0
P15,2026-02-09,0.6657,0.9221,0.9361,0,0,0
P15,2026-02-10,0.6705,0.9661,0.9361,0,0,0
P15,2026-02-11,0.6727,0.9474,0.9361,0,0,0
P15,2026-02-12,0.6777,0.9892,0.9361,0,0,0
P15,2026-02-13,0.6809,1.0765,0.9361,0,0,0
P15,2026-02-14,0.6856,1.0854,0.9361,0,0,0
P15,2026-02-15,0.6873,1.0828,0.9361,0,0,0
P15,2026-02-16,0.6888,0.9221,0.9361,0,0,0
P15,2026-02-17,0.6948,0.9661,0.9361,0,0,0
P15,2026-02-18,0.7021,0.9474,0.9361,0,0,0
P15,2026-02-19,0.7041,0.9892,0.9361,0,0,0
P15,2026-02-20,0.7056,1.0765,0.9361,0,0,0
P15,2026-02-21,0.7107,1.0854,0.9361,0,0,0
P15,2026-02-22,0.7153,1.0828,0.9361,0,0,0
P15,2026-02-23,0.7188,0.9221,0.9361,0,0,0
P15,2026-02-24,0.7251,0.9661,0.9361,0,0,0
P15,2026-02-25,0.7328,0.9474,0.9361,0,0,0
P15,2026-02-26,0.7354,0.9892,0.9361,0,0,0
P15,2026-02-27,0.738,1.0765,0.9361,0,0,0
P15,2026-02-28,0.7426,1.0854,0.9361,0,0,0
P15,2026-03-01,0.749,1.0828,1.174,0,0,0
P15,2026-03-02,0.7578,0.9221,1.174,0,0,0
P15,2026-03-03,0.7636,0.9661,1.174,0,0,0
P15,2026-03-04,0.7702,0.9474,1.174,0,0,0
P15,2026-03-05,0.7752,0.9892,1.174,0,0,0
P15,2026-03-06,0.7756,1.0765,1.5569,0,0,0
P15,2026-03-07,0.7787,1.0854,1.5569,0,0,0
P15,2026-03-08,0.7826,1.0828,1.174,0,0,0
P15,2026-03-09,0.7879,0.9221,1.174,0,0,0
P15,2026-03-10,0.7911,0.9661,1.174,0,0,0
P15,2026-03-11,0.7934,0.9474,1.174,0,0,0
P15,2026-03-12,0.7978,0.9892,1.174,0,0,0
P15,2026-03-13,0.7958,1.0765,1.5569,0,0,0
P15,2026-03-14,0.8,1.0854,1.5569,0,0,0
P15,2026-03-15,0.8037,1.0828,1.174,0,0,0
P15,2026-03-16,0.8062,0.9221,1.174,0,0,0
P15,2026-03-17,0.8106,0.9661,1.174,0,0,0
P15,2026-03-18,0.8147,0.9474,1.174,0,0,0
P15,2026-03-19,0.8175,0.9892,1.174,0,0,0
P15,2026-03-20,0.8223,1.0765,1.5569,0,0,0
P15,2026-03-21,0.8256,1.0854,1.5569,0,0,0
P15,2026-03-22,0.828,1.0828,1.174,0,0,0
P15,2026-03-23,0.8329,0.9221,1.174,0,0,0
P15,2026-03-24,0.8382,0.9661,1.174,0,0,0
P15,2026-03-25,0.8454,0.9474,1.174,0,0,0
P15,2026-03-26,0.8472,0.9892,1.174,0,0,0
P15,2026-03-27,0.8472,1.0765,1.5569,0,0,0
P15,2026-03-28,0.8497,1.0854,1.5569,0,0,0
P15,2026-03-29,0.8527,1.0828,1.174,0,0,0
P15,2026-03-30,0.8573,0.9221,1.174,0,0,0
P15,2026-03-31,0.8628,0.9661,1.174,0,0,0
P15,2026-04-01,0.8643,0.9474,1.174,0,0,0
P15,2026-04-02,0.8651,0.9892,1.174,0,0,0
P15,2026-04-03,0.8646,1.0765,1.174,0,0,0
P15,2026-04-04,0.8672,1.0854,1.5191,0,0,0
P15,2026-04-05,0.8721,1.0828,1.5191,0,0,0
P15,2026-04-06,0.8726,0.9221,1.174,0,0,0
P15,2026-04-07,0.8753,0.9661,1.174,0,0,0
P15,2026-04-08,0.8777,0.9474,1.174,0,0,0
P15,2026-04-09,0.8777,0.9892,1.174,0,0,0
P15,2026-04-10,0.8796,1.0765,1.174,0,0,0
P15,2026-04-11,0.8816,1.0854,1.5191,0,0,0
P15,2026-04-12,0.8844,1.0828,1.5191,0,0,0
P15,2026-04-13,0.884,0.9221,1.174,0,0,0
P15,2026-04-14,0.8879,0.9661,1.174,0,0,0
P15,2026-04-15,0.8887,0.9474,1.174,0,0,0
P15,2026-04-16,0.887,0.9892,1.174,0,0,0
P15,2026-04-17,0.8892,1.0765,1.174,0,0,0
P15,2026-04-18,0.8922,1.0854,1.5191,0,0,0
P15,2026-04-19,0.8931,1.0828,1.5191,0,0,0
P15,2026-04-20,0.8998,0.9221,1.174,0,0,0
P15,2026-04-21,0.9045,0.9661,1.174,0,0,0
P15,2026-04-22,0.9081,0.9474,1.174,0,0,0
P15,2026-04-23,0.91,0.9892,1.174,0,0,0
P15,2026-04-24,0.9082,1.0765,1.174,0,0,0
P15,2026-04-25,0.9137,1.0854,1.5191,0,0,0
P15,2026-04-26,0.9157,1.0828,1.5191,0,0,0
P15,2026-04-27,0.9194,0.9221,1.174,0,0,0
P15,2026-04-28,0.924,0.9661,1.174,0,0,0
P15,2026-04-29,0.9259,0.9474,1.174,0,0,0
P15,2026-04-30,0.9251,0.9892,1.174,0,0,0
P15,2026-05-01,0.9281,1.0765,1.174,0,0,0
P15,2026-05-02,0.9327,1.0854,1.5191,0,0,0
P15,2026-05-03,0.9375,1.0828,1.5191,0,0,0
P15,2026-05-04,0.9406,0.9221,1.174,0,0,0
P15,2026-05-05,0.9431,0.9661,1.174,0,0,0
P15,2026-05-06,0.9432,0.9474,1.174,0,0,0
P15,2026-05-07,0.9458,0.9892,1.174,0,0,0
P15,2026-05-08,0.9487,1.0765,1.174,0,0,0
P15,2026-05-09,0.9506,1.0854,1.5191,0,0,0
P15,2026-05-10,0.9515,1.0828,1.5191,0,0,0
P15,2026-05-11,0.9498,0.9221,1.174,0,0,0
P15,2026-05-12,0.9524,0.9661,1.174,0,0,0
P15,2026-05-13,0.9524,0.9474,1.174,0,0,0
P15,2026-05-14,0.9543,0.9892,1.174,0,0,0
P15,2026-05-15,0.9552,1.0765,1.174,0,0,0
P15,2026-05-16,0.957,1.0854,1.5191,0,0,0
P15,2026-05-17,0.9606,1.0828,1.5191,0,0,0
P15,2026-05-18,0.9616,0.9221,1.174,0,0,0
P15,2026-05-19,0.9595,0.9661,1.174,0,0,0
P15,2026-05-20,0.9595,0.9474,1.174,0,0,0
P15,2026-05-21,0.9614,0.9892,1.174,0,0,0
P15,2026-05-22,0.9588,1.0765,1.174,0,0,0
P15,2026-05-23,0.9582,1.0854,1.5191,0,0,0
P15,2026-05-24,0.9583,1.0828,1.5191,0,0,0
P15,2026-05-25,0.9568,0.9221,1.174,0,0,0
P15,2026-05-26,0.9559,0.9661,1.174,0,0,0
P15,2026-05-27,0.955,0.9474,1.174,0,0,0
P15,2026-05-28,0.9555,0.9892,1.174,0,0,0
P15,2026-05-29,0.9572,1.0765,1.174,0,0,0
P15,2026-05-30,0.9529,1.0854,1.5191,0,0,0
P15,2026-05-31,0.949,1.0828,1.5191,0,0,0
P15,2026-06-01,0.9474,0.9221,1.174,0,0,0
P15,2026-06-02,0.9477,0.9661,1.174,0,0,0
P15,2026-06-03,0.9482,0.9474,1.174,0,0,0
P15,2026-06-04,0.9534,0.9892,1.174,0,0,0
P15,2026-06-05,0.9518,1.0765,1.174,0,0,0
P15,2026-06-06,0.9501,1.0854,1.174,0,0,0
P15,2026-06-07,0.9479,1.0828,1.174,0,0,0
P15,2026-06-08,0.9494,0.9221,1.174,0,0,0
P15,2026-06-09,0.9514,0.9661,1.174,0,0,0
P15,2026-06-10,0.9479,0.9474,1.174,0,0,0
P15,2026-06-11,0.949,0.9892,1.174,0,0,0
P15,2026-06-12,0.9486,1.0765,1.174,0,0,0
P15,2026-06-13,0.9483,1.0854,1.174,0,0,0
P15,2026-06-14,0.9515,1.0828,1.174,0,0,0
P15,2026-06-15,0.9546,0.9221,1.174,0,0,0
P15,2026-06-16,0.9507,0.9661,1.174,0,0,0
P15,2026-06-17,0.9475,0.9474,1.174,0,0,0
P15,2026-06-18,0.9467,0.9892,1.174,0,0,0
P15,2026-06-19,0.9482,1.0765,1.174,0,0,0
P15,2026-06-20,0.9466,1.0854,1.174,0,0,0
P15,2026-06-21,0.9446,1.0828,1.174,0,0,0
P15,2026-06-22,0.9433,0.9221,1.174,0,0,0
P15,2026-06-23,0.9433,0.9661,1.174,0,0,0
P15,2026-06-24,0.9431,0.9474,1.174,0,0,0
P15,2026-06-25,0.9438,0.9892,1.174,0,0,0
P15,2026-06-26,0.9432,1.0765,1.174,0,0,0
P15,2026-06-27,0.9476,1.0854,1.174,0,0,0
P15,2026-06-28,0.9445,1.0828,1.174,0,0,0
P15,2026-06-29,0.9412,0.9221,1.174,0,0,0
P15,2026-06-30,0.9463,0.9661,1.174,0,0,0
P15,2026-07-01,0.9477,0.9474,0.9062,0,0,0
P15,2026-07-02,0.9502,0.9892,0.9062,0,0,0
P15,2026-07-03,0.9516,1.0765,1.2018,0,0,0
P15,2026-07-04,0.9473,1.0854,1.2018,0,0,0
P15,2026-07-05,0.9491,1.0828,0.9062,0,0,0
P15,2026-07-06,0.9485,0.9221,0.9062,0,0,0
P15,2026-07-07,0.9478,0.9661,0.9062,0,0,0
P15,2026-07-08,0.9494,0.9474,0.9062,0,0,0
P15,2026-07-09,0.9493,0.9892,0.9062,0,0,0
P15,2026-07-10,0.9511,1.0765,1.2018,0,0,0
P15,2026-07-11,0.9484,1.0854,1.2018,0,0,0
P15,2026-07-12,0.951,1.0828,0.9062,0,0,0
P15,2026-07-13,0.9447,0.9221,0.9062,0,0,0
P15,2026-07-14,0.9422,0.9661,0.9062,0,0,0
P15,2026-07-15,0.945,0.9474,0.9062,0,0,0
P15,2026-07-16,0.9452,0.9892,0.9062,0,0,0
P15,2026-07-17,0.9461,1.0765,1.2018,0,0,0
P15,2026-07-18,0.9479,1.0854,1.2018,0,0,0
P15,2026-07-19,0.9461,1.0828,0.9062,0,0,0
P15,2026-07-20,0.9467,0.9221,0.9062,0,0,0
P15,2026-07-21,0.953,0.9661,0.9062,0,0,0
P15,2026-07-22,0.9527,0.9474,0.9062,0,0,0
P15,2026-07-23,0.9538,0.9892,0.9062,0,0,0
P15,2026-07-24,0.9538,1.0765,1.2018,0,0,0
P15,2026-07-25,0.9502,1.0854,1.2018,0,0,0
P15,2026-07-26,0.9481,1.0828,0.9062,0,0,0
P15,2026-07-27,0.95,0.9221,0.9062,0,0,0
P15,2026-07-28,0.9492,0.9661,0.9062,0,0,0
P15,2026-07-29,0.9458,0.9474,0.9062,0,0,0
P15,2026-07-30,0.9485,0.9892,0.9062,0,0,0
P15,2026-07-31,0.9497,1.0765,1.2018,0,0,0
P15,2026-08-01,0.95,1.0854,0.9062,0,0,0
P15,2026-08-02,0.9503,1.0828,0.9062,0,0,0
P15,2026-08-03,0.9537,0.9221,0.9062,0,0,0
P15,2026-08-04,0.9528,0.9661,0.9062,0,0,0
P15,2026-08-05,0.9503,0.9474,0.9062,0,0,0
P15,2026-08-06,0.9523,0.9892,0.9062,0,0,0
P15,2026-08-07,0.9548,1.0765,0.9062,0,0,0
P15,2026-08-08,0.9549,1.0854,0.9062,0,0,0
P15,2026-08-09,0.9552,1.0828,0.9062,0,0,0
P15,2026-08-10,0.9516,0.9221,0.9062,0,0,0
P15,2026-08-11,0.947,0.9661,0.9062,0,0,0
P15,2026-08-12,0.9448,0.9474,0.9062,0,0,0
P15,2026-08-13,0.9436,0.9892,0.9062,0,0,0
P15,2026-08-14,0.9463,1.0765,0.9062,0,0,0
P15,2026-08-15,0.9427,1.0854,1.4283,0,0,0
P15,2026-08-16,0.9425,1.0828,1.4283,0,0,0
P15,2026-08-17,0.9412,0.9221,1.4283,0,0,0
P15,2026-08-18,0.9441,0.9661,0.9062,0,0,0
P15,2026-08-19,0.9461,0.9474,0.9062,0,0,0
P15,2026-08-20,0.9489,0.9892,0.9062,0,0,0
P15,2026-08-21,0.9491,1.0765,0.9062,0,0,0
P15,2026-08-22,0.9517,1.0854,0.9062,0,0,0
P15,2026-08-23,0.9541,1.0828,0.9062,0,0,0
P15,2026-08-24,0.9513,0.9221,0.9062,0,0,0
P15,2026-08-25,0.9583,0.9661,0.9062,0,0,0
P15,2026-08-26,0.9568,0.9474,0.9062,0,0,0
P15,2026-08-27,0.9546,0.9892,0.9062,0,0,0
P15,2026-08-28,0.9592,1.0765,0.9062,0,0,0
P15,2026-08-29,0.9604,1.0854,0.9062,0,0,0
P15,2026-08-30,0.9629,1.0828,0.9062,0,0,0
P15,2026-08-31,0.959,0.9221,0.9062,0,0,0
P15,2026-09-01,0.9606,0.9661,0.9062,0,0,0
P15,2026-09-02,0.955,0.9474,0.9062,0,0,0
P15,2026-09-03,0.9538,0.9892,0.9062,0,0,0
P15,2026-09-04,0.956,1.0765,0.9062,0,0,0
P15,2026-09-05,0.9562,1.0854,0.9062,0,0,0
P15,2026-09-06,0.9545,1.0828,0.9062,0,0,0
P15,2026-09-07,0.9523,0.9221,0.9062,0,0,0
P15,2026-09-08,0.9512,0.9661,0.9062,0,0,0
P15,2026-09-09,0.9484,0.9474,0.9062,0,0,0
P15,2026-09-10,0.9461,0.9892,0.9062,0,0,0
P15,2026-09-11,0.944,1.0765,0.9062,0,0,0
P15,2026-09-12,0.9477,1.0854,0.9062,0,0,0
P15,2026-09-13,0.9429,1.0828,0.9062,0,0,0
P15,2026-09-14,0.9447,0.9221,0.9062,0,0,0
P15,2026-09-15,0.9468,0.9661,0.9062,0,0,0
P15,2026-09-16,0.9483,0.9474,0.9062,0,0,0
P15,2026-09-17,0.9439,0.9892,0.9062,0,0,0
P15,2026-09-18,0.9447,1.0765,0.9062,0,0,0
P15,2026-09-19,0.9446,1.0854,0.9062,0,0,0
P15,2026-09-20,0.9441,1.0828,0.9062,0,0,0
P15,2026-09-21,0.9456,0.9221,0.9062,0,0,0
P15,2026-09-22,0.9471,0.9661,0.9062,0,0,0
P15,2026-09-23,0.9503,0.9474,0.9062,0,0,0
P15,2026-09-24,0.9524,0.9892,0.9062,0,0,0
P15,2026-09-25,0.9497,1.0765,0.9062,0,0,0
P15,2026-09-26,0.9516,1.0854,0.9062,0,0,0
P15,2026-09-27,0.9522,1.0828,0.9062,0,0,0
P15,2026-09-28,0.9478,0.9221,0.9062,0,0,0
P15,2026-09-29,0.9467,0.9661,0.9062,0,0,0
P15,2026-09-30,0.9509,0.9474,0.9062,0,0,0
P15,2026-10-01,0.9531,0.9892,1.0,0,0,0
P15,2026-10-02,0.9568,1.0765,1.3261,0,0,0
P15,2026-10-03,0.9605,1.0854,1.3261,0,0,0
P15,2026-10-04,0.9621,1.0828,1.0,0,0,0
P15,2026-10-05,0.9632,0.9221,1.0,0,0,0
P15,2026-10-06,0.9687,0.9661,1.0,0,0,0
P15,2026-10-07,0.97,0.9474,1.0,0,0,0
P15,2026-10-08,0.9703,0.9892,1.0,0,0,0
P15,2026-10-09,0.9779,1.0765,1.3261,0,0,0
P15,2026-10-10,0.9805,1.0854,1.3261,0,0,0
P15,2026-10-11,0.9891,1.0828,1.0,0,0,0
P15,2026-10-12,0.9912,0.9221,1.0,0,0,0
P15,2026-10-13,0.9912,0.9661,1.0,0,0,0
P15,2026-10-14,0.9937,0.9474,1.0,0,0,0
P15,2026-10-15,0.996,0.9892,1.0,0,0,0
P15,2026-10-16,0.9984,1.0765,1.3261,0,0,0
P15,2026-10-17,0.9979,1.0854,1.3261,0,0,0
P15,2026-10-18,0.9976,1.0828,1.0,0,0,0
P15,2026-10-19,0.9933,0.9221,1.0,0,0,0
P15,2026-10-20,0.9939,0.9661,2.5892,0,0,0
P15,2026-10-21,0.9918,0.9474,2.5892,0,0,0
P15,2026-10-22,0.992,0.9892,2.5892,0,0,0
P15,2026-10-23,0.9982,1.0765,2.5892,0,0,0
P15,2026-10-24,1.003,1.0854,2.5892,0,0,0
P15,2026-10-25,0.9975,1.0828,2.5892,0,0,0
P15,2026-10-26,1.0049,0.9221,1.0,0,0,0
P15,2026-10-27,1.0067,0.9661,1.0,0,0,0
P15,2026-10-28,1.003,0.9474,1.0,0,0,0
P15,2026-10-29,1.005,0.9892,1.0,0,0,0
P15,2026-10-30,1.0056,1.0765,1.3261,0,0,0
P15,2026-10-31,1.005,1.0854,1.3261,0,0,0
P15,2026-11-01,1.0019,1.0828,2.5297,0,0,0
P15,2026-11-02,1.0058,0.9221,2.5297,0,0,0
P15,2026-11-03,1.0061,0.9661,2.5297,0,0,0
P15,2026-11-04,1.0079,0.9474,0.9361,0,0,0
P15,2026-11-05,1.0078,0.9892,0.9361,0,0,0
P15,2026-11-06,1.008,1.0765,0.9361,0,0,0
P15,2026-11-07,1.0082,1.0854,0.9361,0,0,0
P15,2026-11-08,1.0091,1.0828,0.9361,0,0,0
P15,2026-11-09,1.0102,0.9221,0.9361,0,0,0
P15,2026-11-10,1.0121,0.9661,0.9361,0,0,0
P15,2026-11-11,1.0121,0.9474,0.9361,0,0,0
P15,2026-11-12,1.0095,0.9892,0.9361,0,0,0
P15,2026-11-13,1.0102,1.0765,0.9361,0,0,0
P15,2026-11-14,1.0115,1.0854,0.9361,0,0,0
P15,2026-11-15,1.0161,1.0828,0.9361,0,0,0
P15,2026-11-16,1.0184,0.9221,0.9361,0,0,0
P15,2026-11-17,1.0205,0.9661,0.9361,0,0,0
P15,2026-11-18,1.0242,0.9474,0.9361,0,0,0
P15,2026-11-19,1.0292,0.9892,0.9361,0,0,0
P15,2026-11-20,1.0309,1.0765,0.9361,0,0,0
P15,2026-11-21,1.0256,1.0854,0.9361,0,0,0
P15,2026-11-22,1.0273,1.0828,0.9361,0,0,0
P15,2026-11-23,1.0247,0.9221,0.9361,0,0,0
P15,2026-11-24,1.0334,0.9661,0.9361,0,0,0
P15,2026-11-25,1.0313,0.9474,0.9361,0,0,0
P15,2026-11-26,1.0339,0.9892,0.9361,0,0,0
P15,2026-11-27,1.0389,1.0765,0.9361,0,0,0
P15,2026-11-28,1.0382,1.0854,0.9361,0,0,0
P15,2026-11-29,1.0423,1.0828,0.9361,0,0,0
P15,2026-11-30,1.0428,0.9221,0.9361,0,0,0
P15,2026-12-01,1.0476,0.9661,0.9361,0,0,0
P15,2026-12-02,1.0511,0.9474,0.9361,0,0,0
P15,2026-12-03,1.0532,0.9892,0.9361,0,0,0
P15,2026-12-04,1.0576,1.0765,0.9361,0,0,0
P15,2026-12-05,1.0569,1.0854,0.9361,0,0,0
P15,2026-12-06,1.0576,1.0828,0.9361,0,0,0
P15,2026-12-07,1.0583,0.9221,0.9361,0,0,0
P15,2026-12-08,1.057,0.9661,0.9361,0,0,0
P15,2026-12-09,1.0587,0.9474,0.9361,0,0,0
P15,2026-12-10,1.0635,0.9892,0.9361,0,0,0
P15,2026-12-11,1.059,1.0765,0.9361,0,0,0
P15,2026-12-12,1.0649,1.0854,0.9361,0,0,0
P15,2026-12-13,1.0668,1.0828,0.9361,0,0,0
P15,2026-12-14,1.0669,0.9221,0.9361,0,0,0
P15,2026-12-15,1.068,0.9661,0.9361,0,0,0
P15,2026-12-16,1.0715,0.9474,0.9361,0,0,0
P15,2026-12-17,1.0734,0.9892,0.9361,0,0,0
P15,2026-12-18,1.0755,1.0765,0.9361,0,0,0
P15,2026-12-19,1.0798,1.0854,0.9361,0,0,0
P15,2026-12-20,1.0775,1.0828,0.9361,0,0,0
P15,2026-12-21,1.0804,0.9221,0.9361,0,0,0
P15,2026-12-22,1.0841,0.9661,0.9361,0,0,0
P15,2026-12-23,1.0879,0.9474,0.9361,0,0,0
P15,2026-12-24,1.0884,0.9892,0.9361,0,0,0
P15,2026-12-25,1.0878,1.0765,0.9361,0,0,0
P15,2026-12-26,1.0864,1.0854,0.9361,0,0,0
P15,2026-12-27,1.0872,1.0828,0.9361,0,0,0
P15,2026-12-28,1.0921,0.9221,0.9361,0,0,0
P15,2026-12-29,1.0881,0.9661,0.9361,0,0,0
P15,2026-12-30,1.0836,0.9474,0.9361,0,0,0
P15,2026-12-31,1.082,0.9892,0.9361,0,0,0
P15,2027-01-01,1.0774,1.0765,0.5888,0,0,0
P15,2027-01-02,1.0776,1.0854,0.9361,0,0,0
P15,2027-01-03,1.074,1.0828,0.9361,0,0,0
P15,2027-01-04,1.0712,0.9221,0.9361,0,0,0
P15,2027-01-05,1.0685,0.9661,0.9361,0,0,0
P15,2027-01-06,1.0705,0.9474,0.9361,0,0,0
P15,2027-01-07,1.0689,0.9892,0.9361,0,0,0
P15,2027-01-08,1.0668,1.0765,0.9361,0,0,0
P15,2027-01-09,1.0639,1.0854,0.9361,0,0,0
P15,2027-01-10,1.063,1.0828,0.9361,0,0,0
P15,2027-01-11,1.0635,0.9221,0.9361,0,0,0
P15,2027-01-12,1.0596,0.9661,0.9361,0,0,0
P15,2027-01-13,1.0567,0.9474,1.2865,0,0,0
P15,2027-01-14,1.0551,0.9892,1.2865,0,0,0
P15,2027-01-15,1.0572,1.0765,1.2865,0,0,0
P15,2027-01-16,1.0554,1.0854,1.2865,0,0,0
P15,2027-01-17,1.0546,1.0828,0.9361,0,0,0
P15,2027-01-18,1.054,0.9221,0.9361,0,0,0
P15,2027-01-19,1.0549,0.9661,0.9361,0,0,0
P15,2027-01-20,1.0504,0.9474,0.9361,0,0,0
P15,2027-01-21,1.0473,0.9892,0.9361,0,0,0
P15,2027-01-22,1.0436,1.0765,0.9361,0,0,0
P15,2027-01-23,1.0459,1.0854,0.9361,0,0,0
P15,2027-01-24,1.0408,1.0828,0.9361,0,0,0
P15,2027-01-25,1.0385,0.9221,0.9361,0,0,0
P15,2027-01-26,1.0389,0.9661,0.5888,0,0,0
P15,2027-01-27,1.0317,0.9474,0.9361,0,0,0
P15,2027-01-28,1.0286,0.9892,0.9361,0,0,0
P15,2027-01-29,1.0286,1.0765,0.9361,0,0,0
P15,2027-01-30,1.0308,1.0854,0.9361,0,0,0
P15,2027-01-31,1.0262,1.0828,0.9361,0,0,0
P15,2027-02-01,1.0262,0.9221,0.9361,0,0,0
P15,2027-02-02,1.0263,0.9661,0.9361,0,0,0
P15,2027-02-03,1.0202,0.9474,0.9361,0,0,0
P15,2027-02-04,1.0202,0.9892,0.9361,0,0,0
P15,2027-02-05,1.0182,1.0765,0.9361,0,0,0
P15,2027-02-06,1.0161,1.0854,0.9361,0,0,0
P15,2027-02-07,1.0174,1.0828,0.9361,0,0,0
P15,2027-02-08,1.0154,0.9221,0.9361,0,0,0
P15,2027-02-09,1.0151,0.9661,0.9361,0,0,0
P15,2027-02-10,1.012,0.9474,0.9361,0,0,0
P15,2027-02-11,1.0114,0.9892,0.9361,0,0,0
P15,2027-02-12,1.0092,1.0765,0.9361,0,0,0
P15,2027-02-13,1.0051,1.0854,0.9361,0,0,0
P15,2027-02-14,1.0037,1.0828,0.9361,0,0,0
P15,2027-02-15,1.0,0.9221,0.9361,0,0,0
P15,2027-02-16,0.9963,0.9661,0.9361,0,0,0
P15,2027-02-17,0.9933,0.9474,0.9361,0,0,0
P15,2027-02-18,0.9913,0.9892,0.9361,0,0,0
P15,2027-02-19,0.9933,1.0765,0.9361,0,0,0
P15,2027-02-20,0.9946,1.0854,0.9361,0,0,0
P15,2027-02-21,0.9943,1.0828,0.9361,0,0,0
P15,2027-02-22,0.9871,0.9221,0.9361,0,0,0
P15,2027-02-23,0.9935,0.9661,0.9361,0,0,0
P15,2027-02-24,0.9869,0.9474,0.9361,0,0,0
P15,2027-02-25,0.9795,0.9892,0.9361,0,0,0
P15,2027-02-26,0.9778,1.0765,0.9361,0,0,0
P15,2027-02-27,0.9775,1.0854,0.9361,0,0,0
P15,2027-02-28,0.9763,1.0828,0.9361,0,0,0
P15,2027-03-01,0.9769,0.9221,1.174,0,0,0
P15,2027-03-02,0.9746,0.9661,1.174,0,0,0
P15,2027-03-03,0.9727,0.9474,1.174,0,0,0
P15,2027-03-04,0.9722,0.9892,1.174,0,0,0
P15,2027-03-05,0.9743,1.0765,1.5569,0,0,0
P15,2027-03-06,0.9758,1.0854,1.5569,0,0,0
P15,2027-03-07,0.9776,1.0828,1.174,0,0,0
P15,2027-03-08,0.9815,0.9221,1.174,0,0,0
P15,2027-03-09,0.9812,0.9661,1.174,0,0,0
P15,2027-03-10,0.9808,0.9474,1.174,0,0,0
P15,2027-03-11,0.9788,0.9892,1.174,0,0,0
P15,2027-03-12,0.9753,1.0765,1.5569,0,0,0
P15,2027-03-13,0.9737,1.0854,1.5569,0,0,0
P15,2027-03-14,0.9731,1.0828,1.174,0,0,0
P15,2027-03-15,0.9752,0.9221,1.174,0,0,0
P15,2027-03-16,0.9718,0.9661,1.174,0,0,0
P15,2027-03-17,0.9737,0.9474,1.174,0,0,0
P15,2027-03-18,0.972,0.9892,1.174,0,0,0
P15,2027-03-19,0.9692,1.0765,1.5569,0,0,0
P15,2027-03-20,0.9703,1.0854,1.5569,0,0,0
P15,2027-03-21,0.9693,1.0828,1.174,0,0,0
P15,2027-03-22,0.9645,0.9221,1.174,0,0,0
P15,2027-03-23,0.9591,0.9661,1.174,0,0,0
P15,2027-03-24,0.9568,0.9474,1.174,0,0,0
P15,2027-03-25,0.9578,0.9892,1.174,0,0,0
P15,2027-03-26,0.9597,1.0765,1.5569,0,0,0
P15,2027-03-27,0.9578,1.0854,1.5569,0,0,0
P15,2027-03-28,0.9562,1.0828,1.174,0,0,0
P15,2027-03-29,0.9559,0.9221,1.174,0,0,0
P15,2027-03-30,0.9564,0.9661,1.174,0,0,0
P15,2027-03-31,0.9617,0.9474,1.174,0,0,0
P15,2027-04-01,0.9604,0.9892,1.174,0,0,0
P15,2027-04-02,0.9588,1.0765,1.174,0,0,0
P15,2027-04-03,0.9656,1.0854,1.5191,0,0,0
P15,2027-04-04,0.9651,1.0828,1.5191,0,0,0
P15,2027-04-05,0.9683,0.9221,1.174,0,0,0
P15,2027-04-06,0.9661,0.9661,1.174,0,0,0
P15,2027-04-07,0.9645,0.9474,1.174,0,0,0
P15,2027-04-08,0.9628,0.9892,1.174,0,0,0
P15,2027-04-09,0.9606,1.0765,1.174,0,0,0
P15,2027-04-10,0.9629,1.0854,1.5191,0,0,0
P15,2027-04-11,0.965,1.0828,1.5191,0,0,0
P15,2027-04-12,0.9659,0.9221,1.174,0,0,0
P15,2027-04-13,0.9649,0.9661,1.174,0,0,0
P15,2027-04-14,0.9646,0.9474,1.174,0,0,0
P15,2027-04-15,0.9589,0.9892,1.174,0,0,0
P15,2027-04-16,0.9591,1.0765,1.174,0,0,0
P15,2027-04-17,0.9608,1.0854,1.5191,0,0,0
P15,2027-04-18,0.9639,1.0828,1.5191,0,0,0
P15,2027-04-19,0.9635,0.9221,1.174,0,0,0
P15,2027-04-20,0.9707,0.9661,1.174,0,0,0
P15,2027-04-21,0.9733,0.9474,1.174,0,0,0
P15,2027-04-22,0.9747,0.9892,1.174,0,0,0
P15,2027-04-23,0.9738,1.0765,1.174,0,0,0
P15,2027-04-24,0.9747,1.0854,1.5191,0,0,0
P15,2027-04-25,0.9775,1.0828,1.5191,0,0,0
P15,2027-04-26,0.9793,0.9221,1.174,0,0,0
P15,2027-04-27,0.9821,0.9661,1.174,0,0,0
P15,2027-04-28,0.9835,0.9474,1.174,0,0,0
P15,2027-04-29,0.9866,0.9892,1.174,0,0,0
P15,2027-04-30,0.9837,1.0765,1.174,0,0,0
P15,2027-05-01,0.9861,1.0854,1.5191,0,0,0
P15,2027-05-02,0.9876,1.0828,1.5191,0,0,0
P15,2027-05-03,0.984,0.9221,1.174,0,0,0
P15,2027-05-04,0.9886,0.9661,1.174,0,0,0
P15,2027-05-05,0.9857,0.9474,1.174,0,0,0
P15,2027-05-06,0.9859,0.9892,1.174,0,0,0
P15,2027-05-07,0.9899,1.0765,1.174,0,0,0
P15,2027-05-08,0.9898,1.0854,1.5191,0,0,0
P15,2027-05-09,0.9874,1.0828,1.5191,0,0,0
P15,2027-05-10,0.9846,0.9221,1.174,0,0,0
P15,2027-05-11,0.9869,0.9661,1.174,0,0,0
P15,2027-05-12,0.9864,0.9474,1.174,0,0,0
P15,2027-05-13,0.9854,0.9892,1.174,0,0,0
P15,2027-05-14,0.9862,1.0765,1.174,0,0,0
P15,2027-05-15,0.9851,1.0854,1.5191,0,0,0
P15,2027-05-16,0.989,1.0828,1.5191,0,0,0
P15,2027-05-17,0.9903,0.9221,1.174,0,0,0
P15,2027-05-18,0.9828,0.9661,1.174,0,0,0
P15,2027-05-19,0.9814,0.9474,1.174,0,0,0
P15,2027-05-20,0.9811,0.9892,1.174,0,0,0
P15,2027-05-21,0.9832,1.0765,1.174,0,0,0
P15,2027-05-22,0.9827,1.0854,1.5191,0,0,0
P15,2027-05-23,0.9849,1.0828,1.5191,0,0,0
P15,2027-05-24,0.9838,0.9221,1.174,0,0,0
P15,2027-05-25,0.9854,0.9661,1.174,0,0,0
P15,2027-05-26,0.9855,0.9474,1.174,0,0,0
P15,2027-05-27,0.9889,0.9892,1.174,0,0,0
P15,2027-05-28,0.9863,1.0765,1.174,0,0,0
P15,2027-05-29,0.983,1.0854,1.5191,0,0,0
P15,2027-05-30,0.9787,1.0828,1.5191,0,0,0
P15,2027-05-31,0.9784,0.9221,1.174,0,0,0
P15,2027-06-01,0.9782,0.9661,1.174,0,0,0
P15,2027-06-02,0.9746,0.9474,1.174,0,0,0
P15,2027-06-03,0.9759,0.9892,1.174,0,0,0
P15,2027-06-04,0.9745,1.0765,1.174,0,0,0
P15,2027-06-05,0.973,1.0854,1.174,0,0,0
P15,2027-06-06,0.9719,1.0828,1.174,0,0,0
P15,2027-06-07,0.9684,0.9221,1.174,0,0,0
P15,2027-06-08,0.9681,0.9661,1.174,0,0,0
P15,2027-06-09,0.9685,0.9474,1.174,0,0,0
P15,2027-06-10,0.9662,0.9892,1.174,0,0,0
P15,2027-06-11,0.9652,1.0765,1.174,0,0,0
P15,2027-06-12,0.9701,1.0854,1.174,0,0,0
P15,2027-06-13,0.9666,1.0828,1.174,0,0,0
P15,2027-06-14,0.9656,0.9221,1.174,0,0,0
P15,2027-06-15,0.9637,0.9661,1.174,0,0,0
P15,2027-06-16,0.9633,0.9474,1.174,0,0,0
P15,2027-06-17,0.9628,0.9892,1.174,0,0,0
P15,2027-06-18,0.9614,1.0765,1.174,0,0,0
P15,2027-06-19,0.9603,1.0854,1.174,0,0,0
P15,2027-06-20,0.9603,1.0828,1.174,0,0,0
P15,2027-06-21,0.964,0.9221,1.174,0,0,0
P15,2027-06-22,0.9637,0.9661,1.174,0,0,0
P15,2027-06-23,0.9637,0.9474,1.174,0,0,0
P15,2027-06-24,0.9637,0.9892,1.174,0,0,0
P15,2027-06-25,0.9659,1.0765,1.174,0,0,0
P15,2027-06-26,0.9647,1.0854,1.174,0,0,0
P15,2027-06-27,0.9645,1.0828,1.174,0,0,0
P15,2027-06-28,0.9705,0.9221,1.174,0,0,0
P15,2027-06-29,0.9673,0.9661,1.174,0,0,0
P15,2027-06-30,0.9699,0.9474,1.174,0,0,0
P15,2027-07-01,0.9695,0.9892,0.9062,0,0,0
P15,2027-07-02,0.9641,1.0765,1.2018,0,0,0
P15,2027-07-03,0.963,1.0854,1.2018,0,0,0
P15,2027-07-04,0.9584,1.0828,0.9062,0,0,0
P15,2027-07-05,0.9582,0.9221,0.9062,0,0,0
P15,2027-07-06,0.9577,0.9661,0.9062,0,0,0
P15,2027-07-07,0.9589,0.9474,0.9062,0,0,0
P15,2027-07-08,0.9609,0.9892,0.9062,0,0,0
P15,2027-07-09,0.9594,1.0765,1.2018,0,0,0
P15,2027-07-10,0.9576,1.0854,1.2018,0,0,0
P15,2027-07-11,0.959,1.0828,0.9062,0,0,0
P15,2027-07-12,0.9577,0.9221,0.9062,0,0,0
P15,2027-07-13,0.9594,0.9661,0.9062,0,0,0
P15,2027-07-14,0.9599,0.9474,0.9062,0,0,0
P15,2027-07-15,0.9631,0.9892,0.9062,0,0,0
P15,2027-07-16,0.9635,1.0765,1.2018,0,0,0
P15,2027-07-17,0.9601,1.0854,1.2018,0,0,0
P15,2027-07-18,0.9592,1.0828,0.9062,0,0,0
P15,2027-07-19,0.9642,0.9221,0.9062,0,0,0
P15,2027-07-20,0.9642,0.9661,0.9062,0,0,0
P15,2027-07-21,0.9651,0.9474,0.9062,0,0,0
P15,2027-07-22,0.9656,0.9892,0.9062,0,0,0
P15,2027-07-23,0.9628,1.0765,1.2018,0,0,0
P15,2027-07-24,0.964,1.0854,1.2018,0,0,0
P15,2027-07-25,0.9597,1.0828,0.9062,0,0,0
P15,2027-07-26,0.9604,0.9221,0.9062,0,0,0
P15,2027-07-27,0.9586,0.9661,0.9062,0,0,0
P15,2027-07-28,0.9569,0.9474,0.9062,0,0,0
P15,2027-07-29,0.9571,0.9892,0.9062,0,0,0
P15,2027-07-30,0.9617,1.0765,1.2018,0,0,0
P15,2027-07-31,0.9581,1.0854,1.2018,0,0,0
P15,2027-08-01,0.9577,1.0828,0.9062,0,0,0
P15,2027-08-02,0.9564,0.9221,0.9062,0,0,0
P15,2027-08-03,0.9621,0.9661,0.9062,0,0,0
P15,2027-08-04,0.9633,0.9474,0.9062,0,0,0
P15,2027-08-05,0.9616,0.9892,0.9062,0,0,0
P15,2027-08-06,0.9636,1.0765,0.9062,0,0,0
P15,2027-08-07,0.9642,1.0854,0.9062,0,0,0
P15,2027-08-08,0.9634,1.0828,0.9062,0,0,0
P15,2027-08-09,0.9656,0.9221,0.9062,0,0,0
P15,2027-08-10,0.9664,0.9661,0.9062,0,0,0
P15,2027-08-11,0.9697,0.9474,0.9062,0,0,0
P15,2027-08-12,0.9699,0.9892,0.9062,0,0,0
P15,2027-08-13,0.9686,1.0765,0.9062,0,0,0
P15,2027-08-14,0.9657,1.0854,0.9062,0,0,0
P15,2027-08-15,0.9669,1.0828,1.4283,0,0,0
P15,2027-08-16,0.9689,0.9221,1.4283,0,0,0
P15,2027-08-17,0.972,0.9661,1.4283,0,0,0
P15,2027-08-18,0.973,0.9474,0.9062,0,0,0
P15,2027-08-19,0.9737,0.9892,0.9062,0,0,0
P15,2027-08-20,0.9742,1.0765,0.9062,0,0,0
P15,2027-08-21,0.9723,1.0854,0.9062,0,0,0
P15,2027-08-22,0.9702,1.0828,0.9062,0,0,0
P15,2027-08-23,0.9696,0.9221,0.9062,0,0,0
P15,2027-08-24,0.9693,0.9661,0.9062,0,0,0
P15,2027-08-25,0.9665,0.9474,0.9062,0,0,0
P15,2027-08-26,0.9704,0.9892,0.9062,0,0,0
P15,2027-08-27,0.9743,1.0765,0.9062,0,0,0
P15,2027-08-28,0.9752,1.0854,0.9062,0,0,0
P15,2027-08-29,0.9789,1.0828,0.9062,0,0,0
P15,2027-08-30,0.9806,0.9221,0.9062,0,0,0
P15,2027-08-31,0.9832,0.9661,0.9062,0,0,0
P15,2027-09-01,0.9793,0.9474,0.9062,0,0,0
P15,2027-09-02,0.9791,0.9892,0.9062,0,0,0
P15,2027-09-03,0.9795,1.0765,0.9062,0,0,0
P15,2027-09-04,0.9811,1.0854,0.9062,0,0,0
P15,2027-09-05,0.9873,1.0828,0.9062,0,0,0
P15,2027-09-06,0.9819,0.9221,0.9062,0,0,0
P15,2027-09-07,0.9811,0.9661,0.9062,0,0,0
P15,2027-09-08,0.9812,0.9474,0.9062,0,0,0
P15,2027-09-09,0.9809,0.9892,0.9062,0,0,0
P15,2027-09-10,0.9746,1.0765,0.9062,0,0,0
P15,2027-09-11,0.9709,1.0854,0.9062,0,0,0
P15,2027-09-12,0.9749,1.0828,0.9062,0,0,0
P15,2027-09-13,0.9756,0.9221,0.9062,0,0,0
P15,2027-09-14,0.9768,0.9661,0.9062,0,0,0
P15,2027-09-15,0.9769,0.9474,0.9062,0,0,0
P15,2027-09-16,0.9762,0.9892,0.9062,0,0,0
P15,2027-09-17,0.9768,1.0765,0.9062,0,0,0
P15,2027-09-18,0.9766,1.0854,0.9062,0,0,0
P15,2027-09-19,0.9718,1.0828,0.9062,0,0,0
P15,2027-09-20,0.969,0.9221,0.9062,0,0,0
P15,2027-09-21,0.9672,0.9661,0.9062,0,0,0
P15,2027-09-22,0.9689,0.9474,0.9062,0,0,0
P15,2027-09-23,0.9718,0.9892,0.9062,0,0,0
P15,2027-09-24,0.9751,1.0765,0.9062,0,0,0
P15,2027-09-25,0.9795,1.0854,0.9062,0,0,0
P15,2027-09-26,0.9774,1.0828,0.9062,0,0,0
P15,2027-09-27,0.9786,0.9221,0.9062,0,0,0
P15,2027-09-28,0.9782,0.9661,0.9062,0,0,0
P15,2027-09-29,0.9783,0.9474,0.9062,0,0,0
P15,2027-09-30,0.9836,0.9892,0.9062,0,0,0
P15,2027-10-01,0.9846,1.0765,1.3261,0,0,0
P15,2027-10-02,0.9876,1.0854,1.3261,0,0,0
P15,2027-10-03,0.9946,1.0828,1.0,0,0,0
P15,2027-10-04,0.9982,0.9221,1.0,0,0,0
P15,2027-10-05,1.0004,0.9661,1.0,0,0,0
P15,2027-10-06,1.002,0.9474,1.0,0,0,0
P15,2027-10-07,1.0067,0.9892,1.0,0,0,0
P15,2027-10-08,1.0089,1.0765,1.3261,0,0,0
P15,2027-10-09,1.0105,1.0854,1.3261,0,0,0
P15,2027-10-10,1.0107,1.0828,1.0,0,0,0
P15,2027-10-11,1.0109,0.9221,1.0,0,0,0
P15,2027-10-12,1.014,0.9661,1.0,0,0,0
P15,2027-10-13,1.0115,0.9474,1.0,0,0,0
P15,2027-10-14,1.0071,0.9892,1.0,0,0,0
P15,2027-10-15,1.0061,1.0765,1.3261,0,0,0
P15,2027-10-16,1.0116,1.0854,1.3261,0,0,0
P15,2027-10-17,1.0072,1.0828,1.0,0,0,0
P15,2027-10-18,1.0052,0.9221,1.0,0,0,0
P15,2027-10-19,1.0019,0.9661,1.0,0,0,0
P15,2027-10-20,1.0035,0.9474,2.5892,0,0,0
P15,2027-10-21,1.005,0.9892,2.5892,0,0,0
P15,2027-10-22,1.0048,1.0765,2.5892,0,0,0
P15,2027-10-23,1.0088,1.0854,2.5892,0,0,0
P15,2027-10-24,1.0106,1.0828,2.5892,0,0,0
P15,2027-10-25,1.0139,0.9221,2.5892,0,0,0
P15,2027-10-26,1.0155,0.9661,1.0,0,0,0
P15,2027-10-27,1.0162,0.9474,1.0,0,0,0
P15,2027-10-28,1.0171,0.9892,1.0,0,0,0
P15,2027-10-29,1.0219,1.0765,1.3261,0,0,0
P15,2027-10-30,1.0238,1.0854,1.3261,0,0,0
P15,2027-10-31,1.0246,1.0828,1.0,0,0,0
P15,2027-11-01,1.0234,0.9221,2.5297,0,0,0
P15,2027-11-02,1.0233,0.9661,2.5297,0,0,0
P15,2027-11-03,1.023,0.9474,2.5297,0,0,0
P15,2027-11-04,1.0247,0.9892,0.9361,0,0,0
P15,2027-11-05,1.0272,1.0765,0.9361,0,0,0
P15,2027-11-06,1.0313,1.0854,0.9361,0,0,0
P15,2027-11-07,1.0354,1.0828,0.9361,0,0,0
P15,2027-11-08,1.0355,0.9221,0.9361,0,0,0
P15,2027-11-09,1.0345,0.9661,0.9361,0,0,0
P15,2027-11-10,1.0355,0.9474,0.9361,0,0,0
P15,2027-11-11,1.0394,0.9892,0.9361,0,0,0
P15,2027-11-12,1.0393,1.0765,0.9361,0,0,0
P15,2027-11-13,1.0345,1.0854,0.9361,0,0,0
P15,2027-11-14,1.0365,1.0828,0.9361,0,0,0
P15,2027-11-15,1.0366,0.9221,0.9361,0,0,0
P15,2027-11-16,1.0405,0.9661,0.9361,0,0,0
P15,2027-11-17,1.0421,0.9474,0.9361,0,0,0
P15,2027-11-18,1.0429,0.9892,0.9361,0,0,0
P15,2027-11-19,1.0448,1.0765,0.9361,0,0,0
P15,2027-11-20,1.0453,1.0854,0.9361,0,0,0
P15,2027-11-21,1.0479,1.0828,0.9361,0,0,0
P15,2027-11-22,1.0509,0.9221,0.9361,0,0,0
P15,2027-11-23,1.0528,0.9661,0.9361,0,0,0
P15,2027-11-24,1.0513,0.9474,0.9361,0,0,0
P15,2027-11-25,1.051,0.9892,0.9361,0,0,0
P15,2027-11-26,1.0535,1.0765,0.9361,0,0,0
P15,2027-11-27,1.0513,1.0854,0.9361,0,0,0
P15,2027-11-28,1.0508,1.0828,0.9361,0,0,0
P15,2027-11-29,1.0517,0.9221,0.9361,0,0,0
P15,2027-11-30,1.0563,0.9661,0.9361,0,0,0
P15,2027-12-01,1.0585,0.9474,0.9361,0,0,0
P15,2027-12-02,1.0606,0.9892,0.9361,0,0,0
P15,2027-12-03,1.0619,1.0765,0.9361,0,0,0
P15,2027-12-04,1.0603,1.0854,0.9361,0,0,0
P15,2027-12-05,1.0664,1.0828,0.9361,0,0,0
P15,2027-12-06,1.0697,0.9221,0.9361,0,0,0
P15,2027-12-07,1.0757,0.9661,0.9361,0,0,0
P15,2027-12-08,1.0781,0.9474,0.9361,0,0,0
P15,2027-12-09,1.0833,0.9892,0.9361,0,0,0
P15,2027-12-10,1.0898,1.0765,0.9361,0,0,0
P15,2027-12-11,1.091,1.0854,0.9361,0,0,0
P15,2027-12-12,1.0911,1.0828,0.9361,0,0,0
P15,2027-12-13,1.0924,0.9221,0.9361,0,0,0
P15,2027-12-14,1.0943,0.9661,0.9361,0,0,0
P15,2027-12-15,1.0961,0.9474,0.9361,0,0,0
P15,2027-12-16,1.0964,0.9892,0.9361,0,0,0
P15,2027-12-17,1.0995,1.0765,0.9361,0,0,0
P15,2027-12-18,1.1053,1.0854,0.9361,0,0,0
P15,2027-12-19,1.1147,1.0828,0.9361,0,0,0
P15,2027-12-20,1.1196,0.9221,0.9361,0,0,0
P15,2027-12-21,1.1213,0.9661,0.9361,0,0,0
P15,2027-12-22,1.1174,0.9474,0.9361,0,0,0
P15,2027-12-23,1.1147,0.9892,0.9361,0,0,0
P15,2027-12-24,1.1115,1.0765,0.9361,0,0,0
P15,2027-12-25,1.111,1.0854,0.9361,0,0,0
P15,2027-12-26,1.1088,1.0828,0.9361,0,0,0
P15,2027-12-27,1.1112,0.9221,0.9361,0,0,0
P15,2027-12-28,1.1159,0.9661,0.9361,0,0,0
P15,2027-12-29,1.1135,0.9474,0.9361,0,0,0
P15,2027-12-30,1.1144,0.9892,0.9361,0,0,0
P15,2027-12-31,1.1184,1.0765,0.9361,0,0,0
P16,2026-01-01,0.5834,0.9805,0.7648,0,0,0
P16,2026-01-02,0.5834,1.0107,0.9793,0,0,0
P16,2026-01-03,0.5913,1.1731,0.9793,0,0,0
P16,2026-01-04,0.5946,1.1055,0.9793,0,0,0
P16,2026-01-05,0.6006,0.9071,0.9793,0,0,0
P16,2026-01-06,0.6017,0.9161,0.9793,0,0,0
P16,2026-01-07,0.6003,1.0007,0.9793,0,0,0
P16,2026-01-08,0.6011,0.9805,0.9793,0,0,0
P16,2026-01-09,0.6045,1.0107,0.9793,0,0,0
P16,2026-01-10,0.6056,1.1731,0.9793,0,0,0
P16,2026-01-11,0.61,1.1055,0.9793,0,0,0
P16,2026-01-12,0.6106,0.9071,0.9793,0,0,0
P16,2026-01-13,0.613,0.9161,1.6229,0,0,0
P16,2026-01-14,0.6175,1.0007,1.6229,0,0,0
P16,2026-01-15,0.6234,0.9805,1.6229,0,0,0
P16,2026-01-16,0.6264,1.0107,1.6229,0,0,0
P16,2026-01-17,0.6269,1.1731,0.9793,0,0,0
P16,2026-01-18,0.6227,1.1055,0.9793,0,0,0
P16,2026-01-19,0.6269,0.9071,0.9793,0,0,0
P16,2026-01-20,0.6299,0.9161,0.9793,0,0,0
P16,2026-01-21,0.6292,1.0007,0.9793,0,0,0
P16,2026-01-22,0.6282,0.9805,0.9793,0,0,0
P16,2026-01-23,0.6317,1.0107,0.9793,0,0,0
P16,2026-01-24,0.6327,1.1731,0.9793,0,0,0
P16,2026-01-25,0.6359,1.1055,0.9793,0,0,0
P16,2026-01-26,0.6401,0.9071,0.7648,0,0,0
P16,2026-01-27,0.6417,0.9161,0.9793,0,0,0
P16,2026-01-28,0.6439,1.0007,0.9793,0,0,0
P16,2026-01-29,0.644,0.9805,0.9793,0,0,0
P16,2026-01-30,0.6485,1.0107,0.9793,0,0,0
P16,2026-01-31,0.6536,1.1731,0.9793,0,0,0
P16,2026-02-01,0.6592,1.1055,0.9793,0,0,0
P16,2026-02-02,0.6633,0.9071,0.9793,0,0,0
P16,2026-02-03,0.6667,0.9161,0.9793,0,0,0
P16,2026-02-04,0.666,1.0007,0.9793,0,0,0
P16,2026-02-05,0.6663,0.9805,0.9793,0,0,0
P16,2026-02-06,0.6687,1.0107,0.9793,0,0,0
P16,2026-02-07,0.6691,1.1731,0.9793,0,0,0
P16,2026-02-08,0.6699,1.1055,0.9793,0,0,0
P16,2026-02-09,0.672,0.9071,0.9793,0,0,0
P16,2026-02-10,0.6732,0.9161,0.9793,0,0,0
P16,2026-02-11,0.6752,1.0007,0.9793,0,0,0
P16,2026-02-12,0.6791,0.9805,0.9793,0,0,0
P16,2026-02-13,0.6829,1.0107,0.9793,0,0,0
P16,2026-02-14,0.6902,1.1731,0.9793,0,0,0
P16,2026-02-15,0.6915,1.1055,0.9793,0,0,0
P16,2026-02-16,0.6929,0.9071,0.9793,0,0,0
P16,2026-02-17,0.6985,0.9161,0.9793,0,0,0
P16,2026-02-18,0.7064,1.0007,0.9793,0,0,0
P16,2026-02-19,0.713,0.9805,0.9793,0,0,0
P16,2026-02-20,0.7183,1.0107,0.9793,0,0,0
P16,2026-02-21,0.7233,1.1731,0.9793,0,0,0
P16,2026-02-22,0.7314,1.1055,0.9793,0,0,0
P16,2026-02-23,0.7386,0.9071,0.9793,0,0,0
P16,2026-02-24,0.7438,0.9161,0.9793,0,0,0
P16,2026-02-25,0.7453,1.0007,0.9793,0,0,0
P16,2026-02-26,0.7498,0.9805,0.9793,0,0,0
P16,2026-02-27,0.7557,1.0107,0.9793,0,0,0
P16,2026-02-28,0.7608,1.1731,0.9793,0,0,0
P16,2026-03-01,0.7685,1.1055,1.0277,0,0,0
P16,2026-03-02,0.7744,0.9071,1.0277,0,0,0
P16,2026-03-03,0.7805,0.9161,1.0277,0,0,0
P16,2026-03-04,0.7869,1.0007,1.0277,0,0,0
P16,2026-03-05,0.7903,0.9805,1.0277,0,0,0
P16,2026-03-06,0.7965,1.0107,1.478,0,0,0
P16,2026-03-07,0.8009,1.1731,1.478,0,0,0
P16,2026-03-08,0.8091,1.1055,1.0277,0,0,0
P16,2026-03-09,0.811,0.9071,1.0277,0,0,0
P16,2026-03-10,0.8191,0.9161,1.0277,0,0,0
P16,2026-03-11,0.8236,1.0007,1.0277,0,0,0
P16,2026-03-12,0.827,0.9805,1.0277,0,0,0
P16,2026-03-13,0.8279,1.0107,1.478,0,0,0
P16,2026-03-14,0.8329,1.1731,1.478,0,0,0
P16,2026-03-15,0.8388,1.1055,1.0277,0,0,0
P16,2026-03-16,0.8439,0.9071,1.0277,0,0,0
P16,2026-03-17,0.8457,0.9161,1.0277,0,0,0
P16,2026-03-18,0.8516,1.0007,1.0277,0,0,0
P16,2026-03-19,0.8536,0.9805,1.0277,0,0,0
P16,2026-03-20,0.859,1.0107,1.478,0,0,0
P16,2026-03-21,0.8642,1.1731,1.478,0,0,0
P16,2026-03-22,0.8663,1.1055,1.0277,0,0,0
P16,2026-03-23,0.8687,0.9071,1.0277,0,0,0
P16,2026-03-24,0.8716,0.9161,1.0277,0,0,0
P16,2026-03-25,0.8739,1.0007,1.0277,0,0,0
P16,2026-03-26,0.877,0.9805,1.0277,0,0,0
P16,2026-03-27,0.8794,1.0107,1.478,0,0,0
P16,2026-03-28,0.8832,1.1731,1.478,0,0,0
P16,2026-03-29,0.888,1.1055,1.0277,0,0,0
P16,2026-03-30,0.8911,0.9071,1.0277,0,0,0
P16,2026-03-31,0.8943,0.9161,1.0277,0,0,0
P16,2026-04-01,0.8986,1.0007,1.0277,0,0,0
P16,2026-04-02,0.9013,0.9805,1.0277,0,0,0
P16,2026-04-03,0.903,1.0107,1.0277,0,0,0
P16,2026-04-04,0.903,1.1731,1.1386,0,0,0
P16,2026-04-05,0.9034,1.1055,1.1386,0,0,0
P16,2026-04-06,0.9073,0.9071,1.0277,0,0,0
P16,2026-04-07,0.9113,0.9161,1.0277,0,0,0
P16,2026-04-08,0.9181,1.0007,1.0277,0,0,0
P16,2026-04-09,0.9199,0.9805,1.0277,0,0,0
P16,2026-04-10,0.9225,1.0107,1.0277,0,0,0
P16,2026-04-11,0.9217,1.1731,1.1386,0,0,0
P16,2026-04-12,0.924,1.1055,1.1386,0,0,0
P16,2026-04-13,0.9242,0.9071,1.0277,0,0,0
P16,2026-04-14,0.924,0.9161,1.0277,0,0,0
P16,2026-04-15,0.9277,1.0007,1.0277,0,0,0
P16,2026-04-16,0.9312,0.9805,1.0277,0,0,0
P16,2026-04-17,0.9361,1.0107,1.0277,0,0,0
P16,2026-04-18,0.9421,1.1731,1.1386,0,0,0
P16,2026-04-19,0.9455,1.1055,1.1386,0,0,0
P16,2026-04-20,0.9472,0.9071,1.0277,0,0,0
P16,2026-04-21,0.9537,0.9161,1.0277,0,0,0
P16,2026-04-22,0.957,1.0007,1.0277,0,0,0
P16,2026-04-23,0.959,0.9805,1.0277,0,0,0
P16,2026-04-24,0.9627,1.0107,1.0277,0,0,0
P16,2026-04-25,0.9641,1.1731,1.1386,0,0,0
P16,2026-04-26,0.9641,1.1055,1.1386,0,0,0
P16,2026-04-27,0.9698,0.9071,1.0277,0,0,0
P16,2026-04-28,0.9702,0.9161,1.0277,0,0,0
P16,2026-04-29,0.9716,1.0007,1.0277,0,0,0
P16,2026-04-30,0.9718,0.9805,1.0277,0,0,0
P16,2026-05-01,0.9701,1.0107,1.0277,0,0,0
P16,2026-05-02,0.9705,1.1731,1.1386,0,0,0
P16,2026-05-03,0.9733,1.1055,1.1386,0,0,0
P16,2026-05-04,0.9729,0.9071,1.0277,0,0,0
P16,2026-05-05,0.9759,0.9161,1.0277,0,0,0
P16,2026-05-06,0.9813,1.0007,1.0277,0,0,0
P16,2026-05-07,0.9847,0.9805,1.0277,0,0,0
P16,2026-05-08,0.9861,1.0107,1.0277,0,0,0
P16,2026-05-09,0.9877,1.1731,1.1386,0,0,0
P16,2026-05-10,0.9865,1.1055,1.1386,0,0,0
P16,2026-05-11,0.9866,0.9071,1.0277,0,0,0
P16,2026-05-12,0.9878,0.9161,1.0277,0,0,0
P16,2026-05-13,0.9872,1.0007,1.0277,0,0,0
P16,2026-05-14,0.9881,0.9805,1.0277,0,0,0
P16,2026-05-15,0.9853,1.0107,1.0277,0,0,0
P16,2026-05-16,0.9885,1.1731,1.1386,0,0,0
P16,2026-05-17,0.9916,1.1055,1.1386,0,0,0
P16,2026-05-18,0.9897,0.9071,1.0277,0,0,0
P16,2026-05-19,0.99,0.9161,1.0277,0,0,0
P16,2026-05-20,0.9879,1.0007,1.0277,0,0,0
P16,2026-05-21,0.9873,0.9805,1.0277,0,0,0
P16,2026-05-22,0.9879,1.0107,1.0277,0,0,0
P16,2026-05-23,0.9868,1.1731,1.1386,0,0,0
P16,2026-05-24,0.9859,1.1055,1.1386,0,0,0
P16,2026-05-25,0.9861,0.9071,1.0277,0,0,0
P16,2026-05-26,0.9871,0.9161,1.0277,0,0,0
P16,2026-05-27,0.9869,1.0007,1.0277,0,0,0
P16,2026-05-28,0.9838,0.9805,1.0277,0,0,0
P16,2026-05-29,0.984,1.0107,1.0277,0,0,0
P16,2026-05-30,0.9848,1.1731,1.1386,0,0,0
P16,2026-05-31,0.9812,1.1055,1.1386,0,0,0
P16,2026-06-01,0.9785,0.9071,1.0277,0,0,0
P16,2026-06-02,0.9754,0.9161,1.0277,0,0,0
P16,2026-06-03,0.9749,1.0007,1.0277,0,0,0
P16,2026-06-04,0.972,0.9805,1.0277,0,0,0
P16,2026-06-05,0.9733,1.0107,1.0277,0,0,0
P16,2026-06-06,0.9684,1.1731,1.0277,0,0,0
P16,2026-06-07,0.97,1.1055,1.0277,0,0,0
P16,2026-06-08,0.9644,0.9071,1.0277,0,0,0
P16,2026-06-09,0.9649,0.9161,1.0277,0,0,0
P16,2026-06-10,0.9641,1.0007,1.0277,0,0,0
P16,2026-06-11,0.9609,0.9805,1.0277,0,0,0
P16,2026-06-12,0.9608,1.0107,1.0277,0,0,0
P16,2026-06-13,0.9582,1.1731,1.0277,0,0,0
P16,2026-06-14,0.9592,1.1055,1.0277,0,0,0
P16,2026-06-15,0.9595,0.9071,1.0277,0,0,0
P16,2026-06-16,0.9601,0.9161,1.0277,0,0,0
P16,2026-06-17,0.9604,1.0007,1.0277,0,0,0
P16,2026-06-18,0.9629,0.9805,1.0277,0,0,0
P16,2026-06-19,0.9655,1.0107,1.0277,0,0,0
P16,2026-06-20,0.9667,1.1731,1.0277,0,0,0
P16,2026-06-21,0.9659,1.1055,1.0277,0,0,0
P16,2026-06-22,0.9638,0.9071,1.0277,0,0,0
P16,2026-06-23,0.9643,0.9161,1.0277,0,0,0
P16,2026-06-24,0.9662,1.0007,1.0277,0,0,0
P16,2026-06-25,0.966,0.9805,1.0277,0,0,0
P16,2026-06-26,0.9624,1.0107,1.0277,0,0,0
P16,2026-06-27,0.9637,1.1731,1.0277,0,0,0
P16,2026-06-28,0.9585,1.1055,1.0277,0,0,0
P16,2026-06-29,0.9597,0.9071,1.0277,0,0,0
P16,2026-06-30,0.96,0.9161,1.0277,0,0,0
P16,2026-07-01,0.9634,1.0007,1.0985,0,0,0
P16,2026-07-02,0.9575,0.9805,1.0985,0,0,0
P16,2026-07-03,0.9571,1.0107,1.5798,0,0,0
P16,2026-07-04,0.9545,1.1731,1.5798,0,0,0
P16,2026-07-05,0.9548,1.1055,1.0985,0,0,0
P16,2026-07-06,0.9528,0.9071,1.0985,0,0,0
P16,2026-07-07,0.9465,0.9161,1.0985,0,0,0
P16,2026-07-08,0.946,1.0007,1.0985,0,0,0
P16,2026-07-09,0.9469,0.9805,1.0985,0,0,0
P16,2026-07-10,0.9515,1.0107,1.5798,0,0,0
P16,2026-07-11,0.9534,1.1731,1.5798,0,0,0
P16,2026-07-12,0.955,1.1055,1.0985,0,0,0
P16,2026-07-13,0.9562,0.9071,1.0985,0,0,0
P16,2026-07-14,0.9519,0.9161,1.0985,0,0,0
P16,2026-07-15,0.9525,1.0007,1.0985,0,0,0
P16,2026-07-16,0.9544,0.9805,1.0985,0,0,0
P16,2026-07-17,0.9533,1.0107,1.5798,0,0,0
P16,2026-07-18,0.9511,1.1731,1.5798,0,0,0
P16,2026-07-19,0.954,1.1055,1.0985,0,0,0
P16,2026-07-20,0.9511,0.9071,1.0985,0,0,0
P16,2026-07-21,0.9537,0.9161,1.0985,0,0,0
P16,2026-07-22,0.9508,1.0007,1.0985,0,0,0
P16,2026-07-23,0.9498,0.9805,1.0985,0,0,0
P16,2026-07-24,0.9485,1.0107,1.5798,0,0,0
P16,2026-07-25,0.9513,1.1731,1.5798,0,0,0
P16,2026-07-26,0.9478,1.1055,1.0985,0,0,0
P16,2026-07-27,0.9503,0.9071,1.0985,0,0,0
P16,2026-07-28,0.9511,0.9161,1.0985,0,0,0
P16,2026-07-29,0.947,1.0007,1.0985,0,0,0
P16,2026-07-30,0.947,0.9805,1.0985,0,0,0
P16,2026-07-31,0.9431,1.0107,1.5798,0,0,0
P16,2026-08-01,0.9385,1.1731,1.0985,0,0,0
P16,2026-08-02,0.9363,1.1055,1.0985,0,0,0
P16,2026-08-03,0.9386,0.9071,1.0985,0,0,0
P16,2026-08-04,0.9359,0.9161,1.0985,0,0,0
P16,2026-08-05,0.9326,1.0007,1.0985,0,0,0
P16,2026-08-06,0.9357,0.9805,1.0985,0,0,0
P16,2026-08-07,0.9372,1.0107,1.0985,0,0,0
P16,2026-08-08,0.9396,1.1731,1.0985,0,0,0
P16,2026-08-09,0.9432,1.1055,1.0985,0,0,0
P16,2026-08-10,0.9449,0.9071,1.0985,0,0,0
P16,2026-08-11,0.9436,0.9161,1.0985,0,0,0
P16,2026-08-12,0.941,1.0007,1.0985,0,0,0
P16,2026-08-13,0.9388,0.9805,1.0985,0,0,0
P16,2026-08-14,0.9386,1.0107,1.0985,0,0,0
P16,2026-08-15,0.9401,1.1731,2.2056,0,0,0
P16,2026-08-16,0.9422,1.1055,2.2056,0,0,0
P16,2026-08-17,0.9409,0.9071,2.2056,0,0,0
P16,2026-08-18,0.943,0.9161,1.0985,0,0,0
P16,2026-08-19,0.9452,1.0007,1.0985,0,0,0
P16,2026-08-20,0.9424,0.9805,1.0985,0,0,0
P16,2026-08-21,0.9435,1.0107,1.0985,0,0,0
P16,2026-08-22,0.9449,1.1731,1.0985,0,0,0
P16,2026-08-23,0.9426,1.1055,1.0985,0,0,0
P16,2026-08-24,0.9446,0.9071,1.0985,0,0,0
P16,2026-08-25,0.9439,0.9161,1.0985,0,0,0
P16,2026-08-26,0.9471,1.0007,1.0985,0,0,0
P16,2026-08-27,0.9463,0.9805,1.0985,0,0,0
P16,2026-08-28,0.9475,1.0107,1.0985,0,0,0
P16,2026-08-29,0.9499,1.1731,1.0985,0,0,0
P16,2026-08-30,0.9492,1.1055,1.0985,0,0,0
P16,2026-08-31,0.9533,0.9071,1.0985,0,0,0
P16,2026-09-01,0.9551,0.9161,1.0985,0,0,0
P16,2026-09-02,0.9573,1.0007,1.0985,0,0,0
P16,2026-09-03,0.9534,0.9805,1.0985,0,0,0
P16,2026-09-04,0.9571,1.0107,1.0985,0,0,0
P16,2026-09-05,0.9585,1.1731,1.0985,0,0,0
P16,2026-09-06,0.9556,1.1055,1.0985,0,0,0
P16,2026-09-07,0.9513,0.9071,1.0985,0,0,0
P16,2026-09-08,0.951,0.9161,1.0985,0,0,0
P16,2026-09-09,0.9498,1.0007,1.0985,0,0,0
P16,2026-09-10,0.9473,0.9805,1.0985,0,0,0
P16,2026-09-11,0.9456,1.0107,1.0985,0,0,0
P16,2026-09-12,0.9444,1.1731,1.0985,0,0,0
P16,2026-09-13,0.9451,1.1055,1.0985,0,0,0
P16,2026-09-14,0.944,0.9071,1.0985,0,0,0
P16,2026-09-15,0.9476,0.9161,1.0985,0,0,0
P16,2026-09-16,0.9446,1.0007,1.0985,0,0,0
P16,2026-09-17,0.9402,0.9805,1.0985,0,0,0
P16,2026-09-18,0.9393,1.0107,1.0985,0,0,0
P16,2026-09-19,0.9405,1.1731,1.0985,0,0,0
P16,2026-09-20,0.9366,1.1055,1.0985,0,0,0
P16,2026-09-21,0.9379,0.9071,1.0985,0,0,0
P16,2026-09-22,0.9391,0.9161,1.0985,0,0,0
P16,2026-09-23,0.9401,1.0007,1.0985,0,0,0
P16,2026-09-24,0.9408,0.9805,1.0985,0,0,0
P16,2026-09-25,0.9439,1.0107,1.0985,0,0,0
P16,2026-09-26,0.9473,1.1731,1.0985,0,0,0
P16,2026-09-27,0.9469,1.1055,1.0985,0,0,0
P16,2026-09-28,0.9464,0.9071,1.0985,0,0,0
P16,2026-09-29,0.9481,0.9161,1.0985,0,0,0
P16,2026-09-30,0.9539,1.0007,1.0985,0,0,0
P16,2026-10-01,0.9589,0.9805,1.0,0,0,0
P16,2026-10-02,0.9661,1.0107,1.4381,0,0,0
P16,2026-10-03,0.9668,1.1731,1.4381,0,0,0
P16,2026-10-04,0.97,1.1055,1.0,0,0,0
P16,2026-10-05,0.9759,0.9071,1.0,0,0,0
P16,2026-10-06,0.9795,0.9161,1.0,0,0,0
P16,2026-10-07,0.9806,1.0007,1.0,0,0,0
P16,2026-10-08,0.9767,0.9805,1.0,0,0,0
P16,2026-10-09,0.978,1.0107,1.4381,0,0,0
P16,2026-10-10,0.9829,1.1731,1.4381,0,0,0
P16,2026-10-11,0.9853,1.1055,1.0,0,0,0
P16,2026-10-12,0.988,0.9071,1.0,0,0,0
P16,2026-10-13,0.9881,0.9161,1.0,0,0,0
P16,2026-10-14,0.986,1.0007,1.0,0,0,0
P16,2026-10-15,0.9924,0.9805,1.0,0,0,0
P16,2026-10-16,0.9944,1.0107,1.4381,0,0,0
P16,2026-10-17,0.9929,1.1731,1.4381,0,0,0
P16,2026-10-18,0.9982,1.1055,1.0,0,0,0
P16,2026-10-19,0.9984,0.9071,1.0,0,0,0
P16,2026-10-20,1.0013,0.9161,3.0886,0,0,0
P16,2026-10-21,0.9996,1.0007,3.0886,0,0,0
P16,2026-10-22,1.0014,0.9805,3.0886,0,0,0
P16,2026-10-23,0.9999,1.0107,3.0886,0,0,0
P16,2026-10-24,1.0018,1.1731,3.0886,0,0,0
P16,2026-10-25,1.0034,1.1055,3.0886,0,0,0
P16,2026-10-26,1.0068,0.9071,1.0,0,0,0
P16,2026-10-27,1.0104,0.9161,1.0,0,0,0
P16,2026-10-28,1.0121,1.0007,1.0,0,0,0
P16,2026-10-29,1.0154,0.9805,1.0,0,0,0
P16,2026-10-30,1.0182,1.0107,1.4381,0,0,0
P16,2026-10-31,1.022,1.1731,1.4381,0,0,0
P16,2026-11-01,1.0174,1.1055,2.9708,0,0,0
P16,2026-11-02,1.0202,0.9071,2.9708,0,0,0
P16,2026-11-03,1.0219,0.9161,2.9708,0,0,0
P16,2026-11-04,1.0256,1.0007,0.9793,0,0,0
P16,2026-11-05,1.0261,0.9805,0.9793,0,0,0
P16,2026-11-06,1.0257,1.0107,0.9793,0,0,0
P16,2026-11-07,1.0284,1.1731,0.9793,0,0,0
P16,2026-11-08,1.0263,1.1055,0.9793,0,0,0
P16,2026-11-09,1.028,0.9071,0.9793,0,0,0
P16,2026-11-10,1.0317,0.9161,0.9793,0,0,0
P16,2026-11-11,1.0364,1.0007,0.9793,0,0,0
P16,2026-11-12,1.0367,0.9805,0.9793,0,0,0
P16,2026-11-13,1.0363,1.0107,0.9793,0,0,0
P16,2026-11-14,1.0411,1.1731,0.9793,0,0,0
P16,2026-11-15,1.043,1.1055,0.9793,0,0,0
P16,2026-11-16,1.0442,0.9071,0.9793,0,0,0
P16,2026-11-17,1.0464,0.9161,0.9793,0,0,0
P16,2026-11-18,1.051,1.0007,0.9793,0,0,0
P16,2026-11-19,1.051,0.9805,0.9793,0,0,0
P16,2026-11-20,1.0509,1.0107,0.9793,0,0,0
P16,2026-11-21,1.0528,1.1731,0.9793,0,0,0
P16,2026-11-22,1.0537,1.1055,0.9793,0,0,0
P16,2026-11-23,1.0534,0.9071,0.9793,0,0,0
P16,2026-11-24,1.05,0.9161,0.9793,0,0,0
P16,2026-11-25,1.0524,1.0007,0.9793,0,0,0
P16,2026-11-26,1.0494,0.9805,0.9793,0,0,0
P16,2026-11-27,1.0485,1.0107,0.9793,0,0,0
P16,2026-11-28,1.0483,1.1731,0.9793,0,0,0
P16,2026-11-29,1.0447,1.1055,0.9793,0,0,0
P16,2026-11-30,1.044,0.9071,0.9793,0,0,0
P16,2026-12-01,1.0425,0.9161,0.9793,0,0,0
P16,2026-12-02,1.0464,1.0007,0.9793,0,0,0
P16,2026-12-03,1.044,0.9805,0.9793,0,0,0
P16,2026-12-04,1.0448,1.0107,0.9793,0,0,0
P16,2026-12-05,1.0518,1.1731,0.9793,0,0,0
P16,2026-12-06,1.0572,1.1055,0.9793,0,0,0
P16,2026-12-07,1.0592,0.9071,0.9793,0,0,0
P16,2026-12-08,1.0618,0.9161,0.9793,0,0,0
P16,2026-12-09,1.0647,1.0007,0.9793,0,0,0
P16,2026-12-10,1.0685,0.9805,0.9793,0,0,0
P16,2026-12-11,1.0652,1.0107,0.9793,0,0,0
P16,2026-12-12,1.0639,1.1731,0.9793,0,0,0
P16,2026-12-13,1.0645,1.1055,0.9793,0,0,0
P16,2026-12-14,1.0628,0.9071,0.9793,0,0,0
P16,2026-12-15,1.0614,0.9161,0.9793,0,0,0
P16,2026-12-16,1.0636,1.0007,0.9793,0,0,0
P16,2026-12-17,1.0672,0.9805,0.9793,0,0,0
P16,2026-12-18,1.0695,1.0107,0.9793,0,0,0
P16,2026-12-19,1.0764,1.1731,0.9793,0,0,0
P16,2026-12-20,1.0765,1.1055,0.9793,0,0,0
P16,2026-12-21,1.0732,0.9071,0.9793,0,0,0
P16,2026-12-22,1.0743,0.9161,0.9793,0,0,0
P16,2026-12-23,1.0756,1.0007,0.9793,0,0,0
P16,2026-12-24,1.0693,0.9805,0.9793,0,0,0
P16,2026-12-25,1.0677,1.0107,0.9793,0,0,0
P16,2026-12-26,1.0719,1.1731,0.9793,0,0,0
P16,2026-12-27,1.0733,1.1055,0.9793,0,0,0
P16,2026-12-28,1.0683,0.9071,0.9793,0,0,0
P16,2026-12-29,1.0671,0.9161,0.9793,0,0,0
P16,2026-12-30,1.0646,1.0007,0.9793,0,0,0
P16,2026-12-31,1.0631,0.9805,0.9793,0,0,0
P16,2027-01-01,1.0631,1.0107,0.7648,0,0,0
P16,2027-01-02,1.0632,1.1731,0.9793,0,0,0
P16,2027-01-03,1.0604,1.1055,0.9793,0,0,0
P16,2027-01-04,1.0562,0.9071,0.9793,0,0,0
P16,2027-01-05,1.0528,0.9161,0.9793,0,0,0
P16,2027-01-06,1.0543,1.0007,0.9793,0,0,0
P16,2027-01-07,1.0517,0.9805,0.9793,0,0,0
P16,2027-01-08,1.0439,1.0107,0.9793,0,0,0
P16,2027-01-09,1.0421,1.1731,0.9793,0,0,0
P16,2027-01-10,1.0379,1.1055,0.9793,0,0,0
P16,2027-01-11,1.0349,0.9071,0.9793,0,0,0
P16,2027-01-12,1.032,0.9161,0.9793,0,0,0
P16,2027-01-13,1.0284,1.0007,1.6229,0,0,0
P16,2027-01-14,1.0272,0.9805,1.6229,0,0,0
P16,2027-01-15,1.0266,1.0107,1.6229,0,0,0
P16,2027-01-16,1.0211,1.1731,1.6229,0,0,0
P16,2027-01-17,1.0228,1.1055,0.9793,0,0,0
P16,2027-01-18,1.0225,0.9071,0.9793,0,0,0
P16,2027-01-19,1.0241,0.9161,0.9793,0,0,0
P16,2027-01-20,1.0203,1.0007,0.9793,0,0,0
P16,2027-01-21,1.0154,0.9805,0.9793,0,0,0
P16,2027-01-22,1.0146,1.0107,0.9793,0,0,0
P16,2027-01-23,1.0107,1.1731,0.9793,0,0,0
P16,2027-01-24,1.0071,1.1055,0.9793,0,0,0
P16,2027-01-25,1.0064,0.9071,0.9793,0,0,0
P16,2027-01-26,1.0038,0.9161,0.7648,0,0,0
P16,2027-01-27,1.0043,1.0007,0.9793,0,0,0
P16,2027-01-28,1.003,0.9805,0.9793,0,0,0
P16,2027-01-29,1.0003,1.0107,0.9793,0,0,0
P16,2027-01-30,1.0036,1.1731,0.9793,0,0,0
P16,2027-01-31,1.0028,1.1055,0.9793,0,0,0
P16,2027-02-01,1.0018,0.9071,0.9793,0,0,0
P16,2027-02-02,0.9987,0.9161,0.9793,0,0,0
P16,2027-02-03,0.9948,1.0007,0.9793,0,0,0
P16,2027-02-04,0.9942,0.9805,0.9793,0,0,0
P16,2027-02-05,0.9909,1.0107,0.9793,0,0,0
P16,2027-02-06,0.9934,1.1731,0.9793,0,0,0
P16,2027-02-07,0.9931,1.1055,0.9793,0,0,0
P16,2027-02-08,0.9894,0.9071,0.9793,0,0,0
P16,2027-02-09,0.9862,0.9161,0.9793,0,0,0
P16,2027-02-10,0.9836,1.0007,0.9793,0,0,0
P16,2027-02-11,0.9789,0.9805,0.9793,0,0,0
P16,2027-02-12,0.973,1.0107,0.9793,0,0,0
P16,2027-02-13,0.9704,1.1731,0.9793,0,0,0
P16,2027-02-14,0.9697,1.1055,0.9793,0,0,0
P16,2027-02-15,0.9712,0.9071,0.9793,0,0,0
P16,2027-02-16,0.968,0.9161,0.9793,0,0,0
P16,2027-02-17,0.9662,1.0007,0.9793,0,0,0
P16,2027-02-18,0.967,0.9805,0.9793,0,0,0
P16,2027-02-19,0.9661,1.0107,0.9793,0,0,0
P16,2027-02-20,0.9605,1.1731,0.9793,0,0,0
P16,2027-02-21,0.9637,1.1055,0.9793,0,0,0
P16,2027-02-22,0.9657,0.9071,0.9793,0,0,0
P16,2027-02-23,0.9631,0.9161,0.9793,0,0,0
P16,2027-02-24,0.9631,1.0007,0.9793,0,0,0
P16,2027-02-25,0.9647,0.9805,0.9793,0,0,0
P16,2027-02-26,0.963,1.0107,0.9793,0,0,0
P16,2027-02-27,0.9616,1.1731,0.9793,0,0,0
P16,2027-02-28,0.9629,1.1055,0.9793,0,0,0
P16,2027-03-01,0.9655,0.9071,1.0277,0,0,0
P16,2027-03-02,0.9656,0.9161,1.0277,0,0,0
P16,2027-03-03,0.967,1.0007,1.0277,0,0,0
P16,2027-03-04,0.9658,0.9805,1.0277,0,0,0
P16,2027-03-05,0.9632,1.0107,1.478,0,0,0
P16,2027-03-06,0.9604,1.1731,1.478,0,0,0
P16,2027-03-07,0.9637,1.1055,1.0277,0,0,0
P16,2027-03-08,0.9635,0.9071,1.0277,0,0,0
P16,2027-03-09,0.9626,0.9161,1.0277,0,0,0
P16,2027-03-10,0.9608,1.0007,1.0277,0,0,0
P16,2027-03-11,0.9633,0.9805,1.0277,0,0,0
P16,2027-03-12,0.9646,1.0107,1.478,0,0,0
P16,2027-03-13,0.9618,1.1731,1.478,0,0,0
P16,2027-03-14,0.9648,1.1055,1.0277,0,0,0
P16,2027-03-15,0.9655,0.9071,1.0277,0,0,0
P16,2027-03-16,0.9646,0.9161,1.0277,0,0,0
P16,2027-03-17,0.9658,1.0007,1.0277,0,0,0
P16,2027-03-18,0.9679,0.9805,1.0277,0,0,0
P16,2027-03-19,0.9643,1.0107,1.478,0,0,0
P16,2027-03-20,0.9641,1.1731,1.478,0,0,0
P16,2027-03-21,0.964,1.1055,1.0277,0,0,0
P16,2027-03-22,0.9632,0.9071,1.0277,0,0,0
P16,2027-03-23,0.9592,0.9161,1.0277,0,0,0
P16,2027-03-24,0.9617,1.0007,1.0277,0,0,0
P16,2027-03-25,0.9604,0.9805,1.0277,0,0,0
P16,2027-03-26,0.9558,1.0107,1.478,0,0,0
P16,2027-03-27,0.9527,1.1731,1.478,0,0,0
P16,2027-03-28,0.9562,1.1055,1.0277,0,0,0
P16,2027-03-29,0.9576,0.9071,1.0277,0,0,0
P16,2027-03-30,0.9602,0.9161,1.0277,0,0,0
P16,2027-03-31,0.9563,1.0007,1.0277,0,0,0
P16,2027-04-01,0.9565,0.9805,1.0277,0,0,0
P16,2027-04-02,0.9573,1.0107,1.0277,0,0,0
P16,2027-04-03,0.9551,1.1731,1.1386,0,0,0
P16,2027-04-04,0.9557,1.1055,1.1386,0,0,0
P16,2027-04-05,0.9575,0.9071,1.0277,0,0,0
P16,2027-04-06,0.9573,0.9161,1.0277,0,0,0
P16,2027-04-07,0.9593,1.0007,1.0277,0,0,0
P16,2027-04-08,0.9637,0.9805,1.0277,0,0,0
P16,2027-04-09,0.9634,1.0107,1.0277,0,0,0
P16,2027-04-10,0.967,1.1731,1.1386,0,0,0
P16,2027-04-11,0.9682,1.1055,1.1386,0,0,0
P16,2027-04-12,0.9687,0.9071,1.0277,0,0,0
P16,2027-04-13,0.9671,0.9161,1.0277,0,0,0
P16,2027-04-14,0.97,1.0007,1.0277,0,0,0
P16,2027-04-15,0.9701,0.9805,1.0277,0,0,0
P16,2027-04-16,0.9707,1.0107,1.0277,0,0,0
P16,2027-04-17,0.9667,1.1731,1.1386,0,0,0
P16,2027-04-18,0.9669,1.1055,1.1386,0,0,0
P16,2027-04-19,0.9665,0.9071,1.0277,0,0,0
P16,2027-04-20,0.9694,0.9161,1.0277,0,0,0
P16,2027-04-21,0.9732,1.0007,1.0277,0,0,0
P16,2027-04-22,0.9721,0.9805,1.0277,0,0,0
P16,2027-04-23,0.9732,1.0107,1.0277,0,0,0
P16,2027-04-24,0.9779,1.1731,1.1386,0,0,0
P16,2027-04-25,0.9776,1.1055,1.1386,0,0,0
P16,2027-04-26,0.9802,0.9071,1.0277,0,0,0
P16,2027-04-27,0.9789,0.9161,1.0277,0,0,0
P16,2027-04-28,0.978,1.0007,1.0277,0,0,0
P16,2027-04-29,0.9779,0.9805,1.0277,0,0,0
P16,2027-04-30,0.9796,1.0107,1.0277,0,0,0
P16,2027-05-01,0.9784,1.1731,1.1386,0,0,0
P16,2027-05-02,0.9789,1.1055,1.1386,0,0,0
P16,2027-05-03,0.9791,0.9071,1.0277,0,0,0
P16,2027-05-04,0.981,0.9161,1.0277,0,0,0
P16,2027-05-05,0.9828,1.0007,1.0277,0,0,0
P16,2027-05-06,0.9837,0.9805,1.0277,0,0,0
P16,2027-05-07,0.9793,1.0107,1.0277,0,0,0
P16,2027-05-08,0.9825,1.1731,1.1386,0,0,0
P16,2027-05-09,0.9842,1.1055,1.1386,0,0,0
P16,2027-05-10,0.9832,0.9071,1.0277,0,0,0
P16,2027-05-11,0.9845,0.9161,1.0277,0,0,0
P16,2027-05-12,0.989,1.0007,1.0277,0,0,0
P16,2027-05-13,0.9916,0.9805,1.0277,0,0,0
P16,2027-05-14,0.9942,1.0107,1.0277,0,0,0
P16,2027-05-15,0.991,1.1731,1.1386,0,0,0
P16,2027-05-16,0.9886,1.1055,1.1386,0,0,0
P16,2027-05-17,0.9912,0.9071,1.0277,0,0,0
P16,2027-05-18,0.992,0.9161,1.0277,0,0,0
P16,2027-05-19,0.9895,1.0007,1.0277,0,0,0
P16,2027-05-20,0.9912,0.9805,1.0277,0,0,0
P16,2027-05-21,0.9926,1.0107,1.0277,0,0,0
P16,2027-05-22,0.9889,1.1731,1.1386,0,0,0
P16,2027-05-23,0.9884,1.1055,1.1386,0,0,0
P16,2027-05-24,0.9895,0.9071,1.0277,0,0,0
P16,2027-05-25,0.9912,0.9161,1.0277,0,0,0
P16,2027-05-26,0.9886,1.0007,1.0277,0,0,0
P16,2027-05-27,0.9884,0.9805,1.0277,0,0,0
P16,2027-05-28,0.9912,1.0107,1.0277,0,0,0
P16,2027-05-29,0.9892,1.1731,1.1386,0,0,0
P16,2027-05-30,0.988,1.1055,1.1386,0,0,0
P16,2027-05-31,0.9879,0.9071,1.0277,0,0,0
P16,2027-06-01,0.9857,0.9161,1.0277,0,0,0
P16,2027-06-02,0.9827,1.0007,1.0277,0,0,0
P16,2027-06-03,0.9802,0.9805,1.0277,0,0,0
P16,2027-06-04,0.9812,1.0107,1.0277,0,0,0
P16,2027-06-05,0.9785,1.1731,1.0277,0,0,0
P16,2027-06-06,0.9796,1.1055,1.0277,0,0,0
P16,2027-06-07,0.9825,0.9071,1.0277,0,0,0
P16,2027-06-08,0.9851,0.9161,1.0277,0,0,0
P16,2027-06-09,0.9804,1.0007,1.0277,0,0,0
P16,2027-06-10,0.9762,0.9805,1.0277,0,0,0
P16,2027-06-11,0.9773,1.0107,1.0277,0,0,0
P16,2027-06-12,0.9695,1.1731,1.0277,0,0,0
P16,2027-06-13,0.9712,1.1055,1.0277,0,0,0
P16,2027-06-14,0.9694,0.9071,1.0277,0,0,0
P16,2027-06-15,0.9666,0.9161,1.0277,0,0,0
P16,2027-06-16,0.9647,1.0007,1.0277,0,0,0
P16,2027-06-17,0.9621,0.9805,1.0277,0,0,0
P16,2027-06-18,0.9603,1.0107,1.0277,0,0,0
P16,2027-06-19,0.9637,1.1731,1.0277,0,0,0
P16,2027-06-20,0.9656,1.1055,1.0277,0,0,0
P16,2027-06-21,0.9689,0.9071,1.0277,0,0,0
P16,2027-06-22,0.9676,0.9161,1.0277,0,0,0
P16,2027-06-23,0.9677,1.0007,1.0277,0,0,0
P16,2027-06-24,0.9684,0.9805,1.0277,0,0,0
P16,2027-06-25,0.9695,1.0107,1.0277,0,0,0
P16,2027-06-26,0.9652,1.1731,1.0277,0,0,0
P16,2027-06-27,0.965,1.1055,1.0277,0,0,0
P16,2027-06-28,0.9643,0.9071,1.0277,0,0,0
P16,2027-06-29,0.9676,0.9161,1.0277,0,0,0
P16,2027-06-30,0.9666,1.0007,1.0277,0,0,0
P16,2027-07-01,0.9649,0.9805,1.0985,0,0,0
P16,2027-07-02,0.963,1.0107,1.5798,0,0,0
P16,2027-07-03,0.9589,1.1731,1.5798,0,0,0
P16,2027-07-04,0.9562,1.1055,1.0985,0,0,0
P16,2027-07-05,0.9553,0.9071,1.0985,0,0,0
P16,2027-07-06,0.954,0.9161,1.0985,0,0,0
P16,2027-07-07,0.9555,1.0007,1.0985,0,0,0
P16,2027-07-08,0.9578,0.9805,1.0985,0,0,0
P16,2027-07-09,0.9566,1.0107,1.5798,0,0,0
P16,2027-07-10,0.9581,1.1731,1.5798,0,0,0
P16,2027-07-11,0.9557,1.1055,1.0985,0,0,0
P16,2027-07-12,0.9549,0.9071,1.0985,0,0,0
P16,2027-07-13,0.951,0.9161,1.0985,0,0,0
P16,2027-07-14,0.9499,1.0007,1.0985,0,0,0
P16,2027-07-15,0.9515,0.9805,1.0985,0,0,0
P16,2027-07-16,0.9524,1.0107,1.5798,0,0,0
P16,2027-07-17,0.9544,1.1731,1.5798,0,0,0
P16,2027-07-18,0.9596,1.1055,1.0985,0,0,0
P16,2027-07-19,0.9588,0.9071,1.0985,0,0,0
P16,2027-07-20,0.962,0.9161,1.0985,0,0,0
P16,2027-07-21,0.962,1.0007,1.0985,0,0,0
P16,2027-07-22,0.9608,0.9805,1.0985,0,0,0
P16,2027-07-23,0.9581,1.0107,1.5798,0,0,0
P16,2027-07-24,0.959,1.1731,1.5798,0,0,0
P16,2027-07-25,0.9583,1.1055,1.0985,0,0,0
P16,2027-07-26,0.9581,0.9071,1.0985,0,0,0
P16,2027-07-27,0.9593,0.9161,1.0985,0,0,0
P16,2027-07-28,0.9585,1.0007,1.0985,0,0,0
P16,2027-07-29,0.9587,0.9805,1.0985,0,0,0
P16,2027-07-30,0.9595,1.0107,1.5798,0,0,0
P16,2027-07-31,0.9589,1.1731,1.5798,0,0,0
P16,2027-08-01,0.9542,1.1055,1.0985,0,0,0
P16,2027-08-02,0.9566,0.9071,1.0985,0,0,0
P16,2027-08-03,0.9585,0.9161,1.0985,0,0,0
P16,2027-08-04,0.9585,1.0007,1.0985,0,0,0
P16,2027-08-05,0.9599,0.9805,1.0985,0,0,0
P16,2027-08-06,0.9557,1.0107,1.0985,0,0,0
P16,2027-08-07,0.9553,1.1731,1.0985,0,0,0
P16,2027-08-08,0.9543,1.1055,1.0985,0,0,0
P16,2027-08-09,0.9554,0.9071,1.0985,0,0,0
P16,2027-08-10,0.9549,0.9161,1.0985,0,0,0
P16,2027-08-11,0.9515,1.0007,1.0985,0,0,0
P16,2027-08-12,0.9489,0.9805,1.0985,0,0,0
P16,2027-08-13,0.9504,1.0107,1.0985,0,0,0
P16,2027-08-14,0.949,1.1731,1.0985,0,0,0
P16,2027-08-15,0.946,1.1055,2.2056,0,0,0
P16,2027-08-16,0.9475,0.9071,2.2056,0,0,0
P16,2027-08-17,0.9459,0.9161,2.2056,0,0,0
P16,2027-08-18,0.9469,1.0007,1.0985,0,0,0
P16,2027-08-19,0.9486,0.9805,1.0985,0,0,0
P16,2027-08-20,0.9503,1.0107,1.0985,0,0,0
P16,2027-08-21,0.9519,1.1731,1.0985,0,0,0
P16,2027-08-22,0.9518,1.1055,1.0985,0,0,0
P16,2027-08-23,0.9532,0.9071,1.0985,0,0,0
P16,2027-08-24,0.9564,0.9161,1.0985,0,0,0
P16,2027-08-25,0.9569,1.0007,1.0985,0,0,0
P16,2027-08-26,0.9568,0.9805,1.0985,0,0,0
P16,2027-08-27,0.9629,1.0107,1.0985,0,0,0
P16,2027-08-28,0.9668,1.1731,1.0985,0,0,0
P16,2027-08-29,0.9654,1.1055,1.0985,0,0,0
P16,2027-08-30,0.9678,0.9071,1.0985,0,0,0
P16,2027-08-31,0.9693,0.9161,1.0985,0,0,0
P16,2027-09-01,0.9692,1.0007,1.0985,0,0,0
P16,2027-09-02,0.9692,0.9805,1.0985,0,0,0
P16,2027-09-03,0.9695,1.0107,1.0985,0,0,0
P16,2027-09-04,0.9699,1.1731,1.0985,0,0,0
P16,2027-09-05,0.9667,1.1055,1.0985,0,0,0
P16,2027-09-06,0.9619,0.9071,1.0985,0,0,0
P16,2027-09-07,0.9626,0.9161,1.0985,0,0,0
P16,2027-09-08,0.9651,1.0007,1.0985,0,0,0
P16,2027-09-09,0.9612,0.9805,1.0985,0,0,0
P16,2027-09-10,0.9627,1.0107,1.0985,0,0,0
P16,2027-09-11,0.9576,1.1731,1.0985,0,0,0
P16,2027-09-12,0.9627,1.1055,1.0985,0,0,0
P16,2027-09-13,0.9609,0.9071,1.0985,0,0,0
P16,2027-09-14,0.9683,0.9161,1.0985,0,0,0
P16,2027-09-15,0.9729,1.0007,1.0985,0,0,0
P16,2027-09-16,0.9752,0.9805,1.0985,0,0,0
P16,2027-09-17,0.9754,1.0107,1.0985,0,0,0
P16,2027-09-18,0.9698,1.1731,1.0985,0,0,0
P16,2027-09-19,0.9671,1.1055,1.0985,0,0,0
P16,2027-09-20,0.9646,0.9071,1.0985,0,0,0
P16,2027-09-21,0.9661,0.9161,1.0985,0,0,0
P16,2027-09-22,0.9693,1.0007,1.0985,0,0,0
P16,2027-09-23,0.9684,0.9805,1.0985,0,0,0
P16,2027-09-24,0.9724,1.0107,1.0985,0,0,0
P16,2027-09-25,0.97,1.1731,1.0985,0,0,0
P16,2027-09-26,0.9687,1.1055,1.0985,0,0,0
P16,2027-09-27,0.9683,0.9071,1.0985,0,0,0
P16,2027-09-28,0.9713,0.9161,1.0985,0,0,0
P16,2027-09-29,0.9724,1.0007,1.0985,0,0,0
P16,2027-09-30,0.9769,0.9805,1.0985,0,0,0
P16,2027-10-01,0.9848,1.0107,1.4381,0,0,0
P16,2027-10-02,0.9905,1.1731,1.4381,0,0,0
P16,2027-10-03,0.9951,1.1055,1.0,0,0,0
P16,2027-10-04,0.9942,0.9071,1.0,0,0,0
P16,2027-10-05,0.993,0.9161,1.0,0,0,0
P16,2027-10-06,0.9912,1.0007,1.0,0,0,0
P16,2027-10-07,0.9923,0.9805,1.0,0,0,0
P16,2027-10-08,0.9906,1.0107,1.4381,0,0,0
P16,2027-10-09,0.9983,1.1731,1.4381,0,0,0
P16,2027-10-10,1.0015,1.1055,1.0,0,0,0
P16,2027-10-11,1.0043,0.9071,1.0,0,0,0
P16,2027-10-12,1.0037,0.9161,1.0,0,0,0
P16,2027-10-13,1.0046,1.0007,1.0,0,0,0
P16,2027-10-14,1.0065,0.9805,1.0,0,0,0
P16,2027-10-15,1.009,1.0107,1.4381,0,0,0
P16,2027-10-16,1.0067,1.1731,1.4381,0,0,0
P16,2027-10-17,1.008,1.1055,1.0,0,0,0
P16,2027-10-18,1.0094,0.9071,1.0,0,0,0
P16,2027-10-19,1.0141,0.9161,1.0,0,0,0
P16,2027-10-20,1.015,1.0007,3.0886,0,0,0
P16,2027-10-21,1.0173,0.9805,3.0886,0,0,0
P16,2027-10-22,1.0182,1.0107,3.0886,0,0,0
P16,2027-10-23,1.0202,1.1731,3.0886,0,0,0
P16,2027-10-24,1.0227,1.1055,3.0886,0,0,0
P16,2027-10-25,1.0259,0.9071,3.0886,0,0,0
P16,2027-10-26,1.0287,0.9161,1.0,0,0,0
P16,2027-10-27,1.0269,1.0007,1.0,0,0,0
P16,2027-10-28,1.0272,0.9805,1.0,0,0,0
P16,2027-10-29,1.0292,1.0107,1.4381,0,0,0
P16,2027-10-30,1.0325,1.1731,1.4381,0,0,0
P16,2027-10-31,1.0347,1.1055,1.0,0,0,0
P16,2027-11-01,1.0351,0.9071,2.9708,0,0,0
P16,2027-11-02,1.0355,0.9161,2.9708,0,0,0
P16,2027-11-03,1.0399,1.0007,2.9708,0,0,0
P16,2027-11-04,1.0445,0.9805,0.9793,0,0,0
P16,2027-11-05,1.045,1.0107,0.9793,0,0,0
P16,2027-11-06,1.0462,1.1731,0.9793,0,0,0
P16,2027-11-07,1.0475,1.1055,0.9793,0,0,0
P16,2027-11-08,1.0468,0.9071,0.9793,0,0,0
P16,2027-11-09,1.0473,0.9161,0.9793,0,0,0
P16,2027-11-10,1.0464,1.0007,0.9793,0,0,0
P16,2027-11-11,1.05,0.9805,0.9793,0,0,0
P16,2027-11-12,1.0499,1.0107,0.9793,0,0,0
P16,2027-11-13,1.0515,1.1731,0.9793,0,0,0
P16,2027-11-14,1.0491,1.1055,0.9793,0,0,0
P16,2027-11-15,1.0532,0.9071,0.9793,0,0,0
P16,2027-11-16,1.0535,0.9161,0.9793,0,0,0
P16,2027-11-17,1.0556,1.0007,0.9793,0,0,0
P16,2027-11-18,1.056,0.9805,0.9793,0,0,0
P16,2027-11-19,1.0565,1.0107,0.9793,0,0,0
P16,2027-11-20,1.0567,1.1731,0.9793,0,0,0
P16,2027-11-21,1.0548,1.1055,0.9793,0,0,0
P16,2027-11-22,1.0558,0.9071,0.9793,0,0,0
P16,2027-11-23,1.0587,0.9161,0.9793,0,0,0
P16,2027-11-24,1.0601,1.0007,0.9793,0,0,0
P16,2027-11-25,1.057,0.9805,0.9793,0,0,0
P16,2027-11-26,1.0535,1.0107,0.9793,0,0,0
P16,2027-11-27,1.0557,1.1731,0.9793,0,0,0
P16,2027-11-28,1.0555,1.1055,0.9793,0,0,0
P16,2027-11-29,1.0583,0.9071,0.9793,0,0,0
P16,2027-11-30,1.0625,0.9161,0.9793,0,0,0
P16,2027-12-01,1.0643,1.0007,0.9793,0,0,0
P16,2027-12-02,1.0638,0.9805,0.9793,0,0,0
P16,2027-12-03,1.0646,1.0107,0.9793,0,0,0
P16,2027-12-04,1.0671,1.1731,0.9793,0,0,0
P16,2027-12-05,1.0729,1.1055,0.9793,0,0,0
P16,2027-12-06,1.0788,0.9071,0.9793,0,0,0
P16,2027-12-07,1.0827,0.9161,0.9793,0,0,0
P16,2027-12-08,1.0882,1.0007,0.9793,0,0,0
P16,2027-12-09,1.0933,0.9805,0.9793,0,0,0
P16,2027-12-10,1.099,1.0107,0.9793,0,0,0
P16,2027-12-11,1.0955,1.1731,0.9793,0,0,0
P16,2027-12-12,1.1003,1.1055,0.9793,0,0,0
P16,2027-12-13,1.0915,0.9071,0.9793,0,0,0
P16,2027-12-14,1.0917,0.9161,0.9793,0,0,0
P16,2027-12-15,1.0913,1.0007,0.9793,0,0,0
P16,2027-12-16,1.0892,0.9805,0.9793,0,0,0
P16,2027-12-17,1.0963,1.0107,0.9793,0,0,0
P16,2027-12-18,1.1015,1.1731,0.9793,0,0,0
P16,2027-12-19,1.1087,1.1055,0.9793,0,0,0
P16,2027-12-20,1.1107,0.9071,0.9793,0,0,0
P16,2027-12-21,1.1086,0.9161,0.9793,0,0,0
P16,2027-12-22,1.1122,1.0007,0.9793,0,0,0
P16,2027-12-23,1.112,0.9805,0.9793,0,0,0
P16,2027-12-24,1.1164,1.0107,0.9793,0,0,0
P16,2027-12-25,1.1187,1.1731,0.9793,0,0,0
P16,2027-12-26,1.1189,1.1055,0.9793,0,0,0
P16,2027-12-27,1.115,0.9071,0.9793,0,0,0
P16,2027-12-28,1.1172,0.9161,0.9793,0,0,0
P16,2027-12-29,1.1195,1.0007,0.9793,0,0,0
P16,2027-12-30,1.1169,0.9805,0.9793,0,0,0
P16,2027-12-31,1.1151,1.0107,0.9793,0,0,0
P17,2026-01-01,0.6194,0.9404,0.7719,0,0,0
P17,2026-01-02,0.6165,1.0322,1.0344,0,0,0
P17,2026-01-03,0.6148,1.1952,1.0344,0,0,0
P17,2026-01-04,0.6127,1.1318,1.0344,0,0,0
P17,2026-01-05,0.6104,0.9016,1.0344,0,0,0
P17,2026-01-06,0.6084,0.9416,1.0344,0,0,0
P17,2026-01-07,0.6096,0.9711,1.0344,0,0,0
P17,2026-01-08,0.6057,0.9404,1.0344,0,0,0
P17,2026-01-09,0.6069,1.0322,1.0344,0,0,0
P17,2026-01-10,0.607,1.1952,1.0344,0,0,0
P17,2026-01-11,0.6106,1.1318,1.0344,0,0,0
P17,2026-01-12,0.6112,0.9016,1.0344,0,0,0
P17,2026-01-13,0.6082,0.9416,1.8062,0,0,0
P17,2026-01-14,0.6104,0.9711,1.8062,0,0,0
P17,2026-01-15,0.6088,0.9404,1.8062,0,0,0
P17,2026-01-16,0.6115,1.0322,1.8062,0,0,0
P17,2026-01-17,0.6112,1.1952,1.0344,0,0,0
P17,2026-01-18,0.6162,1.1318,1.0344,0,0,0
P17,2026-01-19,0.6228,0.9016,1.0344,0,0,0
P17,2026-01-20,0.622,0.9416,1.0344,0,0,0
P17,2026-01-21,0.6218,0.9711,1.0344,0,0,0
P17,2026-01-22,0.6204,0.9404,1.0344,0,0,0
P17,2026-01-23,0.62,1.0322,1.0344,0,0,0
P17,2026-01-24,0.6229,1.1952,1.0344,0,0,0
P17,2026-01-25,0.6251,1.1318,1.0344,0,0,0
P17,2026-01-26,0.63,0.9016,0.7719,0,0,0
P17,2026-01-27,0.6341,0.9416,1.0344,0,0,0
P17,2026-01-28,0.6369,0.9711,1.0344,0,0,0
P17,2026-01-29,0.6343,0.9404,1.0344,0,0,0
P17,2026-01-30,0.6377,1.0322,1.0344,0,0,0
P17,2026-01-31,0.6381,1.1952,1.0344,0,0,0
P17,2026-02-01,0.6419,1.1318,1.0344,0,0,0
P17,2026-02-02,0.6425,0.9016,1.0344,0,0,0
P17,2026-02-03,0.6424,0.9416,1.0344,0,0,0
P17,2026-02-04,0.6426,0.9711,1.0344,0,0,0
P17,2026-02-05,0.6445,0.9404,1.0344,0,0,0
P17,2026-02-06,0.6475,1.0322,1.0344,0,0,0
P17,2026-02-07,0.6513,1.1952,1.0344,0,0,0
P17,2026-02-08,0.6538,1.1318,1.0344,0,0,0
P17,2026-02-09,0.6558,0.9016,1.0344,0,0,0
P17,2026-02-10,0.659,0.9416,1.0344,0,0,0
P17,2026-02-11,0.6589,0.9711,1.0344,0,0,0
P17,2026-02-12,0.6579,0.9404,1.0344,0,0,0
P17,2026-02-13,0.6558,1.0322,1.0344,0,0,0
P17,2026-02-14,0.6634,1.1952,1.0344,0,0,0
P17,2026-02-15,0.6631,1.1318,1.0344,0,0,0
P17,2026-02-16,0.6717,0.9016,1.0344,0,0,0
P17,2026-02-17,0.6807,0.9416,1.0344,0,0,0
P17,2026-02-18,0.6849,0.9711,1.0344,0,0,0
P17,2026-02-19,0.6873,0.9404,1.0344,0,0,0
P17,2026-02-20,0.6933,1.0322,1.0344,0,0,0
P17,2026-02-21,0.7008,1.1952,1.0344,0,0,0
P17,2026-02-22,0.7087,1.1318,1.0344,0,0,0
P17,2026-02-23,0.705,0.9016,1.0344,0,0,0
P17,2026-02-24,0.7155,0.9416,1.0344,0,0,0
P17,2026-02-25,0.7219,0.9711,1.0344,0,0,0
P17,2026-02-26,0.7332,0.9404,1.0344,0,0,0
P17,2026-02-27,0.738,1.0322,1.0344,0,0,0
P17,2026-02-28,0.7419,1.1952,1.0344,0,0,0
P17,2026-03-01,0.7517,1.1318,1.0686,0,0,0
P17,2026-03-02,0.7602,0.9016,1.0686,0,0,0
P17,2026-03-03,0.7602,0.9416,1.0686,0,0,0
P17,2026-03-04,0.7633,0.9711,1.0686,0,0,0
P17,2026-03-05,0.7665,0.9404,1.0686,0,0,0
P17,2026-03-06,0.7668,1.0322,1.5821,0,0,0
P17,2026-03-07,0.7701,1.1952,1.5821,0,0,0
P17,2026-03-08,0.7804,1.1318,1.0686,0,0,0
P17,2026-03-09,0.7855,0.9016,1.0686,0,0,0
P17,2026-03-10,0.7919,0.9416,1.0686,0,0,0
P17,2026-03-11,0.7906,0.9711,1.0686,0,0,0
P17,2026-03-12,0.7918,0.9404,1.0686,0,0,0
P17,2026-03-13,0.7951,1.0322,1.5821,0,0,0
P17,2026-03-14,0.7919,1.1952,1.5821,0,0,0
P17,2026-03-15,0.7919,1.1318,1.0686,0,0,0
P17,2026-03-16,0.7928,0.9016,1.0686,0,0,0
P17,2026-03-17,0.7958,0.9416,1.0686,0,0,0
P17,2026-03-18,0.8011,0.9711,1.0686,0,0,0
P17,2026-03-19,0.803,0.9404,1.0686,0,0,0
P17,2026-03-20,0.8081,1.0322,1.5821,0,0,0
P17,2026-03-21,0.809,1.1952,1.5821,0,0,0
P17,2026-03-22,0.8098,1.1318,1.0686,0,0,0
P17,2026-03-23,0.8109,0.9016,1.0686,0,0,0
P17,2026-03-24,0.8161,0.9416,1.0686,0,0,0
P17,2026-03-25,0.8137,0.9711,1.0686,0,0,0
P17,2026-03-26,0.8125,0.9404,1.0686,0,0,0
P17,2026-03-27,0.8161,1.0322,1.5821,0,0,0
P17,2026-03-28,0.817,1.1952,1.5821,0,0,0
P17,2026-03-29,0.8249,1.1318,1.0686,0,0,0
P17,2026-03-30,0.8242,0.9016,1.0686,0,0,0
P17,2026-03-31,0.8247,0.9416,1.0686,0,0,0
P17,2026-04-01,0.836,0.9711,1.0686,0,0,0
P17,2026-04-02,0.8438,0.9404,1.0686,0,0,0
P17,2026-04-03,0.8496,1.0322,1.0686,0,0,0
P17,2026-04-04,0.853,1.1952,1.3085,0,0,0
P17,2026-04-05,0.8554,1.1318,1.3085,0,0,0
P17,2026-04-06,0.8619,0.9016,1.0686,0,0,0
P17,2026-04-07,0.8616,0.9416,1.0686,0,0,0
P17,2026-04-08,0.8664,0.9711,1.0686,0,0,0
P17,2026-04-09,0.8666,0.9404,1.0686,0,0,0
P17,2026-04-10,0.8678,1.0322,1.0686,0,0,0
P17,2026-04-11,0.8654,1.1952,1.3085,0,0,0
P17,2026-04-12,0.8654,1.1318,1.3085,0,0,0
P17,2026-04-13,0.8689,0.9016,1.0686,0,0,0
P17,2026-04-14,0.8765,0.9416,1.0686,0,0,0
P17,2026-04-15,0.8808,0.9711,1.0686,0,0,0
P17,2026-04-16,0.885,0.9404,1.0686,0,0,0
P17,2026-04-17,0.8913,1.0322,1.0686,0,0,0
P17,2026-04-18,0.9016,1.1952,1.3085,0,0,0
P17,2026-04-19,0.9035,1.1318,1.3085,0,0,0
P17,2026-04-20,0.9102,0.9016,1.0686,0,0,0
P17,2026-04-21,0.9113,0.9416,1.0686,0,0,0
P17,2026-04-22,0.9134,0.9711,1.0686,0,0,0
P17,2026-04-23,0.9161,0.9404,1.0686,0,0,0
P17,2026-04-24,0.9149,1.0322,1.0686,0,0,0
P17,2026-04-25,0.9129,1.1952,1.3085,0,0,0
P17,2026-04-26,0.9085,1.1318,1.3085,0,0,0
P17,2026-04-27,0.9142,0.9016,1.0686,0,0,0
P17,2026-04-28,0.9137,0.9416,1.0686,0,0,0
P17,2026-04-29,0.918,0.9711,1.0686,0,0,0
P17,2026-04-30,0.9194,0.9404,1.0686,0,0,0
P17,2026-05-01,0.9198,1.0322,1.0686,0,0,0
P17,2026-05-02,0.9227,1.1952,1.3085,0,0,0
P17,2026-05-03,0.9269,1.1318,1.3085,0,0,0
P17,2026-05-04,0.9321,0.9016,1.0686,0,0,0
P17,2026-05-05,0.9382,0.9416,1.0686,0,0,0
P17,2026-05-06,0.9409,0.9711,1.0686,0,0,0
P17,2026-05-07,0.9398,0.9404,1.0686,0,0,0
P17,2026-05-08,0.9474,1.0322,1.0686,0,0,0
P17,2026-05-09,0.947,1.1952,1.3085,0,0,0
P17,2026-05-10,0.9497,1.1318,1.3085,0,0,0
P17,2026-05-11,0.9493,0.9016,1.0686,0,0,0
P17,2026-05-12,0.9555,0.9416,1.0686,0,0,0
P17,2026-05-13,0.9672,0.9711,1.0686,0,0,0
P17,2026-05-14,0.9731,0.9404,1.0686,0,0,0
P17,2026-05-15,0.9747,1.0322,1.0686,0,0,0
P17,2026-05-16,0.9816,1.1952,1.3085,0,0,0
P17,2026-05-17,0.9788,1.1318,1.3085,0,0,0
P17,2026-05-18,0.9774,0.9016,1.0686,0,0,0
P17,2026-05-19,0.9804,0.9416,1.0686,0,0,0
P17,2026-05-20,0.9818,0.9711,1.0686,0,0,0
P17,2026-05-21,0.974,0.9404,1.0686,0,0,0
P17,2026-05-22,0.9682,1.0322,1.0686,0,0,0
P17,2026-05-23,0.9669,1.1952,1.3085,0,0,0
P17,2026-05-24,0.9658,1.1318,1.3085,0,0,0
P17,2026-05-25,0.9613,0.9016,1.0686,0,0,0
P17,2026-05-26,0.9593,0.9416,1.0686,0,0,0
P17,2026-05-27,0.9522,0.9711,1.0686,0,0,0
P17,2026-05-28,0.9469,0.9404,1.0686,0,0,0
P17,2026-05-29,0.9511,1.0322,1.0686,0,0,0
P17,2026-05-30,0.9521,1.1952,1.3085,0,0,0
P17,2026-05-31,0.947,1.1318,1.3085,0,0,0
P17,2026-06-01,0.9445,0.9016,1.0686,0,0,0
P17,2026-06-02,0.9409,0.9416,1.0686,0,0,0
P17,2026-06-03,0.9403,0.9711,1.0686,0,0,0
P17,2026-06-04,0.9446,0.9404,1.0686,0,0,0
P17,2026-06-05,0.9467,1.0322,1.0686,0,0,0
P17,2026-06-06,0.95,1.1952,1.0686,0,0,0
P17,2026-06-07,0.9474,1.1318,1.0686,0,0,0
P17,2026-06-08,0.9542,0.9016,1.0686,0,0,0
P17,2026-06-09,0.9586,0.9416,1.0686,0,0,0
P17,2026-06-10,0.9623,0.9711,1.0686,0,0,0
P17,2026-06-11,0.9611,0.9404,1.0686,0,0,0
P17,2026-06-12,0.9674,1.0322,1.0686,0,0,0
P17,2026-06-13,0.9686,1.1952,1.0686,0,0,0
P17,2026-06-14,0.9717,1.1318,1.0686,0,0,0
P17,2026-06-15,0.969,0.9016,1.0686,0,0,0
P17,2026-06-16,0.9655,0.9416,1.0686,0,0,0
P17,2026-06-17,0.9665,0.9711,1.0686,0,0,0
P17,2026-06-18,0.9663,0.9404,1.0686,0,0,0
P17,2026-06-19,0.9707,1.0322,1.0686,0,0,0
P17,2026-06-20,0.9749,1.1952,1.0686,0,0,0
P17,2026-06-21,0.9789,1.1318,1.0686,0,0,0
P17,2026-06-22,0.9753,0.9016,1.0686,0,0,0
P17,2026-06-23,0.9754,0.9416,1.0686,0,0,0
P17,2026-06-24,0.9751,0.9711,1.0686,0,0,0
P17,2026-06-25,0.9758,0.9404,1.0686,0,0,0
P17,2026-06-26,0.9748,1.0322,1.0686,0,0,0
P17,2026-06-27,0.975,1.1952,1.0686,0,0,0
P17,2026-06-28,0.9731,1.1318,1.0686,0,0,0
P17,2026-06-29,0.977,0.9016,1.0686,0,0,0
P17,2026-06-30,0.9692,0.9416,1.0686,0,0,0
P17,2026-07-01,0.9666,0.9711,1.1607,0,0,0
P17,2026-07-02,0.9624,0.9404,1.1607,0,0,0
P17,2026-07-03,0.9613,1.0322,1.7185,0,0,0
P17,2026-07-04,0.9596,1.1952,1.7185,0,0,0
P17,2026-07-05,0.9576,1.1318,1.1607,0,0,0
P17,2026-07-06,0.9638,0.9016,1.1607,0,0,0
P17,2026-07-07,0.9683,0.9416,1.1607,0,0,0
P17,2026-07-08,0.9693,0.9711,1.1607,0,0,0
P17,2026-07-09,0.9721,0.9404,1.1607,0,0,0
P17,2026-07-10,0.9776,1.0322,1.7185,0,0,0
P17,2026-07-11,0.9819,1.1952,1.7185,0,0,0
P17,2026-07-12,0.9844,1.1318,1.1607,0,0,0
P17,2026-07-13,0.982,0.9016,1.1607,0,0,0
P17,2026-07-14,0.9799,0.9416,1.1607,0,0,0
P17,2026-07-15,0.9858,0.9711,1.1607,0,0,0
P17,2026-07-16,0.9832,0.9404,1.1607,0,0,0
P17,2026-07-17,0.9747,1.0322,1.7185,0,0,0
P17,2026-07-18,0.9696,1.1952,1.7185,0,0,0
P17,2026-07-19,0.9697,1.1318,1.1607,0,0,0
P17,2026-07-20,0.9709,0.9016,1.1607,0,0,0
P17,2026-07-21,0.9776,0.9416,1.1607,0,0,0
P17,2026-07-22,0.9769,0.9711,1.1607,0,0,0
P17,2026-07-23,0.9833,0.9404,1.1607,0,0,0
P17,2026-07-24,0.9845,1.0322,1.7185,0,0,0
P17,2026-07-25,0.9858,1.1952,1.7185,0,0,0
P17,2026-07-26,0.9785,1.1318,1.1607,0,0,0
P17,2026-07-27,0.9789,0.9016,1.1607,0,0,0
P17,2026-07-28,0.9834,0.9416,1.1607,0,0,0
P17,2026-07-29,0.9822,0.9711,1.1607,0,0,0
P17,2026-07-30,0.9834,0.9404,1.1607,0,0,0
P17,2026-07-31,0.9805,1.0322,1.7185,0,0,0
P17,2026-08-01,0.974,1.1952,1.1607,0,0,0
P17,2026-08-02,0.9806,1.1318,1.1607,0,0,0
P17,2026-08-03,0.9806,0.9016,1.1607,0,0,0
P17,2026-08-04,0.98,0.9416,1.1607,0,0,0
P17,2026-08-05,0.9859,0.9711,1.1607,0,0,0
P17,2026-08-06,0.9829,0.9404,1.1607,0,0,0
P17,2026-08-07,0.9811,1.0322,1.1607,0,0,0
P17,2026-08-08,0.9776,1.1952,1.1607,0,0,0
P17,2026-08-09,0.9742,1.1318,1.1607,0,0,0
P17,2026-08-10,0.9742,0.9016,1.1607,0,0,0
P17,2026-08-11,0.9678,0.9416,1.1607,0,0,0
P17,2026-08-12,0.9666,0.9711,1.1607,0,0,0
P17,2026-08-13,0.9639,0.9404,1.1607,0,0,0
P17,2026-08-14,0.9577,1.0322,1.1607,0,0,0
P17,2026-08-15,0.9581,1.1952,2.8153,0,0,0
P17,2026-08-16,0.957,1.1318,2.8153,0,0,0
P17,2026-08-17,0.9545,0.9016,2.8153,0,0,0
P17,2026-08-18,0.9587,0.9416,1.1607,0,0,0
P17,2026-08-19,0.9615,0.9711,1.1607,0,0,0
P17,2026-08-20,0.9573,0.9404,1.1607,0,0,0
P17,2026-08-21,0.9556,1.0322,1.1607,0,0,0
P17,2026-08-22,0.9656,1.1952,1.1607,0,0,0
P17,2026-08-23,0.9643,1.1318,1.1607,0,0,0
P17,2026-08-24,0.9721,0.9016,1.1607,0,0,0
P17,2026-08-25,0.9796,0.9416,1.1607,0,0,0
P17,2026-08-26,0.9851,0.9711,1.1607,0,0,0
P17,2026-08-27,0.9813,0.9404,1.1607,0,0,0
P17,2026-08-28,0.9788,1.0322,1.1607,0,0,0
P17,2026-08-29,0.9799,1.1952,1.1607,0,0,0
P17,2026-08-30,0.989,1.1318,1.1607,0,0,0
P17,2026-08-31,0.9899,0.9016,1.1607,0,0,0
P17,2026-09-01,0.9972,0.9416,1.1607,0,0,0
P17,2026-09-02,1.0016,0.9711,1.1607,0,0,0
P17,2026-09-03,1.0034,0.9404,1.1607,0,0,0
P17,2026-09-04,0.9995,1.0322,1.1607,0,0,0
P17,2026-09-05,1.0045,1.1952,1.1607,0,0,0
P17,2026-09-06,0.9951,1.1318,1.1607,0,0,0
P17,2026-09-07,0.9923,0.9016,1.1607,0,0,0
P17,2026-09-08,0.9894,0.9416,1.1607,0,0,0
P17,2026-09-09,0.9859,0.9711,1.1607,0,0,0
P17,2026-09-10,0.9793,0.9404,1.1607,0,0,0
P17,2026-09-11,0.9816,1.0322,1.1607,0,0,0
P17,2026-09-12,0.9782,1.1952,1.1607,0,0,0
P17,2026-09-13,0.9793,1.1318,1.1607,0,0,0
P17,2026-09-14,0.9838,0.9016,1.1607,0,0,0
P17,2026-09-15,0.989,0.9416,1.1607,0,0,0
P17,2026-09-16,0.981,0.9711,1.1607,0,0,0
P17,2026-09-17,0.9813,0.9404,1.1607,0,0,0
P17,2026-09-18,0.9757,1.0322,1.1607,0,0,0
P17,2026-09-19,0.9707,1.1952,1.1607,0,0,0
P17,2026-09-20,0.9683,1.1318,1.1607,0,0,0
P17,2026-09-21,0.9753,0.9016,1.1607,0,0,0
P17,2026-09-22,0.9741,0.9416,1.1607,0,0,0
P17,2026-09-23,0.9733,0.9711,1.1607,0,0,0
P17,2026-09-24,0.9752,0.9404,1.1607,0,0,0
P17,2026-09-25,0.9725,1.0322,1.1607,0,0,0
P17,2026-09-26,0.9714,1.1952,1.1607,0,0,0
P17,2026-09-27,0.9718,1.1318,1.1607,0,0,0
P17,2026-09-28,0.9717,0.9016,1.1607,0,0,0
P17,2026-09-29,0.9725,0.9416,1.1607,0,0,0
P17,2026-09-30,0.982,0.9711,1.1607,0,0,0
P17,2026-10-01,0.9863,0.9404,1.0,0,0,0
P17,2026-10-02,0.9956,1.0322,1.4806,0,0,0
P17,2026-10-03,1.0033,1.1952,1.4806,0,0,0
P17,2026-10-04,1.0038,1.1318,1.0,0,0,0
P17,2026-10-05,0.9994,0.9016,1.0,0,0,0
P17,2026-10-06,1.0047,0.9416,1.0,0,0,0
P17,2026-10-07,1.005,0.9711,1.0,0,0,0
P17,2026-10-08,1.0013,0.9404,1.0,0,0,0
P17,2026-10-09,1.0041,1.0322,1.4806,0,0,0
P17,2026-10-10,1.0051,1.1952,1.4806,0,0,0
P17,2026-10-11,1.0056,1.1318,1.0,0,0,0
P17,2026-10-12,1.0095,0.9016,1.0,0,0,0
P17,2026-10-13,1.004,0.9416,1.0,0,0,0
P17,2026-10-14,1.0108,0.9711,1.0,0,0,0
P17,2026-10-15,1.0077,0.9404,1.0,0,0,0
P17,2026-10-16,1.0095,1.0322,1.4806,0,0,0
P17,2026-10-17,1.0075,1.1952,1.4806,0,0,0
P17,2026-10-18,1.0097,1.1318,1.0,0,0,0
P17,2026-10-19,1.0055,0.9016,1.0,0,0,0
P17,2026-10-20,1.0058,0.9416,3.1857,0,0,0
P17,2026-10-21,1.0042,0.9711,3.1857,0,0,0
P17,2026-10-22,1.0104,0.9404,3.1857,0,0,0
P17,2026-10-23,1.0144,1.0322,3.1857,0,0,0
P17,2026-10-24,1.0133,1.1952,3.1857,0,0,0
P17,2026-10-25,1.0156,1.1318,3.1857,0,0,0
P17,2026-10-26,1.012,0.9016,1.0,0,0,0
P17,2026-10-27,1.0184,0.9416,1.0,0,0,0
P17,2026-10-28,1.0197,0.9711,1.0,0,0,0
P17,2026-10-29,1.021,0.9404,1.0,0,0,0
P17,2026-10-30,1.0265,1.0322,1.4806,0,0,0
P17,2026-10-31,1.0136,1.1952,1.4806,0,0,0
P17,2026-11-01,1.0141,1.1318,3.2862,0,0,0
P17,2026-11-02,1.019,0.9016,3.2862,0,0,0
P17,2026-11-03,1.0158,0.9416,3.2862,0,0,0
P17,2026-11-04,1.007,0.9711,1.0344,0,0,0
P17,2026-11-05,1.0126,0.9404,1.0344,0,0,0
P17,2026-11-06,1.0226,1.0322,1.0344,0,0,0
P17,2026-11-07,1.0305,1.1952,1.0344,0,0,0
P17,2026-11-08,1.0286,1.1318,1.0344,0,0,0
P17,2026-11-09,1.0288,0.9016,1.0344,0,0,0
P17,2026-11-10,1.0311,0.9416,1.0344,0,0,0
P17,2026-11-11,1.027,0.9711,1.0344,0,0,0
P17,2026-11-12,1.0314,0.9404,1.0344,0,0,0
P17,2026-11-13,1.0302,1.0322,1.0344,0,0,0
P17,2026-11-14,1.0347,1.1952,1.0344,0,0,0
P17,2026-11-15,1.0362,1.1318,1.0344,0,0,0
P17,2026-11-16,1.0362,0.9016,1.0344,0,0,0
P17,2026-11-17,1.0415,0.9416,1.0344,0,0,0
P17,2026-11-18,1.0475,0.9711,1.0344,0,0,0
P17,2026-11-19,1.0478,0.9404,1.0344,0,0,0
P17,2026-11-20,1.0441,1.0322,1.0344,0,0,0
P17,2026-11-21,1.0416,1.1952,1.0344,0,0,0
P17,2026-11-22,1.0367,1.1318,1.0344,0,0,0
P17,2026-11-23,1.0326,0.9016,1.0344,0,0,0
P17,2026-11-24,1.0298,0.9416,1.0344,0,0,0
P17,2026-11-25,1.0278,0.9711,1.0344,0,0,0
P17,2026-11-26,1.0268,0.9404,1.0344,0,0,0
P17,2026-11-27,1.0292,1.0322,1.0344,0,0,0
P17,2026-11-28,1.0225,1.1952,1.0344,0,0,0
P17,2026-11-29,1.0249,1.1318,1.0344,0,0,0
P17,2026-11-30,1.0137,0.9016,1.0344,0,0,0
P17,2026-12-01,1.0076,0.9416,1.0344,0,0,0
P17,2026-12-02,1.0036,0.9711,1.0344,0,0,0
P17,2026-12-03,1.0019,0.9404,1.0344,0,0,0
P17,2026-12-04,0.9999,1.0322,1.0344,0,0,0
P17,2026-12-05,1.0083,1.1952,1.0344,0,0,0
P17,2026-12-06,1.0066,1.1318,1.0344,0,0,0
P17,2026-12-07,1.0094,0.9016,1.0344,0,0,0
P17,2026-12-08,1.0143,0.9416,1.0344,0,0,0
P17,2026-12-09,1.0153,0.9711,1.0344,0,0,0
P17,2026-12-10,1.0131,0.9404,1.0344,0,0,0
P17,2026-12-11,1.015,1.0322,1.0344,0,0,0
P17,2026-12-12,1.0159,1.1952,1.0344,0,0,0
P17,2026-12-13,1.0209,1.1318,1.0344,0,0,0
P17,2026-12-14,1.015,0.9016,1.0344,0,0,0
P17,2026-12-15,1.0194,0.9416,1.0344,0,0,0
P17,2026-12-16,1.0153,0.9711,1.0344,0,0,0
P17,2026-12-17,1.0235,0.9404,1.0344,0,0,0
P17,2026-12-18,1.0283,1.0322,1.0344,0,0,0
P17,2026-12-19,1.0328,1.1952,1.0344,0,0,0
P17,2026-12-20,1.0308,1.1318,1.0344,0,0,0
P17,2026-12-21,1.0313,0.9016,1.0344,0,0,0
P17,2026-12-22,1.0324,0.9416,1.0344,0,0,0
P17,2026-12-23,1.0387,0.9711,1.0344,0,0,0
P17,2026-12-24,1.0426,0.9404,1.0344,0,0,0
P17,2026-12-25,1.0492,1.0322,1.0344,0,0,0
P17,2026-12-26,1.0438,1.1952,1.0344,0,0,0
P17,2026-12-27,1.0482,1.1318,1.0344,0,0,0
P17,2026-12-28,1.0478,0.9016,1.0344,0,0,0
P17,2026-12-29,1.0397,0.9416,1.0344,0,0,0
P17,2026-12-30,1.0394,0.9711,1.0344,0,0,0
P17,2026-12-31,1.0334,0.9404,1.0344,0,0,0
P17,2027-01-01,1.0264,1.0322,0.7719,0,0,0
P17,2027-01-02,1.0176,1.1952,1.0344,0,0,0
P17,2027-01-03,1.0261,1.1318,1.0344,0,0,0
P17,2027-01-04,1.0249,0.9016,1.0344,0,0,0
P17,2027-01-05,1.0202,0.9416,1.0344,0,0,0
P17,2027-01-06,1.0223,0.9711,1.0344,0,0,0
P17,2027-01-07,1.0286,0.9404,1.0344,0,0,0
P17,2027-01-08,1.0275,1.0322,1.0344,0,0,0
P17,2027-01-09,1.0222,1.1952,1.0344,0,0,0
P17,2027-01-10,1.0209,1.1318,1.0344,0,0,0
P17,2027-01-11,1.0174,0.9016,1.0344,0,0,0
P17,2027-01-12,1.0125,0.9416,1.0344,0,0,0
P17,2027-01-13,1.0132,0.9711,1.8062,0,0,0
P17,2027-01-14,1.0165,0.9404,1.8062,0,0,0
P17,2027-01-15,1.0183,1.0322,1.8062,0,0,0
P17,2027-01-16,1.0135,1.1952,1.8062,0,0,0
P17,2027-01-17,1.0237,1.1318,1.0344,0,0,0
P17,2027-01-18,1.0247,0.9016,1.0344,0,0,0
P17,2027-01-19,1.0247,0.9416,1.0344,0,0,0
P17,2027-01-20,1.0183,0.9711,1.0344,0,0,0
P17,2027-01-21,1.0148,0.9404,1.0344,0,0,0
P17,2027-01-22,1.0216,1.0322,1.0344,0,0,0
P17,2027-01-23,1.0192,1.1952,1.0344,0,0,0
P17,2027-01-24,1.0168,1.1318,1.0344,0,0,0
P17,2027-01-25,1.0166,0.9016,1.0344,0,0,0
P17,2027-01-26,1.0133,0.9416,0.7719,0,0,0
P17,2027-01-27,1.0105,0.9711,1.0344,0,0,0
P17,2027-01-28,1.0089,0.9404,1.0344,0,0,0
P17,2027-01-29,1.0095,1.0322,1.0344,0,0,0
P17,2027-01-30,1.0055,1.1952,1.0344,0,0,0
P17,2027-01-31,0.9976,1.1318,1.0344,0,0,0
P17,2027-02-01,0.9953,0.9016,1.0344,0,0,0
P17,2027-02-02,0.9989,0.9416,1.0344,0,0,0
P17,2027-02-03,0.9919,0.9711,1.0344,0,0,0
P17,2027-02-04,0.9849,0.9404,1.0344,0,0,0
P17,2027-02-05,0.981,1.0322,1.0344,0,0,0
P17,2027-02-06,0.9819,1.1952,1.0344,0,0,0
P17,2027-02-07,0.9795,1.1318,1.0344,0,0,0
P17,2027-02-08,0.9772,0.9016,1.0344,0,0,0
P17,2027-02-09,0.9755,0.9416,1.0344,0,0,0
P17,2027-02-10,0.9715,0.9711,1.0344,0,0,0
P17,2027-02-11,0.9717,0.9404,1.0344,0,0,0
P17,2027-02-12,0.9702,1.0322,1.0344,0,0,0
P17,2027-02-13,0.9785,1.1952,1.0344,0,0,0
P17,2027-02-14,0.9761,1.1318,1.0344,0,0,0
P17,2027-02-15,0.9745,0.9016,1.0344,0,0,0
P17,2027-02-16,0.9786,0.9416,1.0344,0,0,0
P17,2027-02-17,0.9743,0.9711,1.0344,0,0,0
P17,2027-02-18,0.9712,0.9404,1.0344,0,0,0
P17,2027-02-19,0.9752,1.0322,1.0344,0,0,0
P17,2027-02-20,0.9728,1.1952,1.0344,0,0,0
P17,2027-02-21,0.9736,1.1318,1.0344,0,0,0
P17,2027-02-22,0.9738,0.9016,1.0344,0,0,0
P17,2027-02-23,0.9775,0.9416,1.0344,0,0,0
P17,2027-02-24,0.9802,0.9711,1.0344,0,0,0
P17,2027-02-25,0.977,0.9404,1.0344,0,0,0
P17,2027-02-26,0.9786,1.0322,1.0344,0,0,0
P17,2027-02-27,0.9828,1.1952,1.0344,0,0,0
P17,2027-02-28,0.9873,1.1318,1.0344,0,0,0
P17,2027-03-01,0.9923,0.9016,1.0686,0,0,0
P17,2027-03-02,0.9929,0.9416,1.0686,0,0,0
P17,2027-03-03,0.9935,0.9711,1.0686,0,0,0
P17,2027-03-04,0.9926,0.9404,1.0686,0,0,0
P17,2027-03-05,0.9883,1.0322,1.5821,0,0,0
P17,2027-03-06,0.9917,1.1952,1.5821,0,0,0
P17,2027-03-07,0.9869,1.1318,1.0686,0,0,0
P17,2027-03-08,0.9854,0.9016,1.0686,0,0,0
P17,2027-03-09,0.9852,0.9416,1.0686,0,0,0
P17,2027-03-10,0.9862,0.9711,1.0686,0,0,0
P17,2027-03-11,0.9848,0.9404,1.0686,0,0,0
P17,2027-03-12,0.9847,1.0322,1.5821,0,0,0
P17,2027-03-13,0.9733,1.1952,1.5821,0,0,0
P17,2027-03-14,0.9749,1.1318,1.0686,0,0,0
P17,2027-03-15,0.9757,0.9016,1.0686,0,0,0
P17,2027-03-16,0.9755,0.9416,1.0686,0,0,0
P17,2027-03-17,0.968,0.9711,1.0686,0,0,0
P17,2027-03-18,0.9656,0.9404,1.0686,0,0,0
P17,2027-03-19,0.959,1.0322,1.5821,0,0,0
P17,2027-03-20,0.96,1.1952,1.5821,0,0,0
P17,2027-03-21,0.9663,1.1318,1.0686,0,0,0
P17,2027-03-22,0.9602,0.9016,1.0686,0,0,0
P17,2027-03-23,0.9542,0.9416,1.0686,0,0,0
P17,2027-03-24,0.948,0.9711,1.0686,0,0,0
P17,2027-03-25,0.9485,0.9404,1.0686,0,0,0
P17,2027-03-26,0.9494,1.0322,1.5821,0,0,0
P17,2027-03-27,0.9479,1.1952,1.5821,0,0,0
P17,2027-03-28,0.947,1.1318,1.0686,0,0,0
P17,2027-03-29,0.9473,0.9016,1.0686,0,0,0
P17,2027-03-30,0.9417,0.9416,1.0686,0,0,0
P17,2027-03-31,0.9457,0.9711,1.0686,0,0,0
P17,2027-04-01,0.9435,0.9404,1.0686,0,0,0
P17,2027-04-02,0.947,1.0322,1.0686,0,0,0
P17,2027-04-03,0.9381,1.1952,1.3085,0,0,0
P17,2027-04-04,0.9341,1.1318,1.3085,0,0,0
P17,2027-04-05,0.9406,0.9016,1.0686,0,0,0
P17,2027-04-06,0.9428,0.9416,1.0686,0,0,0
P17,2027-04-07,0.9331,0.9711,1.0686,0,0,0
P17,2027-04-08,0.9329,0.9404,1.0686,0,0,0
P17,2027-04-09,0.9362,1.0322,1.0686,0,0,0
P17,2027-04-10,0.9371,1.1952,1.3085,0,0,0
P17,2027-04-11,0.9387,1.1318,1.3085,0,0,0
P17,2027-04-12,0.9356,0.9016,1.0686,0,0,0
P17,2027-04-13,0.937,0.9416,1.0686,0,0,0
P17,2027-04-14,0.9372,0.9711,1.0686,0,0,0
P17,2027-04-15,0.9355,0.9404,1.0686,0,0,0
P17,2027-04-16,0.9391,1.0322,1.0686,0,0,0
P17,2027-04-17,0.9318,1.1952,1.3085,0,0,0
P17,2027-04-18,0.9305,1.1318,1.3085,0,0,0
P17,2027-04-19,0.9324,0.9016,1.0686,0,0,0
P17,2027-04-20,0.938,0.9416,1.0686,0,0,0
P17,2027-04-21,0.943,0.9711,1.0686,0,0,0
P17,2027-04-22,0.941,0.9404,1.0686,0,0,0
P17,2027-04-23,0.9444,1.0322,1.0686,0,0,0
P17,2027-04-24,0.9456,1.1952,1.3085,0,0,0
P17,2027-04-25,0.9358,1.1318,1.3085,0,0,0
P17,2027-04-26,0.9433,0.9016,1.0686,0,0,0
P17,2027-04-27,0.9464,0.9416,1.0686,0,0,0
P17,2027-04-28,0.9601,0.9711,1.0686,0,0,0
P17,2027-04-29,0.9654,0.9404,1.0686,0,0,0
P17,2027-04-30,0.9706,1.0322,1.0686,0,0,0
P17,2027-05-01,0.9742,1.1952,1.3085,0,0,0
P17,2027-05-02,0.9816,1.1318,1.3085,0,0,0
P17,2027-05-03,0.9867,0.9016,1.0686,0,0,0
P17,2027-05-04,0.9895,0.9416,1.0686,0,0,0
P17,2027-05-05,0.9875,0.9711,1.0686,0,0,0
P17,2027-05-06,0.9864,0.9404,1.0686,0,0,0
P17,2027-05-07,0.9852,1.0322,1.0686,0,0,0
P17,2027-05-08,0.9897,1.1952,1.3085,0,0,0
P17,2027-05-09,0.9908,1.1318,1.3085,0,0,0
P17,2027-05-10,0.9928,0.9016,1.0686,0,0,0
P17,2027-05-11,0.9909,0.9416,1.0686,0,0,0
P17,2027-05-12,0.9899,0.9711,1.0686,0,0,0
P17,2027-05-13,0.9854,0.9404,1.0686,0,0,0
P17,2027-05-14,0.9748,1.0322,1.0686,0,0,0
P17,2027-05-15,0.9761,1.1952,1.3085,0,0,0
P17,2027-05-16,0.9765,1.1318,1.3085,0,0,0
P17,2027-05-17,0.9737,0.9016,1.0686,0,0,0
P17,2027-05-18,0.976,0.9416,1.0686,0,0,0
P17,2027-05-19,0.9735,0.9711,1.0686,0,0,0
P17,2027-05-20,0.9733,0.9404,1.0686,0,0,0
P17,2027-05-21,0.973,1.0322,1.0686,0,0,0
P17,2027-05-22,0.9771,1.1952,1.3085,0,0,0
P17,2027-05-23,0.9825,1.1318,1.3085,0,0,0
P17,2027-05-24,0.9799,0.9016,1.0686,0,0,0
P17,2027-05-25,0.9742,0.9416,1.0686,0,0,0
P17,2027-05-26,0.9744,0.9711,1.0686,0,0,0
P17,2027-05-27,0.9696,0.9404,1.0686,0,0,0
P17,2027-05-28,0.9656,1.0322,1.0686,0,0,0
P17,2027-05-29,0.9614,1.1952,1.3085,0,0,0
P17,2027-05-30,0.9571,1.1318,1.3085,0,0,0
P17,2027-05-31,0.959,0.9016,1.0686,0,0,0
P17,2027-06-01,0.9598,0.9416,1.0686,0,0,0
P17,2027-06-02,0.9606,0.9711,1.0686,0,0,0
P17,2027-06-03,0.9589,0.9404,1.0686,0,0,0
P17,2027-06-04,0.9649,1.0322,1.0686,0,0,0
P17,2027-06-05,0.9746,1.1952,1.0686,0,0,0
P17,2027-06-06,0.9719,1.1318,1.0686,0,0,0
P17,2027-06-07,0.9723,0.9016,1.0686,0,0,0
P17,2027-06-08,0.9732,0.9416,1.0686,0,0,0
P17,2027-06-09,0.9711,0.9711,1.0686,0,0,0
P17,2027-06-10,0.9686,0.9404,1.0686,0,0,0
P17,2027-06-11,0.9712,1.0322,1.0686,0,0,0
P17,2027-06-12,0.9692,1.1952,1.0686,0,0,0
P17,2027-06-13,0.965,1.1318,1.0686,0,0,0
P17,2027-06-14,0.9676,0.9016,1.0686,0,0,0
P17,2027-06-15,0.9749,0.9416,1.0686,0,0,0
P17,2027-06-16,0.9761,0.9711,1.0686,0,0,0
P17,2027-06-17,0.9765,0.9404,1.0686,0,0,0
P17,2027-06-18,0.9706,1.0322,1.0686,0,0,0
P17,2027-06-19,0.9662,1.1952,1.0686,0,0,0
P17,2027-06-20,0.971,1.1318,1.0686,0,0,0
P17,2027-06-21,0.9676,0.9016,1.0686,0,0,0
P17,2027-06-22,0.9698,0.9416,1.0686,0,0,0
P17,2027-06-23,0.9651,0.9711,1.0686,0,0,0
P17,2027-06-24,0.9622,0.9404,1.0686,0,0,0
P17,2027-06-25,0.9563,1.0322,1.0686,0,0,0
P17,2027-06-26,0.9522,1.1952,1.0686,0,0,0
P17,2027-06-27,0.9597,1.1318,1.0686,0,0,0
P17,2027-06-28,0.9632,0.9016,1.0686,0,0,0
P17,2027-06-29,0.9619,0.9416,1.0686,0,0,0
P17,2027-06-30,0.9619,0.9711,1.0686,0,0,0
P17,2027-07-01,0.9642,0.9404,1.1607,0,0,0
P17,2027-07-02,0.9611,1.0322,1.7185,0,0,0
P17,2027-07-03,0.9587,1.1952,1.7185,0,0,0
P17,2027-07-04,0.9505,1.1318,1.1607,0,0,0
P17,2027-07-05,0.9519,0.9016,1.1607,0,0,0
P17,2027-07-06,0.952,0.9416,1.1607,0,0,0
P17,2027-07-07,0.9566,0.9711,1.1607,0,0,0
P17,2027-07-08,0.9551,0.9404,1.1607,0,0,0
P17,2027-07-09,0.9538,1.0322,1.7185,0,0,0
P17,2027-07-10,0.9489,1.1952,1.7185,0,0,0
P17,2027-07-11,0.952,1.1318,1.1607,0,0,0
P17,2027-07-12,0.9523,0.9016,1.1607,0,0,0
P17,2027-07-13,0.948,0.9416,1.1607,0,0,0
P17,2027-07-14,0.9468,0.9711,1.1607,0,0,0
P17,2027-07-15,0.9481,0.9404,1.1607,0,0,0
P17,2027-07-16,0.9433,1.0322,1.7185,0,0,0
P17,2027-07-17,0.9468,1.1952,1.7185,0,0,0
P17,2027-07-18,0.9417,1.1318,1.1607,0,0,0
P17,2027-07-19,0.9388,0.9016,1.1607,0,0,0
P17,2027-07-20,0.9412,0.9416,1.1607,0,0,0
P17,2027-07-21,0.9367,0.9711,1.1607,0,0,0
P17,2027-07-22,0.9345,0.9404,1.1607,0,0,0
P17,2027-07-23,0.9381,1.0322,1.7185,0,0,0
P17,2027-07-24,0.944,1.1952,1.7185,0,0,0
P17,2027-07-25,0.9461,1.1318,1.1607,0,0,0
P17,2027-07-26,0.9434,0.9016,1.1607,0,0,0
P17,2027-07-27,0.9313,0.9416,1.1607,0,0,0
P17,2027-07-28,0.9308,0.9711,1.1607,0,0,0
P17,2027-07-29,0.9277,0.9404,1.1607,0,0,0
P17,2027-07-30,0.927,1.0322,1.7185,0,0,0
P17,2027-07-31,0.9173,1.1952,1.7185,0,0,0
P17,2027-08-01,0.91,1.1318,1.1607,0,0,0
P17,2027-08-02,0.9119,0.9016,1.1607,0,0,0
P17,2027-08-03,0.9098,0.9416,1.1607,0,0,0
P17,2027-08-04,0.9104,0.9711,1.1607,0,0,0
P17,2027-08-05,0.9113,0.9404,1.1607,0,0,0
P17,2027-08-06,0.9051,1.0322,1.1607,0,0,0
P17,2027-08-07,0.9062,1.1952,1.1607,0,0,0
P17,2027-08-08,0.9086,1.1318,1.1607,0,0,0
P17,2027-08-09,0.9093,0.9016,1.1607,0,0,0
P17,2027-08-10,0.9087,0.9416,1.1607,0,0,0
P17,2027-08-11,0.9106,0.9711,1.1607,0,0,0
P17,2027-08-12,0.9089,0.9404,1.1607,0,0,0
P17,2027-08-13,0.9064,1.0322,1.1607,0,0,0
P17,2027-08-14,0.9135,1.1952,1.1607,0,0,0
P17,2027-08-15,0.9115,1.1318,2.8153,0,0,0
P17,2027-08-16,0.9118,0.9016,2.8153,0,0,0
P17,2027-08-17,0.9139,0.9416,2.8153,0,0,0
P17,2027-08-18,0.9185,0.9711,1.1607,0,0,0
P17,2027-08-19,0.9196,0.9404,1.1607,0,0,0
P17,2027-08-20,0.9128,1.0322,1.1607,0,0,0
P17,2027-08-21,0.9148,1.1952,1.1607,0,0,0
P17,2027-08-22,0.9249,1.1318,1.1607,0,0,0
P17,2027-08-23,0.9284,0.9016,1.1607,0,0,0
P17,2027-08-24,0.9295,0.9416,1.1607,0,0,0
P17,2027-08-25,0.9319,0.9711,1.1607,0,0,0
P17,2027-08-26,0.9291,0.9404,1.1607,0,0,0
P17,2027-08-27,0.9369,1.0322,1.1607,0,0,0
P17,2027-08-28,0.9422,1.1952,1.1607,0,0,0
P17,2027-08-29,0.946,1.1318,1.1607,0,0,0
P17,2027-08-30,0.9522,0.9016,1.1607,0,0,0
P17,2027-08-31,0.9554,0.9416,1.1607,0,0,0
P17,2027-09-01,0.9552,0.9711,1.1607,0,0,0
P17,2027-09-02,0.9473,0.9404,1.1607,0,0,0
P17,2027-09-03,0.9476,1.0322,1.1607,0,0,0
P17,2027-09-04,0.9535,1.1952,1.1607,0,0,0
P17,2027-09-05,0.9519,1.1318,1.1607,0,0,0
P17,2027-09-06,0.9497,0.9016,1.1607,0,0,0
P17,2027-09-07,0.9517,0.9416,1.1607,0,0,0
P17,2027-09-08,0.9495,0.9711,1.1607,0,0,0
P17,2027-09-09,0.944,0.9404,1.1607,0,0,0
P17,2027-09-10,0.9415,1.0322,1.1607,0,0,0
P17,2027-09-11,0.9398,1.1952,1.1607,0,0,0
P17,2027-09-12,0.9395,1.1318,1.1607,0,0,0
P17,2027-09-13,0.9397,0.9016,1.1607,0,0,0
P17,2027-09-14,0.9446,0.9416,1.1607,0,0,0
P17,2027-09-15,0.9534,0.9711,1.1607,0,0,0
P17,2027-09-16,0.9556,0.9404,1.1607,0,0,0
P17,2027-09-17,0.9597,1.0322,1.1607,0,0,0
P17,2027-09-18,0.9563,1.1952,1.1607,0,0,0
P17,2027-09-19,0.955,1.1318,1.1607,0,0,0
P17,2027-09-20,0.9523,0.9016,1.1607,0,0,0
P17,2027-09-21,0.9579,0.9416,1.1607,0,0,0
P17,2027-09-22,0.9685,0.9711,1.1607,0,0,0
P17,2027-09-23,0.9765,0.9404,1.1607,0,0,0
P17,2027-09-24,0.9867,1.0322,1.1607,0,0,0
P17,2027-09-25,0.9904,1.1952,1.1607,0,0,0
P17,2027-09-26,0.9903,1.1318,1.1607,0,0,0
P17,2027-09-27,0.9883,0.9016,1.1607,0,0,0
P17,2027-09-28,0.9943,0.9416,1.1607,0,0,0
P17,2027-09-29,1.002,0.9711,1.1607,0,0,0
P17,2027-09-30,1.0051,0.9404,1.1607,0,0,0
P17,2027-10-01,1.011,1.0322,1.4806,0,0,0
P17,2027-10-02,1.0215,1.1952,1.4806,0,0,0
P17,2027-10-03,1.0172,1.1318,1.0,0,0,0
P17,2027-10-04,1.0205,0.9016,1.0,0,0,0
P17,2027-10-05,1.0216,0.9416,1.0,0,0,0
P17,2027-10-06,1.0232,0.9711,1.0,0,0,0
P17,2027-10-07,1.0271,0.9404,1.0,0,0,0
P17,2027-10-08,1.038,1.0322,1.4806,0,0,0
P17,2027-10-09,1.0367,1.1952,1.4806,0,0,0
P17,2027-10-10,1.0344,1.1318,1.0,0,0,0
P17,2027-10-11,1.0352,0.9016,1.0,0,0,0
P17,2027-10-12,1.0367,0.9416,1.0,0,0,0
P17,2027-10-13,1.0371,0.9711,1.0,0,0,0
P17,2027-10-14,1.0434,0.9404,1.0,0,0,0
P17,2027-10-15,1.0469,1.0322,1.4806,0,0,0
P17,2027-10-16,1.0545,1.1952,1.4806,0,0,0
P17,2027-10-17,1.0602,1.1318,1.0,0,0,0
P17,2027-10-18,1.0607,0.9016,1.0,0,0,0
P17,2027-10-19,1.0667,0.9416,1.0,0,0,0
P17,2027-10-20,1.0668,0.9711,3.1857,0,0,0
P17,2027-10-21,1.065,0.9404,3.1857,0,0,0
P17,2027-10-22,1.0637,1.0322,3.1857,0,0,0
P17,2027-10-23,1.0598,1.1952,3.1857,0,0,0
P17,2027-10-24,1.0604,1.1318,3.1857,0,0,0
P17,2027-10-25,1.0621,0.9016,3.1857,0,0,0
P17,2027-10-26,1.0623,0.9416,1.0,0,0,0
P17,2027-10-27,1.0585,0.9711,1.0,0,0,0
P17,2027-10-28,1.0636,0.9404,1.0,0,0,0
P17,2027-10-29,1.0656,1.0322,1.4806,0,0,0
P17,2027-10-30,1.0661,1.1952,1.4806,0,0,0
P17,2027-10-31,1.0637,1.1318,1.0,0,0,0
P17,2027-11-01,1.077,0.9016,3.2862,0,0,0
P17,2027-11-02,1.0785,0.9416,3.2862,0,0,0
P17,2027-11-03,1.0843,0.9711,3.2862,0,0,0
P17,2027-11-04,1.0906,0.9404,1.0344,0,0,0
P17,2027-11-05,1.0879,1.0322,1.0344,0,0,0
P17,2027-11-06,1.0858,1.1952,1.0344,0,0,0
P17,2027-11-07,1.0975,1.1318,1.0344,0,0,0
P17,2027-11-08,1.0919,0.9016,1.0344,0,0,0
P17,2027-11-09,1.0961,0.9416,1.0344,0,0,0
P17,2027-11-10,1.0991,0.9711,1.0344,0,0,0
P17,2027-11-11,1.1022,0.9404,1.0344,0,0,0
P17,2027-11-12,1.0982,1.0322,1.0344,0,0,0
P17,2027-11-13,1.1016,1.1952,1.0344,0,0,0
P17,2027-11-14,1.1049,1.1318,1.0344,0,0,0
P17,2027-11-15,1.1081,0.9016,1.0344,0,0,0
P17,2027-11-16,1.1012,0.9416,1.0344,0,0,0
P17,2027-11-17,1.1067,0.9711,1.0344,0,0,0
P17,2027-11-18,1.11,0.9404,1.0344,0,0,0
P17,2027-11-19,1.1064,1.0322,1.0344,0,0,0
P17,2027-11-20,1.0999,1.1952,1.0344,0,0,0
P17,2027-11-21,1.1007,1.1318,1.0344,0,0,0
P17,2027-11-22,1.1021,0.9016,1.0344,0,0,0
P17,2027-11-23,1.1052,0.9416,1.0344,0,0,0
P17,2027-11-24,1.1097,0.9711,1.0344,0,0,0
P17,2027-11-25,1.1056,0.9404,1.0344,0,0,0
P17,2027-11-26,1.1036,1.0322,1.0344,0,0,0
P17,2027-11-27,1.1012,1.1952,1.0344,0,0,0
P17,2027-11-28,1.0965,1.1318,1.0344,0,0,0
P17,2027-11-29,1.096,0.9016,1.0344,0,0,0
P17,2027-11-30,1.1005,0.9416,1.0344,0,0,0
P17,2027-12-01,1.1065,0.9711,1.0344,0,0,0
P17,2027-12-02,1.1027,0.9404,1.0344,0,0,0
P17,2027-12-03,1.1016,1.0322,1.0344,0,0,0
P17,2027-12-04,1.1073,1.1952,1.0344,0,0,0
P17,2027-12-05,1.1128,1.1318,1.0344,0,0,0
P17,2027-12-06,1.1157,0.9016,1.0344,0,0,0
P17,2027-12-07,1.1226,0.9416,1.0344,0,0,0
P17,2027-12-08,1.1318,0.9711,1.0344,0,0,0
P17,2027-12-09,1.1377,0.9404,1.0344,0,0,0
P17,2027-12-10,1.1472,1.0322,1.0344,0,0,0
P17,2027-12-11,1.1497,1.1952,1.0344,0,0,0
P17,2027-12-12,1.1459,1.1318,1.0344,0,0,0
P17,2027-12-13,1.1424,0.9016,1.0344,0,0,0
P17,2027-12-14,1.1398,0.9416,1.0344,0,0,0
P17,2027-12-15,1.1445,0.9711,1.0344,0,0,0
P17,2027-12-16,1.1415,0.9404,1.0344,0,0,0
P17,2027-12-17,1.1493,1.0322,1.0344,0,0,0
P17,2027-12-18,1.1578,1.1952,1.0344,0,0,0
P17,2027-12-19,1.1662,1.1318,1.0344,0,0,0
P17,2027-12-20,1.1622,0.9016,1.0344,0,0,0
P17,2027-12-21,1.1566,0.9416,1.0344,0,0,0
P17,2027-12-22,1.1567,0.9711,1.0344,0,0,0
P17,2027-12-23,1.151,0.9404,1.0344,0,0,0
P17,2027-12-24,1.138,1.0322,1.0344,0,0,0
P17,2027-12-25,1.143,1.1952,1.0344,0,0,0
P17,2027-12-26,1.1472,1.1318,1.0344,0,0,0
P17,2027-12-27,1.1438,0.9016,1.0344,0,0,0
P17,2027-12-28,1.133,0.9416,1.0344,0,0,0
P17,2027-12-29,1.1397,0.9711,1.0344,0,0,0
P17,2027-12-30,1.1406,0.9404,1.0344,0,0,0
P17,2027-12-31,1.1354,1.0322,1.0344,0,0,0
P18,2026-01-01,0.5743,0.9979,0.8229,0,0,0
P18,2026-01-02,0.5752,1.0241,0.9865,0,0,0
P18,2026-01-03,0.5789,1.1285,0.9865,0,0,0
P18,2026-01-04,0.5816,1.098,0.9865,0,0,0
P18,2026-01-05,0.5868,0.8999,0.9865,0,0,0
P18,2026-01-06,0.5974,0.9576,0.9865,0,0,0
P18,2026-01-07,0.6001,0.971,0.9865,0,0,0
P18,2026-01-08,0.6001,0.9979,0.9865,0,0,0
P18,2026-01-09,0.6007,1.0241,0.9865,0,0,0
P18,2026-01-10,0.6007,1.1285,0.9865,0,0,0
P18,2026-01-11,0.606,1.098,0.9865,0,0,0
P18,2026-01-12,0.6061,0.8999,0.9865,0,0,0
P18,2026-01-13,0.6077,0.9576,1.737,0,0,0
P18,2026-01-14,0.6113,0.971,1.737,0,0,0
P18,2026-01-15,0.615,0.9979,1.737,0,0,0
P18,2026-01-16,0.6205,1.0241,1.737,0,0,0
P18,2026-01-17,0.6225,1.1285,0.9865,0,0,0
P18,2026-01-18,0.6268,1.098,0.9865,0,0,0
P18,2026-01-19,0.6274,0.8999,0.9865,0,0,0
P18,2026-01-20,0.6292,0.9576,0.9865,0,0,0
P18,2026-01-21,0.638,0.971,0.9865,0,0,0
P18,2026-01-22,0.6486,0.9979,0.9865,0,0,0
P18,2026-01-23,0.6487,1.0241,0.9865,0,0,0
P18,2026-01-24,0.6509,1.1285,0.9865,0,0,0
P18,2026-01-25,0.6507,1.098,0.9865,0,0,0
P18,2026-01-26,0.6536,0.8999,0.8229,0,0,0
P18,2026-01-27,0.6551,0.9576,0.9865,0,0,0
P18,2026-01-28,0.6557,0.971,0.9865,0,0,0
P18,2026-01-29,0.6564,0.9979,0.9865,0,0,0
P18,2026-01-30,0.6573,1.0241,0.9865,0,0,0
P18,2026-01-31,0.6581,1.1285,0.9865,0,0,0
P18,2026-02-01,0.6617,1.098,0.9865,0,0,0
P18,2026-02-02,0.6599,0.8999,0.9865,0,0,0
P18,2026-02-03,0.6602,0.9576,0.9865,0,0,0
P18,2026-02-04,0.6618,0.971,0.9865,0,0,0
P18,2026-02-05,0.6632,0.9979,0.9865,0,0,0
P18,2026-02-06,0.6661,1.0241,0.9865,0,0,0
P18,2026-02-07,0.6675,1.1285,0.9865,0,0,0
P18,2026-02-08,0.668,1.098,0.9865,0,0,0
P18,2026-02-09,0.6696,0.8999,0.9865,0,0,0
P18,2026-02-10,0.6711,0.9576,0.9865,0,0,0
P18,2026-02-11,0.6698,0.971,0.9865,0,0,0
P18,2026-02-12,0.6696,0.9979,0.9865,0,0,0
P18,2026-02-13,0.6762,1.0241,0.9865,0,0,0
P18,2026-02-14,0.684,1.1285,0.9865,0,0,0
P18,2026-02-15,0.6852,1.098,0.9865,0,0,0
P18,2026-02-16,0.6934,0.8999,0.9865,0,0,0
P18,2026-02-17,0.6988,0.9576,0.9865,0,0,0
P18,2026-02-18,0.7051,0.971,0.9865,0,0,0
P18,2026-02-19,0.7107,0.9979,0.9865,0,0,0
P18,2026-02-20,0.7179,1.0241,0.9865,0,0,0
P18,2026-02-21,0.7227,1.1285,0.9865,0,0,0
P18,2026-02-22,0.7287,1.098,0.9865,0,0,0
P18,2026-02-23,0.7334,0.8999,0.9865,0,0,0
P18,2026-02-24,0.7375,0.9576,0.9865,0,0,0
P18,2026-02-25,0.7429,0.971,0.9865,0,0,0
P18,2026-02-26,0.748,0.9979,0.9865,0,0,0
P18,2026-02-27,0.7518,1.0241,0.9865,0,0,0
P18,2026-02-28,0.7579,1.1285,0.9865,0,0,0
P18,2026-03-01,0.7649,1.098,1.0339,0,0,0
P18,2026-03-02,0.771,0.8999,1.0339,0,0,0
P18,2026-03-03,0.7739,0.9576,1.0339,0,0,0
P18,2026-03-04,0.782,0.971,1.0339,0,0,0
P18,2026-03-05,0.786,0.9979,1.0339,0,0,0
P18,2026-03-06,0.7889,1.0241,1.5107,0,0,0
P18,2026-03-07,0.7954,1.1285,1.5107,0,0,0
P18,2026-03-08,0.7993,1.098,1.0339,0,0,0
P18,2026-03-09,0.8048,0.8999,1.0339,0,0,0
P18,2026-03-10,0.8072,0.9576,1.0339,0,0,0
P18,2026-03-11,0.8108,0.971,1.0339,0,0,0
P18,2026-03-12,0.8162,0.9979,1.0339,0,0,0
P18,2026-03-13,0.8172,1.0241,1.5107,0,0,0
P18,2026-03-14,0.8222,1.1285,1.5107,0,0,0
P18,2026-03-15,0.8255,1.098,1.0339,0,0,0
P18,2026-03-16,0.8284,0.8999,1.0339,0,0,0
P18,2026-03-17,0.834,0.9576,1.0339,0,0,0
P18,2026-03-18,0.84,0.971,1.0339,0,0,0
P18,2026-03-19,0.8451,0.9979,1.0339,0,0,0
P18,2026-03-20,0.8479,1.0241,1.5107,0,0,0
P18,2026-03-21,0.8518,1.1285,1.5107,0,0,0
P18,2026-03-22,0.8539,1.098,1.0339,0,0,0
P18,2026-03-23,0.8537,0.8999,1.0339,0,0,0
P18,2026-03-24,0.8546,0.9576,1.0339,0,0,0
P18,2026-03-25,0.8581,0.971,1.0339,0,0,0
P18,2026-03-26,0.8605,0.9979,1.0339,0,0,0
P18,2026-03-27,0.8641,1.0241,1.5107,0,0,0
P18,2026-03-28,0.8724,1.1285,1.5107,0,0,0
P18,2026-03-29,0.8747,1.098,1.0339,0,0,0
P18,2026-03-30,0.8783,0.8999,1.0339,0,0,0
P18,2026-03-31,0.8826,0.9576,1.0339,0,0,0
P18,2026-04-01,0.8865,0.971,1.0339,0,0,0
P18,2026-04-02,0.8904,0.9979,1.0339,0,0,0
P18,2026-04-03,0.8925,1.0241,1.0339,0,0,0
P18,2026-04-04,0.8959,1.1285,1.1622,0,0,0
P18,2026-04-05,0.8989,1.098,1.1622,0,0,0
P18,2026-04-06,0.8933,0.8999,1.0339,0,0,0
P18,2026-04-07,0.8952,0.9576,1.0339,0,0,0
P18,2026-04-08,0.8994,0.971,1.0339,0,0,0
P18,2026-04-09,0.901,0.9979,1.0339,0,0,0
P18,2026-04-10,0.9074,1.0241,1.0339,0,0,0
P18,2026-04-11,0.909,1.1285,1.1622,0,0,0
P18,2026-04-12,0.9118,1.098,1.1622,0,0,0
P18,2026-04-13,0.9145,0.8999,1.0339,0,0,0
P18,2026-04-14,0.9189,0.9576,1.0339,0,0,0
P18,2026-04-15,0.9219,0.971,1.0339,0,0,0
P18,2026-04-16,0.9243,0.9979,1.0339,0,0,0
P18,2026-04-17,0.927,1.0241,1.0339,0,0,0
P18,2026-04-18,0.9305,1.1285,1.1622,0,0,0
P18,2026-04-19,0.933,1.098,1.1622,0,0,0
P18,2026-04-20,0.9397,0.8999,1.0339,0,0,0
P18,2026-04-21,0.9369,0.9576,1.0339,0,0,0
P18,2026-04-22,0.933,0.971,1.0339,0,0,0
P18,2026-04-23,0.9365,0.9979,1.0339,0,0,0
P18,2026-04-24,0.9366,1.0241,1.0339,0,0,0
P18,2026-04-25,0.9369,1.1285,1.1622,0,0,0
P18,2026-04-26,0.9385,1.098,1.1622,0,0,0
P18,2026-04-27,0.9392,0.8999,1.0339,0,0,0
P18,2026-04-28,0.942,0.9576,1.0339,0,0,0
P18,2026-04-29,0.9445,0.971,1.0339,0,0,0
P18,2026-04-30,0.9473,0.9979,1.0339,0,0,0
P18,2026-05-01,0.9512,1.0241,1.0339,0,0,0
P18,2026-05-02,0.9523,1.1285,1.1622,0,0,0
P18,2026-05-03,0.9579,1.098,1.1622,0,0,0
P18,2026-05-04,0.961,0.8999,1.0339,0,0,0
P18,2026-05-05,0.9626,0.9576,1.0339,0,0,0
P18,2026-05-06,0.9651,0.971,1.0339,0,0,0
P18,2026-05-07,0.9654,0.9979,1.0339,0,0,0
P18,2026-05-08,0.9658,1.0241,1.0339,0,0,0
P18,2026-05-09,0.9679,1.1285,1.1622,0,0,0
P18,2026-05-10,0.9711,1.098,1.1622,0,0,0
P18,2026-05-11,0.9725,0.8999,1.0339,0,0,0
P18,2026-05-12,0.9787,0.9576,1.0339,0,0,0
P18,2026-05-13,0.9803,0.971,1.0339,0,0,0
P18,2026-05-14,0.9782,0.9979,1.0339,0,0,0
P18,2026-05-15,0.9724,1.0241,1.0339,0,0,0
P18,2026-05-16,0.9788,1.1285,1.1622,0,0,0
P18,2026-05-17,0.9786,1.098,1.1622,0,0,0
P18,2026-05-18,0.9799,0.8999,1.0339,0,0,0
P18,2026-05-19,0.978,0.9576,1.0339,0,0,0
P18,2026-05-20,0.9752,0.971,1.0339,0,0,0
P18,2026-05-21,0.9717,0.9979,1.0339,0,0,0
P18,2026-05-22,0.9735,1.0241,1.0339,0,0,0
P18,2026-05-23,0.9747,1.1285,1.1622,0,0,0
P18,2026-05-24,0.9765,1.098,1.1622,0,0,0
P18,2026-05-25,0.9748,0.8999,1.0339,0,0,0
P18,2026-05-26,0.9763,0.9576,1.0339,0,0,0
P18,2026-05-27,0.9732,0.971,1.0339,0,0,0
P18,2026-05-28,0.9745,0.9979,1.0339,0,0,0
P18,2026-05-29,0.9741,1.0241,1.0339,0,0,0
P18,2026-05-30,0.9717,1.1285,1.1622,0,0,0
P18,2026-05-31,0.9657,1.098,1.1622,0,0,0
P18,2026-06-01,0.9668,0.8999,1.0339,0,0,0
P18,2026-06-02,0.963,0.9576,1.0339,0,0,0
P18,2026-06-03,0.9633,0.971,1.0339,0,0,0
P18,2026-06-04,0.9619,0.9979,1.0339,0,0,0
P18,2026-06-05,0.9623,1.0241,1.0339,0,0,0
P18,2026-06-06,0.963,1.1285,1.0339,0,0,0
P18,2026-06-07,0.9606,1.098,1.0339,0,0,0
P18,2026-06-08,0.9622,0.8999,1.0339,0,0,0
P18,2026-06-09,0.9631,0.9576,1.0339,0,0,0
P18,2026-06-10,0.9574,0.971,1.0339,0,0,0
P18,2026-06-11,0.9537,0.9979,1.0339,0,0,0
P18,2026-06-12,0.9579,1.0241,1.0339,0,0,0
P18,2026-06-13,0.9593,1.1285,1.0339,0,0,0
P18,2026-06-14,0.9603,1.098,1.0339,0,0,0
P18,2026-06-15,0.9598,0.8999,1.0339,0,0,0
P18,2026-06-16,0.9609,0.9576,1.0339,0,0,0
P18,2026-06-17,0.9556,0.971,1.0339,0,0,0
P18,2026-06-18,0.9563,0.9979,1.0339,0,0,0
P18,2026-06-19,0.9566,1.0241,1.0339,0,0,0
P18,2026-06-20,0.9583,1.1285,1.0339,0,0,0
P18,2026-06-21,0.9604,1.098,1.0339,0,0,0
P18,2026-06-22,0.9651,0.8999,1.0339,0,0,0
P18,2026-06-23,0.9644,0.9576,1.0339,0,0,0
P18,2026-06-24,0.9626,0.971,1.0339,0,0,0
P18,2026-06-25,0.9623,0.9979,1.0339,0,0,0
P18,2026-06-26,0.9606,1.0241,1.0339,0,0,0
P18,2026-06-27,0.9591,1.1285,1.0339,0,0,0
P18,2026-06-28,0.9576,1.098,1.0339,0,0,0
P18,2026-06-29,0.9583,0.8999,1.0339,0,0,0
P18,2026-06-30,0.9594,0.9576,1.0339,0,0,0
P18,2026-07-01,0.9593,0.971,1.0738,0,0,0
P18,2026-07-02,0.9555,0.9979,1.0738,0,0,0
P18,2026-07-03,0.9508,1.0241,1.5691,0,0,0
P18,2026-07-04,0.9451,1.1285,1.5691,0,0,0
P18,2026-07-05,0.9494,1.098,1.0738,0,0,0
P18,2026-07-06,0.9505,0.8999,1.0738,0,0,0
P18,2026-07-07,0.9478,0.9576,1.0738,0,0,0
P18,2026-07-08,0.9528,0.971,1.0738,0,0,0
P18,2026-07-09,0.9515,0.9979,1.0738,0,0,0
P18,2026-07-10,0.9508,1.0241,1.5691,0,0,0
P18,2026-07-11,0.951,1.1285,1.5691,0,0,0
P18,2026-07-12,0.9526,1.098,1.0738,0,0,0
P18,2026-07-13,0.9492,0.8999,1.0738,0,0,0
P18,2026-07-14,0.9458,0.9576,1.0738,0,0,0
P18,2026-07-15,0.9455,0.971,1.0738,0,0,0
P18,2026-07-16,0.947,0.9979,1.0738,0,0,0
P18,2026-07-17,0.9456,1.0241,1.5691,0,0,0
P18,2026-07-18,0.9472,1.1285,1.5691,0,0,0
P18,2026-07-19,0.9458,1.098,1.0738,0,0,0
P18,2026-07-20,0.9474,0.8999,1.0738,0,0,0
P18,2026-07-21,0.9489,0.9576,1.0738,0,0,0
P18,2026-07-22,0.9479,0.971,1.0738,0,0,0
P18,2026-07-23,0.9501,0.9979,1.0738,0,0,0
P18,2026-07-24,0.9539,1.0241,1.5691,0,0,0
P18,2026-07-25,0.9539,1.1285,1.5691,0,0,0
P18,2026-07-26,0.9567,1.098,1.0738,0,0,0
P18,2026-07-27,0.9597,0.8999,1.0738,0,0,0
P18,2026-07-28,0.9574,0.9576,1.0738,0,0,0
P18,2026-07-29,0.9586,0.971,1.0738,0,0,0
P18,2026-07-30,0.958,0.9979,1.0738,0,0,0
P18,2026-07-31,0.9567,1.0241,1.5691,0,0,0
P18,2026-08-01,0.953,1.1285,1.0738,0,0,0
P18,2026-08-02,0.9552,1.098,1.0738,0,0,0
P18,2026-08-03,0.9541,0.8999,1.0738,0,0,0
P18,2026-08-04,0.9503,0.9576,1.0738,0,0,0
P18,2026-08-05,0.9513,0.971,1.0738,0,0,0
P18,2026-08-06,0.9531,0.9979,1.0738,0,0,0
P18,2026-08-07,0.9537,1.0241,1.0738,0,0,0
P18,2026-08-08,0.9545,1.1285,1.0738,0,0,0
P18,2026-08-09,0.953,1.098,1.0738,0,0,0
P18,2026-08-10,0.9505,0.8999,1.0738,0,0,0
P18,2026-08-11,0.9506,0.9576,1.0738,0,0,0
P18,2026-08-12,0.9482,0.971,1.0738,0,0,0
P18,2026-08-13,0.9499,0.9979,1.0738,0,0,0
P18,2026-08-14,0.9458,1.0241,1.0738,0,0,0
P18,2026-08-15,0.9463,1.1285,2.156,0,0,0
P18,2026-08-16,0.9467,1.098,2.156,0,0,0
P18,2026-08-17,0.9459,0.8999,2.156,0,0,0
P18,2026-08-18,0.9478,0.9576,1.0738,0,0,0
P18,2026-08-19,0.9512,0.971,1.0738,0,0,0
P18,2026-08-20,0.9502,0.9979,1.0738,0,0,0
P18,2026-08-21,0.9486,1.0241,1.0738,0,0,0
P18,2026-08-22,0.9445,1.1285,1.0738,0,0,0
P18,2026-08-23,0.9459,1.098,1.0738,0,0,0
P18,2026-08-24,0.9449,0.8999,1.0738,0,0,0
P18,2026-08-25,0.9487,0.9576,1.0738,0,0,0
P18,2026-08-26,0.9489,0.971,1.0738,0,0,0
P18,2026-08-27,0.9498,0.9979,1.0738,0,0,0
P18,2026-08-28,0.9519,1.0241,1.0738,0,0,0
P18,2026-08-29,0.9572,1.1285,1.0738,0,0,0
P18,2026-08-30,0.9597,1.098,1.0738,0,0,0
P18,2026-08-31,0.9607,0.8999,1.0738,0,0,0
P18,2026-09-01,0.9626,0.9576,1.0738,0,0,0
P18,2026-09-02,0.9647,0.971,1.0738,0,0,0
P18,2026-09-03,0.9614,0.9979,1.0738,0,0,0
P18,2026-09-04,0.9613,1.0241,1.0738,0,0,0
P18,2026-09-05,0.9603,1.1285,1.0738,0,0,0
P18,2026-09-06,0.9571,1.098,1.0738,0,0,0
P18,2026-09-07,0.9534,0.8999,1.0738,0,0,0
P18,2026-09-08,0.9554,0.9576,1.0738,0,0,0
P18,2026-09-09,0.9544,0.971,1.0738,0,0,0
P18,2026-09-10,0.9485,0.9979,1.0738,0,0,0
P18,2026-09-11,0.9433,1.0241,1.0738,0,0,0
P18,2026-09-12,0.9444,1.1285,1.0738,0,0,0
P18,2026-09-13,0.944,1.098,1.0738,0,0,0
P18,2026-09-14,0.9467,0.8999,1.0738,0,0,0
P18,2026-09-15,0.953,0.9576,1.0738,0,0,0
P18,2026-09-16,0.9542,0.971,1.0738,0,0,0
P18,2026-09-17,0.953,0.9979,1.0738,0,0,0
P18,2026-09-18,0.9469,1.0241,1.0738,0,0,0
P18,2026-09-19,0.9436,1.1285,1.0738,0,0,0
P18,2026-09-20,0.9391,1.098,1.0738,0,0,0
P18,2026-09-21,0.9444,0.8999,1.0738,0,0,0
P18,2026-09-22,0.9481,0.9576,1.0738,0,0,0
P18,2026-09-23,0.9467,0.971,1.0738,0,0,0
P18,2026-09-24,0.9464,0.9979,1.0738,0,0,0
P18,2026-09-25,0.9499,1.0241,1.0738,0,0,0
P18,2026-09-26,0.953,1.1285,1.0738,0,0,0
P18,2026-09-27,0.9568,1.098,1.0738,0,0,0
P18,2026-09-28,0.9587,0.8999,1.0738,0,0,0
P18,2026-09-29,0.962,0.9576,1.0738,0,0,0
P18,2026-09-30,0.9659,0.971,1.0738,0,0,0
P18,2026-10-01,0.9705,0.9979,1.0,0,0,0
P18,2026-10-02,0.9752,1.0241,1.4612,0,0,0
P18,2026-10-03,0.9764,1.1285,1.4612,0,0,0
P18,2026-10-04,0.9757,1.098,1.0,0,0,0
P18,2026-10-05,0.9779,0.8999,1.0,0,0,0
P18,2026-10-06,0.9764,0.9576,1.0,0,0,0
P18,2026-10-07,0.9757,0.971,1.0,0,0,0
P18,2026-10-08,0.9777,0.9979,1.0,0,0,0
P18,2026-10-09,0.9812,1.0241,1.4612,0,0,0
P18,2026-10-10,0.9799,1.1285,1.4612,0,0,0
P18,2026-10-11,0.9814,1.098,1.0,0,0,0
P18,2026-10-12,0.985,0.8999,1.0,0,0,0
P18,2026-10-13,0.9825,0.9576,1.0,0,0,0
P18,2026-10-14,0.9809,0.971,1.0,0,0,0
P18,2026-10-15,0.9806,0.9979,1.0,0,0,0
P18,2026-10-16,0.9844,1.0241,1.4612,0,0,0
P18,2026-10-17,0.9836,1.1285,1.4612,0,0,0
P18,2026-10-18,0.9851,1.098,1.0,0,0,0
P18,2026-10-19,0.9861,0.8999,1.0,0,0,0
P18,2026-10-20,0.9903,0.9576,3.1433,0,0,0
P18,2026-10-21,0.9928,0.971,3.1433,0,0,0
P18,2026-10-22,0.9948,0.9979,3.1433,0,0,0
P18,2026-10-23,0.9964,1.0241,3.1433,0,0,0
P18,2026-10-24,0.999,1.1285,3.1433,0,0,0
P18,2026-10-25,0.9974,1.098,3.1433,0,0,0
P18,2026-10-26,1.0011,0.8999,1.0,0,0,0
P18,2026-10-27,0.9972,0.9576,1.0,0,0,0
P18,2026-10-28,0.9982,0.971,1.0,0,0,0
P18,2026-10-29,1.0021,0.9979,1.0,0,0,0
P18,2026-10-30,1.0075,1.0241,1.4612,0,0,0
P18,2026-10-31,1.0059,1.1285,1.4612,0,0,0
P18,2026-11-01,1.0087,1.098,2.8603,0,0,0
P18,2026-11-02,1.0127,0.8999,2.8603,0,0,0
P18,2026-11-03,1.0121,0.9576,2.8603,0,0,0
P18,2026-11-04,1.0138,0.971,0.9865,0,0,0
P18,2026-11-05,1.016,0.9979,0.9865,0,0,0
P18,2026-11-06,1.0162,1.0241,0.9865,0,0,0
P18,2026-11-07,1.0193,1.1285,0.9865,0,0,0
P18,2026-11-08,1.0236,1.098,0.9865,0,0,0
P18,2026-11-09,1.0242,0.8999,0.9865,0,0,0
P18,2026-11-10,1.0299,0.9576,0.9865,0,0,0
P18,2026-11-11,1.0272,0.971,0.9865,0,0,0
P18,2026-11-12,1.0284,0.9979,0.9865,0,0,0
P18,2026-11-13,1.0285,1.0241,0.9865,0,0,0
P18,2026-11-14,1.029,1.1285,0.9865,0,0,0
P18,2026-11-15,1.0346,1.098,0.9865,0,0,0
P18,2026-11-16,1.0348,0.8999,0.9865,0,0,0
P18,2026-11-17,1.0393,0.9576,0.9865,0,0,0
P18,2026-11-18,1.0441,0.971,0.9865,0,0,0
P18,2026-11-19,1.0448,0.9979,0.9865,0,0,0
P18,2026-11-20,1.0489,1.0241,0.9865,0,0,0
P18,2026-11-21,1.0507,1.1285,0.9865,0,0,0
P18,2026-11-22,1.0494,1.098,0.9865,0,0,0
P18,2026-11-23,1.0496,0.8999,0.9865,0,0,0
P18,2026-11-24,1.0518,0.9576,0.9865,0,0,0
P18,2026-11-25,1.0528,0.971,0.9865,0,0,0
P18,2026-11-26,1.0519,0.9979,0.9865,0,0,0
P18,2026-11-27,1.0523,1.0241,0.9865,0,0,0
P18,2026-11-28,1.0496,1.1285,0.9865,0,0,0
P18,2026-11-29,1.0483,1.098,0.9865,0,0,0
P18,2026-11-30,1.0465,0.8999,0.9865,0,0,0
P18,2026-12-01,1.0443,0.9576,0.9865,0,0,0
P18,2026-12-02,1.0442,0.971,0.9865,0,0,0
P18,2026-12-03,1.0435,0.9979,0.9865,0,0,0
P18,2026-12-04,1.0487,1.0241,0.9865,0,0,0
P18,2026-12-05,1.0497,1.1285,0.9865,0,0,0
P18,2026-12-06,1.0529,1.098,0.9865,0,0,0
P18,2026-12-07,1.0565,0.8999,0.9865,0,0,0
P18,2026-12-08,1.0587,0.9576,0.9865,0,0,0
P18,2026-12-09,1.0605,0.971,0.9865,0,0,0
P18,2026-12-10,1.0659,0.9979,0.9865,0,0,0
P18,2026-12-11,1.0662,1.0241,0.9865,0,0,0
P18,2026-12-12,1.0651,1.1285,0.9865,0,0,0
P18,2026-12-13,1.0648,1.098,0.9865,0,0,0
P18,2026-12-14,1.0613,0.8999,0.9865,0,0,0
P18,2026-12-15,1.064,0.9576,0.9865,0,0,0
P18,2026-12-16,1.0649,0.971,0.9865,0,0,0
P18,2026-12-17,1.0714,0.9979,0.9865,0,0,0
P18,2026-12-18,1.0758,1.0241,0.9865,0,0,0
P18,2026-12-19,1.0822,1.1285,0.9865,0,0,0
P18,2026-12-20,1.0771,1.098,0.9865,0,0,0
P18,2026-12-21,1.0768,0.8999,0.9865,0,0,0
P18,2026-12-22,1.079,0.9576,0.9865,0,0,0
P18,2026-12-23,1.0791,0.971,0.9865,0,0,0
P18,2026-12-24,1.0775,0.9979,0.9865,0,0,0
P18,2026-12-25,1.0754,1.0241,0.9865,0,0,0
P18,2026-12-26,1.0745,1.1285,0.9865,0,0,0
P18,2026-12-27,1.0731,1.098,0.9865,0,0,0
P18,2026-12-28,1.071,0.8999,0.9865,0,0,0
P18,2026-12-29,1.0677,0.9576,0.9865,0,0,0
P18,2026-12-30,1.0674,0.971,0.9865,0,0,0
P18,2026-12-31,1.0676,0.9979,0.9865,0,0,0
P18,2027-01-01,1.065,1.0241,0.8229,0,0,0
P18,2027-01-02,1.0625,1.1285,0.9865,0,0,0
P18,2027-01-03,1.0654,1.098,0.9865,0,0,0
P18,2027-01-04,1.0646,0.8999,0.9865,0,0,0
P18,2027-01-05,1.0649,0.9576,0.9865,0,0,0
P18,2027-01-06,1.0625,0.971,0.9865,0,0,0
P18,2027-01-07,1.0602,0.9979,0.9865,0,0,0
P18,2027-01-08,1.0603,1.0241,0.9865,0,0,0
P18,2027-01-09,1.0598,1.1285,0.9865,0,0,0
P18,2027-01-10,1.06,1.098,0.9865,0,0,0
P18,2027-01-11,1.0605,0.8999,0.9865,0,0,0
P18,2027-01-12,1.0608,0.9576,0.9865,0,0,0
P18,2027-01-13,1.0598,0.971,1.737,0,0,0
P18,2027-01-14,1.0557,0.9979,1.737,0,0,0
P18,2027-01-15,1.0538,1.0241,1.737,0,0,0
P18,2027-01-16,1.0516,1.1285,1.737,0,0,0
P18,2027-01-17,1.0505,1.098,0.9865,0,0,0
P18,2027-01-18,1.0485,0.8999,0.9865,0,0,0
P18,2027-01-19,1.0455,0.9576,0.9865,0,0,0
P18,2027-01-20,1.0397,0.971,0.9865,0,0,0
P18,2027-01-21,1.0355,0.9979,0.9865,0,0,0
P18,2027-01-22,1.033,1.0241,0.9865,0,0,0
P18,2027-01-23,1.032,1.1285,0.9865,0,0,0
P18,2027-01-24,1.0301,1.098,0.9865,0,0,0
P18,2027-01-25,1.0349,0.8999,0.9865,0,0,0
P18,2027-01-26,1.0313,0.9576,0.8229,0,0,0
P18,2027-01-27,1.0281,0.971,0.9865,0,0,0
P18,2027-01-28,1.0225,0.9979,0.9865,0,0,0
P18,2027-01-29,1.0221,1.0241,0.9865,0,0,0
P18,2027-01-30,1.0204,1.1285,0.9865,0,0,0
P18,2027-01-31,1.0181,1.098,0.9865,0,0,0
P18,2027-02-01,1.0179,0.8999,0.9865,0,0,0
P18,2027-02-02,1.0172,0.9576,0.9865,0,0,0
P18,2027-02-03,1.0132,0.971,0.9865,0,0,0
P18,2027-02-04,1.0094,0.9979,0.9865,0,0,0
P18,2027-02-05,1.0074,1.0241,0.9865,0,0,0
P18,2027-02-06,1.0037,1.1285,0.9865,0,0,0
P18,2027-02-07,1.0042,1.098,0.9865,0,0,0
P18,2027-02-08,1.0013,0.8999,0.9865,0,0,0
P18,2027-02-09,1.0024,0.9576,0.9865,0,0,0
P18,2027-02-10,1.0008,0.971,0.9865,0,0,0
P18,2027-02-11,0.9988,0.9979,0.9865,0,0,0
P18,2027-02-12,0.9996,1.0241,0.9865,0,0,0
P18,2027-02-13,0.9959,1.1285,0.9865,0,0,0
P18,2027-02-14,0.9973,1.098,0.9865,0,0,0
P18,2027-02-15,0.9924,0.8999,0.9865,0,0,0
P18,2027-02-16,0.9877,0.9576,0.9865,0,0,0
P18,2027-02-17,0.987,0.971,0.9865,0,0,0
P18,2027-02-18,0.9845,0.9979,0.9865,0,0,0
P18,2027-02-19,0.984,1.0241,0.9865,0,0,0
P18,2027-02-20,0.9851,1.1285,0.9865,0,0,0
P18,2027-02-21,0.9863,1.098,0.9865,0,0,0
P18,2027-02-22,0.9852,0.8999,0.9865,0,0,0
P18,2027-02-23,0.9826,0.9576,0.9865,0,0,0
P18,2027-02-24,0.9813,0.971,0.9865,0,0,0
P18,2027-02-25,0.9811,0.9979,0.9865,0,0,0
P18,2027-02-26,0.9812,1.0241,0.9865,0,0,0
P18,2027-02-27,0.9823,1.1285,0.9865,0,0,0
P18,2027-02-28,0.9835,1.098,0.9865,0,0,0
P18,2027-03-01,0.985,0.8999,1.0339,0,0,0
P18,2027-03-02,0.9854,0.9576,1.0339,0,0,0
P18,2027-03-03,0.9834,0.971,1.0339,0,0,0
P18,2027-03-04,0.9832,0.9979,1.0339,0,0,0
P18,2027-03-05,0.9842,1.0241,1.5107,0,0,0
P18,2027-03-06,0.9844,1.1285,1.5107,0,0,0
P18,2027-03-07,0.9846,1.098,1.0339,0,0,0
P18,2027-03-08,0.9842,0.8999,1.0339,0,0,0
P18,2027-03-09,0.9838,0.9576,1.0339,0,0,0
P18,2027-03-10,0.9832,0.971,1.0339,0,0,0
P18,2027-03-11,0.9812,0.9979,1.0339,0,0,0
P18,2027-03-12,0.9812,1.0241,1.5107,0,0,0
P18,2027-03-13,0.9754,1.1285,1.5107,0,0,0
P18,2027-03-14,0.9746,1.098,1.0339,0,0,0
P18,2027-03-15,0.9707,0.8999,1.0339,0,0,0
P18,2027-03-16,0.9707,0.9576,1.0339,0,0,0
P18,2027-03-17,0.9701,0.971,1.0339,0,0,0
P18,2027-03-18,0.9702,0.9979,1.0339,0,0,0
P18,2027-03-19,0.9649,1.0241,1.5107,0,0,0
P18,2027-03-20,0.9639,1.1285,1.5107,0,0,0
P18,2027-03-21,0.9631,1.098,1.0339,0,0,0
P18,2027-03-22,0.959,0.8999,1.0339,0,0,0
P18,2027-03-23,0.9581,0.9576,1.0339,0,0,0
P18,2027-03-24,0.9583,0.971,1.0339,0,0,0
P18,2027-03-25,0.959,0.9979,1.0339,0,0,0
P18,2027-03-26,0.9573,1.0241,1.5107,0,0,0
P18,2027-03-27,0.9563,1.1285,1.5107,0,0,0
P18,2027-03-28,0.955,1.098,1.0339,0,0,0
P18,2027-03-29,0.9577,0.8999,1.0339,0,0,0
P18,2027-03-30,0.9579,0.9576,1.0339,0,0,0
P18,2027-03-31,0.9593,0.971,1.0339,0,0,0
P18,2027-04-01,0.9607,0.9979,1.0339,0,0,0
P18,2027-04-02,0.9604,1.0241,1.0339,0,0,0
P18,2027-04-03,0.9606,1.1285,1.1622,0,0,0
P18,2027-04-04,0.9598,1.098,1.1622,0,0,0
P18,2027-04-05,0.9583,0.8999,1.0339,0,0,0
P18,2027-04-06,0.9583,0.9576,1.0339,0,0,0
P18,2027-04-07,0.9591,0.971,1.0339,0,0,0
P18,2027-04-08,0.9603,0.9979,1.0339,0,0,0
P18,2027-04-09,0.9578,1.0241,1.0339,0,0,0
P18,2027-04-10,0.9531,1.1285,1.1622,0,0,0
P18,2027-04-11,0.9552,1.098,1.1622,0,0,0
P18,2027-04-12,0.9545,0.8999,1.0339,0,0,0
P18,2027-04-13,0.9568,0.9576,1.0339,0,0,0
P18,2027-04-14,0.9568,0.971,1.0339,0,0,0
P18,2027-04-15,0.9566,0.9979,1.0339,0,0,0
P18,2027-04-16,0.9538,1.0241,1.0339,0,0,0
P18,2027-04-17,0.9541,1.1285,1.1622,0,0,0
P18,2027-04-18,0.9536,1.098,1.1622,0,0,0
P18,2027-04-19,0.9561,0.8999,1.0339,0,0,0
P18,2027-04-20,0.9633,0.9576,1.0339,0,0,0
P18,2027-04-21,0.9664,0.971,1.0339,0,0,0
P18,2027-04-22,0.967,0.9979,1.0339,0,0,0
P18,2027-04-23,0.966,1.0241,1.0339,0,0,0
P18,2027-04-24,0.9684,1.1285,1.1622,0,0,0
P18,2027-04-25,0.968,1.098,1.1622,0,0,0
P18,2027-04-26,0.9669,0.8999,1.0339,0,0,0
P18,2027-04-27,0.9686,0.9576,1.0339,0,0,0
P18,2027-04-28,0.9715,0.971,1.0339,0,0,0
P18,2027-04-29,0.9729,0.9979,1.0339,0,0,0
P18,2027-04-30,0.9739,1.0241,1.0339,0,0,0
P18,2027-05-01,0.9752,1.1285,1.1622,0,0,0
P18,2027-05-02,0.9755,1.098,1.1622,0,0,0
P18,2027-05-03,0.9748,0.8999,1.0339,0,0,0
P18,2027-05-04,0.9796,0.9576,1.0339,0,0,0
P18,2027-05-05,0.983,0.971,1.0339,0,0,0
P18,2027-05-06,0.9861,0.9979,1.0339,0,0,0
P18,2027-05-07,0.9856,1.0241,1.0339,0,0,0
P18,2027-05-08,0.9862,1.1285,1.1622,0,0,0
P18,2027-05-09,0.9844,1.098,1.1622,0,0,0
P18,2027-05-10,0.9871,0.8999,1.0339,0,0,0
P18,2027-05-11,0.9905,0.9576,1.0339,0,0,0
P18,2027-05-12,0.9889,0.971,1.0339,0,0,0
P18,2027-05-13,0.9872,0.9979,1.0339,0,0,0
P18,2027-05-14,0.9881,1.0241,1.0339,0,0,0
P18,2027-05-15,0.9845,1.1285,1.1622,0,0,0
P18,2027-05-16,0.9867,1.098,1.1622,0,0,0
P18,2027-05-17,0.9861,0.8999,1.0339,0,0,0
P18,2027-05-18,0.9858,0.9576,1.0339,0,0,0
P18,2027-05-19,0.9888,0.971,1.0339,0,0,0
P18,2027-05-20,0.9879,0.9979,1.0339,0,0,0
P18,2027-05-21,0.9867,1.0241,1.0339,0,0,0
P18,2027-05-22,0.984,1.1285,1.1622,0,0,0
P18,2027-05-23,0.9819,1.098,1.1622,0,0,0
P18,2027-05-24,0.9818,0.8999,1.0339,0,0,0
P18,2027-05-25,0.9833,0.9576,1.0339,0,0,0
P18,2027-05-26,0.9798,0.971,1.0339,0,0,0
P18,2027-05-27,0.9773,0.9979,1.0339,0,0,0
P18,2027-05-28,0.9787,1.0241,1.0339,0,0,0
P18,2027-05-29,0.9781,1.1285,1.1622,0,0,0
P18,2027-05-30,0.9768,1.098,1.1622,0,0,0
P18,2027-05-31,0.975,0.8999,1.0339,0,0,0
P18,2027-06-01,0.9769,0.9576,1.0339,0,0,0
P18,2027-06-02,0.9709,0.971,1.0339,0,0,0
P18,2027-06-03,0.9695,0.9979,1.0339,0,0,0
P18,2027-06-04,0.9689,1.0241,1.0339,0,0,0
P18,2027-06-05,0.968,1.1285,1.0339,0,0,0
P18,2027-06-06,0.9668,1.098,1.0339,0,0,0
P18,2027-06-07,0.9671,0.8999,1.0339,0,0,0
P18,2027-06-08,0.9643,0.9576,1.0339,0,0,0
P18,2027-06-09,0.9622,0.971,1.0339,0,0,0
P18,2027-06-10,0.9613,0.9979,1.0339,0,0,0
P18,2027-06-11,0.9615,1.0241,1.0339,0,0,0
P18,2027-06-12,0.9645,1.1285,1.0339,0,0,0
P18,2027-06-13,0.9644,1.098,1.0339,0,0,0
P18,2027-06-14,0.9637,0.8999,1.0339,0,0,0
P18,2027-06-15,0.9613,0.9576,1.0339,0,0,0
P18,2027-06-16,0.9586,0.971,1.0339,0,0,0
P18,2027-06-17,0.9583,0.9979,1.0339,0,0,0
P18,2027-06-18,0.9611,1.0241,1.0339,0,0,0
P18,2027-06-19,0.9598,1.1285,1.0339,0,0,0
P18,2027-06-20,0.9642,1.098,1.0339,0,0,0
P18,2027-06-21,0.9631,0.8999,1.0339,0,0,0
P18,2027-06-22,0.9601,0.9576,1.0339,0,0,0
P18,2027-06-23,0.958,0.971,1.0339,0,0,0
P18,2027-06-24,0.9579,0.9979,1.0339,0,0,0
P18,2027-06-25,0.9565,1.0241,1.0339,0,0,0
P18,2027-06-26,0.9574,1.1285,1.0339,0,0,0
P18,2027-06-27,0.9559,1.098,1.0339,0,0,0
P18,2027-06-28,0.9552,0.8999,1.0339,0,0,0
P18,2027-06-29,0.9514,0.9576,1.0339,0,0,0
P18,2027-06-30,0.9511,0.971,1.0339,0,0,0
P18,2027-07-01,0.9533,0.9979,1.0738,0,0,0
P18,2027-07-02,0.9475,1.0241,1.5691,0,0,0
P18,2027-07-03,0.945,1.1285,1.5691,0,0,0
P18,2027-07-04,0.9423,1.098,1.0738,0,0,0
P18,2027-07-05,0.9405,0.8999,1.0738,0,0,0
P18,2027-07-06,0.94,0.9576,1.0738,0,0,0
P18,2027-07-07,0.9392,0.971,1.0738,0,0,0
P18,2027-07-08,0.9432,0.9979,1.0738,0,0,0
P18,2027-07-09,0.9455,1.0241,1.5691,0,0,0
P18,2027-07-10,0.9442,1.1285,1.5691,0,0,0
P18,2027-07-11,0.944,1.098,1.0738,0,0,0
P18,2027-07-12,0.9449,0.8999,1.0738,0,0,0
P18,2027-07-13,0.947,0.9576,1.0738,0,0,0
P18,2027-07-14,0.9462,0.971,1.0738,0,0,0
P18,2027-07-15,0.9492,0.9979,1.0738,0,0,0
P18,2027-07-16,0.9478,1.0241,1.5691,0,0,0
P18,2027-07-17,0.9477,1.1285,1.5691,0,0,0
P18,2027-07-18,0.9448,1.098,1.0738,0,0,0
P18,2027-07-19,0.9422,0.8999,1.0738,0,0,0
P18,2027-07-20,0.9394,0.9576,1.0738,0,0,0
P18,2027-07-21,0.9403,0.971,1.0738,0,0,0
P18,2027-07-22,0.9408,0.9979,1.0738,0,0,0
P18,2027-07-23,0.9373,1.0241,1.5691,0,0,0
P18,2027-07-24,0.9344,1.1285,1.5691,0,0,0
P18,2027-07-25,0.9368,1.098,1.0738,0,0,0
P18,2027-07-26,0.9344,0.8999,1.0738,0,0,0
P18,2027-07-27,0.9369,0.9576,1.0738,0,0,0
P18,2027-07-28,0.9367,0.971,1.0738,0,0,0
P18,2027-07-29,0.9381,0.9979,1.0738,0,0,0
P18,2027-07-30,0.9378,1.0241,1.5691,0,0,0
P18,2027-07-31,0.9371,1.1285,1.5691,0,0,0
P18,2027-08-01,0.9356,1.098,1.0738,0,0,0
P18,2027-08-02,0.9365,0.8999,1.0738,0,0,0
P18,2027-08-03,0.9364,0.9576,1.0738,0,0,0
P18,2027-08-04,0.9356,0.971,1.0738,0,0,0
P18,2027-08-05,0.9344,0.9979,1.0738,0,0,0
P18,2027-08-06,0.9358,1.0241,1.0738,0,0,0
P18,2027-08-07,0.9358,1.1285,1.0738,0,0,0
P18,2027-08-08,0.9324,1.098,1.0738,0,0,0
P18,2027-08-09,0.9285,0.8999,1.0738,0,0,0
P18,2027-08-10,0.9328,0.9576,1.0738,0,0,0
P18,2027-08-11,0.9327,0.971,1.0738,0,0,0
P18,2027-08-12,0.9299,0.9979,1.0738,0,0,0
P18,2027-08-13,0.9306,1.0241,1.0738,0,0,0
P18,2027-08-14,0.9319,1.1285,1.0738,0,0,0
P18,2027-08-15,0.9346,1.098,2.156,0,0,0
P18,2027-08-16,0.9372,0.8999,2.156,0,0,0
P18,2027-08-17,0.9365,0.9576,2.156,0,0,0
P18,2027-08-18,0.9362,0.971,1.0738,0,0,0
P18,2027-08-19,0.9375,0.9979,1.0738,0,0,0
P18,2027-08-20,0.9387,1.0241,1.0738,0,0,0
P18,2027-08-21,0.9437,1.1285,1.0738,0,0,0
P18,2027-08-22,0.9461,1.098,1.0738,0,0,0
P18,2027-08-23,0.948,0.8999,1.0738,0,0,0
P18,2027-08-24,0.9504,0.9576,1.0738,0,0,0
P18,2027-08-25,0.9522,0.971,1.0738,0,0,0
P18,2027-08-26,0.9514,0.9979,1.0738,0,0,0
P18,2027-08-27,0.9497,1.0241,1.0738,0,0,0
P18,2027-08-28,0.9517,1.1285,1.0738,0,0,0
P18,2027-08-29,0.9559,1.098,1.0738,0,0,0
P18,2027-08-30,0.9559,0.8999,1.0738,0,0,0
P18,2027-08-31,0.9574,0.9576,1.0738,0,0,0
P18,2027-09-01,0.9587,0.971,1.0738,0,0,0
P18,2027-09-02,0.958,0.9979,1.0738,0,0,0
P18,2027-09-03,0.9606,1.0241,1.0738,0,0,0
P18,2027-09-04,0.9647,1.1285,1.0738,0,0,0
P18,2027-09-05,0.9657,1.098,1.0738,0,0,0
P18,2027-09-06,0.9638,0.8999,1.0738,0,0,0
P18,2027-09-07,0.9625,0.9576,1.0738,0,0,0
P18,2027-09-08,0.9621,0.971,1.0738,0,0,0
P18,2027-09-09,0.9595,0.9979,1.0738,0,0,0
P18,2027-09-10,0.9559,1.0241,1.0738,0,0,0
P18,2027-09-11,0.9541,1.1285,1.0738,0,0,0
P18,2027-09-12,0.9555,1.098,1.0738,0,0,0
P18,2027-09-13,0.956,0.8999,1.0738,0,0,0
P18,2027-09-14,0.9577,0.9576,1.0738,0,0,0
P18,2027-09-15,0.9591,0.971,1.0738,0,0,0
P18,2027-09-16,0.9583,0.9979,1.0738,0,0,0
P18,2027-09-17,0.9601,1.0241,1.0738,0,0,0
P18,2027-09-18,0.9561,1.1285,1.0738,0,0,0
P18,2027-09-19,0.9535,1.098,1.0738,0,0,0
P18,2027-09-20,0.9519,0.8999,1.0738,0,0,0
P18,2027-09-21,0.9546,0.9576,1.0738,0,0,0
P18,2027-09-22,0.9557,0.971,1.0738,0,0,0
P18,2027-09-23,0.9589,0.9979,1.0738,0,0,0
P18,2027-09-24,0.9575,1.0241,1.0738,0,0,0
P18,2027-09-25,0.9593,1.1285,1.0738,0,0,0
P18,2027-09-26,0.962,1.098,1.0738,0,0,0
P18,2027-09-27,0.9651,0.8999,1.0738,0,0,0
P18,2027-09-28,0.9661,0.9576,1.0738,0,0,0
P18,2027-09-29,0.9686,0.971,1.0738,0,0,0
P18,2027-09-30,0.9722,0.9979,1.0738,0,0,0
P18,2027-10-01,0.9741,1.0241,1.4612,0,0,0
P18,2027-10-02,0.9781,1.1285,1.4612,0,0,0
P18,2027-10-03,0.9815,1.098,1.0,0,0,0
P18,2027-10-04,0.9827,0.8999,1.0,0,0,0
P18,2027-10-05,0.9802,0.9576,1.0,0,0,0
P18,2027-10-06,0.9806,0.971,1.0,0,0,0
P18,2027-10-07,0.9812,0.9979,1.0,0,0,0
P18,2027-10-08,0.9807,1.0241,1.4612,0,0,0
P18,2027-10-09,0.9826,1.1285,1.4612,0,0,0
P18,2027-10-10,0.978,1.098,1.0,0,0,0
P18,2027-10-11,0.9787,0.8999,1.0,0,0,0
P18,2027-10-12,0.9796,0.9576,1.0,0,0,0
P18,2027-10-13,0.9815,0.971,1.0,0,0,0
P18,2027-10-14,0.982,0.9979,1.0,0,0,0
P18,2027-10-15,0.9818,1.0241,1.4612,0,0,0
P18,2027-10-16,0.9863,1.1285,1.4612,0,0,0
P18,2027-10-17,0.9866,1.098,1.0,0,0,0
P18,2027-10-18,0.9895,0.8999,1.0,0,0,0
P18,2027-10-19,0.988,0.9576,1.0,0,0,0
P18,2027-10-20,0.9899,0.971,3.1433,0,0,0
P18,2027-10-21,0.9939,0.9979,3.1433,0,0,0
P18,2027-10-22,0.9961,1.0241,3.1433,0,0,0
P18,2027-10-23,0.9969,1.1285,3.1433,0,0,0
P18,2027-10-24,1.0001,1.098,3.1433,0,0,0
P18,2027-10-25,1.0002,0.8999,3.1433,0,0,0
P18,2027-10-26,1.0012,0.9576,1.0,0,0,0
P18,2027-10-27,1.0026,0.971,1.0,0,0,0
P18,2027-10-28,1.0052,0.9979,1.0,0,0,0
P18,2027-10-29,1.0091,1.0241,1.4612,0,0,0
P18,2027-10-30,1.0111,1.1285,1.4612,0,0,0
P18,2027-10-31,1.0083,1.098,1.0,0,0,0
P18,2027-11-01,1.0084,0.8999,2.8603,0,0,0
P18,2027-11-02,1.0087,0.9576,2.8603,0,0,0
P18,2027-11-03,1.01,0.971,2.8603,0,0,0
P18,2027-11-04,1.0133,0.9979,0.9865,0,0,0
P18,2027-11-05,1.0138,1.0241,0.9865,0,0,0
P18,2027-11-06,1.0154,1.1285,0.9865,0,0,0
P18,2027-11-07,1.0146,1.098,0.9865,0,0,0
P18,2027-11-08,1.013,0.8999,0.9865,0,0,0
P18,2027-11-09,1.0166,0.9576,0.9865,0,0,0
P18,2027-11-10,1.0199,0.971,0.9865,0,0,0
P18,2027-11-11,1.0215,0.9979,0.9865,0,0,0
P18,2027-11-12,1.0211,1.0241,0.9865,0,0,0
P18,2027-11-13,1.0206,1.1285,0.9865,0,0,0
P18,2027-11-14,1.024,1.098,0.9865,0,0,0
P18,2027-11-15,1.0254,0.8999,0.9865,0,0,0
P18,2027-11-16,1.0292,0.9576,0.9865,0,0,0
P18,2027-11-17,1.0335,0.971,0.9865,0,0,0
P18,2027-11-18,1.0343,0.9979,0.9865,0,0,0
P18,2027-11-19,1.0317,1.0241,0.9865,0,0,0
P18,2027-11-20,1.0315,1.1285,0.9865,0,0,0
P18,2027-11-21,1.0306,1.098,0.9865,0,0,0
P18,2027-11-22,1.031,0.8999,0.9865,0,0,0
P18,2027-11-23,1.0328,0.9576,0.9865,0,0,0
P18,2027-11-24,1.0339,0.971,0.9865,0,0,0
P18,2027-11-25,1.0365,0.9979,0.9865,0,0,0
P18,2027-11-26,1.0375,1.0241,0.9865,0,0,0
P18,2027-11-27,1.0358,1.1285,0.9865,0,0,0
P18,2027-11-28,1.0364,1.098,0.9865,0,0,0
P18,2027-11-29,1.0394,0.8999,0.9865,0,0,0
P18,2027-11-30,1.0413,0.9576,0.9865,0,0,0
P18,2027-12-01,1.0437,0.971,0.9865,0,0,0
P18,2027-12-02,1.041,0.9979,0.9865,0,0,0
P18,2027-12-03,1.0406,1.0241,0.9865,0,0,0
P18,2027-12-04,1.0417,1.1285,0.9865,0,0,0
P18,2027-12-05,1.048,1.098,0.9865,0,0,0
P18,2027-12-06,1.0535,0.8999,0.9865,0,0,0
P18,2027-12-07,1.0576,0.9576,0.9865,0,0,0
P18,2027-12-08,1.0638,0.971,0.9865,0,0,0
P18,2027-12-09,1.0683,0.9979,0.9865,0,0,0
P18,2027-12-10,1.0736,1.0241,0.9865,0,0,0
P18,2027-12-11,1.0731,1.1285,0.9865,0,0,0
P18,2027-12-12,1.0738,1.098,0.9865,0,0,0
P18,2027-12-13,1.0746,0.8999,0.9865,0,0,0
P18,2027-12-14,1.0762,0.9576,0.9865,0,0,0
P18,2027-12-15,1.0771,0.971,0.9865,0,0,0
P18,2027-12-16,1.0778,0.9979,0.9865,0,0,0
P18,2027-12-17,1.0833,1.0241,0.9865,0,0,0
P18,2027-12-18,1.0916,1.1285,0.9865,0,0,0
P18,2027-12-19,1.0987,1.098,0.9865,0,0,0
P18,2027-12-20,1.0984,0.8999,0.9865,0,0,0
P18,2027-12-21,1.0983,0.9576,0.9865,0,0,0
P18,2027-12-22,1.0958,0.971,0.9865,0,0,0
P18,2027-12-23,1.0994,0.9979,0.9865,0,0,0
P18,2027-12-24,1.1026,1.0241,0.9865,0,0,0
P18,2027-12-25,1.1015,1.1285,0.9865,0,0,0
P18,2027-12-26,1.1014,1.098,0.9865,0,0,0
P18,2027-12-27,1.1023,0.8999,0.9865,0,0,0
P18,2027-12-28,1.1018,0.9576,0.9865,0,0,0
P18,2027-12-29,1.1039,0.971,0.9865,0,0,0
P18,2027-12-30,1.1081,0.9979,0.9865,0,0,0
P18,2027-12-31,1.1106,1.0241,0.9865,0,0,0
P19,2026-01-01,0.5888,0.9919,0.6869,0,0,0
P19,2026-01-02,0.5863,1.0655,0.939,0,0,0
P19,2026-01-03,0.5927,1.1191,0.939,0,0,0
P19,2026-01-04,0.5997,1.0809,0.939,0,0,0
P19,2026-01-05,0.5998,0.9238,0.939,0,0,0
P19,2026-01-06,0.6044,0.9418,0.939,0,0,0
P19,2026-01-07,0.605,0.9575,0.939,0,0,0
P19,2026-01-08,0.6046,0.9919,0.939,0,0,0
P19,2026-01-09,0.6063,1.0655,0.939,0,0,0
P19,2026-01-10,0.6091,1.1191,0.939,0,0,0
P19,2026-01-11,0.6149,1.0809,0.939,0,0,0
P19,2026-01-12,0.617,0.9238,0.939,0,0,0
P19,2026-01-13,0.6216,0.9418,1.442,0,0,0
P19,2026-01-14,0.6273,0.9575,1.442,0,0,0
P19,2026-01-15,0.6306,0.9919,1.442,0,0,0
P19,2026-01-16,0.6365,1.0655,1.442,0,0,0
P19,2026-01-17,0.6399,1.1191,0.939,0,0,0
P19,2026-01-18,0.6417,1.0809,0.939,0,0,0
P19,2026-01-19,0.6416,0.9238,0.939,0,0,0
P19,2026-01-20,0.6462,0.9418,0.939,0,0,0
P19,2026-01-21,0.6451,0.9575,0.939,0,0,0
P19,2026-01-22,0.6436,0.9919,0.939,0,0,0
P19,2026-01-23,0.6429,1.0655,0.939,0,0,0
P19,2026-01-24,0.6483,1.1191,0.939,0,0,0
P19,2026-01-25,0.65,1.0809,0.939,0,0,0
P19,2026-01-26,0.6526,0.9238,0.6869,0,0,0
P19,2026-01-27,0.6534,0.9418,0.939,0,0,0
P19,2026-01-28,0.6518,0.9575,0.939,0,0,0
P19,2026-01-29,0.6535,0.9919,0.939,0,0,0
P19,2026-01-30,0.6568,1.0655,0.939,0,0,0
P19,2026-01-31,0.6585,1.1191,0.939,0,0,0
P19,2026-02-01,0.6612,1.0809,0.939,0,0,0
P19,2026-02-02,0.6653,0.9238,0.939,0,0,0
P19,2026-02-03,0.6681,0.9418,0.939,0,0,0
P19,2026-02-04,0.6682,0.9575,0.939,0,0,0
P19,2026-02-05,0.6686,0.9919,0.939,0,0,0
P19,2026-02-06,0.6732,1.0655,0.939,0,0,0
P19,2026-02-07,0.6755,1.1191,0.939,0,0,0
P19,2026-02-08,0.6776,1.0809,0.939,0,0,0
P19,2026-02-09,0.6776,0.9238,0.939,0,0,0
P19,2026-02-10,0.6796,0.9418,0.939,0,0,0
P19,2026-02-11,0.6804,0.9575,0.939,0,0,0
P19,2026-02-12,0.6831,0.9919,0.939,0,0,0
P19,2026-02-13,0.6875,1.0655,0.939,0,0,0
P19,2026-02-14,0.6898,1.1191,0.939,0,0,0
P19,2026-02-15,0.69,1.0809,0.939,0,0,0
P19,2026-02-16,0.6943,0.9238,0.939,0,0,0
P19,2026-02-17,0.6996,0.9418,0.939,0,0,0
P19,2026-02-18,0.7051,0.9575,0.939,0,0,0
P19,2026-02-19,0.7077,0.9919,0.939,0,0,0
P19,2026-02-20,0.7114,1.0655,0.939,0,0,0
P19,2026-02-21,0.7148,1.1191,0.939,0,0,0
P19,2026-02-22,0.721,1.0809,0.939,0,0,0
P19,2026-02-23,0.7265,0.9238,0.939,0,0,0
P19,2026-02-24,0.7326,0.9418,0.939,0,0,0
P19,2026-02-25,0.7379,0.9575,0.939,0,0,0
P19,2026-02-26,0.7425,0.9919,0.939,0,0,0
P19,2026-02-27,0.7483,1.0655,0.939,0,0,0
P19,2026-02-28,0.7566,1.1191,0.939,0,0,0
P19,2026-03-01,0.7612,1.0809,1.1947,0,0,0
P19,2026-03-02,0.7645,0.9238,1.1947,0,0,0
P19,2026-03-03,0.7685,0.9418,1.1947,0,0,0
P19,2026-03-04,0.7714,0.9575,1.1947,0,0,0
P19,2026-03-05,0.7775,0.9919,1.1947,0,0,0
P19,2026-03-06,0.7816,1.0655,1.6419,0,0,0
P19,2026-03-07,0.7874,1.1191,1.6419,0,0,0
P19,2026-03-08,0.7906,1.0809,1.1947,0,0,0
P19,2026-03-09,0.7908,0.9238,1.1947,0,0,0
P19,2026-03-10,0.7968,0.9418,1.1947,0,0,0
P19,2026-03-11,0.8017,0.9575,1.1947,0,0,0
P19,2026-03-12,0.8067,0.9919,1.1947,0,0,0
P19,2026-03-13,0.8075,1.0655,1.6419,0,0,0
P19,2026-03-14,0.8133,1.1191,1.6419,0,0,0
P19,2026-03-15,0.8181,1.0809,1.1947,0,0,0
P19,2026-03-16,0.8233,0.9238,1.1947,0,0,0
P19,2026-03-17,0.8289,0.9418,1.1947,0,0,0
P19,2026-03-18,0.8302,0.9575,1.1947,0,0,0
P19,2026-03-19,0.8324,0.9919,1.1947,0,0,0
P19,2026-03-20,0.8334,1.0655,1.6419,0,0,0
P19,2026-03-21,0.8342,1.1191,1.6419,0,0,0
P19,2026-03-22,0.8364,1.0809,1.1947,0,0,0
P19,2026-03-23,0.8404,0.9238,1.1947,0,0,0
P19,2026-03-24,0.8439,0.9418,1.1947,0,0,0
P19,2026-03-25,0.8487,0.9575,1.1947,0,0,0
P19,2026-03-26,0.8497,0.9919,1.1947,0,0,0
P19,2026-03-27,0.8496,1.0655,1.6419,0,0,0
P19,2026-03-28,0.8528,1.1191,1.6419,0,0,0
P19,2026-03-29,0.8574,1.0809,1.1947,0,0,0
P19,2026-03-30,0.8631,0.9238,1.1947,0,0,0
P19,2026-03-31,0.8656,0.9418,1.1947,0,0,0
P19,2026-04-01,0.869,0.9575,1.1947,0,0,0
P19,2026-04-02,0.8714,0.9919,1.1947,0,0,0
P19,2026-04-03,0.8712,1.0655,1.1947,0,0,0
P19,2026-04-04,0.8692,1.1191,1.6323,0,0,0
P19,2026-04-05,0.8757,1.0809,1.6323,0,0,0
P19,2026-04-06,0.8766,0.9238,1.1947,0,0,0
P19,2026-04-07,0.8774,0.9418,1.1947,0,0,0
P19,2026-04-08,0.8805,0.9575,1.1947,0,0,0
P19,2026-04-09,0.881,0.9919,1.1947,0,0,0
P19,2026-04-10,0.8815,1.0655,1.1947,0,0,0
P19,2026-04-11,0.8826,1.1191,1.6323,0,0,0
P19,2026-04-12,0.8855,1.0809,1.6323,0,0,0
P19,2026-04-13,0.8872,0.9238,1.1947,0,0,0
P19,2026-04-14,0.8894,0.9418,1.1947,0,0,0
P19,2026-04-15,0.8916,0.9575,1.1947,0,0,0
P19,2026-04-16,0.8895,0.9919,1.1947,0,0,0
P19,2026-04-17,0.8905,1.0655,1.1947,0,0,0
P19,2026-04-18,0.8943,1.1191,1.6323,0,0,0
P19,2026-04-19,0.899,1.0809,1.6323,0,0,0
P19,2026-04-20,0.902,0.9238,1.1947,0,0,0
P19,2026-04-21,0.9052,0.9418,1.1947,0,0,0
P19,2026-04-22,0.9103,0.9575,1.1947,0,0,0
P19,2026-04-23,0.9157,0.9919,1.1947,0,0,0
P19,2026-04-24,0.9145,1.0655,1.1947,0,0,0
P19,2026-04-25,0.9151,1.1191,1.6323,0,0,0
P19,2026-04-26,0.9184,1.0809,1.6323,0,0,0
P19,2026-04-27,0.9216,0.9238,1.1947,0,0,0
P19,2026-04-28,0.9291,0.9418,1.1947,0,0,0
P19,2026-04-29,0.9309,0.9575,1.1947,0,0,0
P19,2026-04-30,0.9317,0.9919,1.1947,0,0,0
P19,2026-05-01,0.9334,1.0655,1.1947,0,0,0
P19,2026-05-02,0.9349,1.1191,1.6323,0,0,0
P19,2026-05-03,0.9376,1.0809,1.6323,0,0,0
P19,2026-05-04,0.9377,0.9238,1.1947,0,0,0
P19,2026-05-05,0.9389,0.9418,1.1947,0,0,0
P19,2026-05-06,0.9432,0.9575,1.1947,0,0,0
P19,2026-05-07,0.9424,0.9919,1.1947,0,0,0
P19,2026-05-08,0.9438,1.0655,1.1947,0,0,0
P19,2026-05-09,0.9431,1.1191,1.6323,0,0,0
P19,2026-05-10,0.9454,1.0809,1.6323,0,0,0
P19,2026-05-11,0.946,0.9238,1.1947,0,0,0
P19,2026-05-12,0.9474,0.9418,1.1947,0,0,0
P19,2026-05-13,0.9507,0.9575,1.1947,0,0,0
P19,2026-05-14,0.9509,0.9919,1.1947,0,0,0
P19,2026-05-15,0.954,1.0655,1.1947,0,0,0
P19,2026-05-16,0.9578,1.1191,1.6323,0,0,0
P19,2026-05-17,0.9584,1.0809,1.6323,0,0,0
P19,2026-05-18,0.9577,0.9238,1.1947,0,0,0
P19,2026-05-19,0.9556,0.9418,1.1947,0,0,0
P19,2026-05-20,0.959,0.9575,1.1947,0,0,0
P19,2026-05-21,0.9586,0.9919,1.1947,0,0,0
P19,2026-05-22,0.9623,1.0655,1.1947,0,0,0
P19,2026-05-23,0.9636,1.1191,1.6323,0,0,0
P19,2026-05-24,0.961,1.0809,1.6323,0,0,0
P19,2026-05-25,0.959,0.9238,1.1947,0,0,0
P19,2026-05-26,0.9581,0.9418,1.1947,0,0,0
P19,2026-05-27,0.958,0.9575,1.1947,0,0,0
P19,2026-05-28,0.9573,0.9919,1.1947,0,0,0
P19,2026-05-29,0.9561,1.0655,1.1947,0,0,0
P19,2026-05-30,0.9523,1.1191,1.6323,0,0,0
P19,2026-05-31,0.9508,1.0809,1.6323,0,0,0
P19,2026-06-01,0.9505,0.9238,1.1947,0,0,0
P19,2026-06-02,0.9511,0.9418,1.1947,0,0,0
P19,2026-06-03,0.9494,0.9575,1.1947,0,0,0
P19,2026-06-04,0.9508,0.9919,1.1947,0,0,0
P19,2026-06-05,0.9508,1.0655,1.1947,0,0,0
P19,2026-06-06,0.9513,1.1191,1.1947,0,0,0
P19,2026-06-07,0.9538,1.0809,1.1947,0,0,0
P19,2026-06-08,0.9527,0.9238,1.1947,0,0,0
P19,2026-06-09,0.9498,0.9418,1.1947,0,0,0
P19,2026-06-10,0.9494,0.9575,1.1947,0,0,0
P19,2026-06-11,0.95,0.9919,1.1947,0,0,0
P19,2026-06-12,0.9509,1.0655,1.1947,0,0,0
P19,2026-06-13,0.953,1.1191,1.1947,0,0,0
P19,2026-06-14,0.9518,1.0809,1.1947,0,0,0
P19,2026-06-15,0.9503,0.9238,1.1947,0,0,0
P19,2026-06-16,0.9492,0.9418,1.1947,0,0,0
P19,2026-06-17,0.947,0.9575,1.1947,0,0,0
P19,2026-06-18,0.9515,0.9919,1.1947,0,0,0
P19,2026-06-19,0.9533,1.0655,1.1947,0,0,0
P19,2026-06-20,0.9542,1.1191,1.1947,0,0,0
P19,2026-06-21,0.9519,1.0809,1.1947,0,0,0
P19,2026-06-22,0.9534,0.9238,1.1947,0,0,0
P19,2026-06-23,0.9545,0.9418,1.1947,0,0,0
P19,2026-06-24,0.9556,0.9575,1.1947,0,0,0
P19,2026-06-25,0.957,0.9919,1.1947,0,0,0
P19,2026-06-26,0.9603,1.0655,1.1947,0,0,0
P19,2026-06-27,0.9593,1.1191,1.1947,0,0,0
P19,2026-06-28,0.9583,1.0809,1.1947,0,0,0
P19,2026-06-29,0.9587,0.9238,1.1947,0,0,0
P19,2026-06-30,0.9567,0.9418,1.1947,0,0,0
P19,2026-07-01,0.9586,0.9575,0.9431,0,0,0
P19,2026-07-02,0.9588,0.9919,0.9431,0,0,0
P19,2026-07-03,0.9599,1.0655,1.2961,0,0,0
P19,2026-07-04,0.9537,1.1191,1.2961,0,0,0
P19,2026-07-05,0.9544,1.0809,0.9431,0,0,0
P19,2026-07-06,0.9535,0.9238,0.9431,0,0,0
P19,2026-07-07,0.951,0.9418,0.9431,0,0,0
P19,2026-07-08,0.9527,0.9575,0.9431,0,0,0
P19,2026-07-09,0.9546,0.9919,0.9431,0,0,0
P19,2026-07-10,0.9528,1.0655,1.2961,0,0,0
P19,2026-07-11,0.9514,1.1191,1.2961,0,0,0
P19,2026-07-12,0.9499,1.0809,0.9431,0,0,0
P19,2026-07-13,0.9463,0.9238,0.9431,0,0,0
P19,2026-07-14,0.9453,0.9418,0.9431,0,0,0
P19,2026-07-15,0.9495,0.9575,0.9431,0,0,0
P19,2026-07-16,0.9519,0.9919,0.9431,0,0,0
P19,2026-07-17,0.95,1.0655,1.2961,0,0,0
P19,2026-07-18,0.9456,1.1191,1.2961,0,0,0
P19,2026-07-19,0.9412,1.0809,0.9431,0,0,0
P19,2026-07-20,0.9428,0.9238,0.9431,0,0,0
P19,2026-07-21,0.9425,0.9418,0.9431,0,0,0
P19,2026-07-22,0.9427,0.9575,0.9431,0,0,0
P19,2026-07-23,0.9423,0.9919,0.9431,0,0,0
P19,2026-07-24,0.943,1.0655,1.2961,0,0,0
P19,2026-07-25,0.9435,1.1191,1.2961,0,0,0
P19,2026-07-26,0.9453,1.0809,0.9431,0,0,0
P19,2026-07-27,0.9442,0.9238,0.9431,0,0,0
P19,2026-07-28,0.9444,0.9418,0.9431,0,0,0
P19,2026-07-29,0.946,0.9575,0.9431,0,0,0
P19,2026-07-30,0.9476,0.9919,0.9431,0,0,0
P19,2026-07-31,0.9475,1.0655,1.2961,0,0,0
P19,2026-08-01,0.9462,1.1191,0.9431,0,0,0
P19,2026-08-02,0.9488,1.0809,0.9431,0,0,0
P19,2026-08-03,0.9501,0.9238,0.9431,0,0,0
P19,2026-08-04,0.9502,0.9418,0.9431,0,0,0
P19,2026-08-05,0.95,0.9575,0.9431,0,0,0
P19,2026-08-06,0.9515,0.9919,0.9431,0,0,0
P19,2026-08-07,0.9554,1.0655,0.9431,0,0,0
P19,2026-08-08,0.956,1.1191,0.9431,0,0,0
P19,2026-08-09,0.9574,1.0809,0.9431,0,0,0
P19,2026-08-10,0.9582,0.9238,0.9431,0,0,0
P19,2026-08-11,0.9582,0.9418,0.9431,0,0,0
P19,2026-08-12,0.9559,0.9575,0.9431,0,0,0
P19,2026-08-13,0.9538,0.9919,0.9431,0,0,0
P19,2026-08-14,0.9572,1.0655,0.9431,0,0,0
P19,2026-08-15,0.956,1.1191,1.8258,0,0,0
P19,2026-08-16,0.9565,1.0809,1.8258,0,0,0
P19,2026-08-17,0.9574,0.9238,1.8258,0,0,0
P19,2026-08-18,0.9535,0.9418,0.9431,0,0,0
P19,2026-08-19,0.9536,0.9575,0.9431,0,0,0
P19,2026-08-20,0.9515,0.9919,0.9431,0,0,0
P19,2026-08-21,0.9488,1.0655,0.9431,0,0,0
P19,2026-08-22,0.9473,1.1191,0.9431,0,0,0
P19,2026-08-23,0.9504,1.0809,0.9431,0,0,0
P19,2026-08-24,0.9507,0.9238,0.9431,0,0,0
P19,2026-08-25,0.9525,0.9418,0.9431,0,0,0
P19,2026-08-26,0.9522,0.9575,0.9431,0,0,0
P19,2026-08-27,0.9516,0.9919,0.9431,0,0,0
P19,2026-08-28,0.9595,1.0655,0.9431,0,0,0
P19,2026-08-29,0.9622,1.1191,0.9431,0,0,0
P19,2026-08-30,0.9647,1.0809,0.9431,0,0,0
P19,2026-08-31,0.9672,0.9238,0.9431,0,0,0
P19,2026-09-01,0.9649,0.9418,0.9431,0,0,0
P19,2026-09-02,0.9638,0.9575,0.9431,0,0,0
P19,2026-09-03,0.9623,0.9919,0.9431,0,0,0
P19,2026-09-04,0.9667,1.0655,0.9431,0,0,0
P19,2026-09-05,0.9677,1.1191,0.9431,0,0,0
P19,2026-09-06,0.9653,1.0809,0.9431,0,0,0
P19,2026-09-07,0.9649,0.9238,0.9431,0,0,0
P19,2026-09-08,0.9626,0.9418,0.9431,0,0,0
P19,2026-09-09,0.962,0.9575,0.9431,0,0,0
P19,2026-09-10,0.9587,0.9919,0.9431,0,0,0
P19,2026-09-11,0.9535,1.0655,0.9431,0,0,0
P19,2026-09-12,0.9545,1.1191,0.9431,0,0,0
P19,2026-09-13,0.9541,1.0809,0.9431,0,0,0
P19,2026-09-14,0.957,0.9238,0.9431,0,0,0
P19,2026-09-15,0.961,0.9418,0.9431,0,0,0
P19,2026-09-16,0.9572,0.9575,0.9431,0,0,0
P19,2026-09-17,0.9567,0.9919,0.9431,0,0,0
P19,2026-09-18,0.9528,1.0655,0.9431,0,0,0
P19,2026-09-19,0.9544,1.1191,0.9431,0,0,0
P19,2026-09-20,0.9498,1.0809,0.9431,0,0,0
P19,2026-09-21,0.9463,0.9238,0.9431,0,0,0
P19,2026-09-22,0.9461,0.9418,0.9431,0,0,0
P19,2026-09-23,0.9487,0.9575,0.9431,0,0,0
P19,2026-09-24,0.9512,0.9919,0.9431,0,0,0
P19,2026-09-25,0.9514,1.0655,0.9431,0,0,0
P19,2026-09-26,0.9502,1.1191,0.9431,0,0,0
P19,2026-09-27,0.9538,1.0809,0.9431,0,0,0
P19,2026-09-28,0.9554,0.9238,0.9431,0,0,0
P19,2026-09-29,0.9556,0.9418,0.9431,0,0,0
P19,2026-09-30,0.9573,0.9575,0.9431,0,0,0
P19,2026-10-01,0.96,0.9919,1.0,0,0,0
P19,2026-10-02,0.9639,1.0655,1.3743,0,0,0
P19,2026-10-03,0.9653,1.1191,1.3743,0,0,0
P19,2026-10-04,0.97,1.0809,1.0,0,0,0
P19,2026-10-05,0.9762,0.9238,1.0,0,0,0
P19,2026-10-06,0.9811,0.9418,1.0,0,0,0
P19,2026-10-07,0.9809,0.9575,1.0,0,0,0
P19,2026-10-08,0.9847,0.9919,1.0,0,0,0
P19,2026-10-09,0.9873,1.0655,1.3743,0,0,0
P19,2026-10-10,0.9916,1.1191,1.3743,0,0,0
P19,2026-10-11,0.9927,1.0809,1.0,0,0,0
P19,2026-10-12,0.9945,0.9238,1.0,0,0,0
P19,2026-10-13,0.9923,0.9418,1.0,0,0,0
P19,2026-10-14,0.9912,0.9575,1.0,0,0,0
P19,2026-10-15,0.9993,0.9919,1.0,0,0,0
P19,2026-10-16,1.0035,1.0655,1.3743,0,0,0
P19,2026-10-17,1.0087,1.1191,1.3743,0,0,0
P19,2026-10-18,1.0124,1.0809,1.0,0,0,0
P19,2026-10-19,1.0125,0.9238,1.0,0,0,0
P19,2026-10-20,1.0146,0.9418,2.5255,0,0,0
P19,2026-10-21,1.0176,0.9575,2.5255,0,0,0
P19,2026-10-22,1.0193,0.9919,2.5255,0,0,0
P19,2026-10-23,1.0201,1.0655,2.5255,0,0,0
P19,2026-10-24,1.0216,1.1191,2.5255,0,0,0
P19,2026-10-25,1.019,1.0809,2.5255,0,0,0
P19,2026-10-26,1.0192,0.9238,1.0,0,0,0
P19,2026-10-27,1.0183,0.9418,1.0,0,0,0
P19,2026-10-28,1.0169,0.9575,1.0,0,0,0
P19,2026-10-29,1.0194,0.9919,1.0,0,0,0
P19,2026-10-30,1.0167,1.0655,1.3743,0,0,0
P19,2026-10-31,1.017,1.1191,1.3743,0,0,0
P19,2026-11-01,1.0189,1.0809,2.6518,0,0,0
P19,2026-11-02,1.018,0.9238,2.6518,0,0,0
P19,2026-11-03,1.0167,0.9418,2.6518,0,0,0
P19,2026-11-04,1.0169,0.9575,0.939,0,0,0
P19,2026-11-05,1.0179,0.9919,0.939,0,0,0
P19,2026-11-06,1.0204,1.0655,0.939,0,0,0
P19,2026-11-07,1.0239,1.1191,0.939,0,0,0
P19,2026-11-08,1.0256,1.0809,0.939,0,0,0
P19,2026-11-09,1.0213,0.9238,0.939,0,0,0
P19,2026-11-10,1.0235,0.9418,0.939,0,0,0
P19,2026-11-11,1.0218,0.9575,0.939,0,0,0
P19,2026-11-12,1.0204,0.9919,0.939,0,0,0
P19,2026-11-13,1.0192,1.0655,0.939,0,0,0
P19,2026-11-14,1.0218,1.1191,0.939,0,0,0
P19,2026-11-15,1.0223,1.0809,0.939,0,0,0
P19,2026-11-16,1.0257,0.9238,0.939,0,0,0
P19,2026-11-17,1.0286,0.9418,0.939,0,0,0
P19,2026-11-18,1.0333,0.9575,0.939,0,0,0
P19,2026-11-19,1.0335,0.9919,0.939,0,0,0
P19,2026-11-20,1.0339,1.0655,0.939,0,0,0
P19,2026-11-21,1.0344,1.1191,0.939,0,0,0
P19,2026-11-22,1.0346,1.0809,0.939,0,0,0
P19,2026-11-23,1.0356,0.9238,0.939,0,0,0
P19,2026-11-24,1.0398,0.9418,0.939,0,0,0
P19,2026-11-25,1.0421,0.9575,0.939,0,0,0
P19,2026-11-26,1.0437,0.9919,0.939,0,0,0
P19,2026-11-27,1.0428,1.0655,0.939,0,0,0
P19,2026-11-28,1.0415,1.1191,0.939,0,0,0
P19,2026-11-29,1.0425,1.0809,0.939,0,0,0
P19,2026-11-30,1.0474,0.9238,0.939,0,0,0
P19,2026-12-01,1.0487,0.9418,0.939,0,0,0
P19,2026-12-02,1.0502,0.9575,0.939,0,0,0
P19,2026-12-03,1.047,0.9919,0.939,0,0,0
P19,2026-12-04,1.0478,1.0655,0.939,0,0,0
P19,2026-12-05,1.0488,1.1191,0.939,0,0,0
P19,2026-12-06,1.0508,1.0809,0.939,0,0,0
P19,2026-12-07,1.056,0.9238,0.939,0,0,0
P19,2026-12-08,1.0567,0.9418,0.939,0,0,0
P19,2026-12-09,1.0589,0.9575,0.939,0,0,0
P19,2026-12-10,1.0604,0.9919,0.939,0,0,0
P19,2026-12-11,1.0614,1.0655,0.939,0,0,0
P19,2026-12-12,1.0608,1.1191,0.939,0,0,0
P19,2026-12-13,1.0627,1.0809,0.939,0,0,0
P19,2026-12-14,1.0597,0.9238,0.939,0,0,0
P19,2026-12-15,1.0607,0.9418,0.939,0,0,0
P19,2026-12-16,1.0589,0.9575,0.939,0,0,0
P19,2026-12-17,1.0681,0.9919,0.939,0,0,0
P19,2026-12-18,1.0725,1.0655,0.939,0,0,0
P19,2026-12-19,1.0748,1.1191,0.939,0,0,0
P19,2026-12-20,1.0767,1.0809,0.939,0,0,0
P19,2026-12-21,1.0796,0.9238,0.939,0,0,0
P19,2026-12-22,1.0788,0.9418,0.939,0,0,0
P19,2026-12-23,1.0726,0.9575,0.939,0,0,0
P19,2026-12-24,1.0719,0.9919,0.939,0,0,0
P19,2026-12-25,1.0703,1.0655,0.939,0,0,0
P19,2026-12-26,1.0653,1.1191,0.939,0,0,0
P19,2026-12-27,1.0638,1.0809,0.939,0,0,0
P19,2026-12-28,1.063,0.9238,0.939,0,0,0
P19,2026-12-29,1.0582,0.9418,0.939,0,0,0
P19,2026-12-30,1.0557,0.9575,0.939,0,0,0
P19,2026-12-31,1.0537,0.9919,0.939,0,0,0
P19,2027-01-01,1.0527,1.0655,0.6869,0,0,0
P19,2027-01-02,1.0555,1.1191,0.939,0,0,0
P19,2027-01-03,1.0537,1.0809,0.939,0,0,0
P19,2027-01-04,1.0484,0.9238,0.939,0,0,0
P19,2027-01-05,1.0459,0.9418,0.939,0,0,0
P19,2027-01-06,1.0456,0.9575,0.939,0,0,0
P19,2027-01-07,1.0444,0.9919,0.939,0,0,0
P19,2027-01-08,1.0436,1.0655,0.939,0,0,0
P19,2027-01-09,1.0432,1.1191,0.939,0,0,0
P19,2027-01-10,1.0411,1.0809,0.939,0,0,0
P19,2027-01-11,1.0412,0.9238,0.939,0,0,0
P19,2027-01-12,1.0413,0.9418,0.939,0,0,0
P19,2027-01-13,1.0329,0.9575,1.442,0,0,0
P19,2027-01-14,1.0337,0.9919,1.442,0,0,0
P19,2027-01-15,1.0311,1.0655,1.442,0,0,0
P19,2027-01-16,1.025,1.1191,1.442,0,0,0
P19,2027-01-17,1.0248,1.0809,0.939,0,0,0
P19,2027-01-18,1.0223,0.9238,0.939,0,0,0
P19,2027-01-19,1.0219,0.9418,0.939,0,0,0
P19,2027-01-20,1.0213,0.9575,0.939,0,0,0
P19,2027-01-21,1.0163,0.9919,0.939,0,0,0
P19,2027-01-22,1.0116,1.0655,0.939,0,0,0
P19,2027-01-23,1.0113,1.1191,0.939,0,0,0
P19,2027-01-24,1.0109,1.0809,0.939,0,0,0
P19,2027-01-25,1.0112,0.9238,0.939,0,0,0
P19,2027-01-26,1.0091,0.9418,0.6869,0,0,0
P19,2027-01-27,1.0055,0.9575,0.939,0,0,0
P19,2027-01-28,1.0047,0.9919,0.939,0,0,0
P19,2027-01-29,1.0009,1.0655,0.939,0,0,0
P19,2027-01-30,1.0001,1.1191,0.939,0,0,0
P19,2027-01-31,1.0004,1.0809,0.939,0,0,0
P19,2027-02-01,1.0024,0.9238,0.939,0,0,0
P19,2027-02-02,1.0009,0.9418,0.939,0,0,0
P19,2027-02-03,0.9954,0.9575,0.939,0,0,0
P19,2027-02-04,0.9928,0.9919,0.939,0,0,0
P19,2027-02-05,0.99,1.0655,0.939,0,0,0
P19,2027-02-06,0.989,1.1191,0.939,0,0,0
P19,2027-02-07,0.988,1.0809,0.939,0,0,0
P19,2027-02-08,0.9873,0.9238,0.939,0,0,0
P19,2027-02-09,0.9893,0.9418,0.939,0,0,0
P19,2027-02-10,0.9854,0.9575,0.939,0,0,0
P19,2027-02-11,0.9849,0.9919,0.939,0,0,0
P19,2027-02-12,0.9842,1.0655,0.939,0,0,0
P19,2027-02-13,0.9816,1.1191,0.939,0,0,0
P19,2027-02-14,0.9806,1.0809,0.939,0,0,0
P19,2027-02-15,0.9795,0.9238,0.939,0,0,0
P19,2027-02-16,0.9767,0.9418,0.939,0,0,0
P19,2027-02-17,0.9759,0.9575,0.939,0,0,0
P19,2027-02-18,0.9739,0.9919,0.939,0,0,0
P19,2027-02-19,0.9671,1.0655,0.939,0,0,0
P19,2027-02-20,0.9672,1.1191,0.939,0,0,0
P19,2027-02-21,0.9641,1.0809,0.939,0,0,0
P19,2027-02-22,0.9604,0.9238,0.939,0,0,0
P19,2027-02-23,0.9582,0.9418,0.939,0,0,0
P19,2027-02-24,0.9546,0.9575,0.939,0,0,0
P19,2027-02-25,0.9544,0.9919,0.939,0,0,0
P19,2027-02-26,0.952,1.0655,0.939,0,0,0
P19,2027-02-27,0.9498,1.1191,0.939,0,0,0
P19,2027-02-28,0.9441,1.0809,0.939,0,0,0
P19,2027-03-01,0.9452,0.9238,1.1947,0,0,0
P19,2027-03-02,0.9454,0.9418,1.1947,0,0,0
P19,2027-03-03,0.9444,0.9575,1.1947,0,0,0
P19,2027-03-04,0.9445,0.9919,1.1947,0,0,0
P19,2027-03-05,0.9442,1.0655,1.6419,0,0,0
P19,2027-03-06,0.9455,1.1191,1.6419,0,0,0
P19,2027-03-07,0.9437,1.0809,1.1947,0,0,0
P19,2027-03-08,0.9449,0.9238,1.1947,0,0,0
P19,2027-03-09,0.9454,0.9418,1.1947,0,0,0
P19,2027-03-10,0.9432,0.9575,1.1947,0,0,0
P19,2027-03-11,0.942,0.9919,1.1947,0,0,0
P19,2027-03-12,0.9408,1.0655,1.6419,0,0,0
P19,2027-03-13,0.9375,1.1191,1.6419,0,0,0
P19,2027-03-14,0.9406,1.0809,1.1947,0,0,0
P19,2027-03-15,0.9397,0.9238,1.1947,0,0,0
P19,2027-03-16,0.9405,0.9418,1.1947,0,0,0
P19,2027-03-17,0.938,0.9575,1.1947,0,0,0
P19,2027-03-18,0.935,0.9919,1.1947,0,0,0
P19,2027-03-19,0.9331,1.0655,1.6419,0,0,0
P19,2027-03-20,0.9316,1.1191,1.6419,0,0,0
P19,2027-03-21,0.9289,1.0809,1.1947,0,0,0
P19,2027-03-22,0.9259,0.9238,1.1947,0,0,0
P19,2027-03-23,0.9259,0.9418,1.1947,0,0,0
P19,2027-03-24,0.9243,0.9575,1.1947,0,0,0
P19,2027-03-25,0.9232,0.9919,1.1947,0,0,0
P19,2027-03-26,0.9247,1.0655,1.6419,0,0,0
P19,2027-03-27,0.9261,1.1191,1.6419,0,0,0
P19,2027-03-28,0.9306,1.0809,1.1947,0,0,0
P19,2027-03-29,0.9353,0.9238,1.1947,0,0,0
P19,2027-03-30,0.9368,0.9418,1.1947,0,0,0
P19,2027-03-31,0.9412,0.9575,1.1947,0,0,0
P19,2027-04-01,0.9375,0.9919,1.1947,0,0,0
P19,2027-04-02,0.9319,1.0655,1.1947,0,0,0
P19,2027-04-03,0.9319,1.1191,1.6323,0,0,0
P19,2027-04-04,0.9343,1.0809,1.6323,0,0,0
P19,2027-04-05,0.9359,0.9238,1.1947,0,0,0
P19,2027-04-06,0.9342,0.9418,1.1947,0,0,0
P19,2027-04-07,0.9335,0.9575,1.1947,0,0,0
P19,2027-04-08,0.9288,0.9919,1.1947,0,0,0
P19,2027-04-09,0.9298,1.0655,1.1947,0,0,0
P19,2027-04-10,0.9298,1.1191,1.6323,0,0,0
P19,2027-04-11,0.9292,1.0809,1.6323,0,0,0
P19,2027-04-12,0.9276,0.9238,1.1947,0,0,0
P19,2027-04-13,0.928,0.9418,1.1947,0,0,0
P19,2027-04-14,0.9275,0.9575,1.1947,0,0,0
P19,2027-04-15,0.9262,0.9919,1.1947,0,0,0
P19,2027-04-16,0.9288,1.0655,1.1947,0,0,0
P19,2027-04-17,0.9308,1.1191,1.6323,0,0,0
P19,2027-04-18,0.9312,1.0809,1.6323,0,0,0
P19,2027-04-19,0.9312,0.9238,1.1947,0,0,0
P19,2027-04-20,0.9322,0.9418,1.1947,0,0,0
P19,2027-04-21,0.9354,0.9575,1.1947,0,0,0
P19,2027-04-22,0.9377,0.9919,1.1947,0,0,0
P19,2027-04-23,0.9385,1.0655,1.1947,0,0,0
P19,2027-04-24,0.9396,1.1191,1.6323,0,0,0
P19,2027-04-25,0.9366,1.0809,1.6323,0,0,0
P19,2027-04-26,0.9372,0.9238,1.1947,0,0,0
P19,2027-04-27,0.9386,0.9418,1.1947,0,0,0
P19,2027-04-28,0.9414,0.9575,1.1947,0,0,0
P19,2027-04-29,0.9419,0.9919,1.1947,0,0,0
P19,2027-04-30,0.9422,1.0655,1.1947,0,0,0
P19,2027-05-01,0.9422,1.1191,1.6323,0,0,0
P19,2027-05-02,0.9433,1.0809,1.6323,0,0,0
P19,2027-05-03,0.943,0.9238,1.1947,0,0,0
P19,2027-05-04,0.9486,0.9418,1.1947,0,0,0
P19,2027-05-05,0.9486,0.9575,1.1947,0,0,0
P19,2027-05-06,0.9486,0.9919,1.1947,0,0,0
P19,2027-05-07,0.9468,1.0655,1.1947,0,0,0
P19,2027-05-08,0.9474,1.1191,1.6323,0,0,0
P19,2027-05-09,0.9476,1.0809,1.6323,0,0,0
P19,2027-05-10,0.9491,0.9238,1.1947,0,0,0
P19,2027-05-11,0.9508,0.9418,1.1947,0,0,0
P19,2027-05-12,0.9512,0.9575,1.1947,0,0,0
P19,2027-05-13,0.9496,0.9919,1.1947,0,0,0
P19,2027-05-14,0.9525,1.0655,1.1947,0,0,0
P19,2027-05-15,0.9543,1.1191,1.6323,0,0,0
P19,2027-05-16,0.9563,1.0809,1.6323,0,0,0
P19,2027-05-17,0.957,0.9238,1.1947,0,0,0
P19,2027-05-18,0.9572,0.9418,1.1947,0,0,0
P19,2027-05-19,0.9574,0.9575,1.1947,0,0,0
P19,2027-05-20,0.9612,0.9919,1.1947,0,0,0
P19,2027-05-21,0.9623,1.0655,1.1947,0,0,0
P19,2027-05-22,0.9652,1.1191,1.6323,0,0,0
P19,2027-05-23,0.963,1.0809,1.6323,0,0,0
P19,2027-05-24,0.9646,0.9238,1.1947,0,0,0
P19,2027-05-25,0.9634,0.9418,1.1947,0,0,0
P19,2027-05-26,0.9615,0.9575,1.1947,0,0,0
P19,2027-05-27,0.9642,0.9919,1.1947,0,0,0
P19,2027-05-28,0.9604,1.0655,1.1947,0,0,0
P19,2027-05-29,0.9646,1.1191,1.6323,0,0,0
P19,2027-05-30,0.9629,1.0809,1.6323,0,0,0
P19,2027-05-31,0.9592,0.9238,1.1947,0,0,0
P19,2027-06-01,0.9578,0.9418,1.1947,0,0,0
P19,2027-06-02,0.9563,0.9575,1.1947,0,0,0
P19,2027-06-03,0.9565,0.9919,1.1947,0,0,0
P19,2027-06-04,0.9554,1.0655,1.1947,0,0,0
P19,2027-06-05,0.9527,1.1191,1.1947,0,0,0
P19,2027-06-06,0.9517,1.0809,1.1947,0,0,0
P19,2027-06-07,0.9514,0.9238,1.1947,0,0,0
P19,2027-06-08,0.9552,0.9418,1.1947,0,0,0
P19,2027-06-09,0.9545,0.9575,1.1947,0,0,0
P19,2027-06-10,0.9561,0.9919,1.1947,0,0,0
P19,2027-06-11,0.9554,1.0655,1.1947,0,0,0
P19,2027-06-12,0.9515,1.1191,1.1947,0,0,0
P19,2027-06-13,0.9538,1.0809,1.1947,0,0,0
P19,2027-06-14,0.9548,0.9238,1.1947,0,0,0
P19,2027-06-15,0.9502,0.9418,1.1947,0,0,0
P19,2027-06-16,0.9482,0.9575,1.1947,0,0,0
P19,2027-06-17,0.9498,0.9919,1.1947,0,0,0
P19,2027-06-18,0.9556,1.0655,1.1947,0,0,0
P19,2027-06-19,0.9541,1.1191,1.1947,0,0,0
P19,2027-06-20,0.9588,1.0809,1.1947,0,0,0
P19,2027-06-21,0.9598,0.9238,1.1947,0,0,0
P19,2027-06-22,0.9648,0.9418,1.1947,0,0,0
P19,2027-06-23,0.9691,0.9575,1.1947,0,0,0
P19,2027-06-24,0.9727,0.9919,1.1947,0,0,0
P19,2027-06-25,0.9716,1.0655,1.1947,0,0,0
P19,2027-06-26,0.9672,1.1191,1.1947,0,0,0
P19,2027-06-27,0.9634,1.0809,1.1947,0,0,0
P19,2027-06-28,0.9612,0.9238,1.1947,0,0,0
P19,2027-06-29,0.9566,0.9418,1.1947,0,0,0
P19,2027-06-30,0.9609,0.9575,1.1947,0,0,0
P19,2027-07-01,0.9617,0.9919,0.9431,0,0,0
P19,2027-07-02,0.96,1.0655,1.2961,0,0,0
P19,2027-07-03,0.9571,1.1191,1.2961,0,0,0
P19,2027-07-04,0.9538,1.0809,0.9431,0,0,0
P19,2027-07-05,0.9527,0.9238,0.9431,0,0,0
P19,2027-07-06,0.9521,0.9418,0.9431,0,0,0
P19,2027-07-07,0.9549,0.9575,0.9431,0,0,0
P19,2027-07-08,0.9536,0.9919,0.9431,0,0,0
P19,2027-07-09,0.9569,1.0655,1.2961,0,0,0
P19,2027-07-10,0.9559,1.1191,1.2961,0,0,0
P19,2027-07-11,0.9569,1.0809,0.9431,0,0,0
P19,2027-07-12,0.9548,0.9238,0.9431,0,0,0
P19,2027-07-13,0.9541,0.9418,0.9431,0,0,0
P19,2027-07-14,0.9561,0.9575,0.9431,0,0,0
P19,2027-07-15,0.9586,0.9919,0.9431,0,0,0
P19,2027-07-16,0.9575,1.0655,1.2961,0,0,0
P19,2027-07-17,0.9582,1.1191,1.2961,0,0,0
P19,2027-07-18,0.9577,1.0809,0.9431,0,0,0
P19,2027-07-19,0.958,0.9238,0.9431,0,0,0
P19,2027-07-20,0.9567,0.9418,0.9431,0,0,0
P19,2027-07-21,0.9546,0.9575,0.9431,0,0,0
P19,2027-07-22,0.9538,0.9919,0.9431,0,0,0
P19,2027-07-23,0.9538,1.0655,1.2961,0,0,0
P19,2027-07-24,0.956,1.1191,1.2961,0,0,0
P19,2027-07-25,0.9584,1.0809,0.9431,0,0,0
P19,2027-07-26,0.9569,0.9238,0.9431,0,0,0
P19,2027-07-27,0.9554,0.9418,0.9431,0,0,0
P19,2027-07-28,0.957,0.9575,0.9431,0,0,0
P19,2027-07-29,0.9565,0.9919,0.9431,0,0,0
P19,2027-07-30,0.9579,1.0655,1.2961,0,0,0
P19,2027-07-31,0.954,1.1191,1.2961,0,0,0
P19,2027-08-01,0.9523,1.0809,0.9431,0,0,0
P19,2027-08-02,0.9474,0.9238,0.9431,0,0,0
P19,2027-08-03,0.9489,0.9418,0.9431,0,0,0
P19,2027-08-04,0.9461,0.9575,0.9431,0,0,0
P19,2027-08-05,0.9485,0.9919,0.9431,0,0,0
P19,2027-08-06,0.9485,1.0655,0.9431,0,0,0
P19,2027-08-07,0.9492,1.1191,0.9431,0,0,0
P19,2027-08-08,0.9471,1.0809,0.9431,0,0,0
P19,2027-08-09,0.946,0.9238,0.9431,0,0,0
P19,2027-08-10,0.9489,0.9418,0.9431,0,0,0
P19,2027-08-11,0.9455,0.9575,0.9431,0,0,0
P19,2027-08-12,0.9425,0.9919,0.9431,0,0,0
P19,2027-08-13,0.9391,1.0655,0.9431,0,0,0
P19,2027-08-14,0.9341,1.1191,0.9431,0,0,0
P19,2027-08-15,0.9296,1.0809,1.8258,0,0,0
P19,2027-08-16,0.9302,0.9238,1.8258,0,0,0
P19,2027-08-17,0.9328,0.9418,1.8258,0,0,0
P19,2027-08-18,0.9346,0.9575,0.9431,0,0,0
P19,2027-08-19,0.9366,0.9919,0.9431,0,0,0
P19,2027-08-20,0.9389,1.0655,0.9431,0,0,0
P19,2027-08-21,0.9427,1.1191,0.9431,0,0,0
P19,2027-08-22,0.9422,1.0809,0.9431,0,0,0
P19,2027-08-23,0.9472,0.9238,0.9431,0,0,0
P19,2027-08-24,0.949,0.9418,0.9431,0,0,0
P19,2027-08-25,0.9468,0.9575,0.9431,0,0,0
P19,2027-08-26,0.9531,0.9919,0.9431,0,0,0
P19,2027-08-27,0.951,1.0655,0.9431,0,0,0
P19,2027-08-28,0.9503,1.1191,0.9431,0,0,0
P19,2027-08-29,0.9529,1.0809,0.9431,0,0,0
P19,2027-08-30,0.9551,0.9238,0.9431,0,0,0
P19,2027-08-31,0.9561,0.9418,0.9431,0,0,0
P19,2027-09-01,0.956,0.9575,0.9431,0,0,0
P19,2027-09-02,0.9573,0.9919,0.9431,0,0,0
P19,2027-09-03,0.963,1.0655,0.9431,0,0,0
P19,2027-09-04,0.9618,1.1191,0.9431,0,0,0
P19,2027-09-05,0.9606,1.0809,0.9431,0,0,0
P19,2027-09-06,0.9553,0.9238,0.9431,0,0,0
P19,2027-09-07,0.953,0.9418,0.9431,0,0,0
P19,2027-09-08,0.951,0.9575,0.9431,0,0,0
P19,2027-09-09,0.9486,0.9919,0.9431,0,0,0
P19,2027-09-10,0.9484,1.0655,0.9431,0,0,0
P19,2027-09-11,0.9424,1.1191,0.9431,0,0,0
P19,2027-09-12,0.9417,1.0809,0.9431,0,0,0
P19,2027-09-13,0.9444,0.9238,0.9431,0,0,0
P19,2027-09-14,0.9509,0.9418,0.9431,0,0,0
P19,2027-09-15,0.9494,0.9575,0.9431,0,0,0
P19,2027-09-16,0.9458,0.9919,0.9431,0,0,0
P19,2027-09-17,0.954,1.0655,0.9431,0,0,0
P19,2027-09-18,0.9499,1.1191,0.9431,0,0,0
P19,2027-09-19,0.9484,1.0809,0.9431,0,0,0
P19,2027-09-20,0.9441,0.9238,0.9431,0,0,0
P19,2027-09-21,0.9472,0.9418,0.9431,0,0,0
P19,2027-09-22,0.9439,0.9575,0.9431,0,0,0
P19,2027-09-23,0.9431,0.9919,0.9431,0,0,0
P19,2027-09-24,0.9456,1.0655,0.9431,0,0,0
P19,2027-09-25,0.946,1.1191,0.9431,0,0,0
P19,2027-09-26,0.9485,1.0809,0.9431,0,0,0
P19,2027-09-27,0.9522,0.9238,0.9431,0,0,0
P19,2027-09-28,0.951,0.9418,0.9431,0,0,0
P19,2027-09-29,0.9515,0.9575,0.9431,0,0,0
P19,2027-09-30,0.956,0.9919,0.9431,0,0,0
P19,2027-10-01,0.9597,1.0655,1.3743,0,0,0
P19,2027-10-02,0.9684,1.1191,1.3743,0,0,0
P19,2027-10-03,0.9697,1.0809,1.0,0,0,0
P19,2027-10-04,0.974,0.9238,1.0,0,0,0
P19,2027-10-05,0.9725,0.9418,1.0,0,0,0
P19,2027-10-06,0.9756,0.9575,1.0,0,0,0
P19,2027-10-07,0.9769,0.9919,1.0,0,0,0
P19,2027-10-08,0.9788,1.0655,1.3743,0,0,0
P19,2027-10-09,0.9852,1.1191,1.3743,0,0,0
P19,2027-10-10,0.9899,1.0809,1.0,0,0,0
P19,2027-10-11,0.9909,0.9238,1.0,0,0,0
P19,2027-10-12,0.9897,0.9418,1.0,0,0,0
P19,2027-10-13,0.9907,0.9575,1.0,0,0,0
P19,2027-10-14,0.9923,0.9919,1.0,0,0,0
P19,2027-10-15,0.9927,1.0655,1.3743,0,0,0
P19,2027-10-16,0.9947,1.1191,1.3743,0,0,0
P19,2027-10-17,0.9944,1.0809,1.0,0,0,0
P19,2027-10-18,1.0002,0.9238,1.0,0,0,0
P19,2027-10-19,1.0039,0.9418,1.0,0,0,0
P19,2027-10-20,1.0065,0.9575,2.5255,0,0,0
P19,2027-10-21,1.0073,0.9919,2.5255,0,0,0
P19,2027-10-22,1.0117,1.0655,2.5255,0,0,0
P19,2027-10-23,1.01,1.1191,2.5255,0,0,0
P19,2027-10-24,1.0108,1.0809,2.5255,0,0,0
P19,2027-10-25,1.0114,0.9238,2.5255,0,0,0
P19,2027-10-26,1.0131,0.9418,1.0,0,0,0
P19,2027-10-27,1.0122,0.9575,1.0,0,0,0
P19,2027-10-28,1.0145,0.9919,1.0,0,0,0
P19,2027-10-29,1.0155,1.0655,1.3743,0,0,0
P19,2027-10-30,1.0198,1.1191,1.3743,0,0,0
P19,2027-10-31,1.0217,1.0809,1.0,0,0,0
P19,2027-11-01,1.025,0.9238,2.6518,0,0,0
P19,2027-11-02,1.0333,0.9418,2.6518,0,0,0
P19,2027-11-03,1.0317,0.9575,2.6518,0,0,0
P19,2027-11-04,1.035,0.9919,0.939,0,0,0
P19,2027-11-05,1.0371,1.0655,0.939,0,0,0
P19,2027-11-06,1.0399,1.1191,0.939,0,0,0
P19,2027-11-07,1.0421,1.0809,0.939,0,0,0
P19,2027-11-08,1.0393,0.9238,0.939,0,0,0
P19,2027-11-09,1.0416,0.9418,0.939,0,0,0
P19,2027-11-10,1.0468,0.9575,0.939,0,0,0
P19,2027-11-11,1.0477,0.9919,0.939,0,0,0
P19,2027-11-12,1.0539,1.0655,0.939,0,0,0
P19,2027-11-13,1.0567,1.1191,0.939,0,0,0
P19,2027-11-14,1.0578,1.0809,0.939,0,0,0
P19,2027-11-15,1.0602,0.9238,0.939,0,0,0
P19,2027-11-16,1.0605,0.9418,0.939,0,0,0
P19,2027-11-17,1.0603,0.9575,0.939,0,0,0
P19,2027-11-18,1.0587,0.9919,0.939,0,0,0
P19,2027-11-19,1.0598,1.0655,0.939,0,0,0
P19,2027-11-20,1.0598,1.1191,0.939,0,0,0
P19,2027-11-21,1.0553,1.0809,0.939,0,0,0
P19,2027-11-22,1.0577,0.9238,0.939,0,0,0
P19,2027-11-23,1.0609,0.9418,0.939,0,0,0
P19,2027-11-24,1.0591,0.9575,0.939,0,0,0
P19,2027-11-25,1.0612,0.9919,0.939,0,0,0
P19,2027-11-26,1.064,1.0655,0.939,0,0,0
P19,2027-11-27,1.0646,1.1191,0.939,0,0,0
P19,2027-11-28,1.0655,1.0809,0.939,0,0,0
P19,2027-11-29,1.0662,0.9238,0.939,0,0,0
P19,2027-11-30,1.0684,0.9418,0.939,0,0,0
P19,2027-12-01,1.0694,0.9575,0.939,0,0,0
P19,2027-12-02,1.0674,0.9919,0.939,0,0,0
P19,2027-12-03,1.0705,1.0655,0.939,0,0,0
P19,2027-12-04,1.074,1.1191,0.939,0,0,0
P19,2027-12-05,1.0803,1.0809,0.939,0,0,0
P19,2027-12-06,1.0853,0.9238,0.939,0,0,0
P19,2027-12-07,1.0903,0.9418,0.939,0,0,0
P19,2027-12-08,1.0941,0.9575,0.939,0,0,0
P19,2027-12-09,1.0993,0.9919,0.939,0,0,0
P19,2027-12-10,1.1074,1.0655,0.939,0,0,0
P19,2027-12-11,1.1106,1.1191,0.939,0,0,0
P19,2027-12-12,1.1109,1.0809,0.939,0,0,0
P19,2027-12-13,1.1075,0.9238,0.939,0,0,0
P19,2027-12-14,1.1125,0.9418,0.939,0,0,0
P19,2027-12-15,1.1138,0.9575,0.939,0,0,0
P19,2027-12-16,1.1059,0.9919,0.939,0,0,0
P19,2027-12-17,1.1113,1.0655,0.939,0,0,0
P19,2027-12-18,1.1161,1.1191,0.939,0,0,0
P19,2027-12-19,1.1207,1.0809,0.939,0,0,0
P19,2027-12-20,1.1176,0.9238,0.939,0,0,0
P19,2027-12-21,1.1206,0.9418,0.939,0,0,0
P19,2027-12-22,1.1248,0.9575,0.939,0,0,0
P19,2027-12-23,1.1266,0.9919,0.939,0,0,0
P19,2027-12-24,1.134,1.0655,0.939,0,0,0
P19,2027-12-25,1.136,1.1191,0.939,0,0,0
P19,2027-12-26,1.1365,1.0809,0.939,0,0,0
P19,2027-12-27,1.1402,0.9238,0.939,0,0,0
P19,2027-12-28,1.1445,0.9418,0.939,0,0,0
P19,2027-12-29,1.1417,0.9575,0.939,0,0,0
P19,2027-12-30,1.1417,0.9919,0.939,0,0,0
P19,2027-12-31,1.1369,1.0655,0.939,0,0,0
P20,2026-01-01,0.5381,0.9961,0.9345,0,0,0
P20,2026-01-02,0.5501,1.0629,0.9681,0,0,0
P20,2026-01-03,0.5548,1.1644,0.9681,0,0,0
P20,2026-01-04,0.5587,1.106,0.9681,0,0,0
P20,2026-01-05,0.5621,0.8957,0.9681,0,0,0
P20,2026-01-06,0.5635,0.9257,0.9681,0,0,0
P20,2026-01-07,0.5662,0.9524,0.9681,0,0,0
P20,2026-01-08,0.5705,0.9961,0.9681,0,0,0
P20,2026-01-09,0.5773,1.0629,0.9681,0,0,0
P20,2026-01-10,0.575,1.1644,0.9681,0,0,0
P20,2026-01-11,0.5713,1.106,0.9681,0,0,0
P20,2026-01-12,0.5707,0.8957,0.9681,0,0,0
P20,2026-01-13,0.5789,0.9257,1.5924,0,0,0
P20,2026-01-14,0.5857,0.9524,1.5924,0,0,0
P20,2026-01-15,0.5916,0.9961,1.5924,0,0,0
P20,2026-01-16,0.5918,1.0629,1.5924,0,0,0
P20,2026-01-17,0.6004,1.1644,0.9681,0,0,0
P20,2026-01-18,0.6082,1.106,0.9681,0,0,0
P20,2026-01-19,0.617,0.8957,0.9681,0,0,0
P20,2026-01-20,0.6205,0.9257,0.9681,0,0,0
P20,2026-01-21,0.6237,0.9524,0.9681,0,0,0
P20,2026-01-22,0.6184,0.9961,0.9681,0,0,0
P20,2026-01-23,0.6264,1.0629,0.9681,0,0,0
P20,2026-01-24,0.63,1.1644,0.9681,0,0,0
P20,2026-01-25,0.6339,1.106,0.9681,0,0,0
P20,2026-01-26,0.6374,0.8957,0.9345,0,0,0
P20,2026-01-27,0.6425,0.9257,0.9681,0,0,0
P20,2026-01-28,0.6383,0.9524,0.9681,0,0,0
P20,2026-01-29,0.6395,0.9961,0.9681,0,0,0
P20,2026-01-30,0.6403,1.0629,0.9681,0,0,0
P20,2026-01-31,0.645,1.1644,0.9681,0,0,0
P20,2026-02-01,0.6476,1.106,0.9681,0,0,0
P20,2026-02-02,0.649,0.8957,0.9681,0,0,0
P20,2026-02-03,0.6536,0.9257,0.9681,0,0,0
P20,2026-02-04,0.6515,0.9524,0.9681,0,0,0
P20,2026-02-05,0.6546,0.9961,0.9681,0,0,0
P20,2026-02-06,0.6546,1.0629,0.9681,0,0,0
P20,2026-02-07,0.6602,1.1644,0.9681,0,0,0
P20,2026-02-08,0.6609,1.106,0.9681,0,0,0
P20,2026-02-09,0.6593,0.8957,0.9681,0,0,0
P20,2026-02-10,0.6614,0.9257,0.9681,0,0,0
P20,2026-02-11,0.662,0.9524,0.9681,0,0,0
P20,2026-02-12,0.6675,0.9961,0.9681,0,0,0
P20,2026-02-13,0.6696,1.0629,0.9681,0,0,0
P20,2026-02-14,0.6669,1.1644,0.9681,0,0,0
P20,2026-02-15,0.6702,1.106,0.9681,0,0,0
P20,2026-02-16,0.6812,0.8957,0.9681,0,0,0
P20,2026-02-17,0.685,0.9257,0.9681,0,0,0
P20,2026-02-18,0.694,0.9524,0.9681,0,0,0
P20,2026-02-19,0.6965,0.9961,0.9681,0,0,0
P20,2026-02-20,0.7016,1.0629,0.9681,0,0,0
P20,2026-02-21,0.7106,1.1644,0.9681,0,0,0
P20,2026-02-22,0.7186,1.106,0.9681,0,0,0
P20,2026-02-23,0.7264,0.8957,0.9681,0,0,0
P20,2026-02-24,0.7371,0.9257,0.9681,0,0,0
P20,2026-02-25,0.7397,0.9524,0.9681,0,0,0
P20,2026-02-26,0.7443,0.9961,0.9681,0,0,0
P20,2026-02-27,0.7499,1.0629,0.9681,0,0,0
P20,2026-02-28,0.7566,1.1644,0.9681,0,0,0
P20,2026-03-01,0.7645,1.106,0.9998,0,0,0
P20,2026-03-02,0.7667,0.8957,0.9998,0,0,0
P20,2026-03-03,0.7697,0.9257,0.9998,0,0,0
P20,2026-03-04,0.7758,0.9524,0.9998,0,0,0
P20,2026-03-05,0.7859,0.9961,0.9998,0,0,0
P20,2026-03-06,0.7935,1.0629,1.3859,0,0,0
P20,2026-03-07,0.7997,1.1644,1.3859,0,0,0
P20,2026-03-08,0.801,1.106,0.9998,0,0,0
P20,2026-03-09,0.8101,0.8957,0.9998,0,0,0
P20,2026-03-10,0.8165,0.9257,0.9998,0,0,0
P20,2026-03-11,0.8249,0.9524,0.9998,0,0,0
P20,2026-03-12,0.8282,0.9961,0.9998,0,0,0
P20,2026-03-13,0.8322,1.0629,1.3859,0,0,0
P20,2026-03-14,0.8309,1.1644,1.3859,0,0,0
P20,2026-03-15,0.8328,1.106,0.9998,0,0,0
P20,2026-03-16,0.8407,0.8957,0.9998,0,0,0
P20,2026-03-17,0.8416,0.9257,0.9998,0,0,0
P20,2026-03-18,0.8495,0.9524,0.9998,0,0,0
P20,2026-03-19,0.8585,0.9961,0.9998,0,0,0
P20,2026-03-20,0.8626,1.0629,1.3859,0,0,0
P20,2026-03-21,0.8709,1.1644,1.3859,0,0,0
P20,2026-03-22,0.8735,1.106,0.9998,0,0,0
P20,2026-03-23,0.8846,0.8957,0.9998,0,0,0
P20,2026-03-24,0.886,0.9257,0.9998,0,0,0
P20,2026-03-25,0.8905,0.9524,0.9998,0,0,0
P20,2026-03-26,0.8932,0.9961,0.9998,0,0,0
P20,2026-03-27,0.8948,1.0629,1.3859,0,0,0
P20,2026-03-28,0.899,1.1644,1.3859,0,0,0
P20,2026-03-29,0.905,1.106,0.9998,0,0,0
P20,2026-03-30,0.9096,0.8957,0.9998,0,0,0
P20,2026-03-31,0.9129,0.9257,0.9998,0,0,0
P20,2026-04-01,0.9156,0.9524,0.9998,0,0,0
P20,2026-04-02,0.9098,0.9961,0.9998,0,0,0
P20,2026-04-03,0.9144,1.0629,0.9998,0,0,0
P20,2026-04-04,0.9171,1.1644,1.1034,0,0,0
P20,2026-04-05,0.9178,1.106,1.1034,0,0,0
P20,2026-04-06,0.9231,0.8957,0.9998,0,0,0
P20,2026-04-07,0.9276,0.9257,0.9998,0,0,0
P20,2026-04-08,0.9311,0.9524,0.9998,0,0,0
P20,2026-04-09,0.9303,0.9961,0.9998,0,0,0
P20,2026-04-10,0.9344,1.0629,0.9998,0,0,0
P20,2026-04-11,0.9365,1.1644,1.1034,0,0,0
P20,2026-04-12,0.9465,1.106,1.1034,0,0,0
P20,2026-04-13,0.9486,0.8957,0.9998,0,0,0
P20,2026-04-14,0.9496,0.9257,0.9998,0,0,0
P20,2026-04-15,0.9496,0.9524,0.9998,0,0,0
P20,2026-04-16,0.9583,0.9961,0.9998,0,0,0
P20,2026-04-17,0.9585,1.0629,0.9998,0,0,0
P20,2026-04-18,0.9569,1.1644,1.1034,0,0,0
P20,2026-04-19,0.9559,1.106,1.1034,0,0,0
P20,2026-04-20,0.955,0.8957,0.9998,0,0,0
P20,2026-04-21,0.9582,0.9257,0.9998,0,0,0
P20,2026-04-22,0.9702,0.9524,0.9998,0,0,0
P20,2026-04-23,0.9701,0.9961,0.9998,0,0,0
P20,2026-04-24,0.9694,1.0629,0.9998,0,0,0
P20,2026-04-25,0.9725,1.1644,1.1034,0,0,0
P20,2026-04-26,0.9741,1.106,1.1034,0,0,0
P20,2026-04-27,0.9733,0.8957,0.9998,0,0,0
P20,2026-04-28,0.9782,0.9257,0.9998,0,0,0
P20,2026-04-29,0.9818,0.9524,0.9998,0,0,0
P20,2026-04-30,0.982,0.9961,0.9998,0,0,0
P20,2026-05-01,0.9899,1.0629,0.9998,0,0,0
P20,2026-05-02,0.993,1.1644,1.1034,0,0,0
P20,2026-05-03,0.9979,1.106,1.1034,0,0,0
P20,2026-05-04,0.9939,0.8957,0.9998,0,0,0
P20,2026-05-05,0.999,0.9257,0.9998,0,0,0
P20,2026-05-06,0.9966,0.9524,0.9998,0,0,0
P20,2026-05-07,1.0031,0.9961,0.9998,0,0,0
P20,2026-05-08,1.003,1.0629,0.9998,0,0,0
P20,2026-05-09,0.9991,1.1644,1.1034,0,0,0
P20,2026-05-10,1.0079,1.106,1.1034,0,0,0
P20,2026-05-11,1.0077,0.8957,0.9998,0,0,0
P20,2026-05-12,1.0103,0.9257,0.9998,0,0,0
P20,2026-05-13,1.007,0.9524,0.9998,0,0,0
P20,2026-05-14,1.0081,0.9961,0.9998,0,0,0
P20,2026-05-15,1.0127,1.0629,0.9998,0,0,0
P20,2026-05-16,1.0152,1.1644,1.1034,0,0,0
P20,2026-05-17,1.0122,1.106,1.1034,0,0,0
P20,2026-05-18,1.0163,0.8957,0.9998,0,0,0
P20,2026-05-19,1.0156,0.9257,0.9998,0,0,0
P20,2026-05-20,1.0164,0.9524,0.9998,0,0,0
P20,2026-05-21,1.0138,0.9961,0.9998,0,0,0
P20,2026-05-22,1.011,1.0629,0.9998,0,0,0
P20,2026-05-23,1.0106,1.1644,1.1034,0,0,0
P20,2026-05-24,1.012,1.106,1.1034,0,0,0
P20,2026-05-25,1.0134,0.8957,0.9998,0,0,0
P20,2026-05-26,1.0173,0.9257,0.9998,0,0,0
P20,2026-05-27,1.0123,0.9524,0.9998,0,0,0
P20,2026-05-28,1.0113,0.9961,0.9998,0,0,0
P20,2026-05-29,1.012,1.0629,0.9998,0,0,0
P20,2026-05-30,1.0141,1.1644,1.1034,0,0,0
P20,2026-05-31,1.0187,1.106,1.1034,0,0,0
P20,2026-06-01,1.0214,0.8957,0.9998,0,0,0
P20,2026-06-02,1.0184,0.9257,0.9998,0,0,0
P20,2026-06-03,1.0144,0.9524,0.9998,0,0,0
P20,2026-06-04,1.0079,0.9961,0.9998,0,0,0
P20,2026-06-05,1.0086,1.0629,0.9998,0,0,0
P20,2026-06-06,1.0082,1.1644,0.9998,0,0,0
P20,2026-06-07,1.0058,1.106,0.9998,0,0,0
P20,2026-06-08,1.0024,0.8957,0.9998,0,0,0
P20,2026-06-09,0.9983,0.9257,0.9998,0,0,0
P20,2026-06-10,0.9977,0.9524,0.9998,0,0,0
P20,2026-06-11,0.997,0.9961,0.9998,0,0,0
P20,2026-06-12,0.9983,1.0629,0.9998,0,0,0
P20,2026-06-13,0.9958,1.1644,0.9998,0,0,0
P20,2026-06-14,0.9933,1.106,0.9998,0,0,0
P20,2026-06-15,0.9948,0.8957,0.9998,0,0,0
P20,2026-06-16,0.9912,0.9257,0.9998,0,0,0
P20,2026-06-17,0.9829,0.9524,0.9998,0,0,0
P20,2026-06-18,0.982,0.9961,0.9998,0,0,0
P20,2026-06-19,0.9786,1.0629,0.9998,0,0,0
P20,2026-06-20,0.9789,1.1644,0.9998,0,0,0
P20,2026-06-21,0.9721,1.106,0.9998,0,0,0
P20,2026-06-22,0.9743,0.8957,0.9998,0,0,0
P20,2026-06-23,0.9742,0.9257,0.9998,0,0,0
P20,2026-06-24,0.9737,0.9524,0.9998,0,0,0
P20,2026-06-25,0.9744,0.9961,0.9998,0,0,0
P20,2026-06-26,0.9725,1.0629,0.9998,0,0,0
P20,2026-06-27,0.9727,1.1644,0.9998,0,0,0
P20,2026-06-28,0.9709,1.106,0.9998,0,0,0
P20,2026-06-29,0.9664,0.8957,0.9998,0,0,0
P20,2026-06-30,0.9651,0.9257,0.9998,0,0,0
P20,2026-07-01,0.9702,0.9524,1.0768,0,0,0
P20,2026-07-02,0.9648,0.9961,1.0768,0,0,0
P20,2026-07-03,0.9607,1.0629,1.4926,0,0,0
P20,2026-07-04,0.96,1.1644,1.4926,0,0,0
P20,2026-07-05,0.9545,1.106,1.0768,0,0,0
P20,2026-07-06,0.9517,0.8957,1.0768,0,0,0
P20,2026-07-07,0.9516,0.9257,1.0768,0,0,0
P20,2026-07-08,0.9517,0.9524,1.0768,0,0,0
P20,2026-07-09,0.9544,0.9961,1.0768,0,0,0
P20,2026-07-10,0.9586,1.0629,1.4926,0,0,0
P20,2026-07-11,0.9541,1.1644,1.4926,0,0,0
P20,2026-07-12,0.9486,1.106,1.0768,0,0,0
P20,2026-07-13,0.9476,0.8957,1.0768,0,0,0
P20,2026-07-14,0.9464,0.9257,1.0768,0,0,0
P20,2026-07-15,0.9385,0.9524,1.0768,0,0,0
P20,2026-07-16,0.9362,0.9961,1.0768,0,0,0
P20,2026-07-17,0.9383,1.0629,1.4926,0,0,0
P20,2026-07-18,0.9391,1.1644,1.4926,0,0,0
P20,2026-07-19,0.9431,1.106,1.0768,0,0,0
P20,2026-07-20,0.9361,0.8957,1.0768,0,0,0
P20,2026-07-21,0.9314,0.9257,1.0768,0,0,0
P20,2026-07-22,0.9343,0.9524,1.0768,0,0,0
P20,2026-07-23,0.9347,0.9961,1.0768,0,0,0
P20,2026-07-24,0.9304,1.0629,1.4926,0,0,0
P20,2026-07-25,0.9287,1.1644,1.4926,0,0,0
P20,2026-07-26,0.9276,1.106,1.0768,0,0,0
P20,2026-07-27,0.9292,0.8957,1.0768,0,0,0
P20,2026-07-28,0.9285,0.9257,1.0768,0,0,0
P20,2026-07-29,0.9302,0.9524,1.0768,0,0,0
P20,2026-07-30,0.9206,0.9961,1.0768,0,0,0
P20,2026-07-31,0.9181,1.0629,1.4926,0,0,0
P20,2026-08-01,0.9162,1.1644,1.0768,0,0,0
P20,2026-08-02,0.9264,1.106,1.0768,0,0,0
P20,2026-08-03,0.9219,0.8957,1.0768,0,0,0
P20,2026-08-04,0.9253,0.9257,1.0768,0,0,0
P20,2026-08-05,0.9266,0.9524,1.0768,0,0,0
P20,2026-08-06,0.9247,0.9961,1.0768,0,0,0
P20,2026-08-07,0.9299,1.0629,1.0768,0,0,0
P20,2026-08-08,0.9248,1.1644,1.0768,0,0,0
P20,2026-08-09,0.9294,1.106,1.0768,0,0,0
P20,2026-08-10,0.9278,0.8957,1.0768,0,0,0
P20,2026-08-11,0.9295,0.9257,1.0768,0,0,0
P20,2026-08-12,0.9291,0.9524,1.0768,0,0,0
P20,2026-08-13,0.931,0.9961,1.0768,0,0,0
P20,2026-08-14,0.9313,1.0629,1.0768,0,0,0
P20,2026-08-15,0.9341,1.1644,2.3318,0,0,0
P20,2026-08-16,0.9344,1.106,2.3318,0,0,0
P20,2026-08-17,0.9356,0.8957,2.3318,0,0,0
P20,2026-08-18,0.9413,0.9257,1.0768,0,0,0
P20,2026-08-19,0.9426,0.9524,1.0768,0,0,0
P20,2026-08-20,0.943,0.9961,1.0768,0,0,0
P20,2026-08-21,0.945,1.0629,1.0768,0,0,0
P20,2026-08-22,0.9471,1.1644,1.0768,0,0,0
P20,2026-08-23,0.9481,1.106,1.0768,0,0,0
P20,2026-08-24,0.9445,0.8957,1.0768,0,0,0
P20,2026-08-25,0.9499,0.9257,1.0768,0,0,0
P20,2026-08-26,0.9491,0.9524,1.0768,0,0,0
P20,2026-08-27,0.9434,0.9961,1.0768,0,0,0
P20,2026-08-28,0.9427,1.0629,1.0768,0,0,0
P20,2026-08-29,0.9415,1.1644,1.0768,0,0,0
P20,2026-08-30,0.9401,1.106,1.0768,0,0,0
P20,2026-08-31,0.9451,0.8957,1.0768,0,0,0
P20,2026-09-01,0.9473,0.9257,1.0768,0,0,0
P20,2026-09-02,0.9532,0.9524,1.0768,0,0,0
P20,2026-09-03,0.9459,0.9961,1.0768,0,0,0
P20,2026-09-04,0.9459,1.0629,1.0768,0,0,0
P20,2026-09-05,0.9485,1.1644,1.0768,0,0,0
P20,2026-09-06,0.9498,1.106,1.0768,0,0,0
P20,2026-09-07,0.9496,0.8957,1.0768,0,0,0
P20,2026-09-08,0.9485,0.9257,1.0768,0,0,0
P20,2026-09-09,0.9461,0.9524,1.0768,0,0,0
P20,2026-09-10,0.9454,0.9961,1.0768,0,0,0
P20,2026-09-11,0.9438,1.0629,1.0768,0,0,0
P20,2026-09-12,0.9418,1.1644,1.0768,0,0,0
P20,2026-09-13,0.9411,1.106,1.0768,0,0,0
P20,2026-09-14,0.9468,0.8957,1.0768,0,0,0
P20,2026-09-15,0.9522,0.9257,1.0768,0,0,0
P20,2026-09-16,0.9475,0.9524,1.0768,0,0,0
P20,2026-09-17,0.9463,0.9961,1.0768,0,0,0
P20,2026-09-18,0.9446,1.0629,1.0768,0,0,0
P20,2026-09-19,0.9462,1.1644,1.0768,0,0,0
P20,2026-09-20,0.9442,1.106,1.0768,0,0,0
P20,2026-09-21,0.9439,0.8957,1.0768,0,0,0
P20,2026-09-22,0.9482,0.9257,1.0768,0,0,0
P20,2026-09-23,0.9473,0.9524,1.0768,0,0,0
P20,2026-09-24,0.9452,0.9961,1.0768,0,0,0
P20,2026-09-25,0.9434,1.0629,1.0768,0,0,0
P20,2026-09-26,0.9455,1.1644,1.0768,0,0,0
P20,2026-09-27,0.9479,1.106,1.0768,0,0,0
P20,2026-09-28,0.9511,0.8957,1.0768,0,0,0
P20,2026-09-29,0.9532,0.9257,1.0768,0,0,0
P20,2026-09-30,0.9629,0.9524,1.0768,0,0,0
P20,2026-10-01,0.9696,0.9961,1.0,0,0,0
P20,2026-10-02,0.9755,1.0629,1.3862,0,0,0
P20,2026-10-03,0.9772,1.1644,1.3862,0,0,0
P20,2026-10-04,0.9793,1.106,1.0,0,0,0
P20,2026-10-05,0.9819,0.8957,1.0,0,0,0
P20,2026-10-06,0.9831,0.9257,1.0,0,0,0
P20,2026-10-07,0.9797,0.9524,1.0,0,0,0
P20,2026-10-08,0.9797,0.9961,1.0,0,0,0
P20,2026-10-09,0.9849,1.0629,1.3862,0,0,0
P20,2026-10-10,0.9847,1.1644,1.3862,0,0,0
P20,2026-10-11,0.9821,1.106,1.0,0,0,0
P20,2026-10-12,0.985,0.8957,1.0,0,0,0
P20,2026-10-13,0.989,0.9257,1.0,0,0,0
P20,2026-10-14,0.9894,0.9524,1.0,0,0,0
P20,2026-10-15,0.9912,0.9961,1.0,0,0,0
P20,2026-10-16,0.9922,1.0629,1.3862,0,0,0
P20,2026-10-17,0.9898,1.1644,1.3862,0,0,0
P20,2026-10-18,1.0009,1.106,1.0,0,0,0
P20,2026-10-19,1.0006,0.8957,1.0,0,0,0
P20,2026-10-20,1.0016,0.9257,2.8493,0,0,0
P20,2026-10-21,1.0037,0.9524,2.8493,0,0,0
P20,2026-10-22,1.0042,0.9961,2.8493,0,0,0
P20,2026-10-23,1.0072,1.0629,2.8493,0,0,0
P20,2026-10-24,1.0136,1.1644,2.8493,0,0,0
P20,2026-10-25,1.0158,1.106,2.8493,0,0,0
P20,2026-10-26,1.0162,0.8957,1.0,0,0,0
P20,2026-10-27,1.0168,0.9257,1.0,0,0,0
P20,2026-10-28,1.0212,0.9524,1.0,0,0,0
P20,2026-10-29,1.0229,0.9961,1.0,0,0,0
P20,2026-10-30,1.0229,1.0629,1.3862,0,0,0
P20,2026-10-31,1.0176,1.1644,1.3862,0,0,0
P20,2026-11-01,1.0275,1.106,3.0623,0,0,0
P20,2026-11-02,1.0286,0.8957,3.0623,0,0,0
P20,2026-11-03,1.0224,0.9257,3.0623,0,0,0
P20,2026-11-04,1.0223,0.9524,0.9681,0,0,0
P20,2026-11-05,1.0245,0.9961,0.9681,0,0,0
P20,2026-11-06,1.0252,1.0629,0.9681,0,0,0
P20,2026-11-07,1.0244,1.1644,0.9681,0,0,0
P20,2026-11-08,1.0285,1.106,0.9681,0,0,0
P20,2026-11-09,1.0289,0.8957,0.9681,0,0,0
P20,2026-11-10,1.0334,0.9257,0.9681,0,0,0
P20,2026-11-11,1.0323,0.9524,0.9681,0,0,0
P20,2026-11-12,1.0314,0.9961,0.9681,0,0,0
P20,2026-11-13,1.0242,1.0629,0.9681,0,0,0
P20,2026-11-14,1.0238,1.1644,0.9681,0,0,0
P20,2026-11-15,1.0155,1.106,0.9681,0,0,0
P20,2026-11-16,1.014,0.8957,0.9681,0,0,0
P20,2026-11-17,1.0225,0.9257,0.9681,0,0,0
P20,2026-11-18,1.0292,0.9524,0.9681,0,0,0
P20,2026-11-19,1.0273,0.9961,0.9681,0,0,0
P20,2026-11-20,1.0243,1.0629,0.9681,0,0,0
P20,2026-11-21,1.0212,1.1644,0.9681,0,0,0
P20,2026-11-22,1.0197,1.106,0.9681,0,0,0
P20,2026-11-23,1.0207,0.8957,0.9681,0,0,0
P20,2026-11-24,1.0234,0.9257,0.9681,0,0,0
P20,2026-11-25,1.0296,0.9524,0.9681,0,0,0
P20,2026-11-26,1.0288,0.9961,0.9681,0,0,0
P20,2026-11-27,1.0263,1.0629,0.9681,0,0,0
P20,2026-11-28,1.0257,1.1644,0.9681,0,0,0
P20,2026-11-29,1.0217,1.106,0.9681,0,0,0
P20,2026-11-30,1.0219,0.8957,0.9681,0,0,0
P20,2026-12-01,1.0224,0.9257,0.9681,0,0,0
P20,2026-12-02,1.026,0.9524,0.9681,0,0,0
P20,2026-12-03,1.0258,0.9961,0.9681,0,0,0
P20,2026-12-04,1.0241,1.0629,0.9681,0,0,0
P20,2026-12-05,1.0278,1.1644,0.9681,0,0,0
P20,2026-12-06,1.0269,1.106,0.9681,0,0,0
P20,2026-12-07,1.0262,0.8957,0.9681,0,0,0
P20,2026-12-08,1.0296,0.9257,0.9681,0,0,0
P20,2026-12-09,1.031,0.9524,0.9681,0,0,0
P20,2026-12-10,1.03,0.9961,0.9681,0,0,0
P20,2026-12-11,1.0301,1.0629,0.9681,0,0,0
P20,2026-12-12,1.0294,1.1644,0.9681,0,0,0
P20,2026-12-13,1.0331,1.106,0.9681,0,0,0
P20,2026-12-14,1.03,0.8957,0.9681,0,0,0
P20,2026-12-15,1.0351,0.9257,0.9681,0,0,0
P20,2026-12-16,1.0355,0.9524,0.9681,0,0,0
P20,2026-12-17,1.0381,0.9961,0.9681,0,0,0
P20,2026-12-18,1.0405,1.0629,0.9681,0,0,0
P20,2026-12-19,1.0428,1.1644,0.9681,0,0,0
P20,2026-12-20,1.0431,1.106,0.9681,0,0,0
P20,2026-12-21,1.0384,0.8957,0.9681,0,0,0
P20,2026-12-22,1.0379,0.9257,0.9681,0,0,0
P20,2026-12-23,1.0394,0.9524,0.9681,0,0,0
P20,2026-12-24,1.0454,0.9961,0.9681,0,0,0
P20,2026-12-25,1.0437,1.0629,0.9681,0,0,0
P20,2026-12-26,1.0469,1.1644,0.9681,0,0,0
P20,2026-12-27,1.0506,1.106,0.9681,0,0,0
P20,2026-12-28,1.0519,0.8957,0.9681,0,0,0
P20,2026-12-29,1.0473,0.9257,0.9681,0,0,0
P20,2026-12-30,1.0456,0.9524,0.9681,0,0,0
P20,2026-12-31,1.0433,0.9961,0.9681,0,0,0
P20,2027-01-01,1.048,1.0629,0.9345,0,0,0
P20,2027-01-02,1.0455,1.1644,0.9681,0,0,0
P20,2027-01-03,1.0391,1.106,0.9681,0,0,0
P20,2027-01-04,1.0376,0.8957,0.9681,0,0,0
P20,2027-01-05,1.0407,0.9257,0.9681,0,0,0
P20,2027-01-06,1.0411,0.9524,0.9681,0,0,0
P20,2027-01-07,1.0337,0.9961,0.9681,0,0,0
P20,2027-01-08,1.0351,1.0629,0.9681,0,0,0
P20,2027-01-09,1.0375,1.1644,0.9681,0,0,0
P20,2027-01-10,1.0351,1.106,0.9681,0,0,0
P20,2027-01-11,1.0343,0.8957,0.9681,0,0,0
P20,2027-01-12,1.0337,0.9257,0.9681,0,0,0
P20,2027-01-13,1.0327,0.9524,1.5924,0,0,0
P20,2027-01-14,1.0314,0.9961,1.5924,0,0,0
P20,2027-01-15,1.0364,1.0629,1.5924,0,0,0
P20,2027-01-16,1.0316,1.1644,1.5924,0,0,0
P20,2027-01-17,1.0329,1.106,0.9681,0,0,0
P20,2027-01-18,1.0279,0.8957,0.9681,0,0,0
P20,2027-01-19,1.032,0.9257,0.9681,0,0,0
P20,2027-01-20,1.0349,0.9524,0.9681,0,0,0
P20,2027-01-21,1.0329,0.9961,0.9681,0,0,0
P20,2027-01-22,1.0279,1.0629,0.9681,0,0,0
P20,2027-01-23,1.0251,1.1644,0.9681,0,0,0
P20,2027-01-24,1.0251,1.106,0.9681,0,0,0
P20,2027-01-25,1.0265,0.8957,0.9681,0,0,0
P20,2027-01-26,1.0251,0.9257,0.9345,0,0,0
P20,2027-01-27,1.0199,0.9524,0.9681,0,0,0
P20,2027-01-28,1.0152,0.9961,0.9681,0,0,0
P20,2027-01-29,1.0171,1.0629,0.9681,0,0,0
P20,2027-01-30,1.013,1.1644,0.9681,0,0,0
P20,2027-01-31,1.0149,1.106,0.9681,0,0,0
P20,2027-02-01,1.0163,0.8957,0.9681,0,0,0
P20,2027-02-02,1.0154,0.9257,0.9681,0,0,0
P20,2027-02-03,1.0123,0.9524,0.9681,0,0,0
P20,2027-02-04,1.0134,0.9961,0.9681,0,0,0
P20,2027-02-05,1.0112,1.0629,0.9681,0,0,0
P20,2027-02-06,1.0085,1.1644,0.9681,0,0,0
P20,2027-02-07,1.0057,1.106,0.9681,0,0,0
P20,2027-02-08,1.0007,0.8957,0.9681,0,0,0
P20,2027-02-09,0.998,0.9257,0.9681,0,0,0
P20,2027-02-10,0.9963,0.9524,0.9681,0,0,0
P20,2027-02-11,0.9982,0.9961,0.9681,0,0,0
P20,2027-02-12,1.0042,1.0629,0.9681,0,0,0
P20,2027-02-13,1.0029,1.1644,0.9681,0,0,0
P20,2027-02-14,0.9988,1.106,0.9681,0,0,0
P20,2027-02-15,0.99,0.8957,0.9681,0,0,0
P20,2027-02-16,0.9819,0.9257,0.9681,0,0,0
P20,2027-02-17,0.9848,0.9524,0.9681,0,0,0
P20,2027-02-18,0.9848,0.9961,0.9681,0,0,0
P20,2027-02-19,0.9789,1.0629,0.9681,0,0,0
P20,2027-02-20,0.9899,1.1644,0.9681,0,0,0
P20,2027-02-21,0.9879,1.106,0.9681,0,0,0
P20,2027-02-22,0.9848,0.8957,0.9681,0,0,0
P20,2027-02-23,0.9797,0.9257,0.9681,0,0,0
P20,2027-02-24,0.977,0.9524,0.9681,0,0,0
P20,2027-02-25,0.9797,0.9961,0.9681,0,0,0
P20,2027-02-26,0.9751,1.0629,0.9681,0,0,0
P20,2027-02-27,0.9772,1.1644,0.9681,0,0,0
P20,2027-02-28,0.9712,1.106,0.9681,0,0,0
P20,2027-03-01,0.9713,0.8957,0.9998,0,0,0
P20,2027-03-02,0.9703,0.9257,0.9998,0,0,0
P20,2027-03-03,0.9709,0.9524,0.9998,0,0,0
P20,2027-03-04,0.966,0.9961,0.9998,0,0,0
P20,2027-03-05,0.9673,1.0629,1.3859,0,0,0
P20,2027-03-06,0.9722,1.1644,1.3859,0,0,0
P20,2027-03-07,0.9721,1.106,0.9998,0,0,0
P20,2027-03-08,0.969,0.8957,0.9998,0,0,0
P20,2027-03-09,0.9663,0.9257,0.9998,0,0,0
P20,2027-03-10,0.9696,0.9524,0.9998,0,0,0
P20,2027-03-11,0.9756,0.9961,0.9998,0,0,0
P20,2027-03-12,0.9735,1.0629,1.3859,0,0,0
P20,2027-03-13,0.9667,1.1644,1.3859,0,0,0
P20,2027-03-14,0.9706,1.106,0.9998,0,0,0
P20,2027-03-15,0.9656,0.8957,0.9998,0,0,0
P20,2027-03-16,0.9641,0.9257,0.9998,0,0,0
P20,2027-03-17,0.9676,0.9524,0.9998,0,0,0
P20,2027-03-18,0.9675,0.9961,0.9998,0,0,0
P20,2027-03-19,0.9707,1.0629,1.3859,0,0,0
P20,2027-03-20,0.9714,1.1644,1.3859,0,0,0
P20,2027-03-21,0.9767,1.106,0.9998,0,0,0
P20,2027-03-22,0.9787,0.8957,0.9998,0,0,0
P20,2027-03-23,0.9766,0.9257,0.9998,0,0,0
P20,2027-03-24,0.9701,0.9524,0.9998,0,0,0
P20,2027-03-25,0.9727,0.9961,0.9998,0,0,0
P20,2027-03-26,0.9728,1.0629,1.3859,0,0,0
P20,2027-03-27,0.9686,1.1644,1.3859,0,0,0
P20,2027-03-28,0.9692,1.106,0.9998,0,0,0
P20,2027-03-29,0.9662,0.8957,0.9998,0,0,0
P20,2027-03-30,0.969,0.9257,0.9998,0,0,0
P20,2027-03-31,0.9692,0.9524,0.9998,0,0,0
P20,2027-04-01,0.9669,0.9961,0.9998,0,0,0
P20,2027-04-02,0.9739,1.0629,0.9998,0,0,0
P20,2027-04-03,0.9746,1.1644,1.1034,0,0,0
P20,2027-04-04,0.9752,1.106,1.1034,0,0,0
P20,2027-04-05,0.9728,0.8957,0.9998,0,0,0
P20,2027-04-06,0.9725,0.9257,0.9998,0,0,0
P20,2027-04-07,0.9731,0.9524,0.9998,0,0,0
P20,2027-04-08,0.9744,0.9961,0.9998,0,0,0
P20,2027-04-09,0.9693,1.0629,0.9998,0,0,0
P20,2027-04-10,0.9728,1.1644,1.1034,0,0,0
P20,2027-04-11,0.976,1.106,1.1034,0,0,0
P20,2027-04-12,0.9768,0.8957,0.9998,0,0,0
P20,2027-04-13,0.9711,0.9257,0.9998,0,0,0
P20,2027-04-14,0.9736,0.9524,0.9998,0,0,0
P20,2027-04-15,0.9687,0.9961,0.9998,0,0,0
P20,2027-04-16,0.9701,1.0629,0.9998,0,0,0
P20,2027-04-17,0.9691,1.1644,1.1034,0,0,0
P20,2027-04-18,0.9714,1.106,1.1034,0,0,0
P20,2027-04-19,0.9689,0.8957,0.9998,0,0,0
P20,2027-04-20,0.971,0.9257,0.9998,0,0,0
P20,2027-04-21,0.969,0.9524,0.9998,0,0,0
P20,2027-04-22,0.9717,0.9961,0.9998,0,0,0
P20,2027-04-23,0.9721,1.0629,0.9998,0,0,0
P20,2027-04-24,0.9724,1.1644,1.1034,0,0,0
P20,2027-04-25,0.9701,1.106,1.1034,0,0,0
P20,2027-04-26,0.9668,0.8957,0.9998,0,0,0
P20,2027-04-27,0.9686,0.9257,0.9998,0,0,0
P20,2027-04-28,0.9681,0.9524,0.9998,0,0,0
P20,2027-04-29,0.9621,0.9961,0.9998,0,0,0
P20,2027-04-30,0.9598,1.0629,0.9998,0,0,0
P20,2027-05-01,0.9569,1.1644,1.1034,0,0,0
P20,2027-05-02,0.9545,1.106,1.1034,0,0,0
P20,2027-05-03,0.9569,0.8957,0.9998,0,0,0
P20,2027-05-04,0.9584,0.9257,0.9998,0,0,0
P20,2027-05-05,0.9551,0.9524,0.9998,0,0,0
P20,2027-05-06,0.9551,0.9961,0.9998,0,0,0
P20,2027-05-07,0.9548,1.0629,0.9998,0,0,0
P20,2027-05-08,0.9571,1.1644,1.1034,0,0,0
P20,2027-05-09,0.9567,1.106,1.1034,0,0,0
P20,2027-05-10,0.9597,0.8957,0.9998,0,0,0
P20,2027-05-11,0.9606,0.9257,0.9998,0,0,0
P20,2027-05-12,0.9634,0.9524,0.9998,0,0,0
P20,2027-05-13,0.9583,0.9961,0.9998,0,0,0
P20,2027-05-14,0.9652,1.0629,0.9998,0,0,0
P20,2027-05-15,0.9669,1.1644,1.1034,0,0,0
P20,2027-05-16,0.9724,1.106,1.1034,0,0,0
P20,2027-05-17,0.9729,0.8957,0.9998,0,0,0
P20,2027-05-18,0.9687,0.9257,0.9998,0,0,0
P20,2027-05-19,0.9673,0.9524,0.9998,0,0,0
P20,2027-05-20,0.9675,0.9961,0.9998,0,0,0
P20,2027-05-21,0.9588,1.0629,0.9998,0,0,0
P20,2027-05-22,0.957,1.1644,1.1034,0,0,0
P20,2027-05-23,0.961,1.106,1.1034,0,0,0
P20,2027-05-24,0.9661,0.8957,0.9998,0,0,0
P20,2027-05-25,0.9643,0.9257,0.9998,0,0,0
P20,2027-05-26,0.9655,0.9524,0.9998,0,0,0
P20,2027-05-27,0.9687,0.9961,0.9998,0,0,0
P20,2027-05-28,0.9647,1.0629,0.9998,0,0,0
P20,2027-05-29,0.9684,1.1644,1.1034,0,0,0
P20,2027-05-30,0.9654,1.106,1.1034,0,0,0
P20,2027-05-31,0.9627,0.8957,0.9998,0,0,0
P20,2027-06-01,0.9655,0.9257,0.9998,0,0,0
P20,2027-06-02,0.9711,0.9524,0.9998,0,0,0
P20,2027-06-03,0.968,0.9961,0.9998,0,0,0
P20,2027-06-04,0.9633,1.0629,0.9998,0,0,0
P20,2027-06-05,0.9663,1.1644,0.9998,0,0,0
P20,2027-06-06,0.9684,1.106,0.9998,0,0,0
P20,2027-06-07,0.9682,0.8957,0.9998,0,0,0
P20,2027-06-08,0.9681,0.9257,0.9998,0,0,0
P20,2027-06-09,0.9611,0.9524,0.9998,0,0,0
P20,2027-06-10,0.9589,0.9961,0.9998,0,0,0
P20,2027-06-11,0.9576,1.0629,0.9998,0,0,0
P20,2027-06-12,0.9513,1.1644,0.9998,0,0,0
P20,2027-06-13,0.9547,1.106,0.9998,0,0,0
P20,2027-06-14,0.9634,0.8957,0.9998,0,0,0
P20,2027-06-15,0.9616,0.9257,0.9998,0,0,0
P20,2027-06-16,0.957,0.9524,0.9998,0,0,0
P20,2027-06-17,0.9524,0.9961,0.9998,0,0,0
P20,2027-06-18,0.9558,1.0629,0.9998,0,0,0
P20,2027-06-19,0.9521,1.1644,0.9998,0,0,0
P20,2027-06-20,0.9465,1.106,0.9998,0,0,0
P20,2027-06-21,0.9505,0.8957,0.9998,0,0,0
P20,2027-06-22,0.951,0.9257,0.9998,0,0,0
P20,2027-06-23,0.9482,0.9524,0.9998,0,0,0
P20,2027-06-24,0.9509,0.9961,0.9998,0,0,0
P20,2027-06-25,0.9525,1.0629,0.9998,0,0,0
P20,2027-06-26,0.9461,1.1644,0.9998,0,0,0
P20,2027-06-27,0.9432,1.106,0.9998,0,0,0
P20,2027-06-28,0.9385,0.8957,0.9998,0,0,0
P20,2027-06-29,0.9373,0.9257,0.9998,0,0,0
P20,2027-06-30,0.9359,0.9524,0.9998,0,0,0
P20,2027-07-01,0.9311,0.9961,1.0768,0,0,0
P20,2027-07-02,0.9293,1.0629,1.4926,0,0,0
P20,2027-07-03,0.927,1.1644,1.4926,0,0,0
P20,2027-07-04,0.925,1.106,1.0768,0,0,0
P20,2027-07-05,0.9301,0.8957,1.0768,0,0,0
P20,2027-07-06,0.9306,0.9257,1.0768,0,0,0
P20,2027-07-07,0.9292,0.9524,1.0768,0,0,0
P20,2027-07-08,0.933,0.9961,1.0768,0,0,0
P20,2027-07-09,0.9303,1.0629,1.4926,0,0,0
P20,2027-07-10,0.9323,1.1644,1.4926,0,0,0
P20,2027-07-11,0.9337,1.106,1.0768,0,0,0
P20,2027-07-12,0.9371,0.8957,1.0768,0,0,0
P20,2027-07-13,0.934,0.9257,1.0768,0,0,0
P20,2027-07-14,0.9342,0.9524,1.0768,0,0,0
P20,2027-07-15,0.9329,0.9961,1.0768,0,0,0
P20,2027-07-16,0.9308,1.0629,1.4926,0,0,0
P20,2027-07-17,0.9283,1.1644,1.4926,0,0,0
P20,2027-07-18,0.929,1.106,1.0768,0,0,0
P20,2027-07-19,0.925,0.8957,1.0768,0,0,0
P20,2027-07-20,0.9289,0.9257,1.0768,0,0,0
P20,2027-07-21,0.9281,0.9524,1.0768,0,0,0
P20,2027-07-22,0.9318,0.9961,1.0768,0,0,0
P20,2027-07-23,0.9273,1.0629,1.4926,0,0,0
P20,2027-07-24,0.9282,1.1644,1.4926,0,0,0
P20,2027-07-25,0.9291,1.106,1.0768,0,0,0
P20,2027-07-26,0.9313,0.8957,1.0768,0,0,0
P20,2027-07-27,0.9352,0.9257,1.0768,0,0,0
P20,2027-07-28,0.9402,0.9524,1.0768,0,0,0
P20,2027-07-29,0.9435,0.9961,1.0768,0,0,0
P20,2027-07-30,0.9398,1.0629,1.4926,0,0,0
P20,2027-07-31,0.9433,1.1644,1.4926,0,0,0
P20,2027-08-01,0.9452,1.106,1.0768,0,0,0
P20,2027-08-02,0.9455,0.8957,1.0768,0,0,0
P20,2027-08-03,0.9472,0.9257,1.0768,0,0,0
P20,2027-08-04,0.949,0.9524,1.0768,0,0,0
P20,2027-08-05,0.9517,0.9961,1.0768,0,0,0
P20,2027-08-06,0.95,1.0629,1.0768,0,0,0
P20,2027-08-07,0.9516,1.1644,1.0768,0,0,0
P20,2027-08-08,0.9487,1.106,1.0768,0,0,0
P20,2027-08-09,0.9423,0.8957,1.0768,0,0,0
P20,2027-08-10,0.9445,0.9257,1.0768,0,0,0
P20,2027-08-11,0.9436,0.9524,1.0768,0,0,0
P20,2027-08-12,0.9447,0.9961,1.0768,0,0,0
P20,2027-08-13,0.9437,1.0629,1.0768,0,0,0
P20,2027-08-14,0.9418,1.1644,1.0768,0,0,0
P20,2027-08-15,0.9433,1.106,2.3318,0,0,0
P20,2027-08-16,0.9467,0.8957,2.3318,0,0,0
P20,2027-08-17,0.9487,0.9257,2.3318,0,0,0
P20,2027-08-18,0.9509,0.9524,1.0768,0,0,0
P20,2027-08-19,0.9487,0.9961,1.0768,0,0,0
P20,2027-08-20,0.9531,1.0629,1.0768,0,0,0
P20,2027-08-21,0.9538,1.1644,1.0768,0,0,0
P20,2027-08-22,0.9514,1.106,1.0768,0,0,0
P20,2027-08-23,0.9602,0.8957,1.0768,0,0,0
P20,2027-08-24,0.9531,0.9257,1.0768,0,0,0
P20,2027-08-25,0.9544,0.9524,1.0768,0,0,0
P20,2027-08-26,0.9558,0.9961,1.0768,0,0,0
P20,2027-08-27,0.958,1.0629,1.0768,0,0,0
P20,2027-08-28,0.963,1.1644,1.0768,0,0,0
P20,2027-08-29,0.9651,1.106,1.0768,0,0,0
P20,2027-08-30,0.9667,0.8957,1.0768,0,0,0
P20,2027-08-31,0.9637,0.9257,1.0768,0,0,0
P20,2027-09-01,0.9636,0.9524,1.0768,0,0,0
P20,2027-09-02,0.9647,0.9961,1.0768,0,0,0
P20,2027-09-03,0.9595,1.0629,1.0768,0,0,0
P20,2027-09-04,0.9586,1.1644,1.0768,0,0,0
P20,2027-09-05,0.9666,1.106,1.0768,0,0,0
P20,2027-09-06,0.9652,0.8957,1.0768,0,0,0
P20,2027-09-07,0.9624,0.9257,1.0768,0,0,0
P20,2027-09-08,0.9623,0.9524,1.0768,0,0,0
P20,2027-09-09,0.9585,0.9961,1.0768,0,0,0
P20,2027-09-10,0.9593,1.0629,1.0768,0,0,0
P20,2027-09-11,0.9589,1.1644,1.0768,0,0,0
P20,2027-09-12,0.9494,1.106,1.0768,0,0,0
P20,2027-09-13,0.9502,0.8957,1.0768,0,0,0
P20,2027-09-14,0.9608,0.9257,1.0768,0,0,0
P20,2027-09-15,0.9627,0.9524,1.0768,0,0,0
P20,2027-09-16,0.957,0.9961,1.0768,0,0,0
P20,2027-09-17,0.9563,1.0629,1.0768,0,0,0
P20,2027-09-18,0.9576,1.1644,1.0768,0,0,0
P20,2027-09-19,0.9524,1.106,1.0768,0,0,0
P20,2027-09-20,0.9497,0.8957,1.0768,0,0,0
P20,2027-09-21,0.9536,0.9257,1.0768,0,0,0
P20,2027-09-22,0.9496,0.9524,1.0768,0,0,0
P20,2027-09-23,0.9508,0.9961,1.0768,0,0,0
P20,2027-09-24,0.9528,1.0629,1.0768,0,0,0
P20,2027-09-25,0.9631,1.1644,1.0768,0,0,0
P20,2027-09-26,0.9632,1.106,1.0768,0,0,0
P20,2027-09-27,0.9722,0.8957,1.0768,0,0,0
P20,2027-09-28,0.9689,0.9257,1.0768,0,0,0
P20,2027-09-29,0.9702,0.9524,1.0768,0,0,0
P20,2027-09-30,0.9734,0.9961,1.0768,0,0,0
P20,2027-10-01,0.9842,1.0629,1.3862,0,0,0
P20,2027-10-02,0.9827,1.1644,1.3862,0,0,0
P20,2027-10-03,0.976,1.106,1.0,0,0,0
P20,2027-10-04,0.9737,0.8957,1.0,0,0,0
P20,2027-10-05,0.9818,0.9257,1.0,0,0,0
P20,2027-10-06,0.9875,0.9524,1.0,0,0,0
P20,2027-10-07,0.9864,0.9961,1.0,0,0,0
P20,2027-10-08,0.9848,1.0629,1.3862,0,0,0
P20,2027-10-09,0.9874,1.1644,1.3862,0,0,0
P20,2027-10-10,0.9841,1.106,1.0,0,0,0
P20,2027-10-11,0.9841,0.8957,1.0,0,0,0
P20,2027-10-12,0.9911,0.9257,1.0,0,0,0
P20,2027-10-13,0.9877,0.9524,1.0,0,0,0
P20,2027-10-14,0.9909,0.9961,1.0,0,0,0
P20,2027-10-15,0.9915,1.0629,1.3862,0,0,0
P20,2027-10-16,0.99,1.1644,1.3862,0,0,0
P20,2027-10-17,0.9908,1.106,1.0,0,0,0
P20,2027-10-18,0.9895,0.8957,1.0,0,0,0
P20,2027-10-19,0.9886,0.9257,1.0,0,0,0
P20,2027-10-20,0.991,0.9524,2.8493,0,0,0
P20,2027-10-21,1.0007,0.9961,2.8493,0,0,0
P20,2027-10-22,1.002,1.0629,2.8493,0,0,0
P20,2027-10-23,1.0035,1.1644,2.8493,0,0,0
P20,2027-10-24,1.0077,1.106,2.8493,0,0,0
P20,2027-10-25,1.0088,0.8957,2.8493,0,0,0
P20,2027-10-26,1.0112,0.9257,1.0,0,0,0
P20,2027-10-27,1.0122,0.9524,1.0,0,0,0
P20,2027-10-28,1.0213,0.9961,1.0,0,0,0
P20,2027-10-29,1.0225,1.0629,1.3862,0,0,0
P20,2027-10-30,1.0167,1.1644,1.3862,0,0,0
P20,2027-10-31,1.0203,1.106,1.0,0,0,0
P20,2027-11-01,1.0239,0.8957,3.0623,0,0,0
P20,2027-11-02,1.0179,0.9257,3.0623,0,0,0
P20,2027-11-03,1.0195,0.9524,3.0623,0,0,0
P20,2027-11-04,1.026,0.9961,0.9681,0,0,0
P20,2027-11-05,1.0295,1.0629,0.9681,0,0,0
P20,2027-11-06,1.0328,1.1644,0.9681,0,0,0
P20,2027-11-07,1.0439,1.106,0.9681,0,0,0
P20,2027-11-08,1.0435,0.8957,0.9681,0,0,0
P20,2027-11-09,1.0436,0.9257,0.9681,0,0,0
P20,2027-11-10,1.0416,0.9524,0.9681,0,0,0
P20,2027-11-11,1.041,0.9961,0.9681,0,0,0
P20,2027-11-12,1.0432,1.0629,0.9681,0,0,0
P20,2027-11-13,1.0421,1.1644,0.9681,0,0,0
P20,2027-11-14,1.0411,1.106,0.9681,0,0,0
P20,2027-11-15,1.0465,0.8957,0.9681,0,0,0
P20,2027-11-16,1.0486,0.9257,0.9681,0,0,0
P20,2027-11-17,1.0541,0.9524,0.9681,0,0,0
P20,2027-11-18,1.0518,0.9961,0.9681,0,0,0
P20,2027-11-19,1.0504,1.0629,0.9681,0,0,0
P20,2027-11-20,1.0494,1.1644,0.9681,0,0,0
P20,2027-11-21,1.0439,1.106,0.9681,0,0,0
P20,2027-11-22,1.0497,0.8957,0.9681,0,0,0
P20,2027-11-23,1.0509,0.9257,0.9681,0,0,0
P20,2027-11-24,1.0536,0.9524,0.9681,0,0,0
P20,2027-11-25,1.0542,0.9961,0.9681,0,0,0
P20,2027-11-26,1.0527,1.0629,0.9681,0,0,0
P20,2027-11-27,1.0554,1.1644,0.9681,0,0,0
P20,2027-11-28,1.0532,1.106,0.9681,0,0,0
P20,2027-11-29,1.0553,0.8957,0.9681,0,0,0
P20,2027-11-30,1.0562,0.9257,0.9681,0,0,0
P20,2027-12-01,1.0597,0.9524,0.9681,0,0,0
P20,2027-12-02,1.0685,0.9961,0.9681,0,0,0
P20,2027-12-03,1.072,1.0629,0.9681,0,0,0
P20,2027-12-04,1.0686,1.1644,0.9681,0,0,0
P20,2027-12-05,1.0715,1.106,0.9681,0,0,0
P20,2027-12-06,1.0784,0.8957,0.9681,0,0,0
P20,2027-12-07,1.0856,0.9257,0.9681,0,0,0
P20,2027-12-08,1.0929,0.9524,0.9681,0,0,0
P20,2027-12-09,1.0986,0.9961,0.9681,0,0,0
P20,2027-12-10,1.1013,1.0629,0.9681,0,0,0
P20,2027-12-11,1.108,1.1644,0.9681,0,0,0
P20,2027-12-12,1.108,1.106,0.9681,0,0,0
P20,2027-12-13,1.1001,0.8957,0.9681,0,0,0
P20,2027-12-14,1.1026,0.9257,0.9681,0,0,0
P20,2027-12-15,1.1076,0.9524,0.9681,0,0,0
P20,2027-12-16,1.1117,0.9961,0.9681,0,0,0
P20,2027-12-17,1.1171,1.0629,0.9681,0,0,0
P20,2027-12-18,1.1237,1.1644,0.9681,0,0,0
P20,2027-12-19,1.1303,1.106,0.9681,0,0,0
P20,2027-12-20,1.1279,0.8957,0.9681,0,0,0
P20,2027-12-21,1.1307,0.9257,0.9681,0,0,0
P20,2027-12-22,1.1297,0.9524,0.9681,0,0,0
P20,2027-12-23,1.1324,0.9961,0.9681,0,0,0
P20,2027-12-24,1.1248,1.0629,0.9681,0,0,0
P20,2027-12-25,1.1285,1.1644,0.9681,0,0,0
P20,2027-12-26,1.1164,1.106,0.9681,0,0,0
P20,2027-12-27,1.1272,0.8957,0.9681,0,0,0
P20,2027-12-28,1.127,0.9257,0.9681,0,0,0
P20,2027-12-29,1.131,0.9524,0.9681,0,0,0
P20,2027-12-30,1.1197,0.9961,0.9681,0,0,0
P20,2027-12-31,1.1329,1.0629,0.9681,0,0,0
P21,2026-03-15,0.6214,1.1038,0.9777,0,0,0
P21,2026-03-16,0.6367,0.987,0.9777,0,0,0
P21,2026-03-17,0.63,0.9293,0.9777,0,0,0
P21,2026-03-18,0.6432,0.9906,0.9777,0,0,0
P21,2026-03-19,0.6414,0.9161,0.9777,0,0,0
P21,2026-03-20,0.6455,1.038,1.5009,0,0,0
P21,2026-03-21,0.6473,1.1259,1.5009,0,0,0
P21,2026-03-22,0.6379,1.1038,0.9777,0,0,0
P21,2026-03-23,0.6287,0.987,0.9777,0,0,0
P21,2026-03-24,0.6259,0.9293,0.9777,0,0,0
P21,2026-03-25,0.6273,0.9906,0.9777,0,0,0
P21,2026-03-26,0.6309,0.9161,0.9777,0,0,0
P21,2026-03-27,0.6322,1.038,1.5009,0,0,0
P21,2026-03-28,0.6315,1.1259,1.5009,0,0,0
P21,2026-03-29,0.6315,1.1038,0.9777,0,0,0
P21,2026-03-30,0.6332,0.987,0.9777,0,0,0
P21,2026-03-31,0.6307,0.9293,0.9777,0,0,0
P21,2026-04-01,0.6341,0.9906,0.9777,0,0,0
P21,2026-04-02,0.646,0.9161,0.9777,0,0,0
P21,2026-04-03,0.6536,1.038,0.9777,0,0,0
P21,2026-04-04,0.6549,1.1259,0.9179,0,0,0
P21,2026-04-05,0.6569,1.1038,0.9179,0,0,0
P21,2026-04-06,0.6625,0.987,0.9777,0,0,0
P21,2026-04-07,0.6668,0.9293,0.9777,0,0,0
P21,2026-04-08,0.6796,0.9906,0.9777,0,0,0
P21,2026-04-09,0.6857,0.9161,0.9777,0,0,0
P21,2026-04-10,0.684,1.038,0.9777,0,0,0
P21,2026-04-11,0.6868,1.1259,0.9179,0,0,0
P21,2026-04-12,0.6989,1.1038,0.9179,0,0,0
P21,2026-04-13,0.6975,0.987,0.9777,0,0,0
P21,2026-04-14,0.6988,0.9293,0.9777,0,0,0
P21,2026-04-15,0.697,0.9906,0.9777,0,0,0
P21,2026-04-16,0.7005,0.9161,0.9777,0,0,0
P21,2026-04-17,0.6988,1.038,0.9777,0,0,0
P21,2026-04-18,0.6993,1.1259,0.9179,0,0,0
P21,2026-04-19,0.7004,1.1038,0.9179,0,0,0
P21,2026-04-20,0.6972,0.987,0.9777,0,0,0
P21,2026-04-21,0.7004,0.9293,0.9777,0,0,0
P21,2026-04-22,0.7038,0.9906,0.9777,0,0,0
P21,2026-04-23,0.7109,0.9161,0.9777,0,0,0
P21,2026-04-24,0.7196,1.038,0.9777,0,0,0
P21,2026-04-25,0.7233,1.1259,0.9179,0,0,0
P21,2026-04-26,0.7258,1.1038,0.9179,0,0,0
P21,2026-04-27,0.726,0.987,0.9777,0,0,0
P21,2026-04-28,0.725,0.9293,0.9777,0,0,0
P21,2026-04-29,0.7263,0.9906,0.9777,0,0,0
P21,2026-04-30,0.7407,0.9161,0.9777,0,0,0
P21,2026-05-01,0.7567,1.038,0.9777,0,0,0
P21,2026-05-02,0.7629,1.1259,0.9179,0,0,0
P21,2026-05-03,0.7717,1.1038,0.9179,0,0,0
P21,2026-05-04,0.7792,0.987,0.9777,0,0,0
P21,2026-05-05,0.7797,0.9293,0.9777,0,0,0
P21,2026-05-06,0.7803,0.9906,0.9777,0,0,0
P21,2026-05-07,0.786,0.9161,0.9777,0,0,0
P21,2026-05-08,0.7881,1.038,0.9777,0,0,0
P21,2026-05-09,0.7896,1.1259,0.9179,0,0,0
P21,2026-05-10,0.8057,1.1038,0.9179,0,0,0
P21,2026-05-11,0.8049,0.987,0.9777,0,0,0
P21,2026-05-12,0.8124,0.9293,0.9777,0,0,0
P21,2026-05-13,0.8259,0.9906,0.9777,0,0,0
P21,2026-05-14,0.8285,0.9161,0.9777,0,0,0
P21,2026-05-15,0.8412,1.038,0.9777,0,0,0
P21,2026-05-16,0.8556,1.1259,0.9179,0,0,0
P21,2026-05-17,0.8551,1.1038,0.9179,0,0,0
P21,2026-05-18,0.8603,0.987,0.9777,0,0,0
P21,2026-05-19,0.8698,0.9293,0.9777,0,0,0
P21,2026-05-20,0.8752,0.9906,0.9777,0,0,0
P21,2026-05-21,0.871,0.9161,0.9777,0,0,0
P21,2026-05-22,0.8764,1.038,0.9777,0,0,0
P21,2026-05-23,0.8883,1.1259,0.9179,0,0,0
P21,2026-05-24,0.891,1.1038,0.9179,0,0,0
P21,2026-05-25,0.897,0.987,0.9777,0,0,0
P21,2026-05-26,0.8979,0.9293,0.9777,0,0,0
P21,2026-05-27,0.8966,0.9906,0.9777,0,0,0
P21,2026-05-28,0.9025,0.9161,0.9777,0,0,0
P21,2026-05-29,0.9068,1.038,0.9777,0,0,0
P21,2026-05-30,0.9068,1.1259,0.9179,0,0,0
P21,2026-05-31,0.9054,1.1038,0.9179,0,0,0
P21,2026-06-01,0.9075,0.987,0.9777,0,0,0
P21,2026-06-02,0.9112,0.9293,0.9777,0,0,0
P21,2026-06-03,0.9171,0.9906,0.9777,0,0,0
P21,2026-06-04,0.913,0.9161,0.9777,0,0,0
P21,2026-06-05,0.9243,1.038,0.9777,0,0,0
P21,2026-06-06,0.9226,1.1259,0.9777,0,0,0
P21,2026-06-07,0.924,1.1038,0.9777,0,0,0
P21,2026-06-08,0.9265,0.987,0.9777,0,0,0
P21,2026-06-09,0.9227,0.9293,0.9777,0,0,0
P21,2026-06-10,0.9199,0.9906,0.9777,0,0,0
P21,2026-06-11,0.9265,0.9161,0.9777,0,0,0
P21,2026-06-12,0.9249,1.038,0.9777,0,0,0
P21,2026-06-13,0.9341,1.1259,0.9777,0,0,0
P21,2026-06-14,0.9292,1.1038,0.9777,0,0,0
P21,2026-06-15,0.9322,0.987,0.9777,0,0,0
P21,2026-06-16,0.9309,0.9293,0.9777,0,0,0
P21,2026-06-17,0.9345,0.9906,0.9777,0,0,0
P21,2026-06-18,0.9332,0.9161,0.9777,0,0,0
P21,2026-06-19,0.9368,1.038,0.9777,0,0,0
P21,2026-06-20,0.9482,1.1259,0.9777,0,0,0
P21,2026-06-21,0.9564,1.1038,0.9777,0,0,0
P21,2026-06-22,0.9602,0.987,0.9777,0,0,0
P21,2026-06-23,0.9638,0.9293,0.9777,0,0,0
P21,2026-06-24,0.9709,0.9906,0.9777,0,0,0
P21,2026-06-25,0.97,0.9161,0.9777,0,0,0
P21,2026-06-26,0.9704,1.038,0.9777,0,0,0
P21,2026-06-27,0.974,1.1259,0.9777,0,0,0
P21,2026-06-28,0.9756,1.1038,0.9777,0,0,0
P21,2026-06-29,0.9808,0.987,0.9777,0,0,0
P21,2026-06-30,0.9799,0.9293,0.9777,0,0,0
P21,2026-07-01,0.9746,0.9906,1.2204,0,0,0
P21,2026-07-02,0.9671,0.9161,1.2204,0,0,0
P21,2026-07-03,0.9619,1.038,1.8734,0,0,0
P21,2026-07-04,0.9604,1.1259,1.8734,0,0,0
P21,2026-07-05,0.9573,1.1038,1.2204,0,0,0
P21,2026-07-06,0.9572,0.987,1.2204,0,0,0
P21,2026-07-07,0.9513,0.9293,1.2204,0,0,0
P21,2026-07-08,0.9503,0.9906,1.2204,0,0,0
P21,2026-07-09,0.9533,0.9161,1.2204,0,0,0
P21,2026-07-10,0.9576,1.038,1.8734,0,0,0
P21,2026-07-11,0.9454,1.1259,1.8734,0,0,0
P21,2026-07-12,0.9528,1.1038,1.2204,0,0,0
P21,2026-07-13,0.9545,0.987,1.2204,0,0,0
P21,2026-07-14,0.9539,0.9293,1.2204,0,0,0
P21,2026-07-15,0.9469,0.9906,1.2204,0,0,0
P21,2026-07-16,0.9556,0.9161,1.2204,0,0,0
P21,2026-07-17,0.9521,1.038,1.8734,0,0,0
P21,2026-07-18,0.9539,1.1259,1.8734,0,0,0
P21,2026-07-19,0.97,1.1038,1.2204,0,0,0
P21,2026-07-20,0.962,0.987,1.2204,0,0,0
P21,2026-07-21,0.961,0.9293,1.2204,0,0,0
P21,2026-07-22,0.9604,0.9906,1.2204,0,0,0
P21,2026-07-23,0.9476,0.9161,1.2204,0,0,0
P21,2026-07-24,0.9503,1.038,1.8734,0,0,0
P21,2026-07-25,0.9516,1.1259,1.8734,0,0,0
P21,2026-07-26,0.9463,1.1038,1.2204,0,0,0
P21,2026-07-27,0.9575,0.987,1.2204,0,0,0
P21,2026-07-28,0.9595,0.9293,1.2204,0,0,0
P21,2026-07-29,0.9524,0.9906,1.2204,0,0,0
P21,2026-07-30,0.9429,0.9161,1.2204,0,0,0
P21,2026-07-31,0.945,1.038,1.8734,0,0,0
P21,2026-08-01,0.9411,1.1259,1.2204,0,0,0
P21,2026-08-02,0.9359,1.1038,1.2204,0,0,0
P21,2026-08-03,0.9482,0.987,1.2204,0,0,0
P21,2026-08-04,0.9471,0.9293,1.2204,0,0,0
P21,2026-08-05,0.9431,0.9906,1.2204,0,0,0
P21,2026-08-06,0.9502,0.9161,1.2204,0,0,0
P21,2026-08-07,0.9575,1.038,1.2204,0,0,0
P21,2026-08-08,0.9405,1.1259,1.2204,0,0,0
P21,2026-08-09,0.9502,1.1038,1.2204,0,0,0
P21,2026-08-10,0.9527,0.987,1.2204,0,0,0
P21,2026-08-11,0.9497,0.9293,1.2204,0,0,0
P21,2026-08-12,0.9466,0.9906,1.2204,0,0,0
P21,2026-08-13,0.9335,0.9161,1.2204,0,0,0
P21,2026-08-14,0.9192,1.038,1.2204,0,0,0
P21,2026-08-15,0.9215,1.1259,3.345,0,0,0
P21,2026-08-16,0.918,1.1038,3.345,0,0,0
P21,2026-08-17,0.9183,0.987,3.345,0,0,0
P21,2026-08-18,0.9295,0.9293,1.2204,0,0,0
P21,2026-08-19,0.9386,0.9906,1.2204,0,0,0
P21,2026-08-20,0.9389,0.9161,1.2204,0,0,0
P21,2026-08-21,0.9419,1.038,1.2204,0,0,0
P21,2026-08-22,0.9374,1.1259,1.2204,0,0,0
P21,2026-08-23,0.9275,1.1038,1.2204,0,0,0
P21,2026-08-24,0.9364,0.987,1.2204,0,0,0
P21,2026-08-25,0.9471,0.9293,1.2204,0,0,0
P21,2026-08-26,0.9481,0.9906,1.2204,0,0,0
P21,2026-08-27,0.9449,0.9161,1.2204,0,0,0
P21,2026-08-28,0.9459,1.038,1.2204,0,0,0
P21,2026-08-29,0.9472,1.1259,1.2204,0,0,0
P21,2026-08-30,0.9414,1.1038,1.2204,0,0,0
P21,2026-08-31,0.9427,0.987,1.2204,0,0,0
P21,2026-09-01,0.9458,0.9293,1.2204,0,0,0
P21,2026-09-02,0.9525,0.9906,1.2204,0,0,0
P21,2026-09-03,0.9441,0.9161,1.2204,0,0,0
P21,2026-09-04,0.948,1.038,1.2204,0,0,0
P21,2026-09-05,0.9512,1.1259,1.2204,0,0,0
P21,2026-09-06,0.9502,1.1038,1.2204,0,0,0
P21,2026-09-07,0.9477,0.987,1.2204,0,0,0
P21,2026-09-08,0.9507,0.9293,1.2204,0,0,0
P21,2026-09-09,0.9498,0.9906,1.2204,0,0,0
P21,2026-09-10,0.9468,0.9161,1.2204,0,0,0
P21,2026-09-11,0.9385,1.038,1.2204,0,0,0
P21,2026-09-12,0.9367,1.1259,1.2204,0,0,0
P21,2026-09-13,0.9523,1.1038,1.2204,0,0,0
P21,2026-09-14,0.9524,0.987,1.2204,0,0,0
P21,2026-09-15,0.9582,0.9293,1.2204,0,0,0
P21,2026-09-16,0.9571,0.9906,1.2204,0,0,0
P21,2026-09-17,0.9545,0.9161,1.2204,0,0,0
P21,2026-09-18,0.9477,1.038,1.2204,0,0,0
P21,2026-09-19,0.9433,1.1259,1.2204,0,0,0
P21,2026-09-20,0.9425,1.1038,1.2204,0,0,0
P21,2026-09-21,0.941,0.987,1.2204,0,0,0
P21,2026-09-22,0.9324,0.9293,1.2204,0,0,0
P21,2026-09-23,0.9323,0.9906,1.2204,0,0,0
P21,2026-09-24,0.9327,0.9161,1.2204,0,0,0
P21,2026-09-25,0.9298,1.038,1.2204,0,0,0
P21,2026-09-26,0.9357,1.1259,1.2204,0,0,0
P21,2026-09-27,0.9282,1.1038,1.2204,0,0,0
P21,2026-09-28,0.9282,0.987,1.2204,0,0,0
P21,2026-09-29,0.9381,0.9293,1.2204,0,0,0
P21,2026-09-30,0.9439,0.9906,1.2204,0,0,0
P21,2026-10-01,0.9459,0.9161,1.0,0,0,0
P21,2026-10-02,0.945,1.038,1.5351,0,0,0
P21,2026-10-03,0.9537,1.1259,1.5351,0,0,0
P21,2026-10-04,0.9584,1.1038,1.0,0,0,0
P21,2026-10-05,0.9612,0.987,1.0,0,0,0
P21,2026-10-06,0.9591,0.9293,1.0,0,0,0
P21,2026-10-07,0.9607,0.9906,1.0,0,0,0
P21,2026-10-08,0.9591,0.9161,1.0,0,0,0
P21,2026-10-09,0.9602,1.038,1.5351,0,0,0
P21,2026-10-10,0.959,1.1259,1.5351,0,0,0
P21,2026-10-11,0.9576,1.1038,1.0,0,0,0
P21,2026-10-12,0.9732,0.987,1.0,0,0,0
P21,2026-10-13,0.9786,0.9293,1.0,0,0,0
P21,2026-10-14,0.9812,0.9906,1.0,0,0,0
P21,2026-10-15,0.9915,0.9161,1.0,0,0,0
P21,2026-10-16,0.9975,1.038,1.5351,0,0,0
P21,2026-10-17,0.9908,1.1259,1.5351,0,0,0
P21,2026-10-18,0.9942,1.1038,1.0,0,0,0
P21,2026-10-19,0.9999,0.987,1.0,0,0,0
P21,2026-10-20,1.0045,0.9293,3.5087,0,0,0
P21,2026-10-21,1.0105,0.9906,3.5087,0,0,0
P21,2026-10-22,1.0051,0.9161,3.5087,0,0,0
P21,2026-10-23,0.9983,1.038,3.5087,0,0,0
P21,2026-10-24,1.0055,1.1259,3.5087,0,0,0
P21,2026-10-25,0.9947,1.1038,3.5087,0,0,0
P21,2026-10-26,0.9876,0.987,1.0,0,0,0
P21,2026-10-27,0.9942,0.9293,1.0,0,0,0
P21,2026-10-28,0.9956,0.9906,1.0,0,0,0
P21,2026-10-29,0.9927,0.9161,1.0,0,0,0
P21,2026-10-30,1.0014,1.038,1.5351,0,0,0
P21,2026-10-31,1.0059,1.1259,1.5351,0,0,0
P21,2026-11-01,1.0038,1.1038,2.6757,0,0,0
P21,2026-11-02,1.0038,0.987,2.6757,0,0,0
P21,2026-11-03,1.0131,0.9293,2.6757,0,0,0
P21,2026-11-04,1.008,0.9906,1.1289,0,0,0
P21,2026-11-05,1.0174,0.9161,1.1289,0,0,0
P21,2026-11-06,1.0223,1.038,1.1289,0,0,0
P21,2026-11-07,1.017,1.1259,1.1289,0,0,0
P21,2026-11-08,1.0144,1.1038,1.1289,0,0,0
P21,2026-11-09,1.0144,0.987,1.1289,0,0,0
P21,2026-11-10,1.0154,0.9293,1.1289,0,0,0
P21,2026-11-11,1.0176,0.9906,1.1289,0,0,0
P21,2026-11-12,1.0293,0.9161,1.1289,0,0,0
P21,2026-11-13,1.0171,1.038,1.1289,0,0,0
P21,2026-11-14,1.0158,1.1259,1.1289,0,0,0
P21,2026-11-15,1.0211,1.1038,1.1289,0,0,0
P21,2026-11-16,1.0082,0.987,1.1289,0,0,0
P21,2026-11-17,1.006,0.9293,1.1289,0,0,0
P21,2026-11-18,1.0117,0.9906,1.1289,0,0,0
P21,2026-11-19,0.9991,0.9161,1.1289,0,0,0
P21,2026-11-20,0.9936,1.038,1.1289,0,0,0
P21,2026-11-21,0.9936,1.1259,1.1289,0,0,0
P21,2026-11-22,0.9882,1.1038,1.1289,0,0,0
P21,2026-11-23,0.9783,0.987,1.1289,0,0,0
P21,2026-11-24,0.9775,0.9293,1.1289,0,0,0
P21,2026-11-25,0.9733,0.9906,1.1289,0,0,0
P21,2026-11-26,0.9755,0.9161,1.1289,0,0,0
P21,2026-11-27,0.9722,1.038,1.1289,0,0,0
P21,2026-11-28,0.9731,1.1259,1.1289,0,0,0
P21,2026-11-29,0.977,1.1038,1.1289,0,0,0
P21,2026-11-30,0.9701,0.987,1.1289,0,0,0
P21,2026-12-01,0.963,0.9293,1.1289,0,0,0
P21,2026-12-02,0.9665,0.9906,1.1289,0,0,0
P21,2026-12-03,0.9596,0.9161,1.1289,0,0,0
P21,2026-12-04,0.954,1.038,1.1289,0,0,0
P21,2026-12-05,0.9586,1.1259,1.1289,0,0,0
P21,2026-12-06,0.9767,1.1038,1.1289,0,0,0
P21,2026-12-07,0.9844,0.987,1.1289,0,0,0
P21,2026-12-08,0.9878,0.9293,1.1289,0,0,0
P21,2026-12-09,0.9961,0.9906,1.1289,0,0,0
P21,2026-12-10,1.0025,0.9161,1.1289,0,0,0
P21,2026-12-11,1.0033,1.038,1.1289,0,0,0
P21,2026-12-12,0.994,1.1259,1.1289,0,0,0
P21,2026-12-13,0.9878,1.1038,1.1289,0,0,0
P21,2026-12-14,0.9849,0.987,1.1289,0,0,0
P21,2026-12-15,0.9826,0.9293,1.1289,0,0,0
P21,2026-12-16,0.9829,0.9906,1.1289,0,0,0
P21,2026-12-17,0.9852,0.9161,1.1289,0,0,0
P21,2026-12-18,0.995,1.038,1.1289,0,0,0
P21,2026-12-19,0.9967,1.1259,1.1289,0,0,0
P21,2026-12-20,1.0004,1.1038,1.1289,0,0,0
P21,2026-12-21,0.9956,0.987,1.1289,0,0,0
P21,2026-12-22,0.9934,0.9293,1.1289,0,0,0
P21,2026-12-23,0.9927,0.9906,1.1289,0,0,0
P21,2026-12-24,0.9925,0.9161,1.1289,0,0,0
P21,2026-12-25,0.9845,1.038,1.1289,0,0,0
P21,2026-12-26,0.9929,1.1259,1.1289,0,0,0
P21,2026-12-27,0.9889,1.1038,1.1289,0,0,0
P21,2026-12-28,0.9775,0.987,1.1289,0,0,0
P21,2026-12-29,0.9804,0.9293,1.1289,0,0,0
P21,2026-12-30,0.9822,0.9906,1.1289,0,0,0
P21,2026-12-31,0.9833,0.9161,1.1289,0,0,0
P21,2027-01-01,0.9726,1.038,1.2884,0,0,0
P21,2027-01-02,0.9646,1.1259,1.1289,0,0,0
P21,2027-01-03,0.9565,1.1038,1.1289,0,0,0
P21,2027-01-04,0.9558,0.987,1.1289,0,0,0
P21,2027-01-05,0.9465,0.9293,1.1289,0,0,0
P21,2027-01-06,0.9435,0.9906,1.1289,0,0,0
P21,2027-01-07,0.9446,0.9161,1.1289,0,0,0
P21,2027-01-08,0.9394,1.038,1.1289,0,0,0
P21,2027-01-09,0.9403,1.1259,1.1289,0,0,0
P21,2027-01-10,0.9266,1.1038,1.1289,0,0,0
P21,2027-01-11,0.933,0.987,1.1289,0,0,0
P21,2027-01-12,0.9292,0.9293,1.1289,0,0,0
P21,2027-01-13,0.9277,0.9906,2.4624,0,0,0
P21,2027-01-14,0.9187,0.9161,2.4624,0,0,0
P21,2027-01-15,0.9146,1.038,2.4624,0,0,0
P21,2027-01-16,0.925,1.1259,2.4624,0,0,0
P21,2027-01-17,0.9234,1.1038,1.1289,0,0,0
P21,2027-01-18,0.9181,0.987,1.1289,0,0,0
P21,2027-01-19,0.9192,0.9293,1.1289,0,0,0
P21,2027-01-20,0.9227,0.9906,1.1289,0,0,0
P21,2027-01-21,0.9289,0.9161,1.1289,0,0,0
P21,2027-01-22,0.9292,1.038,1.1289,0,0,0
P21,2027-01-23,0.9315,1.1259,1.1289,0,0,0
P21,2027-01-24,0.9412,1.1038,1.1289,0,0,0
P21,2027-01-25,0.9373,0.987,1.1289,0,0,0
P21,2027-01-26,0.9403,0.9293,1.2884,0,0,0
P21,2027-01-27,0.94,0.9906,1.1289,0,0,0
P21,2027-01-28,0.9379,0.9161,1.1289,0,0,0
P21,2027-01-29,0.9428,1.038,1.1289,0,0,0
P21,2027-01-30,0.9456,1.1259,1.1289,0,0,0
P21,2027-01-31,0.9462,1.1038,1.1289,0,0,0
P21,2027-02-01,0.9375,0.987,1.1289,0,0,0
P21,2027-02-02,0.9377,0.9293,1.1289,0,0,0
P21,2027-02-03,0.9289,0.9906,1.1289,0,0,0
P21,2027-02-04,0.9256,0.9161,1.1289,0,0,0
P21,2027-02-05,0.9246,1.038,1.1289,0,0,0
P21,2027-02-06,0.9223,1.1259,1.1289,0,0,0
P21,2027-02-07,0.9151,1.1038,1.1289,0,0,0
P21,2027-02-08,0.9175,0.987,1.1289,0,0,0
P21,2027-02-09,0.9214,0.9293,1.1289,0,0,0
P21,2027-02-10,0.9078,0.9906,1.1289,0,0,0
P21,2027-02-11,0.9095,0.9161,1.1289,0,0,0
P21,2027-02-12,0.9126,1.038,1.1289,0,0,0
P21,2027-02-13,0.9094,1.1259,1.1289,0,0,0
P21,2027-02-14,0.9173,1.1038,1.1289,0,0,0
P21,2027-02-15,0.9215,0.987,1.1289,0,0,0
P21,2027-02-16,0.9262,0.9293,1.1289,0,0,0
P21,2027-02-17,0.9359,0.9906,1.1289,0,0,0
P21,2027-02-18,0.9471,0.9161,1.1289,0,0,0
P21,2027-02-19,0.9543,1.038,1.1289,0,0,0
P21,2027-02-20,0.9519,1.1259,1.1289,0,0,0
P21,2027-02-21,0.9602,1.1038,1.1289,0,0,0
P21,2027-02-22,0.9592,0.987,1.1289,0,0,0
P21,2027-02-23,0.9648,0.9293,1.1289,0,0,0
P21,2027-02-24,0.9667,0.9906,1.1289,0,0,0
P21,2027-02-25,0.9803,0.9161,1.1289,0,0,0
P21,2027-02-26,0.9854,1.038,1.1289,0,0,0
P21,2027-02-27,0.9917,1.1259,1.1289,0,0,0
P21,2027-02-28,1.0005,1.1038,1.1289,0,0,0
P21,2027-03-01,1.0021,0.987,0.9777,0,0,0
P21,2027-03-02,1.0046,0.9293,0.9777,0,0,0
P21,2027-03-03,1.0097,0.9906,0.9777,0,0,0
P21,2027-03-04,1.0208,0.9161,0.9777,0,0,0
P21,2027-03-05,1.0188,1.038,1.5009,0,0,0
P21,2027-03-06,1.0092,1.1259,1.5009,0,0,0
P21,2027-03-07,1.0111,1.1038,0.9777,0,0,0
P21,2027-03-08,1.0055,0.987,0.9777,0,0,0
P21,2027-03-09,1.0114,0.9293,0.9777,0,0,0
P21,2027-03-10,1.0083,0.9906,0.9777,0,0,0
P21,2027-03-11,1.0086,0.9161,0.9777,0,0,0
P21,2027-03-12,1.0005,1.038,1.5009,0,0,0
P21,2027-03-13,1.0004,1.1259,1.5009,0,0,0
P21,2027-03-14,0.9964,1.1038,0.9777,0,0,0
P21,2027-03-15,1.0033,0.987,0.9777,0,0,0
P21,2027-03-16,1.0062,0.9293,0.9777,0,0,0
P21,2027-03-17,1.0053,0.9906,0.9777,0,0,0
P21,2027-03-18,1.0115,0.9161,0.9777,0,0,0
P21,2027-03-19,1.0203,1.038,1.5009,0,0,0
P21,2027-03-20,1.0215,1.1259,1.5009,0,0,0
P21,2027-03-21,1.0309,1.1038,0.9777,0,0,0
P21,2027-03-22,1.0328,0.987,0.9777,0,0,0
P21,2027-03-23,1.0278,0.9293,0.9777,0,0,0
P21,2027-03-24,1.0391,0.9906,0.9777,0,0,0
P21,2027-03-25,1.0468,0.9161,0.9777,0,0,0
P21,2027-03-26,1.0511,1.038,1.5009,0,0,0
P21,2027-03-27,1.063,1.1259,1.5009,0,0,0
P21,2027-03-28,1.0737,1.1038,0.9777,0,0,0
P21,2027-03-29,1.073,0.987,0.9777,0,0,0
P21,2027-03-30,1.0786,0.9293,0.9777,0,0,0
P21,2027-03-31,1.0837,0.9906,0.9777,0,0,0
P21,2027-04-01,1.088,0.9161,0.9777,0,0,0
P21,2027-04-02,1.0919,1.038,0.9777,0,0,0
P21,2027-04-03,1.0957,1.1259,0.9179,0,0,0
P21,2027-04-04,1.1029,1.1038,0.9179,0,0,0
P21,2027-04-05,1.1145,0.987,0.9777,0,0,0
P21,2027-04-06,1.1139,0.9293,0.9777,0,0,0
P21,2027-04-07,1.1204,0.9906,0.9777,0,0,0
P21,2027-04-08,1.1266,0.9161,0.9777,0,0,0
P21,2027-04-09,1.1323,1.038,0.9777,0,0,0
P21,2027-04-10,1.1445,1.1259,0.9179,0,0,0
P21,2027-04-11,1.1394,1.1038,0.9179,0,0,0
P21,2027-04-12,1.1387,0.987,0.9777,0,0,0
P21,2027-04-13,1.1322,0.9293,0.9777,0,0,0
P21,2027-04-14,1.1435,0.9906,0.9777,0,0,0
P21,2027-04-15,1.1548,0.9161,0.9777,0,0,0
P21,2027-04-16,1.1524,1.038,0.9777,0,0,0
P21,2027-04-17,1.1598,1.1259,0.9179,0,0,0
P21,2027-04-18,1.1555,1.1038,0.9179,0,0,0
P21,2027-04-19,1.1612,0.987,0.9777,0,0,0
P21,2027-04-20,1.1632,0.9293,0.9777,0,0,0
P21,2027-04-21,1.1629,0.9906,0.9777,0,0,0
P21,2027-04-22,1.1641,0.9161,0.9777,0,0,0
P21,2027-04-23,1.1704,1.038,0.9777,0,0,0
P21,2027-04-24,1.1696,1.1259,0.9179,0,0,0
P21,2027-04-25,1.1651,1.1038,0.9179,0,0,0
P21,2027-04-26,1.1593,0.987,0.9777,0,0,0
P21,2027-04-27,1.1665,0.9293,0.9777,0,0,0
P21,2027-04-28,1.1659,0.9906,0.9777,0,0,0
P21,2027-04-29,1.1568,0.9161,0.9777,0,0,0
P21,2027-04-30,1.1536,1.038,0.9777,0,0,0
P21,2027-05-01,1.1596,1.1259,0.9179,0,0,0
P21,2027-05-02,1.1654,1.1038,0.9179,0,0,0
P21,2027-05-03,1.1661,0.987,0.9777,0,0,0
P21,2027-05-04,1.1655,0.9293,0.9777,0,0,0
P21,2027-05-05,1.1724,0.9906,0.9777,0,0,0
P21,2027-05-06,1.1663,0.9161,0.9777,0,0,0
P21,2027-05-07,1.1684,1.038,0.9777,0,0,0
P21,2027-05-08,1.1713,1.1259,0.9179,0,0,0
P21,2027-05-09,1.1653,1.1038,0.9179,0,0,0
P21,2027-05-10,1.1645,0.987,0.9777,0,0,0
P21,2027-05-11,1.17,0.9293,0.9777,0,0,0
P21,2027-05-12,1.1794,0.9906,0.9777,0,0,0
P21,2027-05-13,1.1821,0.9161,0.9777,0,0,0
P21,2027-05-14,1.176,1.038,0.9777,0,0,0
P21,2027-05-15,1.1699,1.1259,0.9179,0,0,0
P21,2027-05-16,1.1728,1.1038,0.9179,0,0,0
P21,2027-05-17,1.1633,0.987,0.9777,0,0,0
P21,2027-05-18,1.1617,0.9293,0.9777,0,0,0
P21,2027-05-19,1.1585,0.9906,0.9777,0,0,0
P21,2027-05-20,1.1541,0.9161,0.9777,0,0,0
P21,2027-05-21,1.1589,1.038,0.9777,0,0,0
P21,2027-05-22,1.1581,1.1259,0.9179,0,0,0
P21,2027-05-23,1.1583,1.1038,0.9179,0,0,0
P21,2027-05-24,1.1498,0.987,0.9777,0,0,0
P21,2027-05-25,1.1398,0.9293,0.9777,0,0,0
P21,2027-05-26,1.1256,0.9906,0.9777,0,0,0
P21,2027-05-27,1.1297,0.9161,0.9777,0,0,0
P21,2027-05-28,1.1249,1.038,0.9777,0,0,0
P21,2027-05-29,1.1241,1.1259,0.9179,0,0,0
P21,2027-05-30,1.1259,1.1038,0.9179,0,0,0
P21,2027-05-31,1.1258,0.987,0.9777,0,0,0
P21,2027-06-01,1.1275,0.9293,0.9777,0,0,0
P21,2027-06-02,1.114,0.9906,0.9777,0,0,0
P21,2027-06-03,1.1144,0.9161,0.9777,0,0,0
P21,2027-06-04,1.1118,1.038,0.9777,0,0,0
P21,2027-06-05,1.1036,1.1259,0.9777,0,0,0
P21,2027-06-06,1.1038,1.1038,0.9777,0,0,0
P21,2027-06-07,1.0948,0.987,0.9777,0,0,0
P21,2027-06-08,1.0982,0.9293,0.9777,0,0,0
P21,2027-06-09,1.0947,0.9906,0.9777,0,0,0
P21,2027-06-10,1.102,0.9161,0.9777,0,0,0
P21,2027-06-11,1.1037,1.038,0.9777,0,0,0
P21,2027-06-12,1.1029,1.1259,0.9777,0,0,0
P21,2027-06-13,1.0998,1.1038,0.9777,0,0,0
P21,2027-06-14,1.0927,0.987,0.9777,0,0,0
P21,2027-06-15,1.0976,0.9293,0.9777,0,0,0
P21,2027-06-16,1.0826,0.9906,0.9777,0,0,0
P21,2027-06-17,1.0721,0.9161,0.9777,0,0,0
P21,2027-06-18,1.0691,1.038,0.9777,0,0,0
P21,2027-06-19,1.0687,1.1259,0.9777,0,0,0
P21,2027-06-20,1.0776,1.1038,0.9777,0,0,0
P21,2027-06-21,1.0837,0.987,0.9777,0,0,0
P21,2027-06-22,1.0749,0.9293,0.9777,0,0,0
P21,2027-06-23,1.0745,0.9906,0.9777,0,0,0
P21,2027-06-24,1.0658,0.9161,0.9777,0,0,0
P21,2027-06-25,1.0588,1.038,0.9777,0,0,0
P21,2027-06-26,1.0554,1.1259,0.9777,0,0,0
P21,2027-06-27,1.0521,1.1038,0.9777,0,0,0
P21,2027-06-28,1.0488,0.987,0.9777,0,0,0
P21,2027-06-29,1.0448,0.9293,0.9777,0,0,0
P21,2027-06-30,1.0429,0.9906,0.9777,0,0,0
P21,2027-07-01,1.0411,0.9161,1.2204,0,0,0
P21,2027-07-02,1.0382,1.038,1.8734,0,0,0
P21,2027-07-03,1.0282,1.1259,1.8734,0,0,0
P21,2027-07-04,1.0227,1.1038,1.2204,0,0,0
P21,2027-07-05,1.0283,0.987,1.2204,0,0,0
P21,2027-07-06,1.0256,0.9293,1.2204,0,0,0
P21,2027-07-07,1.0218,0.9906,1.2204,0,0,0
P21,2027-07-08,1.0131,0.9161,1.2204,0,0,0
P21,2027-07-09,1.0063,1.038,1.8734,0,0,0
P21,2027-07-10,1.0011,1.1259,1.8734,0,0,0
P21,2027-07-11,0.9908,1.1038,1.2204,0,0,0
P21,2027-07-12,0.9968,0.987,1.2204,0,0,0
P21,2027-07-13,0.9894,0.9293,1.2204,0,0,0
P21,2027-07-14,0.9742,0.9906,1.2204,0,0,0
P21,2027-07-15,0.9682,0.9161,1.2204,0,0,0
P21,2027-07-16,0.9574,1.038,1.8734,0,0,0
P21,2027-07-17,0.9618,1.1259,1.8734,0,0,0
P21,2027-07-18,0.958,1.1038,1.2204,0,0,0
P21,2027-07-19,0.9491,0.987,1.2204,0,0,0
P21,2027-07-20,0.9524,0.9293,1.2204,0,0,0
P21,2027-07-21,0.9521,0.9906,1.2204,0,0,0
P21,2027-07-22,0.9463,0.9161,1.2204,0,0,0
P21,2027-07-23,0.9367,1.038,1.8734,0,0,0
P21,2027-07-24,0.9468,1.1259,1.8734,0,0,0
P21,2027-07-25,0.9445,1.1038,1.2204,0,0,0
P21,2027-07-26,0.9381,0.987,1.2204,0,0,0
P21,2027-07-27,0.9412,0.9293,1.2204,0,0,0
P21,2027-07-28,0.941,0.9906,1.2204,0,0,0
P21,2027-07-29,0.937,0.9161,1.2204,0,0,0
P21,2027-07-30,0.9323,1.038,1.8734,0,0,0
P21,2027-07-31,0.9223,1.1259,1.8734,0,0,0
P21,2027-08-01,0.9218,1.1038,1.2204,0,0,0
P21,2027-08-02,0.9269,0.987,1.2204,0,0,0
P21,2027-08-03,0.9243,0.9293,1.2204,0,0,0
P21,2027-08-04,0.9234,0.9906,1.2204,0,0,0
P21,2027-08-05,0.92,0.9161,1.2204,0,0,0
P21,2027-08-06,0.9207,1.038,1.2204,0,0,0
P21,2027-08-07,0.9186,1.1259,1.2204,0,0,0
P21,2027-08-08,0.9214,1.1038,1.2204,0,0,0
P21,2027-08-09,0.9252,0.987,1.2204,0,0,0
P21,2027-08-10,0.9107,0.9293,1.2204,0,0,0
P21,2027-08-11,0.9142,0.9906,1.2204,0,0,0
P21,2027-08-12,0.9224,0.9161,1.2204,0,0,0
P21,2027-08-13,0.9257,1.038,1.2204,0,0,0
P21,2027-08-14,0.9219,1.1259,1.2204,0,0,0
P21,2027-08-15,0.9249,1.1038,3.345,0,0,0
P21,2027-08-16,0.9276,0.987,3.345,0,0,0
P21,2027-08-17,0.9255,0.9293,3.345,0,0,0
P21,2027-08-18,0.9252,0.9906,1.2204,0,0,0
P21,2027-08-19,0.9251,0.9161,1.2204,0,0,0
P21,2027-08-20,0.9205,1.038,1.2204,0,0,0
P21,2027-08-21,0.9298,1.1259,1.2204,0,0,0
P21,2027-08-22,0.9344,1.1038,1.2204,0,0,0
P21,2027-08-23,0.9352,0.987,1.2204,0,0,0
P21,2027-08-24,0.9503,0.9293,1.2204,0,0,0
P21,2027-08-25,0.9447,0.9906,1.2204,0,0,0
P21,2027-08-26,0.9383,0.9161,1.2204,0,0,0
P21,2027-08-27,0.9366,1.038,1.2204,0,0,0
P21,2027-08-28,0.9379,1.1259,1.2204,0,0,0
P21,2027-08-29,0.9479,1.1038,1.2204,0,0,0
P21,2027-08-30,0.9449,0.987,1.2204,0,0,0
P21,2027-08-31,0.9505,0.9293,1.2204,0,0,0
P21,2027-09-01,0.9487,0.9906,1.2204,0,0,0
P21,2027-09-02,0.9436,0.9161,1.2204,0,0,0
P21,2027-09-03,0.9401,1.038,1.2204,0,0,0
P21,2027-09-04,0.9462,1.1259,1.2204,0,0,0
P21,2027-09-05,0.9493,1.1038,1.2204,0,0,0
P21,2027-09-06,0.9434,0.987,1.2204,0,0,0
P21,2027-09-07,0.9476,0.9293,1.2204,0,0,0
P21,2027-09-08,0.9421,0.9906,1.2204,0,0,0
P21,2027-09-09,0.9418,0.9161,1.2204,0,0,0
P21,2027-09-10,0.9397,1.038,1.2204,0,0,0
P21,2027-09-11,0.94,1.1259,1.2204,0,0,0
P21,2027-09-12,0.9433,1.1038,1.2204,0,0,0
P21,2027-09-13,0.9449,0.987,1.2204,0,0,0
P21,2027-09-14,0.9557,0.9293,1.2204,0,0,0
P21,2027-09-15,0.9594,0.9906,1.2204,0,0,0
P21,2027-09-16,0.954,0.9161,1.2204,0,0,0
P21,2027-09-17,0.9594,1.038,1.2204,0,0,0
P21,2027-09-18,0.9525,1.1259,1.2204,0,0,0
P21,2027-09-19,0.9497,1.1038,1.2204,0,0,0
P21,2027-09-20,0.9445,0.987,1.2204,0,0,0
P21,2027-09-21,0.9418,0.9293,1.2204,0,0,0
P21,2027-09-22,0.9443,0.9906,1.2204,0,0,0
P21,2027-09-23,0.9461,0.9161,1.2204,0,0,0
P21,2027-09-24,0.9405,1.038,1.2204,0,0,0
P21,2027-09-25,0.9407,1.1259,1.2204,0,0,0
P21,2027-09-26,0.933,1.1038,1.2204,0,0,0
P21,2027-09-27,0.9387,0.987,1.2204,0,0,0
P21,2027-09-28,0.9391,0.9293,1.2204,0,0,0
P21,2027-09-29,0.9421,0.9906,1.2204,0,0,0
P21,2027-09-30,0.9414,0.9161,1.2204,0,0,0
P21,2027-10-01,0.9484,1.038,1.5351,0,0,0
P21,2027-10-02,0.9507,1.1259,1.5351,0,0,0
P21,2027-10-03,0.9544,1.1038,1.0,0,0,0
P21,2027-10-04,0.9587,0.987,1.0,0,0,0
P21,2027-10-05,0.9609,0.9293,1.0,0,0,0
P21,2027-10-06,0.9635,0.9906,1.0,0,0,0
P21,2027-10-07,0.9643,0.9161,1.0,0,0,0
P21,2027-10-08,0.9756,1.038,1.5351,0,0,0
P21,2027-10-09,0.9799,1.1259,1.5351,0,0,0
P21,2027-10-10,0.9834,1.1038,1.0,0,0,0
P21,2027-10-11,0.982,0.987,1.0,0,0,0
P21,2027-10-12,0.9849,0.9293,1.0,0,0,0
P21,2027-10-13,0.989,0.9906,1.0,0,0,0
P21,2027-10-14,0.9909,0.9161,1.0,0,0,0
P21,2027-10-15,0.9905,1.038,1.5351,0,0,0
P21,2027-10-16,0.9836,1.1259,1.5351,0,0,0
P21,2027-10-17,0.9874,1.1038,1.0,0,0,0
P21,2027-10-18,0.9803,0.987,1.0,0,0,0
P21,2027-10-19,0.989,0.9293,1.0,0,0,0
P21,2027-10-20,0.9962,0.9906,3.5087,0,0,0
P21,2027-10-21,1.0064,0.9161,3.5087,0,0,0
P21,2027-10-22,1.0045,1.038,3.5087,0,0,0
P21,2027-10-23,1.0075,1.1259,3.5087,0,0,0
P21,2027-10-24,1.0095,1.1038,3.5087,0,0,0
P21,2027-10-25,1.008,0.987,3.5087,0,0,0
P21,2027-10-26,1.006,0.9293,1.0,0,0,0
P21,2027-10-27,1.0062,0.9906,1.0,0,0,0
P21,2027-10-28,1.0094,0.9161,1.0,0,0,0
P21,2027-10-29,1.0093,1.038,1.5351,0,0,0
P21,2027-10-30,1.0124,1.1259,1.5351,0,0,0
P21,2027-10-31,1.0057,1.1038,1.0,0,0,0
P21,2027-11-01,1.0156,0.987,2.6757,0,0,0
P21,2027-11-02,1.017,0.9293,2.6757,0,0,0
P21,2027-11-03,1.0169,0.9906,2.6757,0,0,0
P21,2027-11-04,1.0137,0.9161,1.1289,0,0,0
P21,2027-11-05,1.0097,1.038,1.1289,0,0,0
P21,2027-11-06,1.0099,1.1259,1.1289,0,0,0
P21,2027-11-07,1.0136,1.1038,1.1289,0,0,0
P21,2027-11-08,1.0193,0.987,1.1289,0,0,0
P21,2027-11-09,1.0196,0.9293,1.1289,0,0,0
P21,2027-11-10,1.016,0.9906,1.1289,0,0,0
P21,2027-11-11,1.0145,0.9161,1.1289,0,0,0
P21,2027-11-12,1.0127,1.038,1.1289,0,0,0
P21,2027-11-13,1.0115,1.1259,1.1289,0,0,0
P21,2027-11-14,0.9991,1.1038,1.1289,0,0,0
P21,2027-11-15,1.0048,0.987,1.1289,0,0,0
P21,2027-11-16,0.9954,0.9293,1.1289,0,0,0
P21,2027-11-17,0.9947,0.9906,1.1289,0,0,0
P21,2027-11-18,0.9972,0.9161,1.1289,0,0,0
P21,2027-11-19,0.9904,1.038,1.1289,0,0,0
P21,2027-11-20,0.993,1.1259,1.1289,0,0,0
P21,2027-11-21,0.9978,1.1038,1.1289,0,0,0
P21,2027-11-22,0.9875,0.987,1.1289,0,0,0
P21,2027-11-23,0.9907,0.9293,1.1289,0,0,0
P21,2027-11-24,0.9917,0.9906,1.1289,0,0,0
P21,2027-11-25,0.9912,0.9161,1.1289,0,0,0
P21,2027-11-26,0.9927,1.038,1.1289,0,0,0
P21,2027-11-27,0.9821,1.1259,1.1289,0,0,0
P21,2027-11-28,0.9817,1.1038,1.1289,0,0,0
P21,2027-11-29,0.9803,0.987,1.1289,0,0,0
P21,2027-11-30,0.9837,0.9293,1.1289,0,0,0
P21,2027-12-01,0.9901,0.9906,1.1289,0,0,0
P21,2027-12-02,0.9964,0.9161,1.1289,0,0,0
P21,2027-12-03,0.9923,1.038,1.1289,0,0,0
P21,2027-12-04,0.989,1.1259,1.1289,0,0,0
P21,2027-12-05,0.9942,1.1038,1.1289,0,0,0
P21,2027-12-06,0.9957,0.987,1.1289,0,0,0
P21,2027-12-07,1.0015,0.9293,1.1289,0,0,0
P21,2027-12-08,1.0056,0.9906,1.1289,0,0,0
P21,2027-12-09,1.0128,0.9161,1.1289,0,0,0
P21,2027-12-10,1.0162,1.038,1.1289,0,0,0
P21,2027-12-11,1.0199,1.1259,1.1289,0,0,0
P21,2027-12-12,1.0156,1.1038,1.1289,0,0,0
P21,2027-12-13,1.0072,0.987,1.1289,0,0,0
P21,2027-12-14,1.0061,0.9293,1.1289,0,0,0
P21,2027-12-15,1.013,0.9906,1.1289,0,0,0
P21,2027-12-16,1.0041,0.9161,1.1289,0,0,0
P21,2027-12-17,1.0082,1.038,1.1289,0,0,0
P21,2027-12-18,1.0175,1.1259,1.1289,0,0,0
P21,2027-12-19,1.0276,1.1038,1.1289,0,0,0
P21,2027-12-20,1.0263,0.987,1.1289,0,0,0
P21,2027-12-21,1.0294,0.9293,1.1289,0,0,0
P21,2027-12-22,1.0297,0.9906,1.1289,0,0,0
P21,2027-12-23,1.0318,0.9161,1.1289,0,0,0
P21,2027-12-24,1.0343,1.038,1.1289,0,0,0
P21,2027-12-25,1.0516,1.1259,1.1289,0,0,0
P21,2027-12-26,1.0471,1.1038,1.1289,0,0,0
P21,2027-12-27,1.0515,0.987,1.1289,0,0,0
P21,2027-12-28,1.0506,0.9293,1.1289,0,0,0
P21,2027-12-29,1.0608,0.9906,1.1289,0,0,0
P21,2027-12-30,1.0589,0.9161,1.1289,0,0,0
P21,2027-12-31,1.0624,1.038,1.1289,0,0,0
P22,2026-06-20,0.5997,1.0891,1.2276,0,0,0
P22,2026-06-21,0.6016,1.0738,1.2276,0,0,0
P22,2026-06-22,0.6075,0.9364,1.2276,0,0,0
P22,2026-06-23,0.6111,0.9291,1.2276,0,0,0
P22,2026-06-24,0.616,0.9959,1.2276,0,0,0
P22,2026-06-25,0.6234,0.9942,1.2276,0,0,0
P22,2026-06-26,0.6266,1.0347,1.2276,0,0,0
P22,2026-06-27,0.6305,1.0891,1.2276,0,0,0
P22,2026-06-28,0.6364,1.0738,1.2276,0,0,0
P22,2026-06-29,0.6415,0.9364,1.2276,0,0,0
P22,2026-06-30,0.6447,0.9291,1.2276,0,0,0
P22,2026-07-01,0.6489,0.9959,0.8724,0,0,0
P22,2026-07-02,0.6523,0.9942,0.8724,0,0,0
P22,2026-07-03,0.6519,1.0347,1.2346,0,0,0
P22,2026-07-04,0.6528,1.0891,1.2346,0,0,0
P22,2026-07-05,0.6509,1.0738,0.8724,0,0,0
P22,2026-07-06,0.6525,0.9364,0.8724,0,0,0
P22,2026-07-07,0.6551,0.9291,0.8724,0,0,0
P22,2026-07-08,0.6602,0.9959,0.8724,0,0,0
P22,2026-07-09,0.6673,0.9942,0.8724,0,0,0
P22,2026-07-10,0.6701,1.0347,1.2346,0,0,0
P22,2026-07-11,0.6736,1.0891,1.2346,0,0,0
P22,2026-07-12,0.6781,1.0738,0.8724,0,0,0
P22,2026-07-13,0.6836,0.9364,0.8724,0,0,0
P22,2026-07-14,0.6889,0.9291,0.8724,0,0,0
P22,2026-07-15,0.6884,0.9959,0.8724,0,0,0
P22,2026-07-16,0.6948,0.9942,0.8724,0,0,0
P22,2026-07-17,0.7009,1.0347,1.2346,0,0,0
P22,2026-07-18,0.7056,1.0891,1.2346,0,0,0
P22,2026-07-19,0.7117,1.0738,0.8724,0,0,0
P22,2026-07-20,0.7144,0.9364,0.8724,0,0,0
P22,2026-07-21,0.7184,0.9291,0.8724,0,0,0
P22,2026-07-22,0.7192,0.9959,0.8724,0,0,0
P22,2026-07-23,0.7223,0.9942,0.8724,0,0,0
P22,2026-07-24,0.7255,1.0347,1.2346,0,0,0
P22,2026-07-25,0.7236,1.0891,1.2346,0,0,0
P22,2026-07-26,0.7277,1.0738,0.8724,0,0,0
P22,2026-07-27,0.7316,0.9364,0.8724,0,0,0
P22,2026-07-28,0.7355,0.9291,0.8724,0,0,0
P22,2026-07-29,0.7395,0.9959,0.8724,0,0,0
P22,2026-07-30,0.7443,0.9942,0.8724,0,0,0
P22,2026-07-31,0.7491,1.0347,1.2346,0,0,0
P22,2026-08-01,0.7529,1.0891,0.8724,0,0,0
P22,2026-08-02,0.7576,1.0738,0.8724,0,0,0
P22,2026-08-03,0.7658,0.9364,0.8724,0,0,0
P22,2026-08-04,0.7693,0.9291,0.8724,0,0,0
P22,2026-08-05,0.7767,0.9959,0.8724,0,0,0
P22,2026-08-06,0.7801,0.9942,0.8724,0,0,0
P22,2026-08-07,0.785,1.0347,0.8724,0,0,0
P22,2026-08-08,0.7902,1.0891,0.8724,0,0,0
P22,2026-08-09,0.7989,1.0738,0.8724,0,0,0
P22,2026-08-10,0.8034,0.9364,0.8724,0,0,0
P22,2026-08-11,0.8108,0.9291,0.8724,0,0,0
P22,2026-08-12,0.8176,0.9959,0.8724,0,0,0
P22,2026-08-13,0.8227,0.9942,0.8724,0,0,0
P22,2026-08-14,0.8268,1.0347,0.8724,0,0,0
P22,2026-08-15,0.8321,1.0891,1.4749,0,0,0
P22,2026-08-16,0.8409,1.0738,1.4749,0,0,0
P22,2026-08-17,0.8443,0.9364,1.4749,0,0,0
P22,2026-08-18,0.8527,0.9291,0.8724,0,0,0
P22,2026-08-19,0.857,0.9959,0.8724,0,0,0
P22,2026-08-20,0.8622,0.9942,0.8724,0,0,0
P22,2026-08-21,0.864,1.0347,0.8724,0,0,0
P22,2026-08-22,0.871,1.0891,0.8724,0,0,0
P22,2026-08-23,0.8779,1.0738,0.8724,0,0,0
P22,2026-08-24,0.8838,0.9364,0.8724,0,0,0
P22,2026-08-25,0.8926,0.9291,0.8724,0,0,0
P22,2026-08-26,0.8941,0.9959,0.8724,0,0,0
P22,2026-08-27,0.8962,0.9942,0.8724,0,0,0
P22,2026-08-28,0.9049,1.0347,0.8724,0,0,0
P22,2026-08-29,0.9101,1.0891,0.8724,0,0,0
P22,2026-08-30,0.9127,1.0738,0.8724,0,0,0
P22,2026-08-31,0.9183,0.9364,0.8724,0,0,0
P22,2026-09-01,0.9248,0.9291,0.8724,0,0,0
P22,2026-09-02,0.9268,0.9959,0.8724,0,0,0
P22,2026-09-03,0.9289,0.9942,0.8724,0,0,0
P22,2026-09-04,0.9334,1.0347,0.8724,0,0,0
P22,2026-09-05,0.9348,1.0891,0.8724,0,0,0
P22,2026-09-06,0.9325,1.0738,0.8724,0,0,0
P22,2026-09-07,0.9307,0.9364,0.8724,0,0,0
P22,2026-09-08,0.9329,0.9291,0.8724,0,0,0
P22,2026-09-09,0.9335,0.9959,0.8724,0,0,0
P22,2026-09-10,0.9323,0.9942,0.8724,0,0,0
P22,2026-09-11,0.9302,1.0347,0.8724,0,0,0
P22,2026-09-12,0.9319,1.0891,0.8724,0,0,0
P22,2026-09-13,0.9372,1.0738,0.8724,0,0,0
P22,2026-09-14,0.9425,0.9364,0.8724,0,0,0
P22,2026-09-15,0.9521,0.9291,0.8724,0,0,0
P22,2026-09-16,0.9534,0.9959,0.8724,0,0,0
P22,2026-09-17,0.9574,0.9942,0.8724,0,0,0
P22,2026-09-18,0.9575,1.0347,0.8724,0,0,0
P22,2026-09-19,0.9556,1.0891,0.8724,0,0,0
P22,2026-09-20,0.9526,1.0738,0.8724,0,0,0
P22,2026-09-21,0.9541,0.9364,0.8724,0,0,0
P22,2026-09-22,0.9573,0.9291,0.8724,0,0,0
P22,2026-09-23,0.957,0.9959,0.8724,0,0,0
P22,2026-09-24,0.96,0.9942,0.8724,0,0,0
P22,2026-09-25,0.9622,1.0347,0.8724,0,0,0
P22,2026-09-26,0.9604,1.0891,0.8724,0,0,0
P22,2026-09-27,0.9627,1.0738,0.8724,0,0,0
P22,2026-09-28,0.9636,0.9364,0.8724,0,0,0
P22,2026-09-29,0.9676,0.9291,0.8724,0,0,0
P22,2026-09-30,0.9701,0.9959,0.8724,0,0,0
P22,2026-10-01,0.9751,0.9942,1.0,0,0,0
P22,2026-10-02,0.9748,1.0347,1.4152,0,0,0
P22,2026-10-03,0.979,1.0891,1.4152,0,0,0
P22,2026-10-04,0.9791,1.0738,1.0,0,0,0
P22,2026-10-05,0.9817,0.9364,1.0,0,0,0
P22,2026-10-06,0.9811,0.9291,1.0,0,0,0
P22,2026-10-07,0.9776,0.9959,1.0,0,0,0
P22,2026-10-08,0.9795,0.9942,1.0,0,0,0
P22,2026-10-09,0.9822,1.0347,1.4152,0,0,0
P22,2026-10-10,0.9854,1.0891,1.4152,0,0,0
P22,2026-10-11,0.9853,1.0738,1.0,0,0,0
P22,2026-10-12,0.9874,0.9364,1.0,0,0,0
P22,2026-10-13,0.9895,0.9291,1.0,0,0,0
P22,2026-10-14,0.9866,0.9959,1.0,0,0,0
P22,2026-10-15,0.9866,0.9942,1.0,0,0,0
P22,2026-10-16,0.9878,1.0347,1.4152,0,0,0
P22,2026-10-17,0.987,1.0891,1.4152,0,0,0
P22,2026-10-18,0.992,1.0738,1.0,0,0,0
P22,2026-10-19,0.9911,0.9364,1.0,0,0,0
P22,2026-10-20,0.9933,0.9291,3.0406,0,0,0
P22,2026-10-21,0.9921,0.9959,3.0406,0,0,0
P22,2026-10-22,0.992,0.9942,3.0406,0,0,0
P22,2026-10-23,0.9951,1.0347,3.0406,0,0,0
P22,2026-10-24,0.9961,1.0891,3.0406,0,0,0
P22,2026-10-25,0.9967,1.0738,3.0406,0,0,0
P22,2026-10-26,0.9943,0.9364,1.0,0,0,0
P22,2026-10-27,0.9928,0.9291,1.0,0,0,0
P22,2026-10-28,0.9931,0.9959,1.0,0,0,0
P22,2026-10-29,0.9912,0.9942,1.0,0,0,0
P22,2026-10-30,0.9897,1.0347,1.4152,0,0,0
P22,2026-10-31,0.9893,1.0891,1.4152,0,0,0
P22,2026-11-01,0.9891,1.0738,2.9911,0,0,0
P22,2026-11-02,0.9872,0.9364,2.9911,0,0,0
P22,2026-11-03,0.9864,0.9291,2.9911,0,0,0
P22,2026-11-04,0.9883,0.9959,1.0946,0,0,0
P22,2026-11-05,0.9862,0.9942,1.0946,0,0,0
P22,2026-11-06,0.9883,1.0347,1.0946,0,0,0
P22,2026-11-07,0.9843,1.0891,1.0946,0,0,0
P22,2026-11-08,0.9846,1.0738,1.0946,0,0,0
P22,2026-11-09,0.985,0.9364,1.0946,0,0,0
P22,2026-11-10,0.9833,0.9291,1.0946,0,0,0
P22,2026-11-11,0.9848,0.9959,1.0946,0,0,0
P22,2026-11-12,0.9846,0.9942,1.0946,0,0,0
P22,2026-11-13,0.9892,1.0347,1.0946,0,0,0
P22,2026-11-14,0.9872,1.0891,1.0946,0,0,0
P22,2026-11-15,0.9854,1.0738,1.0946,0,0,0
P22,2026-11-16,0.986,0.9364,1.0946,0,0,0
P22,2026-11-17,0.9864,0.9291,1.0946,0,0,0
P22,2026-11-18,0.9865,0.9959,1.0946,0,0,0
P22,2026-11-19,0.9906,0.9942,1.0946,0,0,0
P22,2026-11-20,0.9896,1.0347,1.0946,0,0,0
P22,2026-11-21,0.9841,1.0891,1.0946,0,0,0
P22,2026-11-22,0.9806,1.0738,1.0946,0,0,0
P22,2026-11-23,0.9815,0.9364,1.0946,0,0,0
P22,2026-11-24,0.9845,0.9291,1.0946,0,0,0
P22,2026-11-25,0.9814,0.9959,1.0946,0,0,0
P22,2026-11-26,0.9778,0.9942,1.0946,0,0,0
P22,2026-11-27,0.9767,1.0347,1.0946,0,0,0
P22,2026-11-28,0.9747,1.0891,1.0946,0,0,0
P22,2026-11-29,0.9709,1.0738,1.0946,0,0,0
P22,2026-11-30,0.9677,0.9364,1.0946,0,0,0
P22,2026-12-01,0.9633,0.9291,1.0946,0,0,0
P22,2026-12-02,0.9607,0.9959,1.0946,0,0,0
P22,2026-12-03,0.9568,0.9942,1.0946,0,0,0
P22,2026-12-04,0.956,1.0347,1.0946,0,0,0
P22,2026-12-05,0.958,1.0891,1.0946,0,0,0
P22,2026-12-06,0.961,1.0738,1.0946,0,0,0
P22,2026-12-07,0.9626,0.9364,1.0946,0,0,0
P22,2026-12-08,0.9641,0.9291,1.0946,0,0,0
P22,2026-12-09,0.9643,0.9959,1.0946,0,0,0
P22,2026-12-10,0.965,0.9942,1.0946,0,0,0
P22,2026-12-11,0.9659,1.0347,1.0946,0,0,0
P22,2026-12-12,0.9652,1.0891,1.0946,0,0,0
P22,2026-12-13,0.9654,1.0738,1.0946,0,0,0
P22,2026-12-14,0.9581,0.9364,1.0946,0,0,0
P22,2026-12-15,0.9576,0.9291,1.0946,0,0,0
P22,2026-12-16,0.9544,0.9959,1.0946,0,0,0
P22,2026-12-17,0.9588,0.9942,1.0946,0,0,0
P22,2026-12-18,0.9636,1.0347,1.0946,0,0,0
P22,2026-12-19,0.9677,1.0891,1.0946,0,0,0
P22,2026-12-20,0.9691,1.0738,1.0946,0,0,0
P22,2026-12-21,0.9676,0.9364,1.0946,0,0,0
P22,2026-12-22,0.9686,0.9291,1.0946,0,0,0
P22,2026-12-23,0.9663,0.9959,1.0946,0,0,0
P22,2026-12-24,0.9618,0.9942,1.0946,0,0,0
P22,2026-12-25,0.9637,1.0347,1.0946,0,0,0
P22,2026-12-26,0.9636,1.0891,1.0946,0,0,0
P22,2026-12-27,0.9637,1.0738,1.0946,0,0,0
P22,2026-12-28,0.9565,0.9364,1.0946,0,0,0
P22,2026-12-29,0.9537,0.9291,1.0946,0,0,0
P22,2026-12-30,0.9517,0.9959,1.0946,0,0,0
P22,2026-12-31,0.9549,0.9942,1.0946,0,0,0
P22,2027-01-01,0.9561,1.0347,0.9847,0,0,0
P22,2027-01-02,0.9576,1.0891,1.0946,0,0,0
P22,2027-01-03,0.954,1.0738,1.0946,0,0,0
P22,2027-01-04,0.9531,0.9364,1.0946,0,0,0
P22,2027-01-05,0.9519,0.9291,1.0946,0,0,0
P22,2027-01-06,0.9499,0.9959,1.0946,0,0,0
P22,2027-01-07,0.9478,0.9942,1.0946,0,0,0
P22,2027-01-08,0.9443,1.0347,1.0946,0,0,0
P22,2027-01-09,0.9436,1.0891,1.0946,0,0,0
P22,2027-01-10,0.9391,1.0738,1.0946,0,0,0
P22,2027-01-11,0.9376,0.9364,1.0946,0,0,0
P22,2027-01-12,0.938,0.9291,1.0946,0,0,0
P22,2027-01-13,0.9355,0.9959,2.1716,0,0,0
P22,2027-01-14,0.9312,0.9942,2.1716,0,0,0
P22,2027-01-15,0.93,1.0347,2.1716,0,0,0
P22,2027-01-16,0.9242,1.0891,2.1716,0,0,0
P22,2027-01-17,0.9241,1.0738,1.0946,0,0,0
P22,2027-01-18,0.9231,0.9364,1.0946,0,0,0
P22,2027-01-19,0.9238,0.9291,1.0946,0,0,0
P22,2027-01-20,0.9227,0.9959,1.0946,0,0,0
P22,2027-01-21,0.9223,0.9942,1.0946,0,0,0
P22,2027-01-22,0.9202,1.0347,1.0946,0,0,0
P22,2027-01-23,0.9193,1.0891,1.0946,0,0,0
P22,2027-01-24,0.9183,1.0738,1.0946,0,0,0
P22,2027-01-25,0.9199,0.9364,1.0946,0,0,0
P22,2027-01-26,0.9173,0.9291,0.9847,0,0,0
P22,2027-01-27,0.9142,0.9959,1.0946,0,0,0
P22,2027-01-28,0.9117,0.9942,1.0946,0,0,0
P22,2027-01-29,0.9085,1.0347,1.0946,0,0,0
P22,2027-01-30,0.9012,1.0891,1.0946,0,0,0
P22,2027-01-31,0.9042,1.0738,1.0946,0,0,0
P22,2027-02-01,0.9021,0.9364,1.0946,0,0,0
P22,2027-02-02,0.9018,0.9291,1.0946,0,0,0
P22,2027-02-03,0.9021,0.9959,1.0946,0,0,0
P22,2027-02-04,0.8972,0.9942,1.0946,0,0,0
P22,2027-02-05,0.9005,1.0347,1.0946,0,0,0
P22,2027-02-06,0.8998,1.0891,1.0946,0,0,0
P22,2027-02-07,0.8996,1.0738,1.0946,0,0,0
P22,2027-02-08,0.9006,0.9364,1.0946,0,0,0
P22,2027-02-09,0.8987,0.9291,1.0946,0,0,0
P22,2027-02-10,0.9018,0.9959,1.0946,0,0,0
P22,2027-02-11,0.8953,0.9942,1.0946,0,0,0
P22,2027-02-12,0.8954,1.0347,1.0946,0,0,0
P22,2027-02-13,0.8979,1.0891,1.0946,0,0,0
P22,2027-02-14,0.8973,1.0738,1.0946,0,0,0
P22,2027-02-15,0.8989,0.9364,1.0946,0,0,0
P22,2027-02-16,0.9007,0.9291,1.0946,0,0,0
P22,2027-02-17,0.8987,0.9959,1.0946,0,0,0
P22,2027-02-18,0.8966,0.9942,1.0946,0,0,0
P22,2027-02-19,0.899,1.0347,1.0946,0,0,0
P22,2027-02-20,0.8972,1.0891,1.0946,0,0,0
P22,2027-02-21,0.8932,1.0738,1.0946,0,0,0
P22,2027-02-22,0.8939,0.9364,1.0946,0,0,0
P22,2027-02-23,0.8952,0.9291,1.0946,0,0,0
P22,2027-02-24,0.8953,0.9959,1.0946,0,0,0
P22,2027-02-25,0.8947,0.9942,1.0946,0,0,0
P22,2027-02-26,0.8941,1.0347,1.0946,0,0,0
P22,2027-02-27,0.8956,1.0891,1.0946,0,0,0
P22,2027-02-28,0.8979,1.0738,1.0946,0,0,0
P22,2027-03-01,0.903,0.9364,1.2276,0,0,0
P22,2027-03-02,0.9066,0.9291,1.2276,0,0,0
P22,2027-03-03,0.9108,0.9959,1.2276,0,0,0
P22,2027-03-04,0.9125,0.9942,1.2276,0,0,0
P22,2027-03-05,0.9129,1.0347,1.7373,0,0,0
P22,2027-03-06,0.9174,1.0891,1.7373,0,0,0
P22,2027-03-07,0.9167,1.0738,1.2276,0,0,0
P22,2027-03-08,0.9203,0.9364,1.2276,0,0,0
P22,2027-03-09,0.9199,0.9291,1.2276,0,0,0
P22,2027-03-10,0.9235,0.9959,1.2276,0,0,0
P22,2027-03-11,0.9205,0.9942,1.2276,0,0,0
P22,2027-03-12,0.9197,1.0347,1.7373,0,0,0
P22,2027-03-13,0.9201,1.0891,1.7373,0,0,0
P22,2027-03-14,0.9255,1.0738,1.2276,0,0,0
P22,2027-03-15,0.931,0.9364,1.2276,0,0,0
P22,2027-03-16,0.9329,0.9291,1.2276,0,0,0
P22,2027-03-17,0.9297,0.9959,1.2276,0,0,0
P22,2027-03-18,0.927,0.9942,1.2276,0,0,0
P22,2027-03-19,0.9227,1.0347,1.7373,0,0,0
P22,2027-03-20,0.9253,1.0891,1.7373,0,0,0
P22,2027-03-21,0.9248,1.0738,1.2276,0,0,0
P22,2027-03-22,0.9222,0.9364,1.2276,0,0,0
P22,2027-03-23,0.9215,0.9291,1.2276,0,0,0
P22,2027-03-24,0.9281,0.9959,1.2276,0,0,0
P22,2027-03-25,0.927,0.9942,1.2276,0,0,0
P22,2027-03-26,0.9229,1.0347,1.7373,0,0,0
P22,2027-03-27,0.9198,1.0891,1.7373,0,0,0
P22,2027-03-28,0.9252,1.0738,1.2276,0,0,0
P22,2027-03-29,0.9245,0.9364,1.2276,0,0,0
P22,2027-03-30,0.9251,0.9291,1.2276,0,0,0
P22,2027-03-31,0.9273,0.9959,1.2276,0,0,0
P22,2027-04-01,0.9249,0.9942,1.2276,0,0,0
P22,2027-04-02,0.9226,1.0347,1.2276,0,0,0
P22,2027-04-03,0.9259,1.0891,1.825,0,0,0
P22,2027-04-04,0.9281,1.0738,1.825,0,0,0
P22,2027-04-05,0.9299,0.9364,1.2276,0,0,0
P22,2027-04-06,0.93,0.9291,1.2276,0,0,0
P22,2027-04-07,0.9306,0.9959,1.2276,0,0,0
P22,2027-04-08,0.929,0.9942,1.2276,0,0,0
P22,2027-04-09,0.9291,1.0347,1.2276,0,0,0
P22,2027-04-10,0.9298,1.0891,1.825,0,0,0
P22,2027-04-11,0.93,1.0738,1.825,0,0,0
P22,2027-04-12,0.9339,0.9364,1.2276,0,0,0
P22,2027-04-13,0.9359,0.9291,1.2276,0,0,0
P22,2027-04-14,0.9351,0.9959,1.2276,0,0,0
P22,2027-04-15,0.9328,0.9942,1.2276,0,0,0
P22,2027-04-16,0.9341,1.0347,1.2276,0,0,0
P22,2027-04-17,0.9372,1.0891,1.825,0,0,0
P22,2027-04-18,0.9393,1.0738,1.825,0,0,0
P22,2027-04-19,0.939,0.9364,1.2276,0,0,0
P22,2027-04-20,0.9406,0.9291,1.2276,0,0,0
P22,2027-04-21,0.9414,0.9959,1.2276,0,0,0
P22,2027-04-22,0.9405,0.9942,1.2276,0,0,0
P22,2027-04-23,0.9416,1.0347,1.2276,0,0,0
P22,2027-04-24,0.9489,1.0891,1.825,0,0,0
P22,2027-04-25,0.9483,1.0738,1.825,0,0,0
P22,2027-04-26,0.9507,0.9364,1.2276,0,0,0
P22,2027-04-27,0.952,0.9291,1.2276,0,0,0
P22,2027-04-28,0.9552,0.9959,1.2276,0,0,0
P22,2027-04-29,0.9578,0.9942,1.2276,0,0,0
P22,2027-04-30,0.9635,1.0347,1.2276,0,0,0
P22,2027-05-01,0.9609,1.0891,1.825,0,0,0
P22,2027-05-02,0.965,1.0738,1.825,0,0,0
P22,2027-05-03,0.9655,0.9364,1.2276,0,0,0
P22,2027-05-04,0.9656,0.9291,1.2276,0,0,0
P22,2027-05-05,0.9683,0.9959,1.2276,0,0,0
P22,2027-05-06,0.9654,0.9942,1.2276,0,0,0
P22,2027-05-07,0.966,1.0347,1.2276,0,0,0
P22,2027-05-08,0.9696,1.0891,1.825,0,0,0
P22,2027-05-09,0.9704,1.0738,1.825,0,0,0
P22,2027-05-10,0.9694,0.9364,1.2276,0,0,0
P22,2027-05-11,0.9706,0.9291,1.2276,0,0,0
P22,2027-05-12,0.9717,0.9959,1.2276,0,0,0
P22,2027-05-13,0.9708,0.9942,1.2276,0,0,0
P22,2027-05-14,0.9699,1.0347,1.2276,0,0,0
P22,2027-05-15,0.9675,1.0891,1.825,0,0,0
P22,2027-05-16,0.967,1.0738,1.825,0,0,0
P22,2027-05-17,0.9684,0.9364,1.2276,0,0,0
P22,2027-05-18,0.9699,0.9291,1.2276,0,0,0
P22,2027-05-19,0.9727,0.9959,1.2276,0,0,0
P22,2027-05-20,0.9731,0.9942,1.2276,0,0,0
P22,2027-05-21,0.9802,1.0347,1.2276,0,0,0
P22,2027-05-22,0.983,1.0891,1.825,0,0,0
P22,2027-05-23,0.9836,1.0738,1.825,0,0,0
P22,2027-05-24,0.9858,0.9364,1.2276,0,0,0
P22,2027-05-25,0.9878,0.9291,1.2276,0,0,0
P22,2027-05-26,0.9879,0.9959,1.2276,0,0,0
P22,2027-05-27,0.989,0.9942,1.2276,0,0,0
P22,2027-05-28,0.9855,1.0347,1.2276,0,0,0
P22,2027-05-29,0.9866,1.0891,1.825,0,0,0
P22,2027-05-30,0.9861,1.0738,1.825,0,0,0
P22,2027-05-31,0.9848,0.9364,1.2276,0,0,0
P22,2027-06-01,0.9848,0.9291,1.2276,0,0,0
P22,2027-06-02,0.9843,0.9959,1.2276,0,0,0
P22,2027-06-03,0.986,0.9942,1.2276,0,0,0
P22,2027-06-04,0.9862,1.0347,1.2276,0,0,0
P22,2027-06-05,0.9921,1.0891,1.2276,0,0,0
P22,2027-06-06,0.998,1.0738,1.2276,0,0,0
P22,2027-06-07,1.0019,0.9364,1.2276,0,0,0
P22,2027-06-08,0.9984,0.9291,1.2276,0,0,0
P22,2027-06-09,1.0003,0.9959,1.2276,0,0,0
P22,2027-06-10,1.0018,0.9942,1.2276,0,0,0
P22,2027-06-11,0.9983,1.0347,1.2276,0,0,0
P22,2027-06-12,0.9952,1.0891,1.2276,0,0,0
P22,2027-06-13,0.9885,1.0738,1.2276,0,0,0
P22,2027-06-14,0.9935,0.9364,1.2276,0,0,0
P22,2027-06-15,0.9984,0.9291,1.2276,0,0,0
P22,2027-06-16,1.0018,0.9959,1.2276,0,0,0
P22,2027-06-17,1.0096,0.9942,1.2276,0,0,0
P22,2027-06-18,1.0062,1.0347,1.2276,0,0,0
P22,2027-06-19,1.0064,1.0891,1.2276,0,0,0
P22,2027-06-20,1.0074,1.0738,1.2276,0,0,0
P22,2027-06-21,1.0087,0.9364,1.2276,0,0,0
P22,2027-06-22,1.0059,0.9291,1.2276,0,0,0
P22,2027-06-23,1.0058,0.9959,1.2276,0,0,0
P22,2027-06-24,1.0095,0.9942,1.2276,0,0,0
P22,2027-06-25,1.0155,1.0347,1.2276,0,0,0
P22,2027-06-26,1.0143,1.0891,1.2276,0,0,0
P22,2027-06-27,1.0137,1.0738,1.2276,0,0,0
P22,2027-06-28,1.0184,0.9364,1.2276,0,0,0
P22,2027-06-29,1.0206,0.9291,1.2276,0,0,0
P22,2027-06-30,1.0264,0.9959,1.2276,0,0,0
P22,2027-07-01,1.0327,0.9942,0.8724,0,0,0
P22,2027-07-02,1.033,1.0347,1.2346,0,0,0
P22,2027-07-03,1.0306,1.0891,1.2346,0,0,0
P22,2027-07-04,1.03,1.0738,0.8724,0,0,0
P22,2027-07-05,1.0319,0.9364,0.8724,0,0,0
P22,2027-07-06,1.0353,0.9291,0.8724,0,0,0
P22,2027-07-07,1.0387,0.9959,0.8724,0,0,0
P22,2027-07-08,1.0398,0.9942,0.8724,0,0,0
P22,2027-07-09,1.0413,1.0347,1.2346,0,0,0
P22,2027-07-10,1.0473,1.0891,1.2346,0,0,0
P22,2027-07-11,1.0456,1.0738,0.8724,0,0,0
P22,2027-07-12,1.0445,0.9364,0.8724,0,0,0
P22,2027-07-13,1.047,0.9291,0.8724,0,0,0
P22,2027-07-14,1.05,0.9959,0.8724,0,0,0
P22,2027-07-15,1.0514,0.9942,0.8724,0,0,0
P22,2027-07-16,1.0471,1.0347,1.2346,0,0,0
P22,2027-07-17,1.0478,1.0891,1.2346,0,0,0
P22,2027-07-18,1.0492,1.0738,0.8724,0,0,0
P22,2027-07-19,1.0493,0.9364,0.8724,0,0,0
P22,2027-07-20,1.0553,0.9291,0.8724,0,0,0
P22,2027-07-21,1.0578,0.9959,0.8724,0,0,0
P22,2027-07-22,1.0578,0.9942,0.8724,0,0,0
P22,2027-07-23,1.0527,1.0347,1.2346,0,0,0
P22,2027-07-24,1.0528,1.0891,1.2346,0,0,0
P22,2027-07-25,1.0521,1.0738,0.8724,0,0,0
P22,2027-07-26,1.0554,0.9364,0.8724,0,0,0
P22,2027-07-27,1.058,0.9291,0.8724,0,0,0
P22,2027-07-28,1.0593,0.9959,0.8724,0,0,0
P22,2027-07-29,1.0568,0.9942,0.8724,0,0,0
P22,2027-07-30,1.0609,1.0347,1.2346,0,0,0
P22,2027-07-31,1.0602,1.0891,1.2346,0,0,0
P22,2027-08-01,1.0601,1.0738,0.8724,0,0,0
P22,2027-08-02,1.062,0.9364,0.8724,0,0,0
P22,2027-08-03,1.0653,0.9291,0.8724,0,0,0
P22,2027-08-04,1.0669,0.9959,0.8724,0,0,0
P22,2027-08-05,1.0675,0.9942,0.8724,0,0,0
P22,2027-08-06,1.0643,1.0347,0.8724,0,0,0
P22,2027-08-07,1.0642,1.0891,0.8724,0,0,0
P22,2027-08-08,1.0683,1.0738,0.8724,0,0,0
P22,2027-08-09,1.0627,0.9364,0.8724,0,0,0
P22,2027-08-10,1.0632,0.9291,0.8724,0,0,0
P22,2027-08-11,1.0646,0.9959,0.8724,0,0,0
P22,2027-08-12,1.0637,0.9942,0.8724,0,0,0
P22,2027-08-13,1.0596,1.0347,0.8724,0,0,0
P22,2027-08-14,1.0583,1.0891,0.8724,0,0,0
P22,2027-08-15,1.0553,1.0738,1.4749,0,0,0
P22,2027-08-16,1.0534,0.9364,1.4749,0,0,0
P22,2027-08-17,1.0584,0.9291,1.4749,0,0,0
P22,2027-08-18,1.0557,0.9959,0.8724,0,0,0
P22,2027-08-19,1.0508,0.9942,0.8724,0,0,0
P22,2027-08-20,1.055,1.0347,0.8724,0,0,0
P22,2027-08-21,1.0537,1.0891,0.8724,0,0,0
P22,2027-08-22,1.0544,1.0738,0.8724,0,0,0
P22,2027-08-23,1.0517,0.9364,0.8724,0,0,0
P22,2027-08-24,1.0528,0.9291,0.8724,0,0,0
P22,2027-08-25,1.0542,0.9959,0.8724,0,0,0
P22,2027-08-26,1.0589,0.9942,0.8724,0,0,0
P22,2027-08-27,1.06,1.0347,0.8724,0,0,0
P22,2027-08-28,1.0589,1.0891,0.8724,0,0,0
P22,2027-08-29,1.0569,1.0738,0.8724,0,0,0
P22,2027-08-30,1.061,0.9364,0.8724,0,0,0
P22,2027-08-31,1.0647,0.9291,0.8724,0,0,0
P22,2027-09-01,1.0643,0.9959,0.8724,0,0,0
P22,2027-09-02,1.058,0.9942,0.8724,0,0,0
P22,2027-09-03,1.0575,1.0347,0.8724,0,0,0
P22,2027-09-04,1.0512,1.0891,0.8724,0,0,0
P22,2027-09-05,1.0496,1.0738,0.8724,0,0,0
P22,2027-09-06,1.0492,0.9364,0.8724,0,0,0
P22,2027-09-07,1.0455,0.9291,0.8724,0,0,0
P22,2027-09-08,1.0435,0.9959,0.8724,0,0,0
P22,2027-09-09,1.0454,0.9942,0.8724,0,0,0
P22,2027-09-10,1.0424,1.0347,0.8724,0,0,0
P22,2027-09-11,1.0406,1.0891,0.8724,0,0,0
P22,2027-09-12,1.0354,1.0738,0.8724,0,0,0
P22,2027-09-13,1.0325,0.9364,0.8724,0,0,0
P22,2027-09-14,1.0311,0.9291,0.8724,0,0,0
P22,2027-09-15,1.0268,0.9959,0.8724,0,0,0
P22,2027-09-16,1.0274,0.9942,0.8724,0,0,0
P22,2027-09-17,1.0285,1.0347,0.8724,0,0,0
P22,2027-09-18,1.0267,1.0891,0.8724,0,0,0
P22,2027-09-19,1.0232,1.0738,0.8724,0,0,0
P22,2027-09-20,1.0189,0.9364,0.8724,0,0,0
P22,2027-09-21,1.02,0.9291,0.8724,0,0,0
P22,2027-09-22,1.0172,0.9959,0.8724,0,0,0
P22,2027-09-23,1.0183,0.9942,0.8724,0,0,0
P22,2027-09-24,1.0217,1.0347,0.8724,0,0,0
P22,2027-09-25,1.0242,1.0891,0.8724,0,0,0
P22,2027-09-26,1.0184,1.0738,0.8724,0,0,0
P22,2027-09-27,1.0148,0.9364,0.8724,0,0,0
P22,2027-09-28,1.0107,0.9291,0.8724,0,0,0
P22,2027-09-29,1.0059,0.9959,0.8724,0,0,0
P22,2027-09-30,1.0073,0.9942,0.8724,0,0,0
P22,2027-10-01,1.0064,1.0347,1.4152,0,0,0
P22,2027-10-02,1.0075,1.0891,1.4152,0,0,0
P22,2027-10-03,1.0062,1.0738,1.0,0,0,0
P22,2027-10-04,1.0038,0.9364,1.0,0,0,0
P22,2027-10-05,1.0032,0.9291,1.0,0,0,0
P22,2027-10-06,0.9995,0.9959,1.0,0,0,0
P22,2027-10-07,0.9982,0.9942,1.0,0,0,0
P22,2027-10-08,0.9964,1.0347,1.4152,0,0,0
P22,2027-10-09,0.9931,1.0891,1.4152,0,0,0
P22,2027-10-10,0.9915,1.0738,1.0,0,0,0
P22,2027-10-11,0.9937,0.9364,1.0,0,0,0
P22,2027-10-12,0.9899,0.9291,1.0,0,0,0
P22,2027-10-13,0.9868,0.9959,1.0,0,0,0
P22,2027-10-14,0.989,0.9942,1.0,0,0,0
P22,2027-10-15,0.9865,1.0347,1.4152,0,0,0
P22,2027-10-16,0.9911,1.0891,1.4152,0,0,0
P22,2027-10-17,0.9901,1.0738,1.0,0,0,0
P22,2027-10-18,0.9845,0.9364,1.0,0,0,0
P22,2027-10-19,0.9881,0.9291,1.0,0,0,0
P22,2027-10-20,0.9872,0.9959,3.0406,0,0,0
P22,2027-10-21,0.9864,0.9942,3.0406,0,0,0
P22,2027-10-22,0.9864,1.0347,3.0406,0,0,0
P22,2027-10-23,0.9836,1.0891,3.0406,0,0,0
P22,2027-10-24,0.984,1.0738,3.0406,0,0,0
P22,2027-10-25,0.9806,0.9364,3.0406,0,0,0
P22,2027-10-26,0.9787,0.9291,1.0,0,0,0
P22,2027-10-27,0.9793,0.9959,1.0,0,0,0
P22,2027-10-28,0.9772,0.9942,1.0,0,0,0
P22,2027-10-29,0.9784,1.0347,1.4152,0,0,0
P22,2027-10-30,0.977,1.0891,1.4152,0,0,0
P22,2027-10-31,0.9779,1.0738,1.0,0,0,0
P22,2027-11-01,0.9745,0.9364,2.9911,0,0,0
P22,2027-11-02,0.9727,0.9291,2.9911,0,0,0
P22,2027-11-03,0.9699,0.9959,2.9911,0,0,0
P22,2027-11-04,0.9709,0.9942,1.0946,0,0,0
P22,2027-11-05,0.9684,1.0347,1.0946,0,0,0
P22,2027-11-06,0.9638,1.0891,1.0946,0,0,0
P22,2027-11-07,0.9674,1.0738,1.0946,0,0,0
P22,2027-11-08,0.9651,0.9364,1.0946,0,0,0
P22,2027-11-09,0.9611,0.9291,1.0946,0,0,0
P22,2027-11-10,0.9631,0.9959,1.0946,0,0,0
P22,2027-11-11,0.9671,0.9942,1.0946,0,0,0
P22,2027-11-12,0.9688,1.0347,1.0946,0,0,0
P22,2027-11-13,0.9702,1.0891,1.0946,0,0,0
P22,2027-11-14,0.9684,1.0738,1.0946,0,0,0
P22,2027-11-15,0.962,0.9364,1.0946,0,0,0
P22,2027-11-16,0.9626,0.9291,1.0946,0,0,0
P22,2027-11-17,0.9654,0.9959,1.0946,0,0,0
P22,2027-11-18,0.9611,0.9942,1.0946,0,0,0
P22,2027-11-19,0.961,1.0347,1.0946,0,0,0
P22,2027-11-20,0.9597,1.0891,1.0946,0,0,0
P22,2027-11-21,0.9602,1.0738,1.0946,0,0,0
P22,2027-11-22,0.9604,0.9364,1.0946,0,0,0
P22,2027-11-23,0.9601,0.9291,1.0946,0,0,0
P22,2027-11-24,0.959,0.9959,1.0946,0,0,0
P22,2027-11-25,0.9563,0.9942,1.0946,0,0,0
P22,2027-11-26,0.9577,1.0347,1.0946,0,0,0
P22,2027-11-27,0.9613,1.0891,1.0946,0,0,0
P22,2027-11-28,0.9559,1.0738,1.0946,0,0,0
P22,2027-11-29,0.953,0.9364,1.0946,0,0,0
P22,2027-11-30,0.9536,0.9291,1.0946,0,0,0
P22,2027-12-01,0.9559,0.9959,1.0946,0,0,0
P22,2027-12-02,0.9529,0.9942,1.0946,0,0,0
P22,2027-12-03,0.9514,1.0347,1.0946,0,0,0
P22,2027-12-04,0.9497,1.0891,1.0946,0,0,0
P22,2027-12-05,0.9526,1.0738,1.0946,0,0,0
P22,2027-12-06,0.9558,0.9364,1.0946,0,0,0
P22,2027-12-07,0.9586,0.9291,1.0946,0,0,0
P22,2027-12-08,0.9604,0.9959,1.0946,0,0,0
P22,2027-12-09,0.9647,0.9942,1.0946,0,0,0
P22,2027-12-10,0.9691,1.0347,1.0946,0,0,0
P22,2027-12-11,0.9708,1.0891,1.0946,0,0,0
P22,2027-12-12,0.9685,1.0738,1.0946,0,0,0
P22,2027-12-13,0.9697,0.9364,1.0946,0,0,0
P22,2027-12-14,0.9708,0.9291,1.0946,0,0,0
P22,2027-12-15,0.9698,0.9959,1.0946,0,0,0
P22,2027-12-16,0.9682,0.9942,1.0946,0,0,0
P22,2027-12-17,0.9719,1.0347,1.0946,0,0,0
P22,2027-12-18,0.9782,1.0891,1.0946,0,0,0
P22,2027-12-19,0.9853,1.0738,1.0946,0,0,0
P22,2027-12-20,0.986,0.9364,1.0946,0,0,0
P22,2027-12-21,0.9888,0.9291,1.0946,0,0,0
P22,2027-12-22,0.9839,0.9959,1.0946,0,0,0
P22,2027-12-23,0.9785,0.9942,1.0946,0,0,0
P22,2027-12-24,0.9796,1.0347,1.0946,0,0,0
P22,2027-12-25,0.9818,1.0891,1.0946,0,0,0
P22,2027-12-26,0.9809,1.0738,1.0946,0,0,0
P22,2027-12-27,0.9811,0.9364,1.0946,0,0,0
P22,2027-12-28,0.9847,0.9291,1.0946,0,0,0
P22,2027-12-29,0.9805,0.9959,1.0946,0,0,0
P22,2027-12-30,0.9859,0.9942,1.0946,0,0,0
P22,2027-12-31,0.9874,1.0347,1.0946,0,0,0
P23,2026-09-10,0.5621,0.9993,1.0172,0,0,0
P23,2026-09-11,0.564,1.0624,1.0172,0,0,0
P23,2026-09-12,0.5675,1.1291,1.0172,0,0,0
P23,2026-09-13,0.572,1.0553,1.0172,0,0,0
P23,2026-09-14,0.5798,0.9286,1.0172,0,0,0
P23,2026-09-15,0.5887,0.9434,1.0172,0,0,0
P23,2026-09-16,0.587,0.9548,1.0172,0,0,0
P23,2026-09-17,0.5886,0.9993,1.0172,0,0,0
P23,2026-09-18,0.5907,1.0624,1.0172,0,0,0
P23,2026-09-19,0.5887,1.1291,1.0172,0,0,0
P23,2026-09-20,0.5901,1.0553,1.0172,0,0,0
P23,2026-09-21,0.5945,0.9286,1.0172,0,0,0
P23,2026-09-22,0.5955,0.9434,1.0172,0,0,0
P23,2026-09-23,0.5946,0.9548,1.0172,0,0,0
P23,2026-09-24,0.5965,0.9993,1.0172,0,0,0
P23,2026-09-25,0.6017,1.0624,1.0172,0,0,0
P23,2026-09-26,0.6059,1.1291,1.0172,0,0,0
P23,2026-09-27,0.6077,1.0553,1.0172,0,0,0
P23,2026-09-28,0.613,0.9286,1.0172,0,0,0
P23,2026-09-29,0.6198,0.9434,1.0172,0,0,0
P23,2026-09-30,0.6221,0.9548,1.0172,0,0,0
P23,2026-10-01,0.6264,0.9993,1.0,0,0,0
P23,2026-10-02,0.6284,1.0624,1.3793,0,0,0
P23,2026-10-03,0.6321,1.1291,1.3793,0,0,0
P23,2026-10-04,0.6358,1.0553,1.0,0,0,0
P23,2026-10-05,0.6377,0.9286,1.0,0,0,0
P23,2026-10-06,0.6423,0.9434,1.0,0,0,0
P23,2026-10-07,0.6473,0.9548,1.0,0,0,0
P23,2026-10-08,0.6506,0.9993,1.0,0,0,0
P23,2026-10-09,0.6526,1.0624,1.3793,0,0,0
P23,2026-10-10,0.655,1.1291,1.3793,0,0,0
P23,2026-10-11,0.6584,1.0553,1.0,0,0,0
P23,2026-10-12,0.6615,0.9286,1.0,0,0,0
P23,2026-10-13,0.6641,0.9434,1.0,0,0,0
P23,2026-10-14,0.6657,0.9548,1.0,0,0,0
P23,2026-10-15,0.6696,0.9993,1.0,0,0,0
P23,2026-10-16,0.6755,1.0624,1.3793,0,0,0
P23,2026-10-17,0.6758,1.1291,1.3793,0,0,0
P23,2026-10-18,0.6792,1.0553,1.0,0,0,0
P23,2026-10-19,0.681,0.9286,1.0,0,0,0
P23,2026-10-20,0.6836,0.9434,2.4329,0,0,0
P23,2026-10-21,0.6882,0.9548,2.4329,0,0,0
P23,2026-10-22,0.6914,0.9993,2.4329,0,0,0
P23,2026-10-23,0.6956,1.0624,2.4329,0,0,0
P23,2026-10-24,0.6952,1.1291,2.4329,0,0,0
P23,2026-10-25,0.6957,1.0553,2.4329,0,0,0
P23,2026-10-26,0.6998,0.9286,1.0,0,0,0
P23,2026-10-27,0.706,0.9434,1.0,0,0,0
P23,2026-10-28,0.7144,0.9548,1.0,0,0,0
P23,2026-10-29,0.7228,0.9993,1.0,0,0,0
P23,2026-10-30,0.7279,1.0624,1.3793,0,0,0
P23,2026-10-31,0.7324,1.1291,1.3793,0,0,0
P23,2026-11-01,0.737,1.0553,2.5655,0,0,0
P23,2026-11-02,0.7408,0.9286,2.5655,0,0,0
P23,2026-11-03,0.7468,0.9434,2.5655,0,0,0
P23,2026-11-04,0.7533,0.9548,1.0622,0,0,0
P23,2026-11-05,0.7555,0.9993,1.0622,0,0,0
P23,2026-11-06,0.7595,1.0624,1.0622,0,0,0
P23,2026-11-07,0.7668,1.1291,1.0622,0,0,0
P23,2026-11-08,0.7729,1.0553,1.0622,0,0,0
P23,2026-11-09,0.7753,0.9286,1.0622,0,0,0
P23,2026-11-10,0.7818,0.9434,1.0622,0,0,0
P23,2026-11-11,0.7868,0.9548,1.0622,0,0,0
P23,2026-11-12,0.7938,0.9993,1.0622,0,0,0
P23,2026-11-13,0.796,1.0624,1.0622,0,0,0
P23,2026-11-14,0.8035,1.1291,1.0622,0,0,0
P23,2026-11-15,0.8064,1.0553,1.0622,0,0,0
P23,2026-11-16,0.8108,0.9286,1.0622,0,0,0
P23,2026-11-17,0.8172,0.9434,1.0622,0,0,0
P23,2026-11-18,0.8209,0.9548,1.0622,0,0,0
P23,2026-11-19,0.8251,0.9993,1.0622,0,0,0
P23,2026-11-20,0.8301,1.0624,1.0622,0,0,0
P23,2026-11-21,0.8362,1.1291,1.0622,0,0,0
P23,2026-11-22,0.8415,1.0553,1.0622,0,0,0
P23,2026-11-23,0.8411,0.9286,1.0622,0,0,0
P23,2026-11-24,0.8468,0.9434,1.0622,0,0,0
P23,2026-11-25,0.8551,0.9548,1.0622,0,0,0
P23,2026-11-26,0.859,0.9993,1.0622,0,0,0
P23,2026-11-27,0.862,1.0624,1.0622,0,0,0
P23,2026-11-28,0.8656,1.1291,1.0622,0,0,0
P23,2026-11-29,0.8672,1.0553,1.0622,0,0,0
P23,2026-11-30,0.8666,0.9286,1.0622,0,0,0
P23,2026-12-01,0.869,0.9434,1.0622,0,0,0
P23,2026-12-02,0.8696,0.9548,1.0622,0,0,0
P23,2026-12-03,0.8716,0.9993,1.0622,0,0,0
P23,2026-12-04,0.8762,1.0624,1.0622,0,0,0
P23,2026-12-05,0.8797,1.1291,1.0622,0,0,0
P23,2026-12-06,0.8821,1.0553,1.0622,0,0,0
P23,2026-12-07,0.8874,0.9286,1.0622,0,0,0
P23,2026-12-08,0.8908,0.9434,1.0622,0,0,0
P23,2026-12-09,0.895,0.9548,1.0622,0,0,0
P23,2026-12-10,0.9001,0.9993,1.0622,0,0,0
P23,2026-12-11,0.9004,1.0624,1.0622,0,0,0
P23,2026-12-12,0.9027,1.1291,1.0622,0,0,0
P23,2026-12-13,0.9027,1.0553,1.0622,0,0,0
P23,2026-12-14,0.9018,0.9286,1.0622,0,0,0
P23,2026-12-15,0.9055,0.9434,1.0622,0,0,0
P23,2026-12-16,0.912,0.9548,1.0622,0,0,0
P23,2026-12-17,0.9129,0.9993,1.0622,0,0,0
P23,2026-12-18,0.9157,1.0624,1.0622,0,0,0
P23,2026-12-19,0.922,1.1291,1.0622,0,0,0
P23,2026-12-20,0.9221,1.0553,1.0622,0,0,0
P23,2026-12-21,0.927,0.9286,1.0622,0,0,0
P23,2026-12-22,0.9308,0.9434,1.0622,0,0,0
P23,2026-12-23,0.9351,0.9548,1.0622,0,0,0
P23,2026-12-24,0.9337,0.9993,1.0622,0,0,0
P23,2026-12-25,0.9345,1.0624,1.0622,0,0,0
P23,2026-12-26,0.9378,1.1291,1.0622,0,0,0
P23,2026-12-27,0.9389,1.0553,1.0622,0,0,0
P23,2026-12-28,0.9361,0.9286,1.0622,0,0,0
P23,2026-12-29,0.9396,0.9434,1.0622,0,0,0
P23,2026-12-30,0.9413,0.9548,1.0622,0,0,0
P23,2026-12-31,0.9423,0.9993,1.0622,0,0,0
P23,2027-01-01,0.9425,1.0624,0.9446,0,0,0
P23,2027-01-02,0.9424,1.1291,1.0622,0,0,0
P23,2027-01-03,0.9437,1.0553,1.0622,0,0,0
P23,2027-01-04,0.942,0.9286,1.0622,0,0,0
P23,2027-01-05,0.9411,0.9434,1.0622,0,0,0
P23,2027-01-06,0.9418,0.9548,1.0622,0,0,0
P23,2027-01-07,0.9438,0.9993,1.0622,0,0,0
P23,2027-01-08,0.9459,1.0624,1.0622,0,0,0
P23,2027-01-09,0.9446,1.1291,1.0622,0,0,0
P23,2027-01-10,0.9445,1.0553,1.0622,0,0,0
P23,2027-01-11,0.9428,0.9286,1.0622,0,0,0
P23,2027-01-12,0.9436,0.9434,1.0622,0,0,0
P23,2027-01-13,0.9402,0.9548,2.2361,0,0,0
P23,2027-01-14,0.9359,0.9993,2.2361,0,0,0
P23,2027-01-15,0.9391,1.0624,2.2361,0,0,0
P23,2027-01-16,0.9407,1.1291,2.2361,0,0,0
P23,2027-01-17,0.9408,1.0553,1.0622,0,0,0
P23,2027-01-18,0.9396,0.9286,1.0622,0,0,0
P23,2027-01-19,0.9354,0.9434,1.0622,0,0,0
P23,2027-01-20,0.9326,0.9548,1.0622,0,0,0
P23,2027-01-21,0.9285,0.9993,1.0622,0,0,0
P23,2027-01-22,0.9313,1.0624,1.0622,0,0,0
P23,2027-01-23,0.9336,1.1291,1.0622,0,0,0
P23,2027-01-24,0.9337,1.0553,1.0622,0,0,0
P23,2027-01-25,0.9316,0.9286,1.0622,0,0,0
P23,2027-01-26,0.9304,0.9434,0.9446,0,0,0
P23,2027-01-27,0.9233,0.9548,1.0622,0,0,0
P23,2027-01-28,0.9228,0.9993,1.0622,0,0,0
P23,2027-01-29,0.9237,1.0624,1.0622,0,0,0
P23,2027-01-30,0.921,1.1291,1.0622,0,0,0
P23,2027-01-31,0.9202,1.0553,1.0622,0,0,0
P23,2027-02-01,0.9172,0.9286,1.0622,0,0,0
P23,2027-02-02,0.9179,0.9434,1.0622,0,0,0
P23,2027-02-03,0.9193,0.9548,1.0622,0,0,0
P23,2027-02-04,0.9181,0.9993,1.0622,0,0,0
P23,2027-02-05,0.9199,1.0624,1.0622,0,0,0
P23,2027-02-06,0.9186,1.1291,1.0622,0,0,0
P23,2027-02-07,0.9204,1.0553,1.0622,0,0,0
P23,2027-02-08,0.9188,0.9286,1.0622,0,0,0
P23,2027-02-09,0.9168,0.9434,1.0622,0,0,0
P23,2027-02-10,0.9126,0.9548,1.0622,0,0,0
P23,2027-02-11,0.9119,0.9993,1.0622,0,0,0
P23,2027-02-12,0.9084,1.0624,1.0622,0,0,0
P23,2027-02-13,0.9052,1.1291,1.0622,0,0,0
P23,2027-02-14,0.9072,1.0553,1.0622,0,0,0
P23,2027-02-15,0.9069,0.9286,1.0622,0,0,0
P23,2027-02-16,0.9115,0.9434,1.0622,0,0,0
P23,2027-02-17,0.9083,0.9548,1.0622,0,0,0
P23,2027-02-18,0.9064,0.9993,1.0622,0,0,0
P23,2027-02-19,0.9063,1.0624,1.0622,0,0,0
P23,2027-02-20,0.9065,1.1291,1.0622,0,0,0
P23,2027-02-21,0.9102,1.0553,1.0622,0,0,0
P23,2027-02-22,0.9069,0.9286,1.0622,0,0,0
P23,2027-02-23,0.9056,0.9434,1.0622,0,0,0
P23,2027-02-24,0.9061,0.9548,1.0622,0,0,0
P23,2027-02-25,0.9086,0.9993,1.0622,0,0,0
P23,2027-02-26,0.9088,1.0624,1.0622,0,0,0
P23,2027-02-27,0.9106,1.1291,1.0622,0,0,0
P23,2027-02-28,0.9152,1.0553,1.0622,0,0,0
P23,2027-03-01,0.9187,0.9286,1.0624,0,0,0
P23,2027-03-02,0.9223,0.9434,1.0624,0,0,0
P23,2027-03-03,0.9235,0.9548,1.0624,0,0,0
P23,2027-03-04,0.9218,0.9993,1.0624,0,0,0
P23,2027-03-05,0.9208,1.0624,1.4654,0,0,0
P23,2027-03-06,0.9226,1.1291,1.4654,0,0,0
P23,2027-03-07,0.9216,1.0553,1.0624,0,0,0
P23,2027-03-08,0.9213,0.9286,1.0624,0,0,0
P23,2027-03-09,0.9206,0.9434,1.0624,0,0,0
P23,2027-03-10,0.9186,0.9548,1.0624,0,0,0
P23,2027-03-11,0.9222,0.9993,1.0624,0,0,0
P23,2027-03-12,0.9199,1.0624,1.4654,0,0,0
P23,2027-03-13,0.9189,1.1291,1.4654,0,0,0
P23,2027-03-14,0.9214,1.0553,1.0624,0,0,0
P23,2027-03-15,0.925,0.9286,1.0624,0,0,0
P23,2027-03-16,0.9238,0.9434,1.0624,0,0,0
P23,2027-03-17,0.9224,0.9548,1.0624,0,0,0
P23,2027-03-18,0.9238,0.9993,1.0624,0,0,0
P23,2027-03-19,0.9229,1.0624,1.4654,0,0,0
P23,2027-03-20,0.9255,1.1291,1.4654,0,0,0
P23,2027-03-21,0.9251,1.0553,1.0624,0,0,0
P23,2027-03-22,0.9261,0.9286,1.0624,0,0,0
P23,2027-03-23,0.9236,0.9434,1.0624,0,0,0
P23,2027-03-24,0.925,0.9548,1.0624,0,0,0
P23,2027-03-25,0.925,0.9993,1.0624,0,0,0
P23,2027-03-26,0.925,1.0624,1.4654,0,0,0
P23,2027-03-27,0.9267,1.1291,1.4654,0,0,0
P23,2027-03-28,0.9277,1.0553,1.0624,0,0,0
P23,2027-03-29,0.9276,0.9286,1.0624,0,0,0
P23,2027-03-30,0.9272,0.9434,1.0624,0,0,0
P23,2027-03-31,0.9265,0.9548,1.0624,0,0,0
P23,2027-04-01,0.9256,0.9993,1.0624,0,0,0
P23,2027-04-02,0.927,1.0624,1.0624,0,0,0
P23,2027-04-03,0.9291,1.1291,1.2519,0,0,0
P23,2027-04-04,0.9307,1.0553,1.2519,0,0,0
P23,2027-04-05,0.9307,0.9286,1.0624,0,0,0
P23,2027-04-06,0.9311,0.9434,1.0624,0,0,0
P23,2027-04-07,0.9301,0.9548,1.0624,0,0,0
P23,2027-04-08,0.9301,0.9993,1.0624,0,0,0
P23,2027-04-09,0.9299,1.0624,1.0624,0,0,0
P23,2027-04-10,0.9293,1.1291,1.2519,0,0,0
P23,2027-04-11,0.9337,1.0553,1.2519,0,0,0
P23,2027-04-12,0.9358,0.9286,1.0624,0,0,0
P23,2027-04-13,0.937,0.9434,1.0624,0,0,0
P23,2027-04-14,0.942,0.9548,1.0624,0,0,0
P23,2027-04-15,0.9425,0.9993,1.0624,0,0,0
P23,2027-04-16,0.941,1.0624,1.0624,0,0,0
P23,2027-04-17,0.9414,1.1291,1.2519,0,0,0
P23,2027-04-18,0.943,1.0553,1.2519,0,0,0
P23,2027-04-19,0.9479,0.9286,1.0624,0,0,0
P23,2027-04-20,0.9509,0.9434,1.0624,0,0,0
P23,2027-04-21,0.9528,0.9548,1.0624,0,0,0
P23,2027-04-22,0.9535,0.9993,1.0624,0,0,0
P23,2027-04-23,0.9516,1.0624,1.0624,0,0,0
P23,2027-04-24,0.9522,1.1291,1.2519,0,0,0
P23,2027-04-25,0.9516,1.0553,1.2519,0,0,0
P23,2027-04-26,0.9507,0.9286,1.0624,0,0,0
P23,2027-04-27,0.9527,0.9434,1.0624,0,0,0
P23,2027-04-28,0.954,0.9548,1.0624,0,0,0
P23,2027-04-29,0.9547,0.9993,1.0624,0,0,0
P23,2027-04-30,0.9581,1.0624,1.0624,0,0,0
P23,2027-05-01,0.9585,1.1291,1.2519,0,0,0
P23,2027-05-02,0.9578,1.0553,1.2519,0,0,0
P23,2027-05-03,0.9572,0.9286,1.0624,0,0,0
P23,2027-05-04,0.9578,0.9434,1.0624,0,0,0
P23,2027-05-05,0.9605,0.9548,1.0624,0,0,0
P23,2027-05-06,0.9562,0.9993,1.0624,0,0,0
P23,2027-05-07,0.9609,1.0624,1.0624,0,0,0
P23,2027-05-08,0.9613,1.1291,1.2519,0,0,0
P23,2027-05-09,0.9636,1.0553,1.2519,0,0,0
P23,2027-05-10,0.9655,0.9286,1.0624,0,0,0
P23,2027-05-11,0.9687,0.9434,1.0624,0,0,0
P23,2027-05-12,0.9683,0.9548,1.0624,0,0,0
P23,2027-05-13,0.9685,0.9993,1.0624,0,0,0
P23,2027-05-14,0.9748,1.0624,1.0624,0,0,0
P23,2027-05-15,0.9733,1.1291,1.2519,0,0,0
P23,2027-05-16,0.9703,1.0553,1.2519,0,0,0
P23,2027-05-17,0.9724,0.9286,1.0624,0,0,0
P23,2027-05-18,0.9761,0.9434,1.0624,0,0,0
P23,2027-05-19,0.9778,0.9548,1.0624,0,0,0
P23,2027-05-20,0.9789,0.9993,1.0624,0,0,0
P23,2027-05-21,0.9807,1.0624,1.0624,0,0,0
P23,2027-05-22,0.9813,1.1291,1.2519,0,0,0
P23,2027-05-23,0.9868,1.0553,1.2519,0,0,0
P23,2027-05-24,0.9871,0.9286,1.0624,0,0,0
P23,2027-05-25,0.9851,0.9434,1.0624,0,0,0
P23,2027-05-26,0.9808,0.9548,1.0624,0,0,0
P23,2027-05-27,0.9805,0.9993,1.0624,0,0,0
P23,2027-05-28,0.9815,1.0624,1.0624,0,0,0
P23,2027-05-29,0.9837,1.1291,1.2519,0,0,0
P23,2027-05-30,0.9853,1.0553,1.2519,0,0,0
P23,2027-05-31,0.9838,0.9286,1.0624,0,0,0
P23,2027-06-01,0.9845,0.9434,1.0624,0,0,0
P23,2027-06-02,0.9833,0.9548,1.0624,0,0,0
P23,2027-06-03,0.9831,0.9993,1.0624,0,0,0
P23,2027-06-04,0.9829,1.0624,1.0624,0,0,0
P23,2027-06-05,0.9817,1.1291,1.0624,0,0,0
P23,2027-06-06,0.9848,1.0553,1.0624,0,0,0
P23,2027-06-07,0.986,0.9286,1.0624,0,0,0
P23,2027-06-08,0.9885,0.9434,1.0624,0,0,0
P23,2027-06-09,0.9894,0.9548,1.0624,0,0,0
P23,2027-06-10,0.9901,0.9993,1.0624,0,0,0
P23,2027-06-11,0.9927,1.0624,1.0624,0,0,0
P23,2027-06-12,0.9878,1.1291,1.0624,0,0,0
P23,2027-06-13,0.9848,1.0553,1.0624,0,0,0
P23,2027-06-14,0.9867,0.9286,1.0624,0,0,0
P23,2027-06-15,0.9909,0.9434,1.0624,0,0,0
P23,2027-06-16,0.9923,0.9548,1.0624,0,0,0
P23,2027-06-17,0.9917,0.9993,1.0624,0,0,0
P23,2027-06-18,0.9919,1.0624,1.0624,0,0,0
P23,2027-06-19,0.9923,1.1291,1.0624,0,0,0
P23,2027-06-20,0.9929,1.0553,1.0624,0,0,0
P23,2027-06-21,0.9941,0.9286,1.0624,0,0,0
P23,2027-06-22,0.9966,0.9434,1.0624,0,0,0
P23,2027-06-23,0.9993,0.9548,1.0624,0,0,0
P23,2027-06-24,0.9985,0.9993,1.0624,0,0,0
P23,2027-06-25,0.9974,1.0624,1.0624,0,0,0
P23,2027-06-26,0.9988,1.1291,1.0624,0,0,0
P23,2027-06-27,0.9975,1.0553,1.0624,0,0,0
P23,2027-06-28,0.9988,0.9286,1.0624,0,0,0
P23,2027-06-29,1.0014,0.9434,1.0624,0,0,0
P23,2027-06-30,1.0031,0.9548,1.0624,0,0,0
P23,2027-07-01,1.0037,0.9993,1.0172,0,0,0
P23,2027-07-02,0.9996,1.0624,1.403,0,0,0
P23,2027-07-03,0.9964,1.1291,1.403,0,0,0
P23,2027-07-04,0.9946,1.0553,1.0172,0,0,0
P23,2027-07-05,0.9927,0.9286,1.0172,0,0,0
P23,2027-07-06,0.9919,0.9434,1.0172,0,0,0
P23,2027-07-07,0.992,0.9548,1.0172,0,0,0
P23,2027-07-08,0.9948,0.9993,1.0172,0,0,0
P23,2027-07-09,0.999,1.0624,1.403,0,0,0
P23,2027-07-10,1.0003,1.1291,1.403,0,0,0
P23,2027-07-11,0.9992,1.0553,1.0172,0,0,0
P23,2027-07-12,1.001,0.9286,1.0172,0,0,0
P23,2027-07-13,1.0003,0.9434,1.0172,0,0,0
P23,2027-07-14,1.0009,0.9548,1.0172,0,0,0
P23,2027-07-15,1.0013,0.9993,1.0172,0,0,0
P23,2027-07-16,1.0027,1.0624,1.403,0,0,0
P23,2027-07-17,1.0072,1.1291,1.403,0,0,0
P23,2027-07-18,1.0097,1.0553,1.0172,0,0,0
P23,2027-07-19,1.0097,0.9286,1.0172,0,0,0
P23,2027-07-20,1.0117,0.9434,1.0172,0,0,0
P23,2027-07-21,1.0111,0.9548,1.0172,0,0,0
P23,2027-07-22,1.0164,0.9993,1.0172,0,0,0
P23,2027-07-23,1.0153,1.0624,1.403,0,0,0
P23,2027-07-24,1.0189,1.1291,1.403,0,0,0
P23,2027-07-25,1.0241,1.0553,1.0172,0,0,0
P23,2027-07-26,1.0262,0.9286,1.0172,0,0,0
P23,2027-07-27,1.0273,0.9434,1.0172,0,0,0
P23,2027-07-28,1.0277,0.9548,1.0172,0,0,0
P23,2027-07-29,1.0231,0.9993,1.0172,0,0,0
P23,2027-07-30,1.0239,1.0624,1.403,0,0,0
P23,2027-07-31,1.0298,1.1291,1.403,0,0,0
P23,2027-08-01,1.0335,1.0553,1.0172,0,0,0
P23,2027-08-02,1.033,0.9286,1.0172,0,0,0
P23,2027-08-03,1.0328,0.9434,1.0172,0,0,0
P23,2027-08-04,1.0362,0.9548,1.0172,0,0,0
P23,2027-08-05,1.0368,0.9993,1.0172,0,0,0
P23,2027-08-06,1.0361,1.0624,1.0172,0,0,0
P23,2027-08-07,1.036,1.1291,1.0172,0,0,0
P23,2027-08-08,1.0367,1.0553,1.0172,0,0,0
P23,2027-08-09,1.0356,0.9286,1.0172,0,0,0
P23,2027-08-10,1.039,0.9434,1.0172,0,0,0
P23,2027-08-11,1.0411,0.9548,1.0172,0,0,0
P23,2027-08-12,1.0402,0.9993,1.0172,0,0,0
P23,2027-08-13,1.0406,1.0624,1.0172,0,0,0
P23,2027-08-14,1.0417,1.1291,1.0172,0,0,0
P23,2027-08-15,1.0364,1.0553,2.3231,0,0,0
P23,2027-08-16,1.0382,0.9286,2.3231,0,0,0
P23,2027-08-17,1.0371,0.9434,2.3231,0,0,0
P23,2027-08-18,1.0361,0.9548,1.0172,0,0,0
P23,2027-08-19,1.035,0.9993,1.0172,0,0,0
P23,2027-08-20,1.0354,1.0624,1.0172,0,0,0
P23,2027-08-21,1.0345,1.1291,1.0172,0,0,0
P23,2027-08-22,1.0349,1.0553,1.0172,0,0,0
P23,2027-08-23,1.034,0.9286,1.0172,0,0,0
P23,2027-08-24,1.0382,0.9434,1.0172,0,0,0
P23,2027-08-25,1.0387,0.9548,1.0172,0,0,0
P23,2027-08-26,1.038,0.9993,1.0172,0,0,0
P23,2027-08-27,1.0373,1.0624,1.0172,0,0,0
P23,2027-08-28,1.0377,1.1291,1.0172,0,0,0
P23,2027-08-29,1.04,1.0553,1.0172,0,0,0
P23,2027-08-30,1.0392,0.9286,1.0172,0,0,0
P23,2027-08-31,1.0428,0.9434,1.0172,0,0,0
P23,2027-09-01,1.0445,0.9548,1.0172,0,0,0
P23,2027-09-02,1.0429,0.9993,1.0172,0,0,0
P23,2027-09-03,1.044,1.0624,1.0172,0,0,0
P23,2027-09-04,1.0426,1.1291,1.0172,0,0,0
P23,2027-09-05,1.0398,1.0553,1.0172,0,0,0
P23,2027-09-06,1.0338,0.9286,1.0172,0,0,0
P23,2027-09-07,1.0307,0.9434,1.0172,0,0,0
P23,2027-09-08,1.0308,0.9548,1.0172,0,0,0
P23,2027-09-09,1.0289,0.9993,1.0172,0,0,0
P23,2027-09-10,1.0324,1.0624,1.0172,0,0,0
P23,2027-09-11,1.0312,1.1291,1.0172,0,0,0
P23,2027-09-12,1.0286,1.0553,1.0172,0,0,0
P23,2027-09-13,1.0291,0.9286,1.0172,0,0,0
P23,2027-09-14,1.033,0.9434,1.0172,0,0,0
P23,2027-09-15,1.0307,0.9548,1.0172,0,0,0
P23,2027-09-16,1.0277,0.9993,1.0172,0,0,0
P23,2027-09-17,1.0239,1.0624,1.0172,0,0,0
P23,2027-09-18,1.0209,1.1291,1.0172,0,0,0
P23,2027-09-19,1.0186,1.0553,1.0172,0,0,0
P23,2027-09-20,1.014,0.9286,1.0172,0,0,0
P23,2027-09-21,1.0115,0.9434,1.0172,0,0,0
P23,2027-09-22,1.0134,0.9548,1.0172,0,0,0
P23,2027-09-23,1.0144,0.9993,1.0172,0,0,0
P23,2027-09-24,1.0146,1.0624,1.0172,0,0,0
P23,2027-09-25,1.0165,1.1291,1.0172,0,0,0
P23,2027-09-26,1.0166,1.0553,1.0172,0,0,0
P23,2027-09-27,1.0185,0.9286,1.0172,0,0,0
P23,2027-09-28,1.0185,0.9434,1.0172,0,0,0
P23,2027-09-29,1.0195,0.9548,1.0172,0,0,0
P23,2027-09-30,1.0247,0.9993,1.0172,0,0,0
P23,2027-10-01,1.0283,1.0624,1.3793,0,0,0
P23,2027-10-02,1.0341,1.1291,1.3793,0,0,0
P23,2027-10-03,1.0352,1.0553,1.0,0,0,0
P23,2027-10-04,1.0383,0.9286,1.0,0,0,0
P23,2027-10-05,1.0379,0.9434,1.0,0,0,0
P23,2027-10-06,1.0361,0.9548,1.0,0,0,0
P23,2027-10-07,1.0331,0.9993,1.0,0,0,0
P23,2027-10-08,1.0295,1.0624,1.3793,0,0,0
P23,2027-10-09,1.0314,1.1291,1.3793,0,0,0
P23,2027-10-10,1.0318,1.0553,1.0,0,0,0
P23,2027-10-11,1.0335,0.9286,1.0,0,0,0
P23,2027-10-12,1.0289,0.9434,1.0,0,0,0
P23,2027-10-13,1.027,0.9548,1.0,0,0,0
P23,2027-10-14,1.0272,0.9993,1.0,0,0,0
P23,2027-10-15,1.0249,1.0624,1.3793,0,0,0
P23,2027-10-16,1.0215,1.1291,1.3793,0,0,0
P23,2027-10-17,1.0258,1.0553,1.0,0,0,0
P23,2027-10-18,1.0289,0.9286,1.0,0,0,0
P23,2027-10-19,1.0323,0.9434,1.0,0,0,0
P23,2027-10-20,1.0282,0.9548,2.4329,0,0,0
P23,2027-10-21,1.0301,0.9993,2.4329,0,0,0
P23,2027-10-22,1.0301,1.0624,2.4329,0,0,0
P23,2027-10-23,1.025,1.1291,2.4329,0,0,0
P23,2027-10-24,1.0237,1.0553,2.4329,0,0,0
P23,2027-10-25,1.0218,0.9286,2.4329,0,0,0
P23,2027-10-26,1.0222,0.9434,1.0,0,0,0
P23,2027-10-27,1.0258,0.9548,1.0,0,0,0
P23,2027-10-28,1.0263,0.9993,1.0,0,0,0
P23,2027-10-29,1.0252,1.0624,1.3793,0,0,0
P23,2027-10-30,1.0197,1.1291,1.3793,0,0,0
P23,2027-10-31,1.0203,1.0553,1.0,0,0,0
P23,2027-11-01,1.0211,0.9286,2.5655,0,0,0
P23,2027-11-02,1.0174,0.9434,2.5655,0,0,0
P23,2027-11-03,1.0143,0.9548,2.5655,0,0,0
P23,2027-11-04,1.0158,0.9993,1.0622,0,0,0
P23,2027-11-05,1.0144,1.0624,1.0622,0,0,0
P23,2027-11-06,1.0163,1.1291,1.0622,0,0,0
P23,2027-11-07,1.0188,1.0553,1.0622,0,0,0
P23,2027-11-08,1.0193,0.9286,1.0622,0,0,0
P23,2027-11-09,1.0164,0.9434,1.0622,0,0,0
P23,2027-11-10,1.0166,0.9548,1.0622,0,0,0
P23,2027-11-11,1.014,0.9993,1.0622,0,0,0
P23,2027-11-12,1.0147,1.0624,1.0622,0,0,0
P23,2027-11-13,1.0141,1.1291,1.0622,0,0,0
P23,2027-11-14,1.0115,1.0553,1.0622,0,0,0
P23,2027-11-15,1.012,0.9286,1.0622,0,0,0
P23,2027-11-16,1.0117,0.9434,1.0622,0,0,0
P23,2027-11-17,1.0117,0.9548,1.0622,0,0,0
P23,2027-11-18,1.0111,0.9993,1.0622,0,0,0
P23,2027-11-19,1.0101,1.0624,1.0622,0,0,0
P23,2027-11-20,1.0092,1.1291,1.0622,0,0,0
P23,2027-11-21,1.0114,1.0553,1.0622,0,0,0
P23,2027-11-22,1.0108,0.9286,1.0622,0,0,0
P23,2027-11-23,1.0122,0.9434,1.0622,0,0,0
P23,2027-11-24,1.0125,0.9548,1.0622,0,0,0
P23,2027-11-25,1.011,0.9993,1.0622,0,0,0
P23,2027-11-26,1.0088,1.0624,1.0622,0,0,0
P23,2027-11-27,1.0084,1.1291,1.0622,0,0,0
P23,2027-11-28,1.0096,1.0553,1.0622,0,0,0
P23,2027-11-29,1.0084,0.9286,1.0622,0,0,0
P23,2027-11-30,1.0095,0.9434,1.0622,0,0,0
P23,2027-12-01,1.0116,0.9548,1.0622,0,0,0
P23,2027-12-02,1.0124,0.9993,1.0622,0,0,0
P23,2027-12-03,1.0125,1.0624,1.0622,0,0,0
P23,2027-12-04,1.0157,1.1291,1.0622,0,0,0
P23,2027-12-05,1.0213,1.0553,1.0622,0,0,0
P23,2027-12-06,1.0234,0.9286,1.0622,0,0,0
P23,2027-12-07,1.0257,0.9434,1.0622,0,0,0
P23,2027-12-08,1.0272,0.9548,1.0622,0,0,0
P23,2027-12-09,1.0268,0.9993,1.0622,0,0,0
P23,2027-12-10,1.0305,1.0624,1.0622,0,0,0
P23,2027-12-11,1.0297,1.1291,1.0622,0,0,0
P23,2027-12-12,1.0291,1.0553,1.0622,0,0,0
P23,2027-12-13,1.0241,0.9286,1.0622,0,0,0
P23,2027-12-14,1.0262,0.9434,1.0622,0,0,0
P23,2027-12-15,1.0295,0.9548,1.0622,0,0,0
P23,2027-12-16,1.0339,0.9993,1.0622,0,0,0
P23,2027-12-17,1.0387,1.0624,1.0622,0,0,0
P23,2027-12-18,1.0432,1.1291,1.0622,0,0,0
P23,2027-12-19,1.0486,1.0553,1.0622,0,0,0
P23,2027-12-20,1.0505,0.9286,1.0622,0,0,0
P23,2027-12-21,1.0493,0.9434,1.0622,0,0,0
P23,2027-12-22,1.0469,0.9548,1.0622,0,0,0
P23,2027-12-23,1.0473,0.9993,1.0622,0,0,0
P23,2027-12-24,1.0458,1.0624,1.0622,0,0,0
P23,2027-12-25,1.0438,1.1291,1.0622,0,0,0
P23,2027-12-26,1.0408,1.0553,1.0622,0,0,0
P23,2027-12-27,1.0423,0.9286,1.0622,0,0,0
P23,2027-12-28,1.04,0.9434,1.0622,0,0,0
P23,2027-12-29,1.0371,0.9548,1.0622,0,0,0
P23,2027-12-30,1.0382,0.9993,1.0622,0,0,0
P23,2027-12-31,1.0329,1.0624,1.0622,0,0,0
P24,2027-02-05,0.5864,0.9897,1.0043,0,0,0
P24,2027-02-06,0.5915,1.1212,1.0043,0,0,0
P24,2027-02-07,0.5975,1.0788,1.0043,0,0,0
P24,2027-02-08,0.5947,0.8839,1.0043,0,0,0
P24,2027-02-09,0.5905,1.02,1.0043,0,0,0
P24,2027-02-10,0.5883,0.9665,1.0043,0,0,0
P24,2027-02-11,0.5955,1.0071,1.0043,0,0,0
P24,2027-02-12,0.6039,0.9897,1.0043,0,0,0
P24,2027-02-13,0.614,1.1212,1.0043,0,0,0
P24,2027-02-14,0.6168,1.0788,1.0043,0,0,0
P24,2027-02-15,0.6256,0.8839,1.0043,0,0,0
P24,2027-02-16,0.6263,1.02,1.0043,0,0,0
P24,2027-02-17,0.6311,0.9665,1.0043,0,0,0
P24,2027-02-18,0.6401,1.0071,1.0043,0,0,0
P24,2027-02-19,0.6413,0.9897,1.0043,0,0,0
P24,2027-02-20,0.638,1.1212,1.0043,0,0,0
P24,2027-02-21,0.6392,1.0788,1.0043,0,0,0
P24,2027-02-22,0.641,0.8839,1.0043,0,0,0
P24,2027-02-23,0.6431,1.02,1.0043,0,0,0
P24,2027-02-24,0.6446,0.9665,1.0043,0,0,0
P24,2027-02-25,0.6504,1.0071,1.0043,0,0,0
P24,2027-02-26,0.6533,0.9897,1.0043,0,0,0
P24,2027-02-27,0.6596,1.1212,1.0043,0,0,0
P24,2027-02-28,0.6628,1.0788,1.0043,0,0,0
P24,2027-03-01,0.6683,0.8839,0.9424,0,0,0
P24,2027-03-02,0.6682,1.02,0.9424,0,0,0
P24,2027-03-03,0.6715,0.9665,0.9424,0,0,0
P24,2027-03-04,0.6752,1.0071,0.9424,0,0,0
P24,2027-03-05,0.6781,0.9897,1.4302,0,0,0
P24,2027-03-06,0.6809,1.1212,1.4302,0,0,0
P24,2027-03-07,0.6857,1.0788,0.9424,0,0,0
P24,2027-03-08,0.6866,0.8839,0.9424,0,0,0
P24,2027-03-09,0.6921,1.02,0.9424,0,0,0
P24,2027-03-10,0.702,0.9665,0.9424,0,0,0
P24,2027-03-11,0.7034,1.0071,0.9424,0,0,0
P24,2027-03-12,0.7079,0.9897,1.4302,0,0,0
P24,2027-03-13,0.7124,1.1212,1.4302,0,0,0
P24,2027-03-14,0.7198,1.0788,0.9424,0,0,0
P24,2027-03-15,0.7236,0.8839,0.9424,0,0,0
P24,2027-03-16,0.7289,1.02,0.9424,0,0,0
P24,2027-03-17,0.7369,0.9665,0.9424,0,0,0
P24,2027-03-18,0.7368,1.0071,0.9424,0,0,0
P24,2027-03-19,0.7426,0.9897,1.4302,0,0,0
P24,2027-03-20,0.7456,1.1212,1.4302,0,0,0
P24,2027-03-21,0.7446,1.0788,0.9424,0,0,0
P24,2027-03-22,0.7447,0.8839,0.9424,0,0,0
P24,2027-03-23,0.7522,1.02,0.9424,0,0,0
P24,2027-03-24,0.7602,0.9665,0.9424,0,0,0
P24,2027-03-25,0.7634,1.0071,0.9424,0,0,0
P24,2027-03-26,0.7669,0.9897,1.4302,0,0,0
P24,2027-03-27,0.7716,1.1212,1.4302,0,0,0
P24,2027-03-28,0.785,1.0788,0.9424,0,0,0
P24,2027-03-29,0.789,0.8839,0.9424,0,0,0
P24,2027-03-30,0.7941,1.02,0.9424,0,0,0
P24,2027-03-31,0.7996,0.9665,0.9424,0,0,0
P24,2027-04-01,0.8072,1.0071,0.9424,0,0,0
P24,2027-04-02,0.8121,0.9897,0.9424,0,0,0
P24,2027-04-03,0.8211,1.1212,1.0999,0,0,0
P24,2027-04-04,0.8236,1.0788,1.0999,0,0,0
P24,2027-04-05,0.8299,0.8839,0.9424,0,0,0
P24,2027-04-06,0.8352,1.02,0.9424,0,0,0
P24,2027-04-07,0.8397,0.9665,0.9424,0,0,0
P24,2027-04-08,0.846,1.0071,0.9424,0,0,0
P24,2027-04-09,0.8539,0.9897,0.9424,0,0,0
P24,2027-04-10,0.8584,1.1212,1.0999,0,0,0
P24,2027-04-11,0.8676,1.0788,1.0999,0,0,0
P24,2027-04-12,0.8778,0.8839,0.9424,0,0,0
P24,2027-04-13,0.8782,1.02,0.9424,0,0,0
P24,2027-04-14,0.8817,0.9665,0.9424,0,0,0
P24,2027-04-15,0.8912,1.0071,0.9424,0,0,0
P24,2027-04-16,0.9024,0.9897,0.9424,0,0,0
P24,2027-04-17,0.9076,1.1212,1.0999,0,0,0
P24,2027-04-18,0.9127,1.0788,1.0999,0,0,0
P24,2027-04-19,0.913,0.8839,0.9424,0,0,0
P24,2027-04-20,0.9188,1.02,0.9424,0,0,0
P24,2027-04-21,0.9243,0.9665,0.9424,0,0,0
P24,2027-04-22,0.9278,1.0071,0.9424,0,0,0
P24,2027-04-23,0.9317,0.9897,0.9424,0,0,0
P24,2027-04-24,0.9295,1.1212,1.0999,0,0,0
P24,2027-04-25,0.9335,1.0788,1.0999,0,0,0
P24,2027-04-26,0.9427,0.8839,0.9424,0,0,0
P24,2027-04-27,0.9466,1.02,0.9424,0,0,0
P24,2027-04-28,0.9547,0.9665,0.9424,0,0,0
P24,2027-04-29,0.9594,1.0071,0.9424,0,0,0
P24,2027-04-30,0.9659,0.9897,0.9424,0,0,0
P24,2027-05-01,0.9788,1.1212,1.0999,0,0,0
P24,2027-05-02,0.9844,1.0788,1.0999,0,0,0
P24,2027-05-03,0.9911,0.8839,0.9424,0,0,0
P24,2027-05-04,0.9941,1.02,0.9424,0,0,0
P24,2027-05-05,1.0022,0.9665,0.9424,0,0,0
P24,2027-05-06,1.0052,1.0071,0.9424,0,0,0
P24,2027-05-07,1.0116,0.9897,0.9424,0,0,0
P24,2027-05-08,1.0152,1.1212,1.0999,0,0,0
P24,2027-05-09,1.0216,1.0788,1.0999,0,0,0
P24,2027-05-10,1.0315,0.8839,0.9424,0,0,0
P24,2027-05-11,1.0433,1.02,0.9424,0,0,0
P24,2027-05-12,1.0403,0.9665,0.9424,0,0,0
P24,2027-05-13,1.041,1.0071,0.9424,0,0,0
P24,2027-05-14,1.0346,0.9897,0.9424,0,0,0
P24,2027-05-15,1.0374,1.1212,1.0999,0,0,0
P24,2027-05-16,1.0349,1.0788,1.0999,0,0,0
P24,2027-05-17,1.0403,0.8839,0.9424,0,0,0
P24,2027-05-18,1.0422,1.02,0.9424,0,0,0
P24,2027-05-19,1.0392,0.9665,0.9424,0,0,0
P24,2027-05-20,1.0414,1.0071,0.9424,0,0,0
P24,2027-05-21,1.0433,0.9897,0.9424,0,0,0
P24,2027-05-22,1.0519,1.1212,1.0999,0,0,0
P24,2027-05-23,1.0604,1.0788,1.0999,0,0,0
P24,2027-05-24,1.0593,0.8839,0.9424,0,0,0
P24,2027-05-25,1.0631,1.02,0.9424,0,0,0
P24,2027-05-26,1.0611,0.9665,0.9424,0,0,0
P24,2027-05-27,1.0622,1.0071,0.9424,0,0,0
P24,2027-05-28,1.0604,0.9897,0.9424,0,0,0
P24,2027-05-29,1.0619,1.1212,1.0999,0,0,0
P24,2027-05-30,1.0672,1.0788,1.0999,0,0,0
P24,2027-05-31,1.0674,0.8839,0.9424,0,0,0
P24,2027-06-01,1.0687,1.02,0.9424,0,0,0
P24,2027-06-02,1.0653,0.9665,0.9424,0,0,0
P24,2027-06-03,1.0631,1.0071,0.9424,0,0,0
P24,2027-06-04,1.0639,0.9897,0.9424,0,0,0
P24,2027-06-05,1.0612,1.1212,0.9424,0,0,0
P24,2027-06-06,1.0646,1.0788,0.9424,0,0,0
P24,2027-06-07,1.0658,0.8839,0.9424,0,0,0
P24,2027-06-08,1.0619,1.02,0.9424,0,0,0
P24,2027-06-09,1.0623,0.9665,0.9424,0,0,0
P24,2027-06-10,1.0624,1.0071,0.9424,0,0,0
P24,2027-06-11,1.0616,0.9897,0.9424,0,0,0
P24,2027-06-12,1.0547,1.1212,0.9424,0,0,0
P24,2027-06-13,1.0539,1.0788,0.9424,0,0,0
P24,2027-06-14,1.0512,0.8839,0.9424,0,0,0
P24,2027-06-15,1.0438,1.02,0.9424,0,0,0
P24,2027-06-16,1.0448,0.9665,0.9424,0,0,0
P24,2027-06-17,1.0408,1.0071,0.9424,0,0,0
P24,2027-06-18,1.0397,0.9897,0.9424,0,0,0
P24,2027-06-19,1.0424,1.1212,0.9424,0,0,0
P24,2027-06-20,1.0407,1.0788,0.9424,0,0,0
P24,2027-06-21,1.0428,0.8839,0.9424,0,0,0
P24,2027-06-22,1.041,1.02,0.9424,0,0,0
P24,2027-06-23,1.045,0.9665,0.9424,0,0,0
P24,2027-06-24,1.0449,1.0071,0.9424,0,0,0
P24,2027-06-25,1.0452,0.9897,0.9424,0,0,0
P24,2027-06-26,1.0399,1.1212,0.9424,0,0,0
P24,2027-06-27,1.0341,1.0788,0.9424,0,0,0
P24,2027-06-28,1.0308,0.8839,0.9424,0,0,0
P24,2027-06-29,1.0253,1.02,0.9424,0,0,0
P24,2027-06-30,1.0212,0.9665,0.9424,0,0,0
P24,2027-07-01,1.0216,1.0071,1.1207,0,0,0
P24,2027-07-02,1.0173,0.9897,1.7007,0,0,0
P24,2027-07-03,1.0121,1.1212,1.7007,0,0,0
P24,2027-07-04,1.0069,1.0788,1.1207,0,0,0
P24,2027-07-05,1.0026,0.8839,1.1207,0,0,0
P24,2027-07-06,1.0002,1.02,1.1207,0,0,0
P24,2027-07-07,0.999,0.9665,1.1207,0,0,0
P24,2027-07-08,0.9949,1.0071,1.1207,0,0,0
P24,2027-07-09,0.9998,0.9897,1.7007,0,0,0
P24,2027-07-10,0.994,1.1212,1.7007,0,0,0
P24,2027-07-11,0.9904,1.0788,1.1207,0,0,0
P24,2027-07-12,0.9924,0.8839,1.1207,0,0,0
P24,2027-07-13,0.9915,1.02,1.1207,0,0,0
P24,2027-07-14,0.9829,0.9665,1.1207,0,0,0
P24,2027-07-15,0.9791,1.0071,1.1207,0,0,0
P24,2027-07-16,0.9793,0.9897,1.7007,0,0,0
P24,2027-07-17,0.9818,1.1212,1.7007,0,0,0
P24,2027-07-18,0.9882,1.0788,1.1207,0,0,0
P24,2027-07-19,0.9843,0.8839,1.1207,0,0,0
P24,2027-07-20,0.9867,1.02,1.1207,0,0,0
P24,2027-07-21,0.9899,0.9665,1.1207,0,0,0
P24,2027-07-22,0.9873,1.0071,1.1207,0,0,0
P24,2027-07-23,0.9902,0.9897,1.7007,0,0,0
P24,2027-07-24,0.9875,1.1212,1.7007,0,0,0
P24,2027-07-25,0.9834,1.0788,1.1207,0,0,0
P24,2027-07-26,0.9883,0.8839,1.1207,0,0,0
P24,2027-07-27,0.986,1.02,1.1207,0,0,0
P24,2027-07-28,0.985,0.9665,1.1207,0,0,0
P24,2027-07-29,0.9818,1.0071,1.1207,0,0,0
P24,2027-07-30,0.9718,0.9897,1.7007,0,0,0
P24,2027-07-31,0.963,1.1212,1.7007,0,0,0
P24,2027-08-01,0.9564,1.0788,1.1207,0,0,0
P24,2027-08-02,0.9575,0.8839,1.1207,0,0,0
P24,2027-08-03,0.9543,1.02,1.1207,0,0,0
P24,2027-08-04,0.9565,0.9665,1.1207,0,0,0
P24,2027-08-05,0.9498,1.0071,1.1207,0,0,0
P24,2027-08-06,0.9456,0.9897,1.1207,0,0,0
P24,2027-08-07,0.9459,1.1212,1.1207,0,0,0
P24,2027-08-08,0.9394,1.0788,1.1207,0,0,0
P24,2027-08-09,0.9297,0.8839,1.1207,0,0,0
P24,2027-08-10,0.9341,1.02,1.1207,0,0,0
P24,2027-08-11,0.932,0.9665,1.1207,0,0,0
P24,2027-08-12,0.9368,1.0071,1.1207,0,0,0
P24,2027-08-13,0.9372,0.9897,1.1207,0,0,0
P24,2027-08-14,0.9404,1.1212,1.1207,0,0,0
P24,2027-08-15,0.9389,1.0788,2.1854,0,0,0
P24,2027-08-16,0.9345,0.8839,2.1854,0,0,0
P24,2027-08-17,0.9331,1.02,2.1854,0,0,0
P24,2027-08-18,0.9331,0.9665,1.1207,0,0,0
P24,2027-08-19,0.9356,1.0071,1.1207,0,0,0
P24,2027-08-20,0.9304,0.9897,1.1207,0,0,0
P24,2027-08-21,0.9261,1.1212,1.1207,0,0,0
P24,2027-08-22,0.9283,1.0788,1.1207,0,0,0
P24,2027-08-23,0.9255,0.8839,1.1207,0,0,0
P24,2027-08-24,0.9248,1.02,1.1207,0,0,0
P24,2027-08-25,0.9241,0.9665,1.1207,0,0,0
P24,2027-08-26,0.9232,1.0071,1.1207,0,0,0
P24,2027-08-27,0.9266,0.9897,1.1207,0,0,0
P24,2027-08-28,0.921,1.1212,1.1207,0,0,0
P24,2027-08-29,0.9283,1.0788,1.1207,0,0,0
P24,2027-08-30,0.9303,0.8839,1.1207,0,0,0
P24,2027-08-31,0.9384,1.02,1.1207,0,0,0
P24,2027-09-01,0.9409,0.9665,1.1207,0,0,0
P24,2027-09-02,0.9395,1.0071,1.1207,0,0,0
P24,2027-09-03,0.9431,0.9897,1.1207,0,0,0
P24,2027-09-04,0.9446,1.1212,1.1207,0,0,0
P24,2027-09-05,0.9425,1.0788,1.1207,0,0,0
P24,2027-09-06,0.9381,0.8839,1.1207,0,0,0
P24,2027-09-07,0.9346,1.02,1.1207,0,0,0
P24,2027-09-08,0.9285,0.9665,1.1207,0,0,0
P24,2027-09-09,0.9259,1.0071,1.1207,0,0,0
P24,2027-09-10,0.9266,0.9897,1.1207,0,0,0
P24,2027-09-11,0.9232,1.1212,1.1207,0,0,0
P24,2027-09-12,0.9261,1.0788,1.1207,0,0,0
P24,2027-09-13,0.9335,0.8839,1.1207,0,0,0
P24,2027-09-14,0.9442,1.02,1.1207,0,0,0
P24,2027-09-15,0.9481,0.9665,1.1207,0,0,0
P24,2027-09-16,0.9516,1.0071,1.1207,0,0,0
P24,2027-09-17,0.953,0.9897,1.1207,0,0,0
P24,2027-09-18,0.9534,1.1212,1.1207,0,0,0
P24,2027-09-19,0.9492,1.0788,1.1207,0,0,0
P24,2027-09-20,0.9481,0.8839,1.1207,0,0,0
P24,2027-09-21,0.9498,1.02,1.1207,0,0,0
P24,2027-09-22,0.9492,0.9665,1.1207,0,0,0
P24,2027-09-23,0.951,1.0071,1.1207,0,0,0
P24,2027-09-24,0.951,0.9897,1.1207,0,0,0
P24,2027-09-25,0.9577,1.1212,1.1207,0,0,0
P24,2027-09-26,0.9632,1.0788,1.1207,0,0,0
P24,2027-09-27,0.9749,0.8839,1.1207,0,0,0
P24,2027-09-28,0.9766,1.02,1.1207,0,0,0
P24,2027-09-29,0.9761,0.9665,1.1207,0,0,0
P24,2027-09-30,0.9837,1.0071,1.1207,0,0,0
P24,2027-10-01,0.9897,0.9897,1.5176,0,0,0
P24,2027-10-02,0.9966,1.1212,1.5176,0,0,0
P24,2027-10-03,1.004,1.0788,1.0,0,0,0
P24,2027-10-04,1.0065,0.8839,1.0,0,0,0
P24,2027-10-05,1.0082,1.02,1.0,0,0,0
P24,2027-10-06,1.0066,0.9665,1.0,0,0,0
P24,2027-10-07,1.0045,1.0071,1.0,0,0,0
P24,2027-10-08,1.0097,0.9897,1.5176,0,0,0
P24,2027-10-09,1.0092,1.1212,1.5176,0,0,0
P24,2027-10-10,1.007,1.0788,1.0,0,0,0
P24,2027-10-11,1.0117,0.8839,1.0,0,0,0
P24,2027-10-12,1.0125,1.02,1.0,0,0,0
P24,2027-10-13,1.0122,0.9665,1.0,0,0,0
P24,2027-10-14,1.0136,1.0071,1.0,0,0,0
P24,2027-10-15,1.009,0.9897,1.5176,0,0,0
P24,2027-10-16,1.0102,1.1212,1.5176,0,0,0
P24,2027-10-17,1.0181,1.0788,1.0,0,0,0
P24,2027-10-18,1.0183,0.8839,1.0,0,0,0
P24,2027-10-19,1.0203,1.02,1.0,0,0,0
P24,2027-10-20,1.0248,0.9665,3.4311,0,0,0
P24,2027-10-21,1.0281,1.0071,3.4311,0,0,0
P24,2027-10-22,1.0318,0.9897,3.4311,0,0,0
P24,2027-10-23,1.0363,1.1212,3.4311,0,0,0
P24,2027-10-24,1.0325,1.0788,3.4311,0,0,0
P24,2027-10-25,1.0325,0.8839,3.4311,0,0,0
P24,2027-10-26,1.0345,1.02,1.0,0,0,0
P24,2027-10-27,1.0386,0.9665,1.0,0,0,0
P24,2027-10-28,1.0425,1.0071,1.0,0,0,0
P24,2027-10-29,1.0499,0.9897,1.5176,0,0,0
P24,2027-10-30,1.0522,1.1212,1.5176,0,0,0
P24,2027-10-31,1.0508,1.0788,1.0,0,0,0
P24,2027-11-01,1.0438,0.8839,3.3799,0,0,0
P24,2027-11-02,1.0409,1.02,3.3799,0,0,0
P24,2027-11-03,1.042,0.9665,3.3799,0,0,0
P24,2027-11-04,1.0432,1.0071,1.0043,0,0,0
P24,2027-11-05,1.0406,0.9897,1.0043,0,0,0
P24,2027-11-06,1.0448,1.1212,1.0043,0,0,0
P24,2027-11-07,1.0441,1.0788,1.0043,0,0,0
P24,2027-11-08,1.0508,0.8839,1.0043,0,0,0
P24,2027-11-09,1.0564,1.02,1.0043,0,0,0
P24,2027-11-10,1.0553,0.9665,1.0043,0,0,0
P24,2027-11-11,1.0598,1.0071,1.0043,0,0,0
P24,2027-11-12,1.0646,0.9897,1.0043,0,0,0
P24,2027-11-13,1.0652,1.1212,1.0043,0,0,0
P24,2027-11-14,1.069,1.0788,1.0043,0,0,0
P24,2027-11-15,1.0734,0.8839,1.0043,0,0,0
P24,2027-11-16,1.0766,1.02,1.0043,0,0,0
P24,2027-11-17,1.0802,0.9665,1.0043,0,0,0
P24,2027-11-18,1.0809,1.0071,1.0043,0,0,0
P24,2027-11-19,1.0803,0.9897,1.0043,0,0,0
P24,2027-11-20,1.0826,1.1212,1.0043,0,0,0
P24,2027-11-21,1.0857,1.0788,1.0043,0,0,0
P24,2027-11-22,1.0893,0.8839,1.0043,0,0,0
P24,2027-11-23,1.0918,1.02,1.0043,0,0,0
P24,2027-11-24,1.0949,0.9665,1.0043,0,0,0
P24,2027-11-25,1.0922,1.0071,1.0043,0,0,0
P24,2027-11-26,1.0932,0.9897,1.0043,0,0,0
P24,2027-11-27,1.0901,1.1212,1.0043,0,0,0
P24,2027-11-28,1.0887,1.0788,1.0043,0,0,0
P24,2027-11-29,1.0852,0.8839,1.0043,0,0,0
P24,2027-11-30,1.0875,1.02,1.0043,0,0,0
P24,2027-12-01,1.0908,0.9665,1.0043,0,0,0
P24,2027-12-02,1.0904,1.0071,1.0043,0,0,0
P24,2027-12-03,1.089,0.9897,1.0043,0,0,0
P24,2027-12-04,1.0898,1.1212,1.0043,0,0,0
P24,2027-12-05,1.095,1.0788,1.0043,0,0,0
P24,2027-12-06,1.1029,0.8839,1.0043,0,0,0
P24,2027-12-07,1.1112,1.02,1.0043,0,0,0
P24,2027-12-08,1.1162,0.9665,1.0043,0,0,0
P24,2027-12-09,1.1215,1.0071,1.0043,0,0,0
P24,2027-12-10,1.1284,0.9897,1.0043,0,0,0
P24,2027-12-11,1.1275,1.1212,1.0043,0,0,0
P24,2027-12-12,1.1231,1.0788,1.0043,0,0,0
P24,2027-12-13,1.1129,0.8839,1.0043,0,0,0
P24,2027-12-14,1.1111,1.02,1.0043,0,0,0
P24,2027-12-15,1.109,0.9665,1.0043,0,0,0
P24,2027-12-16,1.1104,1.0071,1.0043,0,0,0
P24,2027-12-17,1.1183,0.9897,1.0043,0,0,0
P24,2027-12-18,1.1264,1.1212,1.0043,0,0,0
P24,2027-12-19,1.1339,1.0788,1.0043,0,0,0
P24,2027-12-20,1.1319,0.8839,1.0043,0,0,0
P24,2027-12-21,1.1351,1.02,1.0043,0,0,0
P24,2027-12-22,1.1362,0.9665,1.0043,0,0,0
P24,2027-12-23,1.1356,1.0071,1.0043,0,0,0
P24,2027-12-24,1.1369,0.9897,1.0043,0,0,0
P24,2027-12-25,1.138,1.1212,1.0043,0,0,0
P24,2027-12-26,1.1306,1.0788,1.0043,0,0,0
P24,2027-12-27,1.1303,0.8839,1.0043,0,0,0
P24,2027-12-28,1.1371,1.02,1.0043,0,0,0
P24,2027-12-29,1.1336,0.9665,1.0043,0,0,0
P24,2027-12-30,1.1339,1.0071,1.0043,0,0,0
P24,2027-12-31,1.1328,0.9897,1.0043,0,0,0
P25,2027-05-18,1.0297,0.9247,0.7849,0,0,0
P25,2027-05-19,1.0172,0.895,0.7849,0,0,0
P25,2027-05-20,1.0066,0.9669,0.7849,0,0,0
P25,2027-05-21,0.9941,1.0663,0.7849,0,0,0
P25,2027-05-22,0.9894,1.1436,0.5409,0,0,0
P25,2027-05-23,0.9829,1.1707,0.5409,0,0,0
P25,2027-05-24,0.9802,0.9129,0.7849,0,0,0
P25,2027-05-25,0.9769,0.9247,0.7849,0,0,0
P25,2027-05-26,0.9705,0.895,0.7849,0,0,0
P25,2027-05-27,0.9616,0.9669,0.7849,0,0,0
P25,2027-05-28,0.961,1.0663,0.7849,0,0,0
P25,2027-05-29,0.957,1.1436,0.5409,0,0,0
P25,2027-05-30,0.9561,1.1707,0.5409,0,0,0
P25,2027-05-31,0.9493,0.9129,0.7849,0,0,0
P25,2027-06-01,0.9489,0.9247,0.7849,0,0,0
P25,2027-06-02,0.942,0.895,0.7849,0,0,0
P25,2027-06-03,0.9369,0.9669,0.7849,0,0,0
P25,2027-06-04,0.9364,1.0663,0.7849,0,0,0
P25,2027-06-05,0.9361,1.1436,0.7849,0,0,0
P25,2027-06-06,0.9376,1.1707,0.7849,0,0,0
P25,2027-06-07,0.9399,0.9129,0.7849,0,0,0
P25,2027-06-08,0.9371,0.9247,0.7849,0,0,0
P25,2027-06-09,0.9332,0.895,0.7849,0,0,0
P25,2027-06-10,0.9314,0.9669,0.7849,0,0,0
P25,2027-06-11,0.9276,1.0663,0.7849,0,0,0
P25,2027-06-12,0.9323,1.1436,0.7849,0,0,0
P25,2027-06-13,0.9328,1.1707,0.7849,0,0,0
P25,2027-06-14,0.9298,0.9129,0.7849,0,0,0
P25,2027-06-15,0.9321,0.9247,0.7849,0,0,0
P25,2027-06-16,0.9291,0.895,0.7849,0,0,0
P25,2027-06-17,0.9265,0.9669,0.7849,0,0,0
P25,2027-06-18,0.9269,1.0663,0.7849,0,0,0
P25,2027-06-19,0.924,1.1436,0.7849,0,0,0
P25,2027-06-20,0.9203,1.1707,0.7849,0,0,0
P25,2027-06-21,0.9193,0.9129,0.7849,0,0,0
P25,2027-06-22,0.918,0.9247,0.7849,0,0,0
P25,2027-06-23,0.9183,0.895,0.7849,0,0,0
P25,2027-06-24,0.9196,0.9669,0.7849,0,0,0
P25,2027-06-25,0.9209,1.0663,0.7849,0,0,0
P25,2027-06-26,0.9238,1.1436,0.7849,0,0,0
P25,2027-06-27,0.9225,1.1707,0.7849,0,0,0
P25,2027-06-28,0.9227,0.9129,0.7849,0,0,0
P25,2027-06-29,0.9227,0.9247,0.7849,0,0,0
P25,2027-06-30,0.9214,0.895,0.7849,0,0,0
P25,2027-07-01,0.9226,0.9669,0.9671,0,0,0
P25,2027-07-02,0.9206,1.0663,1.5049,0,0,0
P25,2027-07-03,0.918,1.1436,1.5049,0,0,0
P25,2027-07-04,0.9169,1.1707,0.9671,0,0,0
P25,2027-07-05,0.918,0.9129,0.9671,0,0,0
P25,2027-07-06,0.9244,0.9247,0.9671,0,0,0
P25,2027-07-07,0.9201,0.895,0.9671,0,0,0
P25,2027-07-08,0.917,0.9669,0.9671,0,0,0
P25,2027-07-09,0.9212,1.0663,1.5049,0,0,0
P25,2027-07-10,0.9247,1.1436,1.5049,0,0,0
P25,2027-07-11,0.9275,1.1707,0.9671,0,0,0
P25,2027-07-12,0.932,0.9129,0.9671,0,0,0
P25,2027-07-13,0.9342,0.9247,0.9671,0,0,0
P25,2027-07-14,0.9319,0.895,0.9671,0,0,0
P25,2027-07-15,0.9288,0.9669,0.9671,0,0,0
P25,2027-07-16,0.9324,1.0663,1.5049,0,0,0
P25,2027-07-17,0.9332,1.1436,1.5049,0,0,0
P25,2027-07-18,0.9418,1.1707,0.9671,0,0,0
P25,2027-07-19,0.9432,0.9129,0.9671,0,0,0
P25,2027-07-20,0.9455,0.9247,0.9671,0,0,0
P25,2027-07-21,0.9498,0.895,0.9671,0,0,0
P25,2027-07-22,0.9516,0.9669,0.9671,0,0,0
P25,2027-07-23,0.9531,1.0663,1.5049,0,0,0
P25,2027-07-24,0.9564,1.1436,1.5049,0,0,0
P25,2027-07-25,0.9566,1.1707,0.9671,0,0,0
P25,2027-07-26,0.9582,0.9129,0.9671,0,0,0
P25,2027-07-27,0.9584,0.9247,0.9671,0,0,0
P25,2027-07-28,0.9587,0.895,0.9671,0,0,0
P25,2027-07-29,0.9585,0.9669,0.9671,0,0,0
P25,2027-07-30,0.9586,1.0663,1.5049,0,0,0
P25,2027-07-31,0.9582,1.1436,1.5049,0,0,0
P25,2027-08-01,0.9585,1.1707,0.9671,0,0,0
P25,2027-08-02,0.9557,0.9129,0.9671,0,0,0
P25,2027-08-03,0.9541,0.9247,0.9671,0,0,0
P25,2027-08-04,0.954,0.895,0.9671,0,0,0
P25,2027-08-05,0.9498,0.9669,0.9671,0,0,0
P25,2027-08-06,0.9519,1.0663,0.9671,0,0,0
P25,2027-08-07,0.9464,1.1436,0.9671,0,0,0
P25,2027-08-08,0.9431,1.1707,0.9671,0,0,0
P25,2027-08-09,0.9448,0.9129,0.9671,0,0,0
P25,2027-08-10,0.9433,0.9247,0.9671,0,0,0
P25,2027-08-11,0.946,0.895,0.9671,0,0,0
P25,2027-08-12,0.9481,0.9669,0.9671,0,0,0
P25,2027-08-13,0.9407,1.0663,0.9671,0,0,0
P25,2027-08-14,0.9385,1.1436,0.9671,0,0,0
P25,2027-08-15,0.9387,1.1707,1.8744,0,0,0
P25,2027-08-16,0.9435,0.9129,1.8744,0,0,0
P25,2027-08-17,0.9497,0.9247,1.8744,0,0,0
P25,2027-08-18,0.955,0.895,0.9671,0,0,0
P25,2027-08-19,0.9603,0.9669,0.9671,0,0,0
P25,2027-08-20,0.9664,1.0663,0.9671,0,0,0
P25,2027-08-21,0.9732,1.1436,0.9671,0,0,0
P25,2027-08-22,0.9787,1.1707,0.9671,0,0,0
P25,2027-08-23,0.9835,0.9129,0.9671,0,0,0
P25,2027-08-24,0.9876,0.9247,0.9671,0,0,0
P25,2027-08-25,0.991,0.895,0.9671,0,0,0
P25,2027-08-26,0.991,0.9669,0.9671,0,0,0
P25,2027-08-27,0.9941,1.0663,0.9671,0,0,0
P25,2027-08-28,0.9945,1.1436,0.9671,0,0,0
P25,2027-08-29,0.9987,1.1707,0.9671,0,0,0
P25,2027-08-30,0.9978,0.9129,0.9671,0,0,0
P25,2027-08-31,1.0061,0.9247,0.9671,0,0,0
P25,2027-09-01,1.0104,0.895,0.9671,0,0,0
P25,2027-09-02,1.0111,0.9669,0.9671,0,0,0
P25,2027-09-03,1.0145,1.0663,0.9671,0,0,0
P25,2027-09-04,1.0149,1.1436,0.9671,0,0,0
P25,2027-09-05,1.0148,1.1707,0.9671,0,0,0
P25,2027-09-06,1.0145,0.9129,0.9671,0,0,0
P25,2027-09-07,1.0138,0.9247,0.9671,0,0,0
P25,2027-09-08,1.0113,0.895,0.9671,0,0,0
P25,2027-09-09,1.0102,0.9669,0.9671,0,0,0
P25,2027-09-10,1.0034,1.0663,0.9671,0,0,0
P25,2027-09-11,1.0006,1.1436,0.9671,0,0,0
P25,2027-09-12,1.0036,1.1707,0.9671,0,0,0
P25,2027-09-13,1.0045,0.9129,0.9671,0,0,0
P25,2027-09-14,1.0106,0.9247,0.9671,0,0,0
P25,2027-09-15,1.0128,0.895,0.9671,0,0,0
P25,2027-09-16,1.0153,0.9669,0.9671,0,0,0
P25,2027-09-17,1.0185,1.0663,0.9671,0,0,0
P25,2027-09-18,1.0168,1.1436,0.9671,0,0,0
P25,2027-09-19,1.0131,1.1707,0.9671,0,0,0
P25,2027-09-20,1.0108,0.9129,0.9671,0,0,0
P25,2027-09-21,1.009,0.9247,0.9671,0,0,0
P25,2027-09-22,1.0065,0.895,0.9671,0,0,0
P25,2027-09-23,1.005,0.9669,0.9671,0,0,0
P25,2027-09-24,1.0027,1.0663,0.9671,0,0,0
P25,2027-09-25,1.0034,1.1436,0.9671,0,0,0
P25,2027-09-26,1.0024,1.1707,0.9671,0,0,0
P25,2027-09-27,1.0018,0.9129,0.9671,0,0,0
P25,2027-09-28,1.002,0.9247,0.9671,0,0,0
P25,2027-09-29,1.0006,0.895,0.9671,0,0,0
P25,2027-09-30,1.0044,0.9669,0.9671,0,0,0
P25,2027-10-01,1.0092,1.0663,1.556,0,0,0
P25,2027-10-02,1.0118,1.1436,1.556,0,0,0
P25,2027-10-03,1.0069,1.1707,1.0,0,0,0
P25,2027-10-04,1.0032,0.9129,1.0,0,0,0
P25,2027-10-05,1.0044,0.9247,1.0,0,0,0
P25,2027-10-06,1.0075,0.895,1.0,0,0,0
P25,2027-10-07,1.0073,0.9669,1.0,0,0,0
P25,2027-10-08,1.0104,1.0663,1.556,0,0,0
P25,2027-10-09,1.009,1.1436,1.556,0,0,0
P25,2027-10-10,1.0076,1.1707,1.0,0,0,0
P25,2027-10-11,1.0062,0.9129,1.0,0,0,0
P25,2027-10-12,1.0052,0.9247,1.0,0,0,0
P25,2027-10-13,1.0032,0.895,1.0,0,0,0
P25,2027-10-14,1.0012,0.9669,1.0,0,0,0
P25,2027-10-15,1.0002,1.0663,1.556,0,0,0
P25,2027-10-16,0.9945,1.1436,1.556,0,0,0
P25,2027-10-17,0.993,1.1707,1.0,0,0,0
P25,2027-10-18,0.9891,0.9129,1.0,0,0,0
P25,2027-10-19,0.9872,0.9247,1.0,0,0,0
P25,2027-10-20,0.9869,0.895,3.8396,0,0,0
P25,2027-10-21,0.9855,0.9669,3.8396,0,0,0
P25,2027-10-22,0.9821,1.0663,3.8396,0,0,0
P25,2027-10-23,0.9815,1.1436,3.8396,0,0,0
P25,2027-10-24,0.9798,1.1707,3.8396,0,0,0
P25,2027-10-25,0.9812,0.9129,3.8396,0,0,0
P25,2027-10-26,0.9779,0.9247,1.0,0,0,0
P25,2027-10-27,0.9774,0.895,1.0,0,0,0
P25,2027-10-28,0.9754,0.9669,1.0,0,0,0
P25,2027-10-29,0.9732,1.0663,1.556,0,0,0
P25,2027-10-30,0.9697,1.1436,1.556,0,0,0
P25,2027-10-31,0.9673,1.1707,1.0,0,0,0
P25,2027-11-01,0.9655,0.9129,4.2897,0,0,0
P25,2027-11-02,0.964,0.9247,4.2897,0,0,0
P25,2027-11-03,0.9659,0.895,4.2897,0,0,0
P25,2027-11-04,0.9632,0.9669,1.2107,0,0,0
P25,2027-11-05,0.9617,1.0663,1.2107,0,0,0
P25,2027-11-06,0.9597,1.1436,1.2107,0,0,0
P25,2027-11-07,0.9589,1.1707,1.2107,0,0,0
P25,2027-11-08,0.9569,0.9129,1.2107,0,0,0
P25,2027-11-09,0.9551,0.9247,1.2107,0,0,0
P25,2027-11-10,0.9521,0.895,1.2107,0,0,0
P25,2027-11-11,0.9513,0.9669,1.2107,0,0,0
P25,2027-11-12,0.9467,1.0663,1.2107,0,0,0
P25,2027-11-13,0.9433,1.1436,1.2107,0,0,0
P25,2027-11-14,0.9449,1.1707,1.2107,0,0,0
P25,2027-11-15,0.9486,0.9129,1.2107,0,0,0
P25,2027-11-16,0.9514,0.9247,1.2107,0,0,0
P25,2027-11-17,0.9514,0.895,1.2107,0,0,0
P25,2027-11-18,0.9473,0.9669,1.2107,0,0,0
P25,2027-11-19,0.9436,1.0663,1.2107,0,0,0
P25,2027-11-20,0.939,1.1436,1.2107,0,0,0
P25,2027-11-21,0.9355,1.1707,1.2107,0,0,0
P25,2027-11-22,0.9347,0.9129,1.2107,0,0,0
P25,2027-11-23,0.9363,0.9247,1.2107,0,0,0
P25,2027-11-24,0.9364,0.895,1.2107,0,0,0
P25,2027-11-25,0.9355,0.9669,1.2107,0,0,0
P25,2027-11-26,0.9353,1.0663,1.2107,0,0,0
P25,2027-11-27,0.9353,1.1436,1.2107,0,0,0
P25,2027-11-28,0.9365,1.1707,1.2107,0,0,0
P25,2027-11-29,0.932,0.9129,1.2107,0,0,0
P25,2027-11-30,0.931,0.9247,1.2107,0,0,0
P25,2027-12-01,0.9304,0.895,1.2107,0,0,0
P25,2027-12-02,0.9265,0.9669,1.2107,0,0,0
P25,2027-12-03,0.9246,1.0663,1.2107,0,0,0
P25,2027-12-04,0.9225,1.1436,1.2107,0,0,0
P25,2027-12-05,0.9252,1.1707,1.2107,0,0,0
P25,2027-12-06,0.9297,0.9129,1.2107,0,0,0
P25,2027-12-07,0.9345,0.9247,1.2107,0,0,0
P25,2027-12-08,0.9398,0.895,1.2107,0,0,0
P25,2027-12-09,0.9442,0.9669,1.2107,0,0,0
P25,2027-12-10,0.9475,1.0663,1.2107,0,0,0
P25,2027-12-11,0.9468,1.1436,1.2107,0,0,0
P25,2027-12-12,0.9433,1.1707,1.2107,0,0,0
P25,2027-12-13,0.9384,0.9129,1.2107,0,0,0
P25,2027-12-14,0.9385,0.9247,1.2107,0,0,0
P25,2027-12-15,0.9346,0.895,1.2107,0,0,0
P25,2027-12-16,0.9336,0.9669,1.2107,0,0,0
P25,2027-12-17,0.9411,1.0663,1.2107,0,0,0
P25,2027-12-18,0.9484,1.1436,1.2107,0,0,0
P25,2027-12-19,0.9544,1.1707,1.2107,0,0,0
P25,2027-12-20,0.9574,0.9129,1.2107,0,0,0
P25,2027-12-21,0.9603,0.9247,1.2107,0,0,0
P25,2027-12-22,0.9614,0.895,1.2107,0,0,0
P25,2027-12-23,0.9616,0.9669,1.2107,0,0,0
P25,2027-12-24,0.9631,1.0663,1.2107,0,0,0
P25,2027-12-25,0.9654,1.1436,1.2107,0,0,0
P25,2027-12-26,0.9672,1.1707,1.2107,0,0,0
P25,2027-12-27,0.9699,0.9129,1.2107,0,0,0
P25,2027-12-28,0.9713,0.9247,1.2107,0,0,0
P25,2027-12-29,0.9692,0.895,1.2107,0,0,0
P25,2027-12-30,0.9687,0.9669,1.2107,0,0,0
P25,2027-12-31,0.9696,1.0663,1.2107,0,0,0
P26,2027-08-12,0.9636,0.9965,0.7071,0,0,0
P26,2027-08-13,0.9657,1.0037,0.7071,0,0,0
P26,2027-08-14,0.9642,1.0897,0.7071,0,0,0
P26,2027-08-15,0.9801,1.1437,0.7256,0,0,0
P26,2027-08-16,0.9905,0.8712,0.7256,0,0,0
P26,2027-08-17,0.9985,0.9354,0.7256,0,0,0
P26,2027-08-18,0.9946,0.9684,0.7071,0,0,0
P26,2027-08-19,0.9899,0.9965,0.7071,0,0,0
P26,2027-08-20,0.9873,1.0037,0.7071,0,0,0
P26,2027-08-21,0.9851,1.0897,0.7071,0,0,0
P26,2027-08-22,0.9815,1.1437,0.7071,0,0,0
P26,2027-08-23,0.9786,0.8712,0.7071,0,0,0
P26,2027-08-24,0.9719,0.9354,0.7071,0,0,0
P26,2027-08-25,0.965,0.9684,0.7071,0,0,0
P26,2027-08-26,0.9636,0.9965,0.7071,0,0,0
P26,2027-08-27,0.9627,1.0037,0.7071,0,0,0
P26,2027-08-28,0.9603,1.0897,0.7071,0,0,0
P26,2027-08-29,0.9589,1.1437,0.7071,0,0,0
P26,2027-08-30,0.9591,0.8712,0.7071,0,0,0
P26,2027-08-31,0.9608,0.9354,0.7071,0,0,0
P26,2027-09-01,0.9565,0.9684,0.7071,0,0,0
P26,2027-09-02,0.9558,0.9965,0.7071,0,0,0
P26,2027-09-03,0.9567,1.0037,0.7071,0,0,0
P26,2027-09-04,0.9585,1.0897,0.7071,0,0,0
P26,2027-09-05,0.9563,1.1437,0.7071,0,0,0
P26,2027-09-06,0.9527,0.8712,0.7071,0,0,0
P26,2027-09-07,0.9489,0.9354,0.7071,0,0,0
P26,2027-09-08,0.9454,0.9684,0.7071,0,0,0
P26,2027-09-09,0.9431,0.9965,0.7071,0,0,0
P26,2027-09-10,0.9386,1.0037,0.7071,0,0,0
P26,2027-09-11,0.935,1.0897,0.7071,0,0,0
P26,2027-09-12,0.935,1.1437,0.7071,0,0,0
P26,2027-09-13,0.9387,0.8712,0.7071,0,0,0
P26,2027-09-14,0.9396,0.9354,0.7071,0,0,0
P26,2027-09-15,0.9405,0.9684,0.7071,0,0,0
P26,2027-09-16,0.9389,0.9965,0.7071,0,0,0
P26,2027-09-17,0.9405,1.0037,0.7071,0,0,0
P26,2027-09-18,0.9355,1.0897,0.7071,0,0,0
P26,2027-09-19,0.9302,1.1437,0.7071,0,0,0
P26,2027-09-20,0.9261,0.8712,0.7071,0,0,0
P26,2027-09-21,0.9268,0.9354,0.7071,0,0,0
P26,2027-09-22,0.9237,0.9684,0.7071,0,0,0
P26,2027-09-23,0.9232,0.9965,0.7071,0,0,0
P26,2027-09-24,0.9215,1.0037,0.7071,0,0,0
P26,2027-09-25,0.9222,1.0897,0.7071,0,0,0
P26,2027-09-26,0.9259,1.1437,0.7071,0,0,0
P26,2027-09-27,0.9258,0.8712,0.7071,0,0,0
P26,2027-09-28,0.922,0.9354,0.7071,0,0,0
P26,2027-09-29,0.9251,0.9684,0.7071,0,0,0
P26,2027-09-30,0.9229,0.9965,0.7071,0,0,0
P26,2027-10-01,0.9233,1.0037,1.4493,0,0,0
P26,2027-10-02,0.923,1.0897,1.4493,0,0,0
P26,2027-10-03,0.9216,1.1437,1.0,0,0,0
P26,2027-10-04,0.9233,0.8712,1.0,0,0,0
P26,2027-10-05,0.9222,0.9354,1.0,0,0,0
P26,2027-10-06,0.9222,0.9684,1.0,0,0,0
P26,2027-10-07,0.9236,0.9965,1.0,0,0,0
P26,2027-10-08,0.9247,1.0037,1.4493,0,0,0
P26,2027-10-09,0.9248,1.0897,1.4493,0,0,0
P26,2027-10-10,0.9259,1.1437,1.0,0,0,0
P26,2027-10-11,0.9292,0.8712,1.0,0,0,0
P26,2027-10-12,0.9314,0.9354,1.0,0,0,0
P26,2027-10-13,0.9339,0.9684,1.0,0,0,0
P26,2027-10-14,0.935,0.9965,1.0,0,0,0
P26,2027-10-15,0.9391,1.0037,1.4493,0,0,0
P26,2027-10-16,0.9384,1.0897,1.4493,0,0,0
P26,2027-10-17,0.9334,1.1437,1.0,0,0,0
P26,2027-10-18,0.9332,0.8712,1.0,0,0,0
P26,2027-10-19,0.9373,0.9354,1.0,0,0,0
P26,2027-10-20,0.9336,0.9684,2.825,0,0,0
P26,2027-10-21,0.9358,0.9965,2.825,0,0,0
P26,2027-10-22,0.9372,1.0037,2.825,0,0,0
P26,2027-10-23,0.9379,1.0897,2.825,0,0,0
P26,2027-10-24,0.9375,1.1437,2.825,0,0,0
P26,2027-10-25,0.9355,0.8712,2.825,0,0,0
P26,2027-10-26,0.9328,0.9354,1.0,0,0,0
P26,2027-10-27,0.9314,0.9684,1.0,0,0,0
P26,2027-10-28,0.9329,0.9965,1.0,0,0,0
P26,2027-10-29,0.9312,1.0037,1.4493,0,0,0
P26,2027-10-30,0.935,1.0897,1.4493,0,0,0
P26,2027-10-31,0.9395,1.1437,1.0,0,0,0
P26,2027-11-01,0.9361,0.8712,3.6434,0,0,0
P26,2027-11-02,0.9353,0.9354,3.6434,0,0,0
P26,2027-11-03,0.9363,0.9684,3.6434,0,0,0
P26,2027-11-04,0.9335,0.9965,1.2866,0,0,0
P26,2027-11-05,0.932,1.0037,1.2866,0,0,0
P26,2027-11-06,0.9343,1.0897,1.2866,0,0,0
P26,2027-11-07,0.9341,1.1437,1.2866,0,0,0
P26,2027-11-08,0.9315,0.8712,1.2866,0,0,0
P26,2027-11-09,0.9313,0.9354,1.2866,0,0,0
P26,2027-11-10,0.9316,0.9684,1.2866,0,0,0
P26,2027-11-11,0.9292,0.9965,1.2866,0,0,0
P26,2027-11-12,0.931,1.0037,1.2866,0,0,0
P26,2027-11-13,0.9219,1.0897,1.2866,0,0,0
P26,2027-11-14,0.9159,1.1437,1.2866,0,0,0
P26,2027-11-15,0.9116,0.8712,1.2866,0,0,0
P26,2027-11-16,0.9172,0.9354,1.2866,0,0,0
P26,2027-11-17,0.9196,0.9684,1.2866,0,0,0
P26,2027-11-18,0.9203,0.9965,1.2866,0,0,0
P26,2027-11-19,0.9209,1.0037,1.2866,0,0,0
P26,2027-11-20,0.9224,1.0897,1.2866,0,0,0
P26,2027-11-21,0.9236,1.1437,1.2866,0,0,0
P26,2027-11-22,0.9275,0.8712,1.2866,0,0,0
P26,2027-11-23,0.9317,0.9354,1.2866,0,0,0
P26,2027-11-24,0.9323,0.9684,1.2866,0,0,0
P26,2027-11-25,0.9326,0.9965,1.2866,0,0,0
P26,2027-11-26,0.934,1.0037,1.2866,0,0,0
P26,2027-11-27,0.9348,1.0897,1.2866,0,0,0
P26,2027-11-28,0.9343,1.1437,1.2866,0,0,0
P26,2027-11-29,0.9326,0.8712,1.2866,0,0,0
P26,2027-11-30,0.9358,0.9354,1.2866,0,0,0
P26,2027-12-01,0.9362,0.9684,1.2866,0,0,0
P26,2027-12-02,0.9352,0.9965,1.2866,0,0,0
P26,2027-12-03,0.9332,1.0037,1.2866,0,0,0
P26,2027-12-04,0.935,1.0897,1.2866,0,0,0
P26,2027-12-05,0.9381,1.1437,1.2866,0,0,0
P26,2027-12-06,0.9417,0.8712,1.2866,0,0,0
P26,2027-12-07,0.9452,0.9354,1.2866,0,0,0
P26,2027-12-08,0.9476,0.9684,1.2866,0,0,0
P26,2027-12-09,0.9526,0.9965,1.2866,0,0,0
P26,2027-12-10,0.9569,1.0037,1.2866,0,0,0
P26,2027-12-11,0.9572,1.0897,1.2866,0,0,0
P26,2027-12-12,0.9531,1.1437,1.2866,0,0,0
P26,2027-12-13,0.9523,0.8712,1.2866,0,0,0
P26,2027-12-14,0.9514,0.9354,1.2866,0,0,0
P26,2027-12-15,0.9536,0.9684,1.2866,0,0,0
P26,2027-12-16,0.9517,0.9965,1.2866,0,0,0
P26,2027-12-17,0.9587,1.0037,1.2866,0,0,0
P26,2027-12-18,0.9666,1.0897,1.2866,0,0,0
P26,2027-12-19,0.9732,1.1437,1.2866,0,0,0
P26,2027-12-20,0.9729,0.8712,1.2866,0,0,0
P26,2027-12-21,0.9785,0.9354,1.2866,0,0,0
P26,2027-12-22,0.9804,0.9684,1.2866,0,0,0
P26,2027-12-23,0.9841,0.9965,1.2866,0,0,0
P26,2027-12-24,0.9842,1.0037,1.2866,0,0,0
P26,2027-12-25,0.9789,1.0897,1.2866,0,0,0
P26,2027-12-26,0.9853,1.1437,1.2866,0,0,0
P26,2027-12-27,0.9916,0.8712,1.2866,0,0,0
P26,2027-12-28,0.9922,0.9354,1.2866,0,0,0
P26,2027-12-29,0.9929,0.9684,1.2866,0,0,0
P26,2027-12-30,0.9954,0.9965,1.2866,0,0,0
P26,2027-12-31,0.9972,1.0037,1.2866,0,0,0
P27,2027-10-01,0.7298,1.1789,1.2093,0,0,0
P27,2027-10-02,0.7363,1.2107,1.2093,0,0,0
P27,2027-10-03,0.742,1.119,1.0,0,0,0
P27,2027-10-04,0.743,0.8225,1.0,0,0,0
P27,2027-10-05,0.7493,0.9227,1.0,0,0,0
P27,2027-10-06,0.7474,0.9206,1.0,0,0,0
P27,2027-10-07,0.7484,0.9191,1.0,0,0,0
P27,2027-10-08,0.7479,1.1789,1.2093,0,0,0
P27,2027-10-09,0.75,1.2107,1.2093,0,0,0
P27,2027-10-10,0.7492,1.119,1.0,0,0,0
P27,2027-10-11,0.7476,0.8225,1.0,0,0,0
P27,2027-10-12,0.753,0.9227,1.0,0,0,0
P27,2027-10-13,0.7539,0.9206,1.0,0,0,0
P27,2027-10-14,0.7563,0.9191,1.0,0,0,0
P27,2027-10-15,0.7614,1.1789,1.2093,0,0,0
P27,2027-10-16,0.7659,1.2107,1.2093,0,0,0
P27,2027-10-17,0.7702,1.119,1.0,0,0,0
P27,2027-10-18,0.7726,0.8225,1.0,0,0,0
P27,2027-10-19,0.7736,0.9227,1.0,0,0,0
P27,2027-10-20,0.7761,0.9206,1.938,0,0,0
P27,2027-10-21,0.7765,0.9191,1.938,0,0,0
P27,2027-10-22,0.7807,1.1789,1.938,0,0,0
P27,2027-10-23,0.783,1.2107,1.938,0,0,0
P27,2027-10-24,0.7872,1.119,1.938,0,0,0
P27,2027-10-25,0.7885,0.8225,1.938,0,0,0
P27,2027-10-26,0.7877,0.9227,1.0,0,0,0
P27,2027-10-27,0.7902,0.9206,1.0,0,0,0
P27,2027-10-28,0.7944,0.9191,1.0,0,0,0
P27,2027-10-29,0.797,1.1789,1.2093,0,0,0
P27,2027-10-30,0.8018,1.2107,1.2093,0,0,0
P27,2027-10-31,0.8071,1.119,1.0,0,0,0
P27,2027-11-01,0.8153,0.8225,2.2608,0,0,0
P27,2027-11-02,0.8187,0.9227,2.2608,0,0,0
P27,2027-11-03,0.8208,0.9206,2.2608,0,0,0
P27,2027-11-04,0.8269,0.9191,1.103,0,0,0
P27,2027-11-05,0.8304,1.1789,1.103,0,0,0
P27,2027-11-06,0.8367,1.2107,1.103,0,0,0
P27,2027-11-07,0.8398,1.119,1.103,0,0,0
P27,2027-11-08,0.8434,0.8225,1.103,0,0,0
P27,2027-11-09,0.8461,0.9227,1.103,0,0,0
P27,2027-11-10,0.8462,0.9206,1.103,0,0,0
P27,2027-11-11,0.8473,0.9191,1.103,0,0,0
P27,2027-11-12,0.8509,1.1789,1.103,0,0,0
P27,2027-11-13,0.8538,1.2107,1.103,0,0,0
P27,2027-11-14,0.8584,1.119,1.103,0,0,0
P27,2027-11-15,0.8617,0.8225,1.103,0,0,0
P27,2027-11-16,0.8717,0.9227,1.103,0,0,0
P27,2027-11-17,0.8823,0.9206,1.103,0,0,0
P27,2027-11-18,0.8835,0.9191,1.103,0,0,0
P27,2027-11-19,0.8875,1.1789,1.103,0,0,0
P27,2027-11-20,0.8907,1.2107,1.103,0,0,0
P27,2027-11-21,0.8931,1.119,1.103,0,0,0
P27,2027-11-22,0.8958,0.8225,1.103,0,0,0
P27,2027-11-23,0.8995,0.9227,1.103,0,0,0
P27,2027-11-24,0.902,0.9206,1.103,0,0,0
P27,2027-11-25,0.9037,0.9191,1.103,0,0,0
P27,2027-11-26,0.9074,1.1789,1.103,0,0,0
P27,2027-11-27,0.9108,1.2107,1.103,0,0,0
P27,2027-11-28,0.913,1.119,1.103,0,0,0
P27,2027-11-29,0.9163,0.8225,1.103,0,0,0
P27,2027-11-30,0.9196,0.9227,1.103,0,0,0
P27,2027-12-01,0.9226,0.9206,1.103,0,0,0
P27,2027-12-02,0.9255,0.9191,1.103,0,0,0
P27,2027-12-03,0.9284,1.1789,1.103,0,0,0
P27,2027-12-04,0.9347,1.2107,1.103,0,0,0
P27,2027-12-05,0.9355,1.119,1.103,0,0,0
P27,2027-12-06,0.9369,0.8225,1.103,0,0,0
P27,2027-12-07,0.94,0.9227,1.103,0,0,0
P27,2027-12-08,0.9418,0.9206,1.103,0,0,0
P27,2027-12-09,0.9439,0.9191,1.103,0,0,0
P27,2027-12-10,0.9443,1.1789,1.103,0,0,0
P27,2027-12-11,0.9451,1.2107,1.103,0,0,0
P27,2027-12-12,0.9483,1.119,1.103,0,0,0
P27,2027-12-13,0.9495,0.8225,1.103,0,0,0
P27,2027-12-14,0.9529,0.9227,1.103,0,0,0
P27,2027-12-15,0.959,0.9206,1.103,0,0,0
P27,2027-12-16,0.9613,0.9191,1.103,0,0,0
P27,2027-12-17,0.9635,1.1789,1.103,0,0,0
P27,2027-12-18,0.968,1.2107,1.103,0,0,0
P27,2027-12-19,0.9723,1.119,1.103,0,0,0
P27,2027-12-20,0.975,0.8225,1.103,0,0,0
P27,2027-12-21,0.9817,0.9227,1.103,0,0,0
P27,2027-12-22,0.9883,0.9206,1.103,0,0,0
P27,2027-12-23,0.9886,0.9191,1.103,0,0,0
P27,2027-12-24,0.9937,1.1789,1.103,0,0,0
P27,2027-12-25,0.9931,1.2107,1.103,0,0,0
P27,2027-12-26,0.9945,1.119,1.103,0,0,0
P27,2027-12-27,0.9994,0.8225,1.103,0,0,0
P27,2027-12-28,1.0021,0.9227,1.103,0,0,0
P27,2027-12-29,1.008,0.9206,1.103,0,0,0
P27,2027-12-30,1.01,0.9191,1.103,0,0,0
P27,2027-12-31,1.0096,1.1789,1.103,0,0,0
