date,product_id,units_sold,stock_available_end_of_day,promotion_flag,unit_price
2026-01-01,P01,24,121,0,320
2026-01-02,P01,21,75,0,320
2026-01-03,P01,29,133,0,320
2026-01-04,P01,16,50,0,320
2026-01-05,P01,18,131,0,320
2026-01-06,P01,25,36,0,320
2026-01-07,P01,15,47,0,320
2026-01-08,P01,23,122,0,320
2026-01-09,P01,20,100,0,320
2026-01-10,P01,31,90,0,320
2026-01-11,P01,20,120,0,320
2026-01-12,P01,26,138,0,320
2026-01-13,P01,28,96,1,320
2026-01-14,P01,26,68,1,320
2026-01-15,P01,25,24,1,320
2026-01-16,P01,41,74,1,320
2026-01-17,P01,32,79,0,320
2026-01-18,P01,27,92,0,320
2026-01-19,P01,18,44,0,320
2026-01-20,P01,26,129,0,320
2026-01-21,P01,15,25,0,320
2026-01-22,P01,19,85,0,320
2026-01-23,P01,34,130,0,320
2026-01-24,P01,50,67,0,320
2026-01-25,P01,23,59,0,320
2026-01-26,P01,31,61,0,320
2026-01-27,P01,28,129,0,320
2026-01-28,P01,25,139,0,320
2026-01-29,P01,29,93,0,320
2026-01-30,P01,29,121,0,320
2026-01-31,P01,40,79,0,320
2026-02-01,P01,29,76,0,320
2026-02-02,P01,25,50,0,320
2026-02-03,P01,30,48,0,320
2026-02-04,P01,18,40,0,320
2026-02-05,P01,37,59,0,320
2026-02-06,P01,32,60,0,320
2026-02-07,P01,34,102,0,320
2026-02-08,P01,39,77,0,320
2026-02-09,P01,18,52,0,320
2026-02-10,P01,30,74,0,320
2026-02-11,P01,32,114,0,320
2026-02-12,P01,30,54,0,320
2026-02-13,P01,30,44,0,320
2026-02-14,P01,38,45,0,320
2026-02-15,P01,33,130,0,320
2026-02-16,P01,24,100,0,320
2026-02-17,P01,27,120,0,320
2026-02-18,P01,21,104,0,320
2026-02-19,P01,26,82,0,320
2026-02-20,P01,35,117,0,320
2026-02-21,P01,39,113,0,320
2026-02-22,P01,29,33,0,320
2026-02-23,P01,26,50,0,320
2026-02-24,P01,29,109,0,320
2026-02-25,P01,34,120,0,320
2026-02-26,P01,38,51,0,320
2026-02-27,P01,31,75,0,320
2026-02-28,P01,33,73,0,320
2026-03-01,P01,33,114,0,320
2026-03-02,P01,31,60,0,320
2026-03-03,P01,33,115,0,320
2026-03-04,P01,27,82,0,320
2026-03-05,P01,35,67,0,320
2026-03-06,P01,41,107,1,320
2026-03-07,P01,46,94,1,320
2026-03-08,P01,40,66,0,320
2026-03-09,P01,31,50,0,320
2026-03-10,P01,36,32,0,320
2026-03-11,P01,31,134,0,320
2026-03-12,P01,37,84,0,320
2026-03-13,P01,43,78,1,320
2026-03-14,P01,53,127,1,320
2026-03-15,P01,41,101,0,320
2026-03-16,P01,30,43,0,320
2026-03-17,P01,23,57,0,320
2026-03-18,P01,28,62,0,320
2026-03-19,P01,27,114,0,320
2026-03-20,P01,45,50,1,320
2026-03-21,P01,44,65,1,320
2026-03-22,P01,36,77,0,320
2026-03-23,P01,31,47,0,320
2026-03-24,P01,32,107,0,320
2026-03-25,P01,41,68,0,320
2026-03-26,P01,34,35,0,320
2026-03-27,P01,58,71,1,320
2026-03-28,P01,72,93,1,320
2026-03-29,P01,48,47,0,320
2026-03-30,P01,38,55,0,320
2026-03-31,P01,49,65,0,320
2026-04-01,P01,36,108,0,320
2026-04-02,P01,45,84,0,320
2026-04-03,P01,44,111,0,320
2026-04-04,P01,51,62,0,320
2026-04-05,P01,57,83,0,320
2026-04-06,P01,38,62,0,320
2026-04-07,P01,25,134,0,320
2026-04-08,P01,46,96,0,320
2026-04-09,P01,42,63,0,320
2026-04-10,P01,55,71,0,320
2026-04-11,P01,60,100,0,320
2026-04-12,P01,48,91,0,320
2026-04-13,P01,38,126,0,320
2026-04-14,P01,42,52,0,320
2026-04-15,P01,38,44,0,320
2026-04-16,P01,44,42,0,320
2026-04-17,P01,60,84,0,320
2026-04-18,P01,62,69,0,320
2026-04-19,P01,56,111,0,320
2026-04-20,P01,47,78,0,320
2026-04-21,P01,43,85,0,320
2026-04-22,P01,35,73,0,320
2026-04-23,P01,43,72,0,320
2026-04-24,P01,36,111,0,320
2026-04-25,P01,47,87,0,320
2026-04-26,P01,47,101,0,320
2026-04-27,P01,50,125,0,320
2026-04-28,P01,48,104,0,320
2026-04-29,P01,45,110,0,320
2026-04-30,P01,54,102,0,320
2026-05-01,P01,42,85,0,320
2026-05-02,P01,62,88,0,320
2026-05-03,P01,61,92,0,320
2026-05-04,P01,31,64,0,320
2026-05-05,P01,41,69,0,320
2026-05-06,P01,41,88,0,320
2026-05-07,P01,45,47,0,320
2026-05-08,P01,38,65,0,320
2026-05-09,P01,50,84,0,320
2026-05-10,P01,42,113,0,320
2026-05-11,P01,48,73,0,320
2026-05-12,P01,51,126,0,320
2026-05-13,P01,48,116,0,320
2026-05-14,P01,42,139,0,320
2026-05-15,P01,51,92,0,320
2026-05-16,P01,50,59,0,320
2026-05-17,P01,55,82,0,320
2026-05-18,P01,36,134,0,320
2026-05-19,P01,32,88,0,320
2026-05-20,P01,40,64,0,320
2026-05-21,P01,43,64,0,320
2026-05-22,P01,48,61,0,320
2026-05-23,P01,64,124,0,320
2026-05-24,P01,47,95,0,320
2026-05-25,P01,32,40,0,320
2026-05-26,P01,31,48,0,320
2026-05-27,P01,48,62,0,320
2026-05-28,P01,57,87,0,320
2026-05-29,P01,44,80,0,320
2026-05-30,P01,63,88,0,320
2026-05-31,P01,50,92,0,320
2026-06-01,P01,43,75,0,320
2026-06-02,P01,46,97,0,320
2026-06-03,P01,50,80,0,320
2026-06-04,P01,58,81,0,320
2026-06-05,P01,45,125,0,320
2026-06-06,P01,64,67,0,320
2026-06-07,P01,45,123,0,320
2026-06-08,P01,48,49,0,320
2026-06-09,P01,42,132,0,320
2026-06-10,P01,35,138,0,320
2026-06-11,P01,41,93,0,320
2026-06-12,P01,46,98,0,320
2026-06-13,P01,57,55,0,320
2026-06-14,P01,35,64,0,320
2026-06-15,P01,49,50,0,320
2026-06-16,P01,35,133,0,320
2026-06-17,P01,53,51,0,320
2026-06-18,P01,45,54,0,320
2026-06-19,P01,58,86,0,320
2026-06-20,P01,38,118,0,320
2026-06-21,P01,36,62,0,320
2026-06-22,P01,50,90,0,320
2026-06-23,P01,46,125,0,320
2026-06-24,P01,39,111,0,320
2026-06-25,P01,51,69,0,320
2026-06-26,P01,48,81,0,320
2026-06-27,P01,48,82,0,320
2026-06-28,P01,55,59,0,320
2026-06-29,P01,39,54,0,320
2026-06-30,P01,53,100,0,320
2026-07-01,P01,51,99,0,320
2026-07-02,P01,45,135,0,320
2026-07-03,P01,61,129,1,320
2026-07-04,P01,67,101,1,320
2026-07-05,P01,50,131,0,320
2026-07-06,P01,45,93,0,320
2026-07-07,P01,44,50,0,320
2026-07-08,P01,66,74,0,320
2026-07-09,P01,43,136,0,320
2026-07-10,P01,47,70,1,320
2026-07-11,P01,60,71,1,320
2026-07-12,P01,43,44,0,320
2026-07-13,P01,37,74,0,320
2026-07-14,P01,47,78,0,320
2026-07-15,P01,36,49,0,320
2026-07-16,P01,50,85,0,320
2026-07-17,P01,68,102,1,320
2026-07-18,P01,63,80,1,320
2026-07-19,P01,45,57,0,320
2026-07-20,P01,43,83,0,320
2026-07-21,P01,34,112,0,320
2026-07-22,P01,50,76,0,320
2026-07-23,P01,46,90,0,320
2026-07-24,P01,46,65,1,320
2026-07-25,P01,46,78,1,320
2026-07-26,P01,51,74,0,320
2026-07-27,P01,45,79,0,320
2026-07-28,P01,37,57,0,320
2026-07-29,P01,51,126,0,320
2026-07-30,P01,41,94,0,320
2026-07-31,P01,56,83,1,320
2026-08-01,P01,59,136,0,320
2026-08-02,P01,61,65,0,320
2026-08-03,P01,47,54,0,320
2026-08-04,P01,39,131,0,320
2026-08-05,P01,42,57,0,320
2026-08-06,P01,30,73,0,320
2026-08-07,P01,42,63,0,320
2026-08-08,P01,58,99,0,320
2026-08-09,P01,41,115,0,320
2026-08-10,P01,39,55,0,320
2026-08-11,P01,48,80,0,320
2026-08-12,P01,49,46,0,320
2026-08-13,P01,52,90,0,320
2026-08-14,P01,32,47,0,320
2026-08-15,P01,64,84,1,320
2026-08-16,P01,69,118,1,320
2026-08-17,P01,54,114,1,320
2026-08-18,P01,51,137,0,320
2026-08-19,P01,50,84,0,320
2026-08-20,P01,44,92,0,320
2026-08-21,P01,44,103,0,320
2026-08-22,P01,48,74,0,320
2026-08-23,P01,47,72,0,320
2026-08-24,P01,38,58,0,320
2026-08-25,P01,49,109,0,320
2026-08-26,P01,41,126,0,320
2026-08-27,P01,48,73,0,320
2026-08-28,P01,52,108,0,320
2026-08-29,P01,43,74,0,320
2026-08-30,P01,45,64,0,320
2026-08-31,P01,39,86,0,320
2026-09-01,P01,42,62,0,320
2026-09-02,P01,50,112,0,320
2026-09-03,P01,47,107,0,320
2026-09-04,P01,49,52,0,320
2026-09-05,P01,343,63,0,320
2026-09-06,P01,57,57,0,320
2026-09-07,P01,37,63,0,320
2026-09-08,P01,46,62,0,320
2026-09-09,P01,40,52,0,320
2026-09-10,P01,40,75,0,320
2026-09-11,P01,49,139,0,320
2026-09-12,P01,58,66,0,320
2026-09-13,P01,39,98,0,320
2026-09-14,P01,39,124,0,320
2026-09-15,P01,37,60,0,320
2026-09-16,P01,44,116,0,320
2026-09-17,P01,48,70,0,320
2026-09-18,P01,55,87,0,320
2026-09-19,P01,46,132,0,320
2026-09-20,P01,56,137,0,320
2026-09-21,P01,39,98,0,320
2026-09-22,P01,34,125,0,320
2026-09-23,P01,42,82,0,320
2026-09-24,P01,37,62,0,320
2026-09-25,P01,48,79,0,320
2026-09-26,P01,48,124,0,320
2026-09-27,P01,47,65,0,320
2026-09-28,P01,47,130,0,320
2026-09-29,P01,35,64,0,320
2026-09-30,P01,59,82,0,320
2026-10-01,P01,43,120,0,320
2026-10-02,P01,51,106,1,320
2026-10-03,P01,74,108,1,320
2026-10-04,P01,55,133,0,320
2026-10-05,P01,37,49,0,320
2026-10-06,P01,36,136,0,320
2026-10-07,P01,42,59,0,320
2026-10-08,P01,45,123,0,320
2026-10-09,P01,54,72,1,320
2026-10-10,P01,67,89,1,320
2026-10-11,P01,56,81,0,320
2026-10-12,P01,44,53,0,320
2026-10-13,P01,46,129,0,320
2026-10-14,P01,47,64,0,320
2026-10-15,P01,49,133,0,320
2026-10-16,P01,66,90,1,320
2026-10-17,P01,72,127,1,320
2026-10-18,P01,60,57,0,320
2026-10-19,P01,34,120,0,320
2026-10-20,P01,82,108,1,320
2026-10-21,P01,101,110,1,320
2026-10-22,P01,99,101,1,320
2026-10-23,P01,99,104,1,320
2026-10-24,P01,99,129,1,320
2026-10-25,P01,128,144,1,320
2026-10-26,P01,48,74,0,320
2026-10-27,P01,34,60,0,320
2026-10-28,P01,42,55,0,320
2026-10-29,P01,44,63,0,320
2026-10-30,P01,62,108,1,320
2026-10-31,P01,58,54,1,320
2026-11-01,P01,101,134,1,320
2026-11-02,P01,85,103,1,320
2026-11-03,P01,83,88,1,320
2026-11-04,P01,41,96,0,320
2026-11-05,P01,45,49,0,320
2026-11-06,P01,53,131,0,320
2026-11-07,P01,42,124,0,320
2026-11-08,P01,57,112,0,320
2026-11-09,P01,53,101,0,320
2026-11-10,P01,43,63,0,320
2026-11-11,P01,44,60,0,320
2026-11-12,P01,48,43,0,320
2026-11-13,P01,47,98,0,320
2026-11-14,P01,69,100,0,320
2026-11-15,P01,46,65,0,320
2026-11-16,P01,39,122,0,320
2026-11-17,P01,47,57,0,320
2026-11-18,P01,46,108,0,320
2026-11-19,P01,49,125,0,320
2026-11-20,P01,48,116,0,320
2026-11-21,P01,72,77,0,320
2026-11-22,P01,45,71,0,320
2026-11-23,P01,43,68,0,320
2026-11-24,P01,37,119,0,320
2026-11-25,P01,49,58,0,320
2026-11-26,P01,51,113,0,320
2026-11-27,P01,48,123,0,320
2026-11-28,P01,50,63,0,320
2026-11-29,P01,59,85,0,320
2026-11-30,P01,48,77,0,320
2026-12-01,P01,44,77,0,320
2026-12-02,P01,47,49,0,320
2026-12-03,P01,49,105,0,320
2026-12-04,P01,31,87,0,320
2026-12-05,P01,60,124,0,320
2026-12-06,P01,56,64,0,320
2026-12-07,P01,44,136,0,320
2026-12-08,P01,37,57,0,320
2026-12-09,P01,49,56,0,320
2026-12-10,P01,41,89,0,320
2026-12-11,P01,65,76,0,320
2026-12-12,P01,53,107,0,320
2026-12-13,P01,47,120,0,320
2026-12-14,P01,47,109,0,320
2026-12-15,P01,47,98,0,320
2026-12-16,P01,45,71,0,320
2026-12-17,P01,47,69,0,320
2026-12-18,P01,35,115,0,320
2026-12-19,P01,60,77,0,320
2026-12-20,P01,54,123,0,320
2026-12-21,P01,48,82,0,320
2026-12-22,P01,47,106,0,320
2026-12-23,P01,33,97,0,320
2026-12-24,P01,49,55,0,320
2026-12-25,P01,47,63,0,320
2026-12-26,P01,56,102,0,320
2026-12-27,P01,40,125,0,320
2026-12-28,P01,57,85,0,320
2026-12-29,P01,51,122,0,320
2026-12-30,P01,52,103,0,320
2026-12-31,P01,37,45,0,320
2027-01-01,P01,46,76,0,320
2027-01-02,P01,47,112,0,320
2027-01-03,P01,58,76,0,320
2027-01-04,P01,38,83,0,320
2027-01-05,P01,44,74,0,320
2027-01-06,P01,43,75,0,320
2027-01-07,P01,51,62,0,320
2027-01-08,P01,41,105,0,320
2027-01-09,P01,58,103,0,320
2027-01-10,P01,49,113,0,320
2027-01-11,P01,37,54,0,320
2027-01-12,P01,48,99,0,320
2027-01-13,P01,86,124,1,320
2027-01-14,P01,68,81,1,320
2027-01-15,P01,64,86,1,320
2027-01-16,P01,85,131,1,320
2027-01-17,P01,40,94,0,320
2027-01-18,P01,37,109,0,320
2027-01-19,P01,38,93,0,320
2027-01-20,P01,42,109,0,320
2027-01-21,P01,32,96,0,320
2027-01-22,P01,50,128,0,320
2027-01-23,P01,60,81,0,320
2027-01-24,P01,45,58,0,320
2027-01-25,P01,37,53,0,320
2027-01-26,P01,51,70,0,320
2027-01-27,P01,37,85,0,320
2027-01-28,P01,42,76,0,320
2027-01-29,P01,54,91,0,320
2027-01-30,P01,50,83,0,320
2027-01-31,P01,49,78,0,320
2027-02-01,P01,37,58,0,320
2027-02-02,P01,43,117,0,320
2027-02-03,P01,38,66,0,320
2027-02-04,P01,48,110,0,320
2027-02-05,P01,37,49,0,320
2027-02-06,P01,51,80,0,320
2027-02-07,P01,51,137,0,320
2027-02-08,P01,46,69,0,320
2027-02-09,P01,37,118,0,320
2027-02-10,P01,39,56,0,320
2027-02-11,P01,43,118,0,320
2027-02-12,P01,47,56,0,320
2027-02-13,P01,49,139,0,320
2027-02-14,P01,39,52,0,320
2027-02-15,P01,44,76,0,320
2027-02-16,P01,41,51,0,320
2027-02-17,P01,42,120,0,320
2027-02-18,P01,42,115,0,320
2027-02-19,P01,36,33,0,320
2027-02-20,P01,36,134,0,320
2027-02-21,P01,51,94,0,320
2027-02-22,P01,38,125,0,320
2027-02-23,P01,39,71,0,320
2027-02-24,P01,32,119,0,320
2027-02-25,P01,39,72,0,320
2027-02-26,P01,37,133,0,320
2027-02-27,P01,51,60,0,320
2027-02-28,P01,51,85,0,320
2027-03-01,P01,41,126,0,320
2027-03-02,P01,40,73,0,320
2027-03-03,P01,47,77,0,320
2027-03-04,P01,46,84,0,320
2027-03-05,P01,51,73,1,320
2027-03-06,P01,54,61,1,320
2027-03-07,P01,39,57,0,320
2027-03-08,P01,29,47,0,320
2027-03-09,P01,49,70,0,320
2027-03-10,P01,42,75,0,320
2027-03-11,P01,44,136,0,320
2027-03-12,P01,61,134,1,320
2027-03-13,P01,70,102,1,320
2027-03-14,P01,58,66,0,320
2027-03-15,P01,46,67,0,320
2027-03-16,P01,48,76,0,320
2027-03-17,P01,36,45,0,320
2027-03-18,P01,46,102,0,320
2027-03-19,P01,65,89,1,320
2027-03-20,P01,57,53,1,320
2027-03-21,P01,42,124,0,320
2027-03-22,P01,31,127,0,320
2027-03-23,P01,42,95,0,320
2027-03-24,P01,37,81,0,320
2027-03-25,P01,42,73,0,320
2027-03-26,P01,66,90,1,320
2027-03-27,P01,65,107,1,320
2027-03-28,P01,66,82,0,320
2027-03-29,P01,36,38,0,320
2027-03-30,P01,46,111,0,320
2027-03-31,P01,45,65,0,320
2027-04-01,P01,47,44,0,320
2027-04-02,P01,44,68,0,320
2027-04-03,P01,54,112,0,320
2027-04-04,P01,45,90,0,320
2027-04-05,P01,30,115,0,320
2027-04-06,P01,37,113,0,320
2027-04-07,P01,42,128,0,320
2027-04-08,P01,42,39,0,320
2027-04-09,P01,47,56,0,320
2027-04-10,P01,61,79,0,320
2027-04-11,P01,40,131,0,320
2027-04-12,P01,44,100,0,320
2027-04-13,P01,29,91,0,320
2027-04-14,P01,42,55,0,320
2027-04-15,P01,42,69,0,320
2027-04-16,P01,37,60,0,320
2027-04-17,P01,53,135,0,320
2027-04-18,P01,67,98,0,320
2027-04-19,P01,53,66,0,320
2027-04-20,P01,40,82,0,320
2027-04-21,P01,48,58,0,320
2027-04-22,P01,47,132,0,320
2027-04-23,P01,42,71,0,320
2027-04-24,P01,58,78,0,320
2027-04-25,P01,52,80,0,320
2027-04-26,P01,38,63,0,320
2027-04-27,P01,46,80,0,320
2027-04-28,P01,59,112,0,320
2027-04-29,P01,54,139,0,320
2027-04-30,P01,46,85,0,320
2027-05-01,P01,51,103,0,320
2027-05-02,P01,72,98,0,320
2027-05-03,P01,50,130,0,320
2027-05-04,P01,36,69,0,320
2027-05-05,P01,46,67,0,320
2027-05-06,P01,45,118,0,320
2027-05-07,P01,46,118,0,320
2027-05-08,P01,50,49,0,320
2027-05-09,P01,66,91,0,320
2027-05-10,P01,45,105,0,320
2027-05-11,P01,48,65,0,320
2027-05-12,P01,45,51,0,320
2027-05-13,P01,41,56,0,320
2027-05-14,P01,48,126,0,320
2027-05-15,P01,43,58,0,320
2027-05-16,P01,56,114,0,320
2027-05-17,P01,37,83,0,320
2027-05-18,P01,49,120,0,320
2027-05-19,P01,41,49,0,320
2027-05-20,P01,42,70,0,320
2027-05-21,P01,54,84,0,320
2027-05-22,P01,59,90,0,320
2027-05-23,P01,70,99,0,320
2027-05-24,P01,37,51,0,320
2027-05-25,P01,34,48,0,320
2027-05-26,P01,46,72,0,320
2027-05-27,P01,63,85,0,320
2027-05-28,P01,40,98,0,320
2027-05-29,P01,70,82,0,320
2027-05-30,P01,61,128,0,320
2027-05-31,P01,44,40,0,320
2027-06-01,P01,51,75,0,320
2027-06-02,P01,40,62,0,320
2027-06-03,P01,60,115,0,320
2027-06-04,P01,46,137,0,320
2027-06-05,P01,45,120,0,320
2027-06-06,P01,61,105,0,320
2027-06-07,P01,49,95,0,320
2027-06-08,P01,45,116,0,320
2027-06-09,P01,46,106,0,320
2027-06-10,P01,33,93,0,320
2027-06-11,P01,53,80,0,320
2027-06-12,P01,47,83,0,320
2027-06-13,P01,45,75,0,320
2027-06-14,P01,38,65,0,320
2027-06-15,P01,50,46,0,320
2027-06-16,P01,30,87,0,320
2027-06-17,P01,47,48,0,320
2027-06-18,P01,38,89,0,320
2027-06-19,P01,46,133,0,320
2027-06-20,P01,46,73,0,320
2027-06-21,P01,46,131,0,320
2027-06-22,P01,39,65,0,320
2027-06-23,P01,43,110,0,320
2027-06-24,P01,35,98,0,320
2027-06-25,P01,36,121,0,320
2027-06-26,P01,45,92,0,320
2027-06-27,P01,44,109,0,320
2027-06-28,P01,43,48,0,320
2027-06-29,P01,41,43,0,320
2027-06-30,P01,43,85,0,320
2027-07-01,P01,58,125,0,320
2027-07-02,P01,63,76,1,320
2027-07-03,P01,58,81,1,320
2027-07-04,P01,60,130,0,320
2027-07-05,P01,33,62,0,320
2027-07-06,P01,41,56,0,320
2027-07-07,P01,39,115,0,320
2027-07-08,P01,48,112,0,320
2027-07-09,P01,60,84,1,320
2027-07-10,P01,55,68,1,320
2027-07-11,P01,49,127,0,320
2027-07-12,P01,39,93,0,320
2027-07-13,P01,47,67,0,320
2027-07-14,P01,50,93,0,320
2027-07-15,P01,50,84,0,320
2027-07-16,P01,44,117,1,320
2027-07-17,P01,63,74,1,320
2027-07-18,P01,53,69,0,320
2027-07-19,P01,30,106,0,320
2027-07-20,P01,37,44,0,320
2027-07-21,P01,51,85,0,320
2027-07-22,P01,40,74,0,320
2027-07-23,P01,59,114,1,320
2027-07-24,P01,74,94,1,320
2027-07-25,P01,46,72,0,320
2027-07-26,P01,40,69,0,320
2027-07-27,P01,41,69,0,320
2027-07-28,P01,47,58,0,320
2027-07-29,P01,51,68,0,320
2027-07-30,P01,63,135,1,320
2027-07-31,P01,76,130,1,320
2027-08-01,P01,52,138,0,320
2027-08-02,P01,47,66,0,320
2027-08-03,P01,52,122,0,320
2027-08-04,P01,48,104,0,320
2027-08-05,P01,38,59,0,320
2027-08-06,P01,47,63,0,320
2027-08-07,P01,59,66,0,320
2027-08-08,P01,38,72,0,320
2027-08-09,P01,28,67,0,320
2027-08-10,P01,39,40,0,320
2027-08-11,P01,28,96,0,320
2027-08-12,P01,37,34,0,320
2027-08-13,P01,38,132,0,320
2027-08-14,P01,53,93,0,320
2027-08-15,P01,73,99,1,320
2027-08-16,P01,68,94,1,320
2027-08-17,P01,57,69,1,320
2027-08-18,P01,52,88,0,320
2027-08-19,P01,45,74,0,320
2027-08-20,P01,41,63,0,320
2027-08-21,P01,53,131,0,320
2027-08-22,P01,63,82,0,320
2027-08-23,P01,30,49,0,320
2027-08-24,P01,46,109,0,320
2027-08-25,P01,44,42,0,320
2027-08-26,P01,54,79,0,320
2027-08-27,P01,44,136,0,320
2027-08-28,P01,64,118,0,320
2027-08-29,P01,46,61,0,320
2027-08-30,P01,56,77,0,320
2027-08-31,P01,60,94,0,320
2027-09-01,P01,47,56,0,320
2027-09-02,P01,54,99,0,320
2027-09-03,P01,43,59,0,320
2027-09-04,P01,52,71,0,320
2027-09-05,P01,350,62,0,320
2027-09-06,P01,44,62,0,320
2027-09-07,P01,45,77,0,320
2027-09-08,P01,43,59,0,320
2027-09-09,P01,48,105,0,320
2027-09-10,P01,43,133,0,320
2027-09-11,P01,60,89,0,320
2027-09-12,P01,40,72,0,320
2027-09-13,P01,42,81,0,320
2027-09-14,P01,28,131,0,320
2027-09-15,P01,53,105,0,320
2027-09-16,P01,45,66,0,320
2027-09-17,P01,45,112,0,320
2027-09-18,P01,36,127,0,320
2027-09-19,P01,47,68,0,320
2027-09-20,P01,44,95,0,320
2027-09-21,P01,44,108,0,320
2027-09-22,P01,51,99,0,320
2027-09-23,P01,59,65,0,320
2027-09-24,P01,41,97,0,320
2027-09-25,P01,44,125,0,320
2027-09-26,P01,52,70,0,320
2027-09-27,P01,52,57,0,320
2027-09-28,P01,39,110,0,320
2027-09-29,P01,42,104,0,320
2027-09-30,P01,38,44,0,320
2027-10-01,P01,69,90,1,320
2027-10-02,P01,69,135,1,320
2027-10-03,P01,49,67,0,320
2027-10-04,P01,48,75,0,320
2027-10-05,P01,41,74,0,320
2027-10-06,P01,51,131,0,320
2027-10-07,P01,44,43,0,320
2027-10-08,P01,50,81,1,320
2027-10-09,P01,69,94,1,320
2027-10-10,P01,46,51,0,320
2027-10-11,P01,53,70,0,320
2027-10-12,P01,40,47,0,320
2027-10-13,P01,41,72,0,320
2027-10-14,P01,51,73,0,320
2027-10-15,P01,47,90,1,320
2027-10-16,P01,52,119,1,320
2027-10-17,P01,60,58,0,320
2027-10-18,P01,43,129,0,320
2027-10-19,P01,37,48,0,320
2027-10-20,P01,98,132,1,320
2027-10-21,P01,87,87,1,320
2027-10-22,P01,98,132,1,320
2027-10-23,P01,99,114,1,320
2027-10-24,P01,109,117,1,320
2027-10-25,P01,82,118,1,320
2027-10-26,P01,38,50,0,320
2027-10-27,P01,48,50,0,320
2027-10-28,P01,50,72,0,320
2027-10-29,P01,52,69,1,320
2027-10-30,P01,65,79,1,320
2027-10-31,P01,49,130,0,320
2027-11-01,P01,89,127,1,320
2027-11-02,P01,80,89,1,320
2027-11-03,P01,95,92,1,320
2027-11-04,P01,52,83,0,320
2027-11-05,P01,53,65,0,320
2027-11-06,P01,55,75,0,320
2027-11-07,P01,57,104,0,320
2027-11-08,P01,45,114,0,320
2027-11-09,P01,37,133,0,320
2027-11-10,P01,41,69,0,320
2027-11-11,P01,46,95,0,320
2027-11-12,P01,44,78,0,320
2027-11-13,P01,54,112,0,320
2027-11-14,P01,51,55,0,320
2027-11-15,P01,45,73,0,320
2027-11-16,P01,45,64,0,320
2027-11-17,P01,48,97,0,320
2027-11-18,P01,41,91,0,320
2027-11-19,P01,43,50,0,320
2027-11-20,P01,64,62,0,320
2027-11-21,P01,50,106,0,320
2027-11-22,P01,46,79,0,320
2027-11-23,P01,50,83,0,320
2027-11-24,P01,48,122,0,320
2027-11-25,P01,48,80,0,320
2027-11-26,P01,42,62,0,320
2027-11-27,P01,67,72,0,320
2027-11-28,P01,58,72,0,320
2027-11-29,P01,57,92,0,320
2027-11-30,P01,43,64,0,320
2027-12-01,P01,42,131,0,320
2027-12-02,P01,56,112,0,320
2027-12-03,P01,58,87,0,320
2027-12-04,P01,54,77,0,320
2027-12-05,P01,37,66,0,320
2027-12-06,P01,52,128,0,320
2027-12-07,P01,34,90,0,320
2027-12-08,P01,34,59,0,320
2027-12-09,P01,54,68,0,320
2027-12-10,P01,62,65,0,320
2027-12-11,P01,55,56,0,320
2027-12-12,P01,49,46,0,320
2027-12-13,P01,41,139,0,320
2027-12-14,P01,28,136,0,320
2027-12-15,P01,55,93,0,320
2027-12-16,P01,38,61,0,320
2027-12-17,P01,59,93,0,320
2027-12-18,P01,51,62,0,320
2027-12-19,P01,45,56,0,320
2027-12-20,P01,34,77,0,320
2027-12-21,P01,53,72,0,320
2027-12-22,P01,40,78,0,320
2027-12-23,P01,34,63,0,320
2027-12-24,P01,56,115,0,320
2027-12-25,P01,58,90,0,320
2027-12-26,P01,42,64,0,320
2027-12-27,P01,43,137,0,320
2027-12-28,P01,52,137,0,320
2027-12-29,P01,41,64,0,320
2027-12-30,P01,48,110,0,320
2027-12-31,P01,60,135,0,320
2026-01-01,P02,37,136,0,55
2026-01-02,P02,29,68,0,55
2026-01-03,P02,37,68,0,55
2026-01-04,P02,30,48,0,55
2026-01-05,P02,23,46,0,55
2026-01-06,P02,23,137,0,55
2026-01-07,P02,28,73,0,55
2026-01-08,P02,21,90,0,55
2026-01-09,P02,31,61,0,55
2026-01-10,P02,37,87,0,55
2026-01-11,P02,41,65,0,55
2026-01-12,P02,34,49,0,55
2026-01-13,P02,45,63,1,55
2026-01-14,P02,55,136,1,55
2026-01-15,P02,62,120,1,55
2026-01-16,P02,62,112,1,55
2026-01-17,P02,57,80,0,55
2026-01-18,P02,42,71,0,55
2026-01-19,P02,33,52,0,55
2026-01-20,P02,32,122,0,55
2026-01-21,P02,31,85,0,55
2026-01-22,P02,40,121,0,55
2026-01-23,P02,58,109,0,55
2026-01-24,P02,50,76,0,55
2026-01-25,P02,44,52,0,55
2026-01-26,P02,35,68,0,55
2026-01-27,P02,22,62,0,55
2026-01-28,P02,37,80,0,55
2026-01-29,P02,50,134,0,55
2026-01-30,P02,51,82,0,55
2026-01-31,P02,54,102,0,55
2026-02-01,P02,48,62,0,55
2026-02-02,P02,38,68,0,55
2026-02-03,P02,48,96,0,55
2026-02-04,P02,42,71,0,55
2026-02-05,P02,50,68,0,55
2026-02-06,P02,50,67,0,55
2026-02-07,P02,60,72,0,55
2026-02-08,P02,49,58,0,55
2026-02-09,P02,44,57,0,55
2026-02-10,P02,53,66,0,55
2026-02-11,P02,43,56,0,55
2026-02-12,P02,45,51,0,55
2026-02-13,P02,47,51,0,55
2026-02-14,P02,55,91,0,55
2026-02-15,P02,59,62,0,55
2026-02-16,P02,42,50,0,55
2026-02-17,P02,46,76,0,55
2026-02-18,P02,62,69,0,55
2026-02-19,P02,56,100,0,55
2026-02-20,P02,54,103,0,55
2026-02-21,P02,56,62,0,55
2026-02-22,P02,60,66,0,55
2026-02-23,P02,39,61,0,55
2026-02-24,P02,46,63,0,55
2026-02-25,P02,59,128,0,55
2026-02-26,P02,44,123,0,55
2026-02-27,P02,49,80,0,55
2026-02-28,P02,91,95,0,55
2026-03-01,P02,56,133,0,55
2026-03-02,P02,64,96,0,55
2026-03-03,P02,52,78,0,55
2026-03-04,P02,45,61,0,55
2026-03-05,P02,57,74,0,55
2026-03-06,P02,73,95,1,55
2026-03-07,P02,84,125,1,55
2026-03-08,P02,62,106,0,55
2026-03-09,P02,51,49,0,55
2026-03-10,P02,62,115,0,55
2026-03-11,P02,66,119,0,55
2026-03-12,P02,63,63,0,55
2026-03-13,P02,64,100,1,55
2026-03-14,P02,80,125,1,55
2026-03-15,P02,78,108,0,55
2026-03-16,P02,49,88,0,55
2026-03-17,P02,63,69,0,55
2026-03-18,P02,70,133,0,55
2026-03-19,P02,63,92,0,55
2026-03-20,P02,96,91,1,55
2026-03-21,P02,90,94,1,55
2026-03-22,P02,63,91,0,55
2026-03-23,P02,59,123,0,55
2026-03-24,P02,62,89,0,55
2026-03-25,P02,55,87,0,55
2026-03-26,P02,64,96,0,55
2026-03-27,P02,82,126,1,55
2026-03-28,P02,106,115,1,55
2026-03-29,P02,72,92,0,55
2026-03-30,P02,59,128,0,55
2026-03-31,P02,81,106,0,55
2026-04-01,P02,79,78,0,55
2026-04-02,P02,72,93,0,55
2026-04-03,P02,76,103,0,55
2026-04-04,P02,95,113,0,55
2026-04-05,P02,61,92,0,55
2026-04-06,P02,57,87,0,55
2026-04-07,P02,68,67,0,55
2026-04-08,P02,68,115,0,55
2026-04-09,P02,69,67,0,55
2026-04-10,P02,73,101,0,55
2026-04-11,P02,98,103,0,55
2026-04-12,P02,110,134,0,55
2026-04-13,P02,74,132,0,55
2026-04-14,P02,73,80,0,55
2026-04-15,P02,65,90,0,55
2026-04-16,P02,83,82,0,55
2026-04-17,P02,82,111,0,55
2026-04-18,P02,93,98,0,55
2026-04-19,P02,88,131,0,55
2026-04-20,P02,68,85,0,55
2026-04-21,P02,66,73,0,55
2026-04-22,P02,73,80,0,55
2026-04-23,P02,80,105,0,55
2026-04-24,P02,78,112,0,55
2026-04-25,P02,104,111,0,55
2026-04-26,P02,92,93,0,55
2026-04-27,P02,67,127,0,55
2026-04-28,P02,67,115,0,55
2026-04-29,P02,64,137,0,55
2026-04-30,P02,78,127,0,55
2026-05-01,P02,81,115,0,55
2026-05-02,P02,112,116,0,55
2026-05-03,P02,88,117,0,55
2026-05-04,P02,73,82,0,55
2026-05-05,P02,80,87,0,55
2026-05-06,P02,80,85,0,55
2026-05-07,P02,55,63,0,55
2026-05-08,P02,86,91,0,55
2026-05-09,P02,90,116,0,55
2026-05-10,P02,84,106,0,55
2026-05-11,P02,94,104,0,55
2026-05-12,P02,60,93,0,55
2026-05-13,P02,63,86,0,55
2026-05-14,P02,79,88,0,55
2026-05-15,P02,80,112,0,55
2026-05-16,P02,87,109,0,55
2026-05-17,P02,92,94,0,55
2026-05-18,P02,75,97,0,55
2026-05-19,P02,77,83,0,55
2026-05-20,P02,68,71,0,55
2026-05-21,P02,76,126,0,55
2026-05-22,P02,72,82,0,55
2026-05-23,P02,83,101,0,55
2026-05-24,P02,96,116,0,55
2026-05-25,P02,75,70,0,55
2026-05-26,P02,76,107,0,55
2026-05-27,P02,83,85,0,55
2026-05-28,P02,74,88,0,55
2026-05-29,P02,80,107,0,55
2026-05-30,P02,84,81,0,55
2026-05-31,P02,95,104,0,55
2026-06-01,P02,33,33,0,55
2026-06-02,P02,45,45,0,55
2026-06-03,P02,31,31,0,55
2026-06-04,P02,73,107,0,55
2026-06-05,P02,78,96,0,55
2026-06-06,P02,103,117,0,55
2026-06-07,P02,84,107,0,55
2026-06-08,P02,67,138,0,55
2026-06-09,P02,67,103,0,55
2026-06-10,P02,65,80,0,55
2026-06-11,P02,72,72,0,55
2026-06-12,P02,72,86,0,55
2026-06-13,P02,69,80,0,55
2026-06-14,P02,97,130,0,55
2026-06-15,P02,71,98,0,55
2026-06-16,P02,81,112,0,55
2026-06-17,P02,71,117,0,55
2026-06-18,P02,71,78,0,55
2026-06-19,P02,77,107,0,55
2026-06-20,P02,90,100,0,55
2026-06-21,P02,79,106,0,55
2026-06-22,P02,87,136,0,55
2026-06-23,P02,77,114,0,55
2026-06-24,P02,60,118,0,55
2026-06-25,P02,72,90,0,55
2026-06-26,P02,71,97,0,55
2026-06-27,P02,84,84,0,55
2026-06-28,P02,86,133,0,55
2026-06-29,P02,76,109,0,55
2026-06-30,P02,90,102,0,55
2026-07-01,P02,71,95,0,55
2026-07-02,P02,79,92,0,55
2026-07-03,P02,114,124,1,55
2026-07-04,P02,93,102,1,55
2026-07-05,P02,92,135,0,55
2026-07-06,P02,58,89,0,55
2026-07-07,P02,63,135,0,55
2026-07-08,P02,69,116,0,55
2026-07-09,P02,78,76,0,55
2026-07-10,P02,99,94,1,55
2026-07-11,P02,108,138,1,55
2026-07-12,P02,94,122,0,55
2026-07-13,P02,60,133,0,55
2026-07-14,P02,67,94,0,55
2026-07-15,P02,77,101,0,55
2026-07-16,P02,63,90,0,55
2026-07-17,P02,79,112,1,55
2026-07-18,P02,94,102,1,55
2026-07-19,P02,79,85,0,55
2026-07-20,P02,78,105,0,55
2026-07-21,P02,74,99,0,55
2026-07-22,P02,96,92,0,55
2026-07-23,P02,73,103,0,55
2026-07-24,P02,114,143,1,55
2026-07-25,P02,136,146,1,55
2026-07-26,P02,105,117,0,55
2026-07-27,P02,62,82,0,55
2026-07-28,P02,76,95,0,55
2026-07-29,P02,104,139,0,55
2026-07-30,P02,81,127,0,55
2026-07-31,P02,110,133,1,55
2026-08-01,P02,108,131,0,55
2026-08-02,P02,89,93,0,55
2026-08-03,P02,80,86,0,55
2026-08-04,P02,82,129,0,55
2026-08-05,P02,74,107,0,55
2026-08-06,P02,63,83,0,55
2026-08-07,P02,73,84,0,55
2026-08-08,P02,96,99,0,55
2026-08-09,P02,88,139,0,55
2026-08-10,P02,80,117,0,55
2026-08-11,P02,74,106,0,55
2026-08-12,P02,73,69,0,55
2026-08-13,P02,73,137,0,55
2026-08-14,P02,68,75,0,55
2026-08-15,P02,141,138,1,55
2026-08-16,P02,121,126,1,55
2026-08-17,P02,104,99,1,55
2026-08-18,P02,74,108,0,55
2026-08-19,P02,85,105,0,55
2026-08-20,P02,75,82,0,55
2026-08-21,P02,64,111,0,55
2026-08-22,P02,84,87,0,55
2026-08-23,P02,84,105,0,55
2026-08-24,P02,72,99,0,55
2026-08-25,P02,75,102,0,55
2026-08-26,P02,63,96,0,55
2026-08-27,P02,80,78,0,55
2026-08-28,P02,101,122,0,55
2026-08-29,P02,93,97,0,55
2026-08-30,P02,92,124,0,55
2026-08-31,P02,84,92,0,55
2026-09-01,P02,67,75,0,55
2026-09-02,P02,87,137,0,55
2026-09-03,P02,76,121,0,55
2026-09-04,P02,92,126,0,55
2026-09-05,P02,92,90,0,55
2026-09-06,P02,91,97,0,55
2026-09-07,P02,64,96,0,55
2026-09-08,P02,70,102,0,55
2026-09-09,P02,65,101,0,55
2026-09-10,P02,87,122,0,55
2026-09-11,P02,64,61,0,55
2026-09-12,P02,87,88,0,55
2026-09-13,P02,96,121,0,55
2026-09-14,P02,80,113,0,55
2026-09-15,P02,73,131,0,55
2026-09-16,P02,64,132,0,55
2026-09-17,P02,61,114,0,55
2026-09-18,P02,83,132,0,55
2026-09-19,P02,95,95,0,55
2026-09-20,P02,89,126,0,55
2026-09-21,P02,75,75,0,55
2026-09-22,P02,72,106,0,55
2026-09-23,P02,83,138,0,55
2026-09-24,P02,76,100,0,55
2026-09-25,P02,73,101,0,55
2026-09-26,P02,91,102,0,55
2026-09-27,P02,87,104,0,55
2026-09-28,P02,87,137,0,55
2026-09-29,P02,98,94,0,55
2026-09-30,P02,92,107,0,55
2026-10-01,P02,73,112,0,55
2026-10-02,P02,89,123,1,55
2026-10-03,P02,107,138,1,55
2026-10-04,P02,78,92,0,55
2026-10-05,P02,77,97,0,55
2026-10-06,P02,62,61,0,55
2026-10-07,P02,70,72,0,55
2026-10-08,P02,69,118,0,55
2026-10-09,P02,88,103,1,55
2026-10-10,P02,122,120,1,55
2026-10-11,P02,96,100,0,55
2026-10-12,P02,61,93,0,55
2026-10-13,P02,75,90,0,55
2026-10-14,P02,81,105,0,55
2026-10-15,P02,78,115,0,55
2026-10-16,P02,103,123,1,55
2026-10-17,P02,98,114,1,55
2026-10-18,P02,83,104,0,55
2026-10-19,P02,74,119,0,55
2026-10-20,P02,145,142,1,55
2026-10-21,P02,159,156,1,55
2026-10-22,P02,153,158,1,55
2026-10-23,P02,183,187,1,55
2026-10-24,P02,202,221,1,55
2026-10-25,P02,178,190,1,55
2026-10-26,P02,74,100,0,55
2026-10-27,P02,68,95,0,55
2026-10-28,P02,73,95,0,55
2026-10-29,P02,84,84,0,55
2026-10-30,P02,105,110,1,55
2026-10-31,P02,113,125,1,55
2026-11-01,P02,162,164,1,55
2026-11-02,P02,147,157,1,55
2026-11-03,P02,148,175,1,55
2026-11-04,P02,83,84,0,55
2026-11-05,P02,64,71,0,55
2026-11-06,P02,85,107,0,55
2026-11-07,P02,83,98,0,55
2026-11-08,P02,78,99,0,55
2026-11-09,P02,80,104,0,55
2026-11-10,P02,80,119,0,55
2026-11-11,P02,72,119,0,55
2026-11-12,P02,66,74,0,55
2026-11-13,P02,91,114,0,55
2026-11-14,P02,84,84,0,55
2026-11-15,P02,79,103,0,55
2026-11-16,P02,65,95,0,55
2026-11-17,P02,76,75,0,55
2026-11-18,P02,70,101,0,55
2026-11-19,P02,79,120,0,55
2026-11-20,P02,98,130,0,55
2026-11-21,P02,84,109,0,55
2026-11-22,P02,87,101,0,55
2026-11-23,P02,71,89,0,55
2026-11-24,P02,66,93,0,55
2026-11-25,P02,71,79,0,55
2026-11-26,P02,90,87,0,55
2026-11-27,P02,76,78,0,55
2026-11-28,P02,96,96,0,55
2026-11-29,P02,78,77,0,55
2026-11-30,P02,87,128,0,55
2026-12-01,P02,79,118,0,55
2026-12-02,P02,93,122,0,55
2026-12-03,P02,87,103,0,55
2026-12-04,P02,88,136,0,55
2026-12-05,P02,83,99,0,55
2026-12-06,P02,71,100,0,55
2026-12-07,P02,63,93,0,55
2026-12-08,P02,56,128,0,55
2026-12-09,P02,71,107,0,55
2026-12-10,P02,80,102,0,55
2026-12-11,P02,95,103,0,55
2026-12-12,P02,91,110,0,55
2026-12-13,P02,102,125,0,55
2026-12-14,P02,83,92,0,55
2026-12-15,P02,86,91,0,55
2026-12-16,P02,77,112,0,55
2026-12-17,P02,76,89,0,55
2026-12-18,P02,74,136,0,55
2026-12-19,P02,100,133,0,55
2026-12-20,P02,81,87,0,55
2026-12-21,P02,66,138,0,55
2026-12-22,P02,72,101,0,55
2026-12-23,P02,62,123,0,55
2026-12-24,P02,80,106,0,55
2026-12-25,P02,79,105,0,55
2026-12-26,P02,83,104,0,55
2026-12-27,P02,85,108,0,55
2026-12-28,P02,77,79,0,55
2026-12-29,P02,94,127,0,55
2026-12-30,P02,92,110,0,55
2026-12-31,P02,86,118,0,55
2027-01-01,P02,100,104,0,55
2027-01-02,P02,94,111,0,55
2027-01-03,P02,90,102,0,55
2027-01-04,P02,69,131,0,55
2027-01-05,P02,64,94,0,55
2027-01-06,P02,62,99,0,55
2027-01-07,P02,75,126,0,55
2027-01-08,P02,77,76,0,55
2027-01-09,P02,85,81,0,55
2027-01-10,P02,83,86,0,55
2027-01-11,P02,66,114,0,55
2027-01-12,P02,55,125,0,55
2027-01-13,P02,108,131,1,55
2027-01-14,P02,104,132,1,55
2027-01-15,P02,116,133,1,55
2027-01-16,P02,132,148,1,55
2027-01-17,P02,96,93,0,55
2027-01-18,P02,66,87,0,55
2027-01-19,P02,63,95,0,55
2027-01-20,P02,73,139,0,55
2027-01-21,P02,84,80,0,55
2027-01-22,P02,82,78,0,55
2027-01-23,P02,79,129,0,55
2027-01-24,P02,81,96,0,55
2027-01-25,P02,64,93,0,55
2027-01-26,P02,55,82,0,55
2027-01-27,P02,60,78,0,55
2027-01-28,P02,75,104,0,55
2027-01-29,P02,92,97,0,55
2027-01-30,P02,85,103,0,55
2027-01-31,P02,76,78,0,55
2027-02-01,P02,70,98,0,55
2027-02-02,P02,80,77,0,55
2027-02-03,P02,66,135,0,55
2027-02-04,P02,70,79,0,55
2027-02-05,P02,75,80,0,55
2027-02-06,P02,90,93,0,55
2027-02-07,P02,86,109,0,55
2027-02-08,P02,78,124,0,55
2027-02-09,P02,68,98,0,55
2027-02-10,P02,55,87,0,55
2027-02-11,P02,73,100,0,55
2027-02-12,P02,84,130,0,55
2027-02-13,P02,80,114,0,55
2027-02-14,P02,60,111,0,55
2027-02-15,P02,67,98,0,55
2027-02-16,P02,83,95,0,55
2027-02-17,P02,78,104,0,55
2027-02-18,P02,62,87,0,55
2027-02-19,P02,80,118,0,55
2027-02-20,P02,82,131,0,55
2027-02-21,P02,76,101,0,55
2027-02-22,P02,64,94,0,55
2027-02-23,P02,64,96,0,55
2027-02-24,P02,66,91,0,55
2027-02-25,P02,69,83,0,55
2027-02-26,P02,60,82,0,55
2027-02-27,P02,77,108,0,55
2027-02-28,P02,76,106,0,55
2027-03-01,P02,78,99,0,55
2027-03-02,P02,74,70,0,55
2027-03-03,P02,70,73,0,55
2027-03-04,P02,58,56,0,55
2027-03-05,P02,81,112,1,55
2027-03-06,P02,95,125,1,55
2027-03-07,P02,87,101,0,55
2027-03-08,P02,81,101,0,55
2027-03-09,P02,73,73,0,55
2027-03-10,P02,90,99,0,55
2027-03-11,P02,77,104,0,55
2027-03-12,P02,89,85,1,55
2027-03-13,P02,104,113,1,55
2027-03-14,P02,73,82,0,55
2027-03-15,P02,71,97,0,55
2027-03-16,P02,74,102,0,55
2027-03-17,P02,58,91,0,55
2027-03-18,P02,61,119,0,55
2027-03-19,P02,103,135,1,55
2027-03-20,P02,111,134,1,55
2027-03-21,P02,73,80,0,55
2027-03-22,P02,70,139,0,55
2027-03-23,P02,77,101,0,55
2027-03-24,P02,54,85,0,55
2027-03-25,P02,73,69,0,55
2027-03-26,P02,74,84,1,55
2027-03-27,P02,87,97,1,55
2027-03-28,P02,85,84,0,55
2027-03-29,P02,67,99,0,55
2027-03-30,P02,84,112,0,55
2027-03-31,P02,81,92,0,55
2027-04-01,P02,84,118,0,55
2027-04-02,P02,78,81,0,55
2027-04-03,P02,96,119,0,55
2027-04-04,P02,87,97,0,55
2027-04-05,P02,79,100,0,55
2027-04-06,P02,57,84,0,55
2027-04-07,P02,71,122,0,55
2027-04-08,P02,68,82,0,55
2027-04-09,P02,78,138,0,55
2027-04-10,P02,92,139,0,55
2027-04-11,P02,83,99,0,55
2027-04-12,P02,59,83,0,55
2027-04-13,P02,69,92,0,55
2027-04-14,P02,72,92,0,55
2027-04-15,P02,70,85,0,55
2027-04-16,P02,78,104,0,55
2027-04-17,P02,85,117,0,55
2027-04-18,P02,85,95,0,55
2027-04-19,P02,72,70,0,55
2027-04-20,P02,70,134,0,55
2027-04-21,P02,56,88,0,55
2027-04-22,P02,63,90,0,55
2027-04-23,P02,66,135,0,55
2027-04-24,P02,122,119,0,55
2027-04-25,P02,89,115,0,55
2027-04-26,P02,56,66,0,55
2027-04-27,P02,79,84,0,55
2027-04-28,P02,79,111,0,55
2027-04-29,P02,98,132,0,55
2027-04-30,P02,72,128,0,55
2027-05-01,P02,110,130,0,55
2027-05-02,P02,105,121,0,55
2027-05-03,P02,61,75,0,55
2027-05-04,P02,60,84,0,55
2027-05-05,P02,69,101,0,55
2027-05-06,P02,82,105,0,55
2027-05-07,P02,84,79,0,55
2027-05-08,P02,103,102,0,55
2027-05-09,P02,84,118,0,55
2027-05-10,P02,60,65,0,55
2027-05-11,P02,69,93,0,55
2027-05-12,P02,71,128,0,55
2027-05-13,P02,64,87,0,55
2027-05-14,P02,85,90,0,55
2027-05-15,P02,110,126,0,55
2027-05-16,P02,91,126,0,55
2027-05-17,P02,62,132,0,55
2027-05-18,P02,74,127,0,55
2027-05-19,P02,69,93,0,55
2027-05-20,P02,81,103,0,55
2027-05-21,P02,71,99,0,55
2027-05-22,P02,84,94,0,55
2027-05-23,P02,85,105,0,55
2027-05-24,P02,74,100,0,55
2027-05-25,P02,67,80,0,55
2027-05-26,P02,70,111,0,55
2027-05-27,P02,78,73,0,55
2027-05-28,P02,82,113,0,55
2027-05-29,P02,110,141,0,55
2027-05-30,P02,109,107,0,55
2027-05-31,P02,60,96,0,55
2027-06-01,P02,86,121,0,55
2027-06-02,P02,72,97,0,55
2027-06-03,P02,72,98,0,55
2027-06-04,P02,74,103,0,55
2027-06-05,P02,89,88,0,55
2027-06-06,P02,61,62,0,55
2027-06-07,P02,88,122,0,55
2027-06-08,P02,63,127,0,55
2027-06-09,P02,56,106,0,55
2027-06-10,P02,66,94,0,55
2027-06-11,P02,73,97,0,55
2027-06-12,P02,99,118,0,55
2027-06-13,P02,72,104,0,55
2027-06-14,P02,74,98,0,55
2027-06-15,P02,59,122,0,55
2027-06-16,P02,71,91,0,55
2027-06-17,P02,74,91,0,55
2027-06-18,P02,83,130,0,55
2027-06-19,P02,88,97,0,55
2027-06-20,P02,96,109,0,55
2027-06-21,P02,74,105,0,55
2027-06-22,P02,62,65,0,55
2027-06-23,P02,75,89,0,55
2027-06-24,P02,83,127,0,55
2027-06-25,P02,86,93,0,55
2027-06-26,P02,79,96,0,55
2027-06-27,P02,83,129,0,55
2027-06-28,P02,84,86,0,55
2027-06-29,P02,74,107,0,55
2027-06-30,P02,97,113,0,55
2027-07-01,P02,70,81,0,55
2027-07-02,P02,102,98,1,55
2027-07-03,P02,125,133,1,55
2027-07-04,P02,85,103,0,55
2027-07-05,P02,75,81,0,55
2027-07-06,P02,75,94,0,55
2027-07-07,P02,73,78,0,55
2027-07-08,P02,81,115,0,55
2027-07-09,P02,71,89,1,55
2027-07-10,P02,106,129,1,55
2027-07-11,P02,106,109,0,55
2027-07-12,P02,66,120,0,55
2027-07-13,P02,77,111,0,55
2027-07-14,P02,76,109,0,55
2027-07-15,P02,60,111,0,55
2027-07-16,P02,80,109,1,55
2027-07-17,P02,99,122,1,55
2027-07-18,P02,82,106,0,55
2027-07-19,P02,64,105,0,55
2027-07-20,P02,69,77,0,55
2027-07-21,P02,84,116,0,55
2027-07-22,P02,66,75,0,55
2027-07-23,P02,86,120,1,55
2027-07-24,P02,102,105,1,55
2027-07-25,P02,101,120,0,55
2027-07-26,P02,59,93,0,55
2027-07-27,P02,70,128,0,55
2027-07-28,P02,76,85,0,55
2027-07-29,P02,83,102,0,55
2027-07-30,P02,107,124,1,55
2027-07-31,P02,118,124,1,55
2027-08-01,P02,83,95,0,55
2027-08-02,P02,73,74,0,55
2027-08-03,P02,81,105,0,55
2027-08-04,P02,82,97,0,55
2027-08-05,P02,71,105,0,55
2027-08-06,P02,88,109,0,55
2027-08-07,P02,80,92,0,55
2027-08-08,P02,84,88,0,55
2027-08-09,P02,49,72,0,55
2027-08-10,P02,79,114,0,55
2027-08-11,P02,69,93,0,55
2027-08-12,P02,70,99,0,55
2027-08-13,P02,79,102,0,55
2027-08-14,P02,94,139,0,55
2027-08-15,P02,132,129,1,55
2027-08-16,P02,101,113,1,55
2027-08-17,P02,99,120,1,55
2027-08-18,P02,63,118,0,55
2027-08-19,P02,77,102,0,55
2027-08-20,P02,84,114,0,55
2027-08-21,P02,97,110,0,55
2027-08-22,P02,86,107,0,55
2027-08-23,P02,70,74,0,55
2027-08-24,P02,77,108,0,55
2027-08-25,P02,54,73,0,55
2027-08-26,P02,69,79,0,55
2027-08-27,P02,96,118,0,55
2027-08-28,P02,104,102,0,55
2027-08-29,P02,90,103,0,55
2027-08-30,P02,87,99,0,55
2027-08-31,P02,89,129,0,55
2027-09-01,P02,84,102,0,55
2027-09-02,P02,76,96,0,55
2027-09-03,P02,102,138,0,55
2027-09-04,P02,89,86,0,55
2027-09-05,P02,81,114,0,55
2027-09-06,P02,76,108,0,55
2027-09-07,P02,73,102,0,55
2027-09-08,P02,85,91,0,55
2027-09-09,P02,78,78,0,55
2027-09-10,P02,75,70,0,55
2027-09-11,P02,82,104,0,55
2027-09-12,P02,79,85,0,55
2027-09-13,P02,62,127,0,55
2027-09-14,P02,71,90,0,55
2027-09-15,P02,62,68,0,55
2027-09-16,P02,73,83,0,55
2027-09-17,P02,83,110,0,55
2027-09-18,P02,95,110,0,55
2027-09-19,P02,82,105,0,55
2027-09-20,P02,73,93,0,55
2027-09-21,P02,81,104,0,55
2027-09-22,P02,73,107,0,55
2027-09-23,P02,76,110,0,55
2027-09-24,P02,76,89,0,55
2027-09-25,P02,79,110,0,55
2027-09-26,P02,97,102,0,55
2027-09-27,P02,71,72,0,55
2027-09-28,P02,63,64,0,55
2027-09-29,P02,94,100,0,55
2027-09-30,P02,87,111,0,55
2027-10-01,P02,110,140,1,55
2027-10-02,P02,120,118,1,55
2027-10-03,P02,81,82,0,55
2027-10-04,P02,71,102,0,55
2027-10-05,P02,66,96,0,55
2027-10-06,P02,80,92,0,55
2027-10-07,P02,88,123,0,55
2027-10-08,P02,96,134,1,55
2027-10-09,P02,103,131,1,55
2027-10-10,P02,93,118,0,55
2027-10-11,P02,57,85,0,55
2027-10-12,P02,85,121,0,55
2027-10-13,P02,71,112,0,55
2027-10-14,P02,76,121,0,55
2027-10-15,P02,108,127,1,55
2027-10-16,P02,106,134,1,55
2027-10-17,P02,91,125,0,55
2027-10-18,P02,68,63,0,55
2027-10-19,P02,70,110,0,55
2027-10-20,P02,135,154,1,55
2027-10-21,P02,140,138,1,55
2027-10-22,P02,162,174,1,55
2027-10-23,P02,178,176,1,55
2027-10-24,P02,176,171,1,55
2027-10-25,P02,144,153,1,55
2027-10-26,P02,86,110,0,55
2027-10-27,P02,78,79,0,55
2027-10-28,P02,95,128,0,55
2027-10-29,P02,83,108,1,55
2027-10-30,P02,119,144,1,55
2027-10-31,P02,100,124,0,55
2027-11-01,P02,141,140,1,55
2027-11-02,P02,142,170,1,55
2027-11-03,P02,122,136,1,55
2027-11-04,P02,73,96,0,55
2027-11-05,P02,75,119,0,55
2027-11-06,P02,106,117,0,55
2027-11-07,P02,80,106,0,55
2027-11-08,P02,66,116,0,55
2027-11-09,P02,57,67,0,55
2027-11-10,P02,88,106,0,55
2027-11-11,P02,70,93,0,55
2027-11-12,P02,89,94,0,55
2027-11-13,P02,102,104,0,55
2027-11-14,P02,79,96,0,55
2027-11-15,P02,79,134,0,55
2027-11-16,P02,71,83,0,55
2027-11-17,P02,65,95,0,55
2027-11-18,P02,80,89,0,55
2027-11-19,P02,86,107,0,55
2027-11-20,P02,109,124,0,55
2027-11-21,P02,101,129,0,55
2027-11-22,P02,76,83,0,55
2027-11-23,P02,69,107,0,55
2027-11-24,P02,80,79,0,55
2027-11-25,P02,77,96,0,55
2027-11-26,P02,79,137,0,55
2027-11-27,P02,96,103,0,55
2027-11-28,P02,107,134,0,55
2027-11-29,P02,90,121,0,55
2027-11-30,P02,82,130,0,55
2027-12-01,P02,84,102,0,55
2027-12-02,P02,88,112,0,55
2027-12-03,P02,90,98,0,55
2027-12-04,P02,93,108,0,55
2027-12-05,P02,81,122,0,55
2027-12-06,P02,71,126,0,55
2027-12-07,P02,77,126,0,55
2027-12-08,P02,86,99,0,55
2027-12-09,P02,83,100,0,55
2027-12-10,P02,69,72,0,55
2027-12-11,P02,100,133,0,55
2027-12-12,P02,97,123,0,55
2027-12-13,P02,72,137,0,55
2027-12-14,P02,72,95,0,55
2027-12-15,P02,78,112,0,55
2027-12-16,P02,70,109,0,55
2027-12-17,P02,80,85,0,55
2027-12-18,P02,80,105,0,55
2027-12-19,P02,72,104,0,55
2027-12-20,P02,72,90,0,55
2027-12-21,P02,80,80,0,55
2027-12-22,P02,85,91,0,55
2027-12-23,P02,89,129,0,55
2027-12-24,P02,77,72,0,55
2027-12-25,P02,92,132,0,55
2027-12-26,P02,81,113,0,55
2027-12-27,P02,73,102,0,55
2027-12-28,P02,103,118,0,55
2027-12-29,P02,84,113,0,55
2027-12-30,P02,57,109,0,55
2027-12-31,P02,100,106,0,55
2026-01-01,P03,19,34,0,45
2026-01-02,P03,16,91,0,45
2026-01-03,P03,28,44,0,45
2026-01-04,P03,11,34,0,45
2026-01-05,P03,16,110,0,45
2026-01-06,P03,15,92,0,45
2026-01-07,P03,17,20,0,45
2026-01-08,P03,21,76,0,45
2026-01-09,P03,16,24,0,45
2026-01-10,P03,17,118,0,45
2026-01-11,P03,17,108,0,45
2026-01-12,P03,24,106,0,45
2026-01-13,P03,25,75,1,45
2026-01-14,P03,34,53,1,45
2026-01-15,P03,25,84,1,45
2026-01-16,P03,27,61,1,45
2026-01-17,P03,21,135,0,45
2026-01-18,P03,22,65,0,45
2026-01-19,P03,12,36,0,45
2026-01-20,P03,15,108,0,45
2026-01-21,P03,22,124,0,45
2026-01-22,P03,27,78,0,45
2026-01-23,P03,22,64,0,45
2026-01-24,P03,22,52,0,45
2026-01-25,P03,14,36,0,45
2026-01-26,P03,17,126,0,45
2026-01-27,P03,11,138,0,45
2026-01-28,P03,21,18,0,45
2026-01-29,P03,23,59,0,45
2026-01-30,P03,21,42,0,45
2026-01-31,P03,26,39,0,45
2026-02-01,P03,18,55,0,45
2026-02-02,P03,19,66,0,45
2026-02-03,P03,21,44,0,45
2026-02-04,P03,22,33,0,45
2026-02-05,P03,23,97,0,45
2026-02-06,P03,32,129,0,45
2026-02-07,P03,27,60,0,45
2026-02-08,P03,17,97,0,45
2026-02-09,P03,17,112,0,45
2026-02-10,P03,29,89,0,45
2026-02-11,P03,33,55,0,45
2026-02-12,P03,13,32,0,45
2026-02-13,P03,16,43,0,45
2026-02-14,P03,27,63,0,45
2026-02-15,P03,20,32,0,45
2026-02-16,P03,22,66,0,45
2026-02-17,P03,27,130,0,45
2026-02-18,P03,23,44,0,45
2026-02-19,P03,24,114,0,45
2026-02-20,P03,22,29,0,45
2026-02-21,P03,31,112,0,45
2026-02-22,P03,27,128,0,45
2026-02-23,P03,23,47,0,45
2026-02-24,P03,28,105,0,45
2026-02-25,P03,27,56,0,45
2026-02-26,P03,33,84,0,45
2026-02-27,P03,23,48,0,45
2026-02-28,P03,28,119,0,45
2026-03-01,P03,31,50,0,45
2026-03-02,P03,35,69,0,45
2026-03-03,P03,24,92,0,45
2026-03-04,P03,27,88,0,45
2026-03-05,P03,26,81,0,45
2026-03-06,P03,27,36,1,45
2026-03-07,P03,36,60,1,45
2026-03-08,P03,27,56,0,45
2026-03-09,P03,29,59,0,45
2026-03-10,P03,32,77,0,45
2026-03-11,P03,28,119,0,45
2026-03-12,P03,29,79,0,45
2026-03-13,P03,31,95,1,45
2026-03-14,P03,43,128,1,45
2026-03-15,P03,33,98,0,45
2026-03-16,P03,21,55,0,45
2026-03-17,P03,27,65,0,45
2026-03-18,P03,22,119,0,45
2026-03-19,P03,34,31,0,45
2026-03-20,P03,34,125,1,45
2026-03-21,P03,41,74,1,45
2026-03-22,P03,31,60,0,45
2026-03-23,P03,31,50,0,45
2026-03-24,P03,33,106,0,45
2026-03-25,P03,30,125,0,45
2026-03-26,P03,27,45,0,45
2026-03-27,P03,46,46,1,45
2026-03-28,P03,55,55,1,45
2026-03-29,P03,43,88,0,45
2026-03-30,P03,27,84,0,45
2026-03-31,P03,42,78,0,45
2026-04-01,P03,31,84,0,45
2026-04-02,P03,36,75,0,45
2026-04-03,P03,45,47,0,45
2026-04-04,P03,42,45,0,45
2026-04-05,P03,51,71,0,45
2026-04-06,P03,25,55,0,45
2026-04-07,P03,30,136,0,45
2026-04-08,P03,29,104,0,45
2026-04-09,P03,32,42,0,45
2026-04-10,P03,48,70,0,45
2026-04-12,P03,36,117,0,45
2026-04-13,P03,44,121,0,45
2026-04-14,P03,26,63,0,45
2026-04-15,P03,35,69,0,45
2026-04-16,P03,40,111,0,45
2026-04-17,P03,32,54,0,45
2026-04-18,P03,43,84,0,45
2026-04-19,P03,35,57,0,45
2026-04-20,P03,33,37,0,45
2026-04-21,P03,40,54,0,45
2026-04-22,P03,44,95,0,45
2026-04-23,P03,31,93,0,45
2026-04-24,P03,49,122,0,45
2026-04-25,P03,49,52,0,45
2026-04-26,P03,43,128,0,45
2026-04-27,P03,33,39,0,45
2026-04-28,P03,33,71,0,45
2026-04-29,P03,41,108,0,45
2026-04-30,P03,45,108,0,45
2026-05-01,P03,39,104,0,45
2026-05-02,P03,53,74,0,45
2026-05-03,P03,47,103,0,45
2026-05-04,P03,25,38,0,45
2026-05-05,P03,36,116,0,45
2026-05-06,P03,35,58,0,45
2026-05-07,P03,36,105,0,45
2026-05-08,P03,31,117,0,45
2026-05-09,P03,40,81,0,45
2026-05-10,P03,38,139,0,45
2026-05-11,P03,43,94,0,45
2026-05-12,P03,41,45,0,45
2026-05-13,P03,30,40,0,45
2026-05-14,P03,33,78,0,45
2026-05-15,P03,38,94,0,45
2026-05-16,P03,40,109,0,45
2026-05-17,P03,55,109,0,45
2026-05-18,P03,41,75,0,45
2026-05-19,P03,36,82,0,45
2026-05-20,P03,38,70,0,45
2026-05-21,P03,30,99,0,45
2026-05-22,P03,34,112,0,45
2026-05-23,P03,42,83,0,45
2026-05-24,P03,48,122,0,45
2026-05-25,P03,41,57,0,45
2026-05-26,P03,38,69,0,45
2026-05-27,P03,32,82,0,45
2026-05-28,P03,37,53,0,45
2026-05-29,P03,38,57,0,45
2026-05-30,P03,43,52,0,45
2026-05-31,P03,35,40,0,45
2026-06-01,P03,29,87,0,45
2026-06-02,P03,37,71,0,45
2026-06-03,P03,29,85,0,45
2026-06-04,P03,39,115,0,45
2026-06-05,P03,31,49,0,45
2026-06-06,P03,32,101,0,45
2026-06-07,P03,46,59,0,45
2026-06-08,P03,36,77,0,45
2026-06-09,P03,28,95,0,45
2026-06-10,P03,43,67,0,45
2026-06-11,P03,28,88,0,45
2026-06-12,P03,42,52,0,45
2026-06-13,P03,47,123,0,45
2026-06-14,P03,31,65,0,45
2026-06-15,P03,39,65,0,45
2026-06-16,P03,28,49,0,45
2026-06-17,P03,30,91,0,45
2026-06-18,P03,18,97,0,45
2026-06-19,P03,39,137,0,45
2026-06-20,P03,44,80,0,45
2026-06-21,P03,46,79,0,45
2026-06-22,P03,29,50,0,45
2026-06-23,P03,34,40,0,45
2026-06-24,P03,33,133,0,45
2026-06-25,P03,42,58,0,45
2026-06-26,P03,35,129,0,45
2026-06-27,P03,32,66,0,45
2026-06-28,P03,41,77,0,45
2026-06-29,P03,35,68,0,45
2026-06-30,P03,40,35,0,45
2026-07-01,P03,40,66,0,45
2026-07-02,P03,36,121,0,45
2026-07-03,P03,37,135,1,45
2026-07-04,P03,46,124,1,45
2026-07-05,P03,31,51,0,45
2026-07-06,P03,30,99,0,45
2026-07-07,P03,42,62,0,45
2026-07-08,P03,20,102,0,45
2026-07-09,P03,29,56,0,45
2026-07-10,P03,51,109,1,45
2026-07-11,P03,45,89,1,45
2026-07-12,P03,45,41,0,45
2026-07-13,P03,32,58,0,45
2026-07-14,P03,39,134,0,45
2026-07-15,P03,32,61,0,45
2026-07-16,P03,43,64,0,45
2026-07-17,P03,52,63,1,45
2026-07-18,P03,65,113,1,45
2026-07-19,P03,41,38,0,45
2026-07-20,P03,30,51,0,45
2026-07-21,P03,31,89,0,45
2026-07-22,P03,35,108,0,45
2026-07-23,P03,27,53,0,45
2026-07-24,P03,31,40,1,45
2026-07-25,P03,49,134,1,45
2026-07-26,P03,36,53,0,45
2026-07-27,P03,28,61,0,45
2026-07-28,P03,44,44,0,45
2026-07-29,P03,41,63,0,45
2026-07-30,P03,27,64,0,45
2026-07-31,P03,48,117,1,45
2026-08-01,P03,46,65,0,45
2026-08-02,P03,46,56,0,45
2026-08-03,P03,42,128,0,45
2026-08-04,P03,37,139,0,45
2026-08-05,P03,29,126,0,45
2026-08-06,P03,39,66,0,45
2026-08-07,P03,36,68,0,45
2026-08-08,P03,40,88,0,45
2026-08-09,P03,34,70,0,45
2026-08-10,P03,43,91,0,45
2026-08-11,P03,45,47,0,45
2026-08-12,P03,36,94,0,45
2026-08-13,P03,34,46,0,45
2026-08-14,P03,32,70,0,45
2026-08-15,P03,73,89,1,45
2026-08-16,P03,55,96,1,45
2026-08-17,P03,38,135,1,45
2026-08-18,P03,37,44,0,45
2026-08-19,P03,39,77,0,45
2026-08-20,P03,41,114,0,45
2026-08-21,P03,42,100,0,45
2026-08-22,P03,36,100,0,45
2026-08-23,P03,45,41,0,45
2026-08-24,P03,42,129,0,45
2026-08-25,P03,35,94,0,45
2026-08-26,P03,40,41,0,45
2026-08-27,P03,46,58,0,45
2026-08-28,P03,51,52,0,45
2026-08-29,P03,48,102,0,45
2026-08-30,P03,44,45,0,45
2026-08-31,P03,40,52,0,45
2026-09-01,P03,33,100,0,45
2026-09-02,P03,38,128,0,45
2026-09-03,P03,42,70,0,45
2026-09-04,P03,46,88,0,45
2026-09-05,P03,49,104,0,45
2026-09-06,P03,36,82,0,45
2026-09-07,P03,37,45,0,45
2026-09-08,P03,40,118,0,45
2026-09-09,P03,31,42,0,45
2026-09-10,P03,37,85,0,45
2026-09-11,P03,46,42,0,45
2026-09-12,P03,52,134,0,45
2026-09-13,P03,35,56,0,45
2026-09-14,P03,30,57,0,45
2026-09-15,P03,33,87,0,45
2026-09-16,P03,54,79,0,45
2026-09-17,P03,30,84,0,45
2026-09-18,P03,38,72,0,45
2026-09-19,P03,49,80,0,45
2026-09-20,P03,41,52,0,45
2026-09-21,P03,19,42,0,45
2026-09-22,P03,30,86,0,45
2026-09-23,P03,41,111,0,45
2026-09-24,P03,38,91,0,45
2026-09-25,P03,26,37,0,45
2026-09-26,P03,46,62,0,45
2026-09-27,P03,39,138,0,45
2026-09-28,P03,40,65,0,45
2026-09-29,P03,38,101,0,45
2026-09-30,P03,29,111,0,45
2026-10-01,P03,45,65,0,45
2026-10-02,P03,45,73,1,45
2026-10-03,P03,54,58,1,45
2026-10-04,P03,35,48,0,45
2026-10-05,P03,30,44,0,45
2026-10-06,P03,35,131,0,45
2026-10-07,P03,21,46,0,45
2026-10-08,P03,26,72,0,45
2026-10-09,P03,61,79,1,45
2026-10-10,P03,58,84,1,45
2026-10-11,P03,36,137,0,45
2026-10-12,P03,33,42,0,45
2026-10-13,P03,30,136,0,45
2026-10-14,P03,44,71,0,45
2026-10-15,P03,33,46,0,45
2026-10-16,P03,56,63,1,45
2026-10-17,P03,48,138,1,45
2026-10-18,P03,45,64,0,45
2026-10-19,P03,46,63,0,45
2026-10-20,P03,91,107,1,45
2026-10-21,P03,67,132,1,45
2026-10-22,P03,86,137,1,45
2026-10-23,P03,89,87,1,45
2026-10-24,P03,100,106,1,45
2026-10-25,P03,84,117,1,45
2026-10-26,P03,40,62,0,45
2026-10-27,P03,31,38,0,45
2026-10-28,P03,41,49,0,45
2026-10-29,P03,38,87,0,45
2026-10-30,P03,53,54,1,45
2026-10-31,P03,59,123,1,45
2026-11-01,P03,89,89,1,45
2026-11-02,P03,55,101,1,45
2026-11-03,P03,84,92,1,45
2026-11-04,P03,33,129,0,45
2026-11-05,P03,28,112,0,45
2026-11-06,P03,43,80,0,45
2026-11-07,P03,41,59,0,45
2026-11-08,P03,32,129,0,45
2026-11-09,P03,41,66,0,45
2026-11-10,P03,40,42,0,45
2026-11-11,P03,35,51,0,45
2026-11-12,P03,37,114,0,45
2026-11-13,P03,36,109,0,45
2026-11-14,P03,41,71,0,45
2026-11-15,P03,48,83,0,45
2026-11-16,P03,28,98,0,45
2026-11-17,P03,41,91,0,45
2026-11-18,P03,38,38,0,45
2026-11-19,P03,37,80,0,45
2026-11-20,P03,45,135,0,45
2026-11-21,P03,45,75,0,45
2026-11-22,P03,38,42,0,45
2026-11-23,P03,26,102,0,45
2026-11-24,P03,53,77,0,45
2026-11-25,P03,40,46,0,45
2026-11-26,P03,44,72,0,45
2026-11-27,P03,43,45,0,45
2026-11-28,P03,52,112,0,45
2026-11-29,P03,41,79,0,45
2026-11-30,P03,42,92,0,45
2026-12-01,P03,37,66,0,45
2026-12-02,P03,40,132,0,45
2026-12-03,P03,43,77,0,45
2026-12-04,P03,34,129,0,45
2026-12-05,P03,30,106,0,45
2026-12-06,P03,48,139,0,45
2026-12-07,P03,36,85,0,45
2026-12-08,P03,32,132,0,45
2026-12-09,P03,38,130,0,45
2026-12-10,P03,39,66,0,45
2026-12-11,P03,42,64,0,45
2026-12-12,P03,41,58,0,45
2026-12-13,P03,46,59,0,45
2026-12-14,P03,20,109,0,45
2026-12-15,P03,39,65,0,45
2026-12-16,P03,38,64,0,45
2026-12-17,P03,35,101,0,45
2026-12-18,P03,49,81,0,45
2026-12-19,P03,48,68,0,45
2026-12-20,P03,41,89,0,45
2026-12-21,P03,25,31,0,45
2026-12-22,P03,34,63,0,45
2026-12-23,P03,39,60,0,45
2026-12-24,P03,36,36,0,45
2026-12-25,P03,34,62,0,45
2026-12-26,P03,23,61,0,45
2026-12-27,P03,39,110,0,45
2026-12-28,P03,45,124,0,45
2026-12-29,P03,40,71,0,45
2026-12-30,P03,39,36,0,45
2026-12-31,P03,39,94,0,45
2027-01-01,P03,43,81,0,45
2027-01-02,P03,43,75,0,45
2027-01-03,P03,39,73,0,45
2027-01-04,P03,28,121,0,45
2027-01-05,P03,35,136,0,45
2027-01-06,P03,33,76,0,45
2027-01-07,P03,29,58,0,45
2027-01-08,P03,36,92,0,45
2027-01-09,P03,44,76,0,45
2027-01-10,P03,30,88,0,45
2027-01-11,P03,34,79,0,45
2027-01-12,P03,25,98,0,45
2027-01-13,P03,57,80,1,45
2027-01-14,P03,52,86,1,45
2027-01-15,P03,70,128,1,45
2027-01-16,P03,54,53,1,45
2027-01-17,P03,32,28,0,45
2027-01-18,P03,34,73,0,45
2027-01-19,P03,24,60,0,45
2027-01-20,P03,41,47,0,45
2027-01-21,P03,35,137,0,45
2027-01-22,P03,26,36,0,45
2027-01-23,P03,39,64,0,45
2027-01-24,P03,32,132,0,45
2027-01-25,P03,33,138,0,45
2027-01-26,P03,20,40,0,45
2027-01-27,P03,21,66,0,45
2027-01-28,P03,32,116,0,45
2027-01-29,P03,31,57,0,45
2027-01-30,P03,46,77,0,45
2027-01-31,P03,24,65,0,45
2027-02-01,P03,41,116,0,45
2027-02-02,P03,37,76,0,45
2027-02-03,P03,42,42,0,45
2027-02-04,P03,21,104,0,45
2027-02-05,P03,36,69,0,45
2027-02-06,P03,45,71,0,45
2027-02-07,P03,40,118,0,45
2027-02-08,P03,36,33,0,45
2027-02-09,P03,31,111,0,45
2027-02-10,P03,34,79,0,45
2027-02-11,P03,38,83,0,45
2027-02-12,P03,34,117,0,45
2027-02-13,P03,37,55,0,45
2027-02-14,P03,36,101,0,45
2027-02-15,P03,28,99,0,45
2027-02-16,P03,31,51,0,45
2027-02-17,P03,32,41,0,45
2027-02-18,P03,37,86,0,45
2027-02-19,P03,31,39,0,45
2027-02-20,P03,37,120,0,45
2027-02-21,P03,26,44,0,45
2027-02-22,P03,35,78,0,45
2027-02-23,P03,24,80,0,45
2027-02-24,P03,34,93,0,45
2027-02-25,P03,33,38,0,45
2027-02-26,P03,33,105,0,45
2027-02-27,P03,42,122,0,45
2027-02-28,P03,40,114,0,45
2027-03-01,P03,30,126,0,45
2027-03-02,P03,44,89,0,45
2027-03-03,P03,37,117,0,45
2027-03-04,P03,28,28,0,45
2027-03-05,P03,33,29,1,45
2027-03-06,P03,35,33,1,45
2027-03-07,P03,39,44,0,45
2027-03-08,P03,41,88,0,45
2027-03-09,P03,34,35,0,45
2027-03-10,P03,28,81,0,45
2027-03-11,P03,45,75,0,45
2027-03-12,P03,42,115,1,45
2027-03-13,P03,61,124,1,45
2027-03-14,P03,34,55,0,45
2027-03-15,P03,32,119,0,45
2027-03-16,P03,36,65,0,45
2027-03-17,P03,24,71,0,45
2027-03-18,P03,28,97,0,45
2027-03-19,P03,36,63,1,45
2027-03-20,P03,42,45,1,45
2027-03-21,P03,42,76,0,45
2027-03-22,P03,24,57,0,45
2027-03-23,P03,27,24,0,45
2027-03-24,P03,27,134,0,45
2027-03-25,P03,44,132,0,45
2027-03-26,P03,38,57,1,45
2027-03-27,P03,51,58,1,45
2027-03-28,P03,37,77,0,45
2027-03-29,P03,35,106,0,45
2027-03-30,P03,39,128,0,45
2027-03-31,P03,38,135,0,45
2027-04-01,P03,31,36,0,45
2027-04-02,P03,26,95,0,45
2027-04-03,P03,47,63,0,45
2027-04-04,P03,36,62,0,45
2027-04-05,P03,31,120,0,45
2027-04-06,P03,35,102,0,45
2027-04-07,P03,39,78,0,45
2027-04-08,P03,25,139,0,45
2027-04-09,P03,38,84,0,45
2027-04-10,P03,36,120,0,45
2027-04-12,P03,34,77,0,45
2027-04-13,P03,26,31,0,45
2027-04-14,P03,42,68,0,45
2027-04-15,P03,47,135,0,45
2027-04-16,P03,44,64,0,45
2027-04-17,P03,46,64,0,45
2027-04-18,P03,49,60,0,45
2027-04-19,P03,35,52,0,45
2027-04-20,P03,30,64,0,45
2027-04-21,P03,29,56,0,45
2027-04-22,P03,36,92,0,45
2027-04-23,P03,41,119,0,45
2027-04-24,P03,54,75,0,45
2027-04-25,P03,43,73,0,45
2027-04-26,P03,37,108,0,45
2027-04-27,P03,33,63,0,45
2027-04-28,P03,38,135,0,45
2027-04-29,P03,42,124,0,45
2027-04-30,P03,48,72,0,45
2027-05-01,P03,54,137,0,45
2027-05-02,P03,49,95,0,45
2027-05-03,P03,33,43,0,45
2027-05-04,P03,31,67,0,45
2027-05-05,P03,36,127,0,45
2027-05-06,P03,39,72,0,45
2027-05-07,P03,38,64,0,45
2027-05-08,P03,37,104,0,45
2027-05-09,P03,38,121,0,45
2027-05-10,P03,27,117,0,45
2027-05-11,P03,33,41,0,45
2027-05-12,P03,44,71,0,45
2027-05-13,P03,40,54,0,45
2027-05-14,P03,49,73,0,45
2027-05-15,P03,49,98,0,45
2027-05-16,P03,34,137,0,45
2027-05-17,P03,29,46,0,45
2027-05-18,P03,33,115,0,45
2027-05-19,P03,34,65,0,45
2027-05-20,P03,30,37,0,45
2027-05-21,P03,55,65,0,45
2027-05-22,P03,33,51,0,45
2027-05-23,P03,33,126,0,45
2027-05-24,P03,32,99,0,45
2027-05-25,P03,38,80,0,45
2027-05-26,P03,34,33,0,45
2027-05-27,P03,39,114,0,45
2027-05-28,P03,31,81,0,45
2027-05-29,P03,43,69,0,45
2027-05-30,P03,54,83,0,45
2027-05-31,P03,40,130,0,45
2027-06-01,P03,24,82,0,45
2027-06-02,P03,37,100,0,45
2027-06-03,P03,32,42,0,45
2027-06-04,P03,43,83,0,45
2027-06-05,P03,33,129,0,45
2027-06-06,P03,30,51,0,45
2027-06-07,P03,29,46,0,45
2027-06-08,P03,28,54,0,45
2027-06-09,P03,32,112,0,45
2027-06-10,P03,37,70,0,45
2027-06-11,P03,32,40,0,45
2027-06-12,P03,38,118,0,45
2027-06-13,P03,40,45,0,45
2027-06-14,P03,29,26,0,45
2027-06-15,P03,36,64,0,45
2027-06-16,P03,30,88,0,45
2027-06-17,P03,40,105,0,45
2027-06-18,P03,43,92,0,45
2027-06-19,P03,49,91,0,45
2027-06-20,P03,40,127,0,45
2027-06-21,P03,31,92,0,45
2027-06-22,P03,42,84,0,45
2027-06-23,P03,27,61,0,45
2027-06-24,P03,33,51,0,45
2027-06-25,P03,44,49,0,45
2027-06-26,P03,39,71,0,45
2027-06-27,P03,48,82,0,45
2027-06-28,P03,22,120,0,45
2027-06-29,P03,29,78,0,45
2027-06-30,P03,41,80,0,45
2027-07-01,P03,35,57,0,45
2027-07-02,P03,46,60,1,45
2027-07-03,P03,49,108,1,45
2027-07-04,P03,33,55,0,45
2027-07-05,P03,33,69,0,45
2027-07-06,P03,30,136,0,45
2027-07-07,P03,28,102,0,45
2027-07-08,P03,42,135,0,45
2027-07-09,P03,39,81,1,45
2027-07-10,P03,46,135,1,45
2027-07-11,P03,56,74,0,45
2027-07-12,P03,38,60,0,45
2027-07-13,P03,39,43,0,45
2027-07-14,P03,42,72,0,45
2027-07-15,P03,40,111,0,45
2027-07-16,P03,52,93,1,45
2027-07-17,P03,47,123,1,45
2027-07-18,P03,34,63,0,45
2027-07-19,P03,35,132,0,45
2027-07-20,P03,35,50,0,45
2027-07-21,P03,35,75,0,45
2027-07-22,P03,33,61,0,45
2027-07-23,P03,42,70,1,45
2027-07-24,P03,48,79,1,45
2027-07-25,P03,40,38,0,45
2027-07-26,P03,34,57,0,45
2027-07-27,P03,29,102,0,45
2027-07-28,P03,33,52,0,45
2027-07-29,P03,44,74,0,45
2027-07-30,P03,44,42,1,45
2027-07-31,P03,56,76,1,45
2027-08-01,P03,43,69,0,45
2027-08-02,P03,32,65,0,45
2027-08-03,P03,51,58,0,45
2027-08-04,P03,39,70,0,45
2027-08-05,P03,28,33,0,45
2027-08-06,P03,34,136,0,45
2027-08-07,P03,46,74,0,45
2027-08-08,P03,42,128,0,45
2027-08-09,P03,25,55,0,45
2027-08-10,P03,35,127,0,45
2027-08-11,P03,36,65,0,45
2027-08-12,P03,38,97,0,45
2027-08-13,P03,35,131,0,45
2027-08-14,P03,50,108,0,45
2027-08-15,P03,60,136,1,45
2027-08-16,P03,49,79,1,45
2027-08-17,P03,49,76,1,45
2027-08-18,P03,38,120,0,45
2027-08-19,P03,34,57,0,45
2027-08-20,P03,41,120,0,45
2027-08-21,P03,50,56,0,45
2027-08-22,P03,30,98,0,45
2027-08-23,P03,37,51,0,45
2027-08-24,P03,35,131,0,45
2027-08-25,P03,39,34,0,45
2027-08-26,P03,26,109,0,45
2027-08-27,P03,28,111,0,45
2027-08-28,P03,63,81,0,45
2027-08-29,P03,45,76,0,45
2027-08-30,P03,27,60,0,45
2027-08-31,P03,42,45,0,45
2027-09-01,P03,38,76,0,45
2027-09-02,P03,37,115,0,45
2027-09-03,P03,37,95,0,45
2027-09-04,P03,43,73,0,45
2027-09-05,P03,46,135,0,45
2027-09-06,P03,28,56,0,45
2027-09-07,P03,31,95,0,45
2027-09-08,P03,35,67,0,45
2027-09-09,P03,29,34,0,45
2027-09-10,P03,45,59,0,45
2027-09-11,P03,46,81,0,45
2027-09-12,P03,40,40,0,45
2027-09-13,P03,32,81,0,45
2027-09-14,P03,27,101,0,45
2027-09-15,P03,21,50,0,45
2027-09-16,P03,39,125,0,45
2027-09-17,P03,42,64,0,45
2027-09-18,P03,46,91,0,45
2027-09-19,P03,41,65,0,45
2027-09-20,P03,34,61,0,45
2027-09-21,P03,42,75,0,45
2027-09-22,P03,40,64,0,45
2027-09-23,P03,39,88,0,45
2027-09-24,P03,45,64,0,45
2027-09-25,P03,47,123,0,45
2027-09-26,P03,36,86,0,45
2027-09-27,P03,38,60,0,45
2027-09-28,P03,25,54,0,45
2027-09-29,P03,42,92,0,45
2027-09-30,P03,37,46,0,45
2027-10-01,P03,57,75,1,45
2027-10-02,P03,63,79,1,45
2027-10-03,P03,35,83,0,45
2027-10-04,P03,37,68,0,45
2027-10-05,P03,36,68,0,45
2027-10-06,P03,39,59,0,45
2027-10-07,P03,25,120,0,45
2027-10-08,P03,42,72,1,45
2027-10-09,P03,56,109,1,45
2027-10-10,P03,29,32,0,45
2027-10-11,P03,28,23,0,45
2027-10-12,P03,46,50,0,45
2027-10-13,P03,31,132,0,45
2027-10-14,P03,25,107,0,45
2027-10-15,P03,57,101,1,45
2027-10-16,P03,63,122,1,45
2027-10-17,P03,43,116,0,45
2027-10-18,P03,20,48,0,45
2027-10-19,P03,30,34,0,45
2027-10-20,P03,71,100,1,45
2027-10-21,P03,82,93,1,45
2027-10-22,P03,90,100,1,45
2027-10-23,P03,86,103,1,45
2027-10-24,P03,86,114,1,45
2027-10-25,P03,65,112,1,45
2027-10-26,P03,33,34,0,45
2027-10-27,P03,35,101,0,45
2027-10-28,P03,41,66,0,45
2027-10-29,P03,56,58,1,45
2027-10-30,P03,53,112,1,45
2027-10-31,P03,52,132,0,45
2027-11-01,P03,85,87,1,45
2027-11-02,P03,71,124,1,45
2027-11-03,P03,72,99,1,45
2027-11-04,P03,48,116,0,45
2027-11-05,P03,41,62,0,45
2027-11-06,P03,38,121,0,45
2027-11-07,P03,54,55,0,45
2027-11-08,P03,28,116,0,45
2027-11-09,P03,50,105,0,45
2027-11-10,P03,36,134,0,45
2027-11-11,P03,34,128,0,45
2027-11-12,P03,37,99,0,45
2027-11-13,P03,45,100,0,45
2027-11-14,P03,41,114,0,45
2027-11-15,P03,24,90,0,45
2027-11-16,P03,38,70,0,45
2027-11-17,P03,31,133,0,45
2027-11-18,P03,44,50,0,45
2027-11-19,P03,35,59,0,45
2027-11-20,P03,50,73,0,45
2027-11-21,P03,39,53,0,45
2027-11-22,P03,29,24,0,45
2027-11-23,P03,36,100,0,45
2027-11-24,P03,32,91,0,45
2027-11-25,P03,41,105,0,45
2027-11-26,P03,33,60,0,45
2027-11-27,P03,34,111,0,45
2027-11-28,P03,41,131,0,45
2027-11-29,P03,41,62,0,45
2027-11-30,P03,39,46,0,45
2027-12-01,P03,47,67,0,45
2027-12-02,P03,39,105,0,45
2027-12-03,P03,43,61,0,45
2027-12-04,P03,41,104,0,45
2027-12-05,P03,37,46,0,45
2027-12-06,P03,40,69,0,45
2027-12-07,P03,45,120,0,45
2027-12-08,P03,43,115,0,45
2027-12-09,P03,36,56,0,45
2027-12-10,P03,49,130,0,45
2027-12-11,P03,49,61,0,45
2027-12-12,P03,41,90,0,45
2027-12-13,P03,37,51,0,45
2027-12-14,P03,35,80,0,45
2027-12-15,P03,36,84,0,45
2027-12-16,P03,39,136,0,45
2027-12-17,P03,33,118,0,45
2027-12-18,P03,38,75,0,45
2027-12-19,P03,30,84,0,45
2027-12-20,P03,41,98,0,45
2027-12-21,P03,36,75,0,45
2027-12-22,P03,39,57,0,45
2027-12-23,P03,43,76,0,45
2027-12-24,P03,43,61,0,45
2027-12-25,P03,32,74,0,45
2027-12-26,P03,36,104,0,45
2027-12-27,P03,26,58,0,45
2027-12-28,P03,42,74,0,45
2027-12-29,P03,46,113,0,45
2027-12-30,P03,38,58,0,45
2027-12-31,P03,47,73,0,45
2026-01-01,P04,22,130,0,30
2026-01-02,P04,23,31,0,30
2026-01-03,P04,36,125,0,30
2026-01-04,P04,19,86,0,30
2026-01-05,P04,23,126,0,30
2026-01-06,P04,23,132,0,30
2026-01-07,P04,19,92,0,30
2026-01-08,P04,26,62,0,30
2026-01-09,P04,31,76,0,30
2026-01-10,P04,24,52,0,30
2026-01-11,P04,32,132,0,30
2026-01-12,P04,21,103,0,30
2026-01-13,P04,41,138,1,30
2026-01-14,P04,42,105,1,30
2026-01-15,P04,46,137,1,30
2026-01-16,P04,44,65,1,30
2026-01-17,P04,27,47,0,30
2026-01-18,P04,31,92,0,30
2026-01-19,P04,35,118,0,30
2026-01-20,P04,19,132,0,30
2026-01-21,P04,28,102,0,30
2026-01-22,P04,33,67,0,30
2026-01-23,P04,30,106,0,30
2026-01-24,P04,33,36,0,30
2026-01-25,P04,42,79,0,30
2026-01-26,P04,22,41,0,30
2026-01-27,P04,22,84,0,30
2026-01-28,P04,29,86,0,30
2026-01-29,P04,31,54,0,30
2026-01-30,P04,24,125,0,30
2026-01-31,P04,31,136,0,30
2026-02-01,P04,31,99,0,30
2026-02-02,P04,36,108,0,30
2026-02-03,P04,27,138,0,30
2026-02-04,P04,26,88,0,30
2026-02-05,P04,27,48,0,30
2026-02-06,P04,43,130,0,30
2026-02-07,P04,41,45,0,30
2026-02-08,P04,42,110,0,30
2026-02-09,P04,37,95,0,30
2026-02-10,P04,25,109,0,30
2026-02-11,P04,24,58,0,30
2026-02-12,P04,32,33,0,30
2026-02-13,P04,41,53,0,30
2026-02-14,P04,39,67,0,30
2026-02-15,P04,44,78,0,30
2026-02-16,P04,25,48,0,30
2026-02-17,P04,33,54,0,30
2026-02-18,P04,35,68,0,30
2026-02-19,P04,26,27,0,30
2026-02-20,P04,31,54,0,30
2026-02-21,P04,50,117,0,30
2026-02-22,P04,36,103,0,30
2026-02-23,P04,36,78,0,30
2026-02-24,P04,36,98,0,30
2026-02-25,P04,36,36,0,30
2026-02-26,P04,30,129,0,30
2026-02-27,P04,36,43,0,30
2026-02-28,P04,54,55,0,30
2026-03-01,P04,41,125,0,30
2026-03-02,P04,31,124,0,30
2026-03-03,P04,30,121,0,30
2026-03-04,P04,25,48,0,30
2026-03-05,P04,32,72,0,30
2026-03-06,P04,62,86,1,30
2026-03-07,P04,55,123,1,30
2026-03-08,P04,50,96,0,30
2026-03-09,P04,30,104,0,30
2026-03-10,P04,29,49,0,30
2026-03-11,P04,45,88,0,30
2026-03-12,P04,29,128,0,30
2026-03-13,P04,59,122,1,30
2026-03-14,P04,56,93,1,30
2026-03-15,P04,51,113,0,30
2026-03-16,P04,35,112,0,30
2026-03-17,P04,43,41,0,30
2026-03-18,P04,50,74,0,30
2026-03-19,P04,45,136,0,30
2026-03-20,P04,57,81,1,30
2026-03-21,P04,69,81,1,30
2026-03-22,P04,41,75,0,30
2026-03-23,P04,50,50,0,30
2026-03-24,P04,47,82,0,30
2026-03-25,P04,44,119,0,30
2026-03-26,P04,48,57,0,30
2026-03-27,P04,53,103,1,30
2026-03-28,P04,71,137,1,30
2026-03-29,P04,43,64,0,30
2026-03-30,P04,50,101,0,30
2026-03-31,P04,58,115,0,30
2026-04-01,P04,57,97,0,30
2026-04-02,P04,51,94,0,30
2026-04-03,P04,58,70,0,30
2026-04-04,P04,77,93,0,30
2026-04-05,P04,60,61,0,30
2026-04-06,P04,44,77,0,30
2026-04-07,P04,47,79,0,30
2026-04-08,P04,56,106,0,30
2026-04-09,P04,50,117,0,30
2026-04-10,P04,55,104,0,30
2026-04-11,P04,75,98,0,30
2026-04-12,P04,61,138,0,30
2026-04-13,P04,47,52,0,30
2026-04-14,P04,46,79,0,30
2026-04-15,P04,56,76,0,30
2026-04-16,P04,45,48,0,30
2026-04-17,P04,57,89,0,30
2026-04-18,P04,70,81,0,30
2026-04-19,P04,57,122,0,30
2026-04-20,P04,47,90,0,30
2026-04-21,P04,46,92,0,30
2026-04-22,P04,47,87,0,30
2026-04-23,P04,42,83,0,30
2026-04-24,P04,59,126,0,30
2026-04-25,P04,62,79,0,30
2026-04-26,P04,62,91,0,30
2026-04-27,P04,36,59,0,30
2026-04-28,P04,50,50,0,30
2026-04-29,P04,56,55,0,30
2026-04-30,P04,66,89,0,30
2026-05-01,P04,61,137,0,30
2026-05-02,P04,62,82,0,30
2026-05-03,P04,51,66,0,30
2026-05-04,P04,34,37,0,30
2026-05-05,P04,46,131,0,30
2026-05-06,P04,41,86,0,30
2026-05-07,P04,54,67,0,30
2026-05-08,P04,62,68,0,30
2026-05-09,P04,73,98,0,30
2026-05-10,P04,54,130,0,30
2026-05-11,P04,42,133,0,30
2026-05-12,P04,52,105,0,30
2026-05-13,P04,45,112,0,30
2026-05-14,P04,43,51,0,30
2026-05-15,P04,51,62,0,30
2026-05-16,P04,74,104,0,30
2026-05-17,P04,75,92,0,30
2026-05-18,P04,50,74,0,30
2026-05-19,P04,51,117,0,30
2026-05-20,P04,51,85,0,30
2026-05-21,P04,53,69,0,30
2026-05-22,P04,58,87,0,30
2026-05-23,P04,75,101,0,30
2026-05-24,P04,64,94,0,30
2026-05-25,P04,41,103,0,30
2026-05-26,P04,53,73,0,30
2026-05-27,P04,41,73,0,30
2026-05-28,P04,48,101,0,30
2026-05-29,P04,67,97,0,30
2026-05-30,P04,79,119,0,30
2026-05-31,P04,57,65,0,30
2026-06-01,P04,24,24,0,30
2026-06-02,P04,17,17,0,30
2026-06-03,P04,23,23,0,30
2026-06-04,P04,48,126,0,30
2026-06-05,P04,42,131,0,30
2026-06-06,P04,67,70,0,30
2026-06-07,P04,60,57,0,30
2026-06-08,P04,51,70,0,30
2026-06-09,P04,30,43,0,30
2026-06-10,P04,42,122,0,30
2026-06-11,P04,57,69,0,30
2026-06-12,P04,42,75,0,30
2026-06-13,P04,67,96,0,30
2026-06-14,P04,49,95,0,30
2026-06-15,P04,43,45,0,30
2026-06-16,P04,51,119,0,30
2026-06-17,P04,51,86,0,30
2026-06-18,P04,50,114,0,30
2026-06-19,P04,40,118,0,30
2026-06-20,P04,57,131,0,30
2026-06-21,P04,51,64,0,30
2026-06-22,P04,50,135,0,30
2026-06-23,P04,47,66,0,30
2026-06-24,P04,40,51,0,30
2026-06-25,P04,45,105,0,30
2026-06-26,P04,53,100,0,30
2026-06-27,P04,56,77,0,30
2026-06-28,P04,72,76,0,30
2026-06-29,P04,59,87,0,30
2026-06-30,P04,59,82,0,30
2026-07-01,P04,62,81,0,30
2026-07-02,P04,49,49,0,30
2026-07-03,P04,49,113,1,30
2026-07-04,P04,69,123,1,30
2026-07-05,P04,58,110,0,30
2026-07-06,P04,49,113,0,30
2026-07-07,P04,42,85,0,30
2026-07-08,P04,48,89,0,30
2026-07-09,P04,47,99,0,30
2026-07-10,P04,57,86,1,30
2026-07-11,P04,74,100,1,30
2026-07-12,P04,46,71,0,30
2026-07-13,P04,43,112,0,30
2026-07-14,P04,53,117,0,30
2026-07-15,P04,60,75,0,30
2026-07-16,P04,38,40,0,30
2026-07-17,P04,65,98,1,30
2026-07-18,P04,78,83,1,30
2026-07-19,P04,65,89,0,30
2026-07-20,P04,63,107,0,30
2026-07-21,P04,43,98,0,30
2026-07-22,P04,52,72,0,30
2026-07-23,P04,65,61,0,30
2026-07-24,P04,50,90,1,30
2026-07-25,P04,68,84,1,30
2026-07-26,P04,56,58,0,30
2026-07-27,P04,47,117,0,30
2026-07-28,P04,70,124,0,30
2026-07-29,P04,50,95,0,30
2026-07-30,P04,57,83,0,30
2026-07-31,P04,68,76,1,30
2026-08-01,P04,72,87,0,30
2026-08-02,P04,67,118,0,30
2026-08-03,P04,59,79,0,30
2026-08-04,P04,54,109,0,30
2026-08-05,P04,49,70,0,30
2026-08-06,P04,55,82,0,30
2026-08-07,P04,47,56,0,30
2026-08-08,P04,57,85,0,30
2026-08-09,P04,57,88,0,30
2026-08-10,P04,39,58,0,30
2026-08-11,P04,51,65,0,30
2026-08-12,P04,53,112,0,30
2026-08-13,P04,38,37,0,30
2026-08-14,P04,54,86,0,30
2026-08-15,P04,83,116,1,30
2026-08-16,P04,72,120,1,30
2026-08-17,P04,59,132,1,30
2026-08-18,P04,44,122,0,30
2026-08-19,P04,63,102,0,30
2026-08-20,P04,60,93,0,30
2026-08-21,P04,58,87,0,30
2026-08-22,P04,58,124,0,30
2026-08-23,P04,41,103,0,30
2026-08-24,P04,44,40,0,30
2026-08-25,P04,38,53,0,30
2026-08-26,P04,60,117,0,30
2026-08-27,P04,55,65,0,30
2026-08-28,P04,61,60,0,30
2026-08-29,P04,68,99,0,30
2026-08-30,P04,61,73,0,30
2026-08-31,P04,60,56,0,30
2026-09-01,P04,51,107,0,30
2026-09-02,P04,67,137,0,30
2026-09-03,P04,46,120,0,30
2026-09-04,P04,71,98,0,30
2026-09-05,P04,53,126,0,30
2026-09-06,P04,67,67,0,30
2026-09-07,P04,44,104,0,30
2026-09-08,P04,46,89,0,30
2026-09-09,P04,47,127,0,30
2026-09-10,P04,58,53,0,30
2026-09-11,P04,48,96,0,30
2026-09-12,P04,50,88,0,30
2026-09-13,P04,60,93,0,30
2026-09-14,P04,56,89,0,30
2026-09-15,P04,50,79,0,30
2026-09-16,P04,45,57,0,30
2026-09-17,P04,44,57,0,30
2026-09-18,P04,62,76,0,30
2026-09-19,P04,66,86,0,30
2026-09-20,P04,67,70,0,30
2026-09-21,P04,35,112,0,30
2026-09-22,P04,65,124,0,30
2026-09-23,P04,54,88,0,30
2026-09-24,P04,53,80,0,30
2026-09-25,P04,49,91,0,30
2026-09-26,P04,56,65,0,30
2026-09-27,P04,49,127,0,30
2026-09-28,P04,60,130,0,30
2026-09-29,P04,76,106,0,30
2026-09-30,P04,57,59,0,30
2026-10-01,P04,62,88,0,30
2026-10-02,P04,77,90,1,30
2026-10-03,P04,88,103,1,30
2026-10-04,P04,57,84,0,30
2026-10-05,P04,54,125,0,30
2026-10-06,P04,44,73,0,30
2026-10-07,P04,43,55,0,30
2026-10-08,P04,59,76,0,30
2026-10-09,P04,68,117,1,30
2026-10-10,P04,75,74,1,30
2026-10-11,P04,53,88,0,30
2026-10-12,P04,49,54,0,30
2026-10-13,P04,38,96,0,30
2026-10-14,P04,45,137,0,30
2026-10-15,P04,51,133,0,30
2026-10-16,P04,63,87,1,30
2026-10-17,P04,71,90,1,30
2026-10-18,P04,57,85,0,30
2026-10-19,P04,51,49,0,30
2026-10-20,P04,89,85,1,30
2026-10-21,P04,97,129,1,30
2026-10-22,P04,98,111,1,30
2026-10-23,P04,105,114,1,30
2026-10-24,P04,115,129,1,30
2026-10-25,P04,121,130,1,30
2026-10-26,P04,47,74,0,30
2026-10-27,P04,48,70,0,30
2026-10-28,P04,53,80,0,30
2026-10-29,P04,55,75,0,30
2026-10-30,P04,59,112,1,30
2026-10-31,P04,95,121,1,30
2026-11-01,P04,114,127,1,30
2026-11-02,P04,82,86,1,30
2026-11-03,P04,89,119,1,30
2026-11-04,P04,57,71,0,30
2026-11-05,P04,47,62,0,30
2026-11-06,P04,62,124,0,30
2026-11-07,P04,53,83,0,30
2026-11-08,P04,68,77,0,30
2026-11-09,P04,37,70,0,30
2026-11-10,P04,58,98,0,30
2026-11-11,P04,52,53,0,30
2026-11-12,P04,45,59,0,30
2026-11-13,P04,56,57,0,30
2026-11-14,P04,63,72,0,30
2026-11-15,P04,65,131,0,30
2026-11-16,P04,47,78,0,30
2026-11-17,P04,48,104,0,30
2026-11-18,P04,46,111,0,30
2026-11-19,P04,55,88,0,30
2026-11-20,P04,52,68,0,30
2026-11-21,P04,71,124,0,30
2026-11-22,P04,56,82,0,30
2026-11-23,P04,43,112,0,30
2026-11-24,P04,45,51,0,30
2026-11-25,P04,41,137,0,30
2026-11-26,P04,55,99,0,30
2026-11-27,P04,46,73,0,30
2026-11-28,P04,82,109,0,30
2026-11-29,P04,76,112,0,30
2026-11-30,P04,56,98,0,30
2026-12-01,P04,51,77,0,30
2026-12-02,P04,61,61,0,30
2026-12-03,P04,71,120,0,30
2026-12-04,P04,59,131,0,30
2026-12-05,P04,61,93,0,30
2026-12-06,P04,54,69,0,30
2026-12-07,P04,50,118,0,30
2026-12-08,P04,48,124,0,30
2026-12-09,P04,59,72,0,30
2026-12-10,P04,47,48,0,30
2026-12-11,P04,49,96,0,30
2026-12-12,P04,70,91,0,30
2026-12-13,P04,57,113,0,30
2026-12-14,P04,49,68,0,30
2026-12-15,P04,54,88,0,30
2026-12-16,P04,49,78,0,30
2026-12-17,P04,51,73,0,30
2026-12-18,P04,51,51,0,30
2026-12-19,P04,70,96,0,30
2026-12-20,P04,72,95,0,30
2026-12-21,P04,50,74,0,30
2026-12-22,P04,53,72,0,30
2026-12-23,P04,56,118,0,30
2026-12-24,P04,59,84,0,30
2026-12-25,P04,69,101,0,30
2026-12-26,P04,66,86,0,30
2026-12-27,P04,59,89,0,30
2026-12-28,P04,64,83,0,30
2026-12-29,P04,51,49,0,30
2026-12-30,P04,68,136,0,30
2026-12-31,P04,52,72,0,30
2027-01-01,P04,52,96,0,30
2027-01-02,P04,51,120,0,30
2027-01-03,P04,54,63,0,30
2027-01-04,P04,50,92,0,30
2027-01-05,P04,50,62,0,30
2027-01-06,P04,33,31,0,30
2027-01-07,P04,34,102,0,30
2027-01-08,P04,56,74,0,30
2027-01-09,P04,59,89,0,30
2027-01-10,P04,56,90,0,30
2027-01-11,P04,42,128,0,30
2027-01-12,P04,56,123,0,30
2027-01-13,P04,72,89,1,30
2027-01-14,P04,75,76,1,30
2027-01-15,P04,71,97,1,30
2027-01-16,P04,87,88,1,30
2027-01-17,P04,59,85,0,30
2027-01-18,P04,43,68,0,30
2027-01-19,P04,43,74,0,30
2027-01-20,P04,47,116,0,30
2027-01-21,P04,50,72,0,30
2027-01-22,P04,54,83,0,30
2027-01-23,P04,55,72,0,30
2027-01-24,P04,57,95,0,30
2027-01-25,P04,34,59,0,30
2027-01-26,P04,44,76,0,30
2027-01-27,P04,51,136,0,30
2027-01-28,P04,45,41,0,30
2027-01-29,P04,58,77,0,30
2027-01-30,P04,58,86,0,30
2027-01-31,P04,53,138,0,30
2027-02-01,P04,56,61,0,30
2027-02-02,P04,49,70,0,30
2027-02-03,P04,54,111,0,30
2027-02-04,P04,36,72,0,30
2027-02-05,P04,43,39,0,30
2027-02-06,P04,63,89,0,30
2027-02-07,P04,54,78,0,30
2027-02-08,P04,60,136,0,30
2027-02-09,P04,43,119,0,30
2027-02-10,P04,47,106,0,30
2027-02-11,P04,57,103,0,30
2027-02-12,P04,39,126,0,30
2027-02-13,P04,67,80,0,30
2027-02-14,P04,48,92,0,30
2027-02-15,P04,48,135,0,30
2027-02-16,P04,40,120,0,30
2027-02-17,P04,43,72,0,30
2027-02-18,P04,36,67,0,30
2027-02-19,P04,42,99,0,30
2027-02-20,P04,60,110,0,30
2027-02-21,P04,46,77,0,30
2027-02-22,P04,32,88,0,30
2027-02-23,P04,37,62,0,30
2027-02-24,P04,59,62,0,30
2027-02-25,P04,58,129,0,30
2027-02-26,P04,40,125,0,30
2027-02-27,P04,60,135,0,30
2027-02-28,P04,69,66,0,30
2027-03-01,P04,46,66,0,30
2027-03-02,P04,48,73,0,30
2027-03-03,P04,52,69,0,30
2027-03-04,P04,58,90,0,30
2027-03-05,P04,58,56,1,30
2027-03-06,P04,53,85,1,30
2027-03-07,P04,58,58,0,30
2027-03-08,P04,36,49,0,30
2027-03-09,P04,45,85,0,30
2027-03-10,P04,47,85,0,30
2027-03-11,P04,57,98,0,30
2027-03-12,P04,59,94,1,30
2027-03-13,P04,86,86,1,30
2027-03-14,P04,53,86,0,30
2027-03-15,P04,47,74,0,30
2027-03-16,P04,51,139,0,30
2027-03-17,P04,54,70,0,30
2027-03-18,P04,51,74,0,30
2027-03-19,P04,38,46,1,30
2027-03-20,P04,69,69,1,30
2027-03-21,P04,56,69,0,30
2027-03-22,P04,48,96,0,30
2027-03-23,P04,48,94,0,30
2027-03-24,P04,48,81,0,30
2027-03-25,P04,53,74,0,30
2027-03-26,P04,70,118,1,30
2027-03-27,P04,76,73,1,30
2027-03-28,P04,60,88,0,30
2027-03-29,P04,57,136,0,30
2027-03-30,P04,41,125,0,30
2027-03-31,P04,38,60,0,30
2027-04-01,P04,56,91,0,30
2027-04-02,P04,59,98,0,30
2027-04-03,P04,55,83,0,30
2027-04-04,P04,70,132,0,30
2027-04-05,P04,46,70,0,30
2027-04-06,P04,49,76,0,30
2027-04-07,P04,42,70,0,30
2027-04-08,P04,53,110,0,30
2027-04-09,P04,50,57,0,30
2027-04-10,P04,54,92,0,30
2027-04-11,P04,56,64,0,30
2027-04-12,P04,40,54,0,30
2027-04-13,P04,53,72,0,30
2027-04-14,P04,45,71,0,30
2027-04-15,P04,55,72,0,30
2027-04-16,P04,52,63,0,30
2027-04-17,P04,55,75,0,30
2027-04-18,P04,55,111,0,30
2027-04-19,P04,45,91,0,30
2027-04-20,P04,43,87,0,30
2027-04-21,P04,50,119,0,30
2027-04-22,P04,50,62,0,30
2027-04-23,P04,42,113,0,30
2027-04-24,P04,66,84,0,30
2027-04-25,P04,50,63,0,30
2027-04-26,P04,46,105,0,30
2027-04-27,P04,42,126,0,30
2027-04-28,P04,47,136,0,30
2027-04-29,P04,54,78,0,30
2027-04-30,P04,58,92,0,30
2027-05-01,P04,67,107,0,30
2027-05-02,P04,52,55,0,30
2027-05-03,P04,55,71,0,30
2027-05-04,P04,54,101,0,30
2027-05-05,P04,47,53,0,30
2027-05-06,P04,51,127,0,30
2027-05-07,P04,56,86,0,30
2027-05-08,P04,71,93,0,30
2027-05-09,P04,67,101,0,30
2027-05-10,P04,49,82,0,30
2027-05-11,P04,51,61,0,30
2027-05-12,P04,56,58,0,30
2027-05-13,P04,52,59,0,30
2027-05-14,P04,59,78,0,30
2027-05-15,P04,59,88,0,30
2027-05-16,P04,72,111,0,30
2027-05-17,P04,33,97,0,30
2027-05-18,P04,37,33,0,30
2027-05-19,P04,48,60,0,30
2027-05-20,P04,47,106,0,30
2027-05-21,P04,58,60,0,30
2027-05-22,P04,62,98,0,30
2027-05-23,P04,46,74,0,30
2027-05-24,P04,51,94,0,30
2027-05-25,P04,58,84,0,30
2027-05-26,P04,60,82,0,30
2027-05-27,P04,55,126,0,30
2027-05-28,P04,48,81,0,30
2027-05-29,P04,72,76,0,30
2027-05-30,P04,82,130,0,30
2027-05-31,P04,60,59,0,30
2027-06-01,P04,42,60,0,30
2027-06-02,P04,45,129,0,30
2027-06-03,P04,52,135,0,30
2027-06-04,P04,48,108,0,30
2027-06-05,P04,53,73,0,30
2027-06-06,P04,64,106,0,30
2027-06-07,P04,46,60,0,30
2027-06-08,P04,67,83,0,30
2027-06-09,P04,69,93,0,30
2027-06-10,P04,54,71,0,30
2027-06-11,P04,62,93,0,30
2027-06-12,P04,71,98,0,30
2027-06-13,P04,51,118,0,30
2027-06-14,P04,48,67,0,30
2027-06-15,P04,43,72,0,30
2027-06-16,P04,41,61,0,30
2027-06-17,P04,57,138,0,30
2027-06-18,P04,56,90,0,30
2027-06-19,P04,57,130,0,30
2027-06-20,P04,47,109,0,30
2027-06-21,P04,57,52,0,30
2027-06-22,P04,51,49,0,30
2027-06-23,P04,44,126,0,30
2027-06-24,P04,40,74,0,30
2027-06-25,P04,65,70,0,30
2027-06-26,P04,77,100,0,30
2027-06-27,P04,55,111,0,30
2027-06-28,P04,59,59,0,30
2027-06-29,P04,56,55,0,30
2027-06-30,P04,52,62,0,30
2027-07-01,P04,49,59,0,30
2027-07-02,P04,66,65,1,30
2027-07-03,P04,77,101,1,30
2027-07-04,P04,62,118,0,30
2027-07-05,P04,43,45,0,30
2027-07-06,P04,54,91,0,30
2027-07-07,P04,56,132,0,30
2027-07-08,P04,49,124,0,30
2027-07-09,P04,76,81,1,30
2027-07-10,P04,68,113,1,30
2027-07-11,P04,55,59,0,30
2027-07-12,P04,44,113,0,30
2027-07-13,P04,55,89,0,30
2027-07-14,P04,56,79,0,30
2027-07-15,P04,52,115,0,30
2027-07-16,P04,63,91,1,30
2027-07-17,P04,69,99,1,30
2027-07-18,P04,51,104,0,30
2027-07-19,P04,54,85,0,30
2027-07-20,P04,53,79,0,30
2027-07-21,P04,45,73,0,30
2027-07-22,P04,56,104,0,30
2027-07-23,P04,58,72,1,30
2027-07-24,P04,63,74,1,30
2027-07-25,P04,49,77,0,30
2027-07-26,P04,58,65,0,30
2027-07-27,P04,54,72,0,30
2027-07-28,P04,56,128,0,30
2027-07-29,P04,52,66,0,30
2027-07-30,P04,60,138,1,30
2027-07-31,P04,73,116,1,30
2027-08-01,P04,67,116,0,30
2027-08-02,P04,42,132,0,30
2027-08-03,P04,44,66,0,30
2027-08-04,P04,58,93,0,30
2027-08-05,P04,57,67,0,30
2027-08-06,P04,63,130,0,30
2027-08-07,P04,61,123,0,30
2027-08-08,P04,69,126,0,30
2027-08-09,P04,51,71,0,30
2027-08-10,P04,52,133,0,30
2027-08-11,P04,56,126,0,30
2027-08-12,P04,40,105,0,30
2027-08-13,P04,58,136,0,30
2027-08-14,P04,50,56,0,30
2027-08-15,P04,80,104,1,30
2027-08-16,P04,79,134,1,30
2027-08-17,P04,61,62,1,30
2027-08-18,P04,39,48,0,30
2027-08-19,P04,59,75,0,30
2027-08-20,P04,46,80,0,30
2027-08-21,P04,64,128,0,30
2027-08-22,P04,57,67,0,30
2027-08-23,P04,49,51,0,30
2027-08-24,P04,43,60,0,30
2027-08-25,P04,58,117,0,30
2027-08-26,P04,43,54,0,30
2027-08-27,P04,53,60,0,30
2027-08-28,P04,65,100,0,30
2027-08-29,P04,63,65,0,30
2027-08-30,P04,57,94,0,30
2027-08-31,P04,60,74,0,30
2027-09-01,P04,55,52,0,30
2027-09-02,P04,49,95,0,30
2027-09-03,P04,55,96,0,30
2027-09-04,P04,58,83,0,30
2027-09-05,P04,65,65,0,30
2027-09-06,P04,47,47,0,30
2027-09-07,P04,48,75,0,30
2027-09-08,P04,56,101,0,30
2027-09-09,P04,62,94,0,30
2027-09-10,P04,45,77,0,30
2027-09-11,P04,56,121,0,30
2027-09-12,P04,69,101,0,30
2027-09-13,P04,49,74,0,30
2027-09-14,P04,58,138,0,30
2027-09-15,P04,64,77,0,30
2027-09-16,P04,57,106,0,30
2027-09-17,P04,43,115,0,30
2027-09-18,P04,60,100,0,30
2027-09-19,P04,56,55,0,30
2027-09-20,P04,41,57,0,30
2027-09-21,P04,57,80,0,30
2027-09-22,P04,62,82,0,30
2027-09-23,P04,49,81,0,30
2027-09-24,P04,49,82,0,30
2027-09-25,P04,62,89,0,30
2027-09-26,P04,63,72,0,30
2027-09-27,P04,46,66,0,30
2027-09-28,P04,68,110,0,30
2027-09-29,P04,54,84,0,30
2027-09-30,P04,60,87,0,30
2027-10-01,P04,69,103,1,30
2027-10-02,P04,83,115,1,30
2027-10-03,P04,65,89,0,30
2027-10-04,P04,43,94,0,30
2027-10-05,P04,38,78,0,30
2027-10-06,P04,49,93,0,30
2027-10-07,P04,53,70,0,30
2027-10-08,P04,65,129,1,30
2027-10-09,P04,66,77,1,30
2027-10-10,P04,56,90,0,30
2027-10-11,P04,51,100,0,30
2027-10-12,P04,53,86,0,30
2027-10-13,P04,45,105,0,30
2027-10-14,P04,72,99,0,30
2027-10-15,P04,67,91,1,30
2027-10-16,P04,74,82,1,30
2027-10-17,P04,53,86,0,30
2027-10-18,P04,47,112,0,30
2027-10-19,P04,56,93,0,30
2027-10-20,P04,95,105,1,30
2027-10-21,P04,106,139,1,30
2027-10-22,P04,120,147,1,30
2027-10-23,P04,117,117,1,30
2027-10-24,P04,125,141,1,30
2027-10-25,P04,110,140,1,30
2027-10-26,P04,58,86,0,30
2027-10-27,P04,51,84,0,30
2027-10-28,P04,69,81,0,30
2027-10-29,P04,68,90,1,30
2027-10-30,P04,76,134,1,30
2027-10-31,P04,61,115,0,30
2027-11-01,P04,93,98,1,30
2027-11-02,P04,95,124,1,30
2027-11-03,P04,96,122,1,30
2027-11-04,P04,45,75,0,30
2027-11-05,P04,51,56,0,30
2027-11-06,P04,58,118,0,30
2027-11-07,P04,40,49,0,30
2027-11-08,P04,38,61,0,30
2027-11-09,P04,54,51,0,30
2027-11-10,P04,54,96,0,30
2027-11-11,P04,44,86,0,30
2027-11-12,P04,65,123,0,30
2027-11-13,P04,81,90,0,30
2027-11-14,P04,60,130,0,30
2027-11-15,P04,47,68,0,30
2027-11-16,P04,47,106,0,30
2027-11-17,P04,47,67,0,30
2027-11-18,P04,54,67,0,30
2027-11-19,P04,59,119,0,30
2027-11-20,P04,62,79,0,30
2027-11-21,P04,54,73,0,30
2027-11-22,P04,59,124,0,30
2027-11-23,P04,53,78,0,30
2027-11-24,P04,53,55,0,30
2027-11-25,P04,57,97,0,30
2027-11-26,P04,51,117,0,30
2027-11-27,P04,50,127,0,30
2027-11-28,P04,73,88,0,30
2027-11-29,P04,59,80,0,30
2027-11-30,P04,60,108,0,30
2027-12-01,P04,65,109,0,30
2027-12-02,P04,48,74,0,30
2027-12-03,P04,63,79,0,30
2027-12-04,P04,66,107,0,30
2027-12-05,P04,48,75,0,30
2027-12-06,P04,37,72,0,30
2027-12-07,P04,43,75,0,30
2027-12-08,P04,53,87,0,30
2027-12-09,P04,58,84,0,30
2027-12-10,P04,57,74,0,30
2027-12-11,P04,56,69,0,30
2027-12-12,P04,72,116,0,30
2027-12-13,P04,52,110,0,30
2027-12-14,P04,40,58,0,30
2027-12-15,P04,59,81,0,30
2027-12-16,P04,48,66,0,30
2027-12-17,P04,62,105,0,30
2027-12-18,P04,50,61,0,30
2027-12-19,P04,63,113,0,30
2027-12-20,P04,54,83,0,30
2027-12-21,P04,51,93,0,30
2027-12-22,P04,54,58,0,30
2027-12-23,P04,54,77,0,30
2027-12-24,P04,61,110,0,30
2027-12-25,P04,69,108,0,30
2027-12-26,P04,62,76,0,30
2027-12-27,P04,37,52,0,30
2027-12-28,P04,59,62,0,30
2027-12-29,P04,40,67,0,30
2027-12-30,P04,58,97,0,30
2027-12-31,P04,57,134,0,30
2026-01-01,P05,27,67,0,145
2026-01-02,P05,30,135,0,145
2026-01-03,P05,38,51,0,145
2026-01-04,P05,30,58,0,145
2026-01-05,P05,26,57,0,145
2026-01-06,P05,20,100,0,145
2026-01-07,P05,26,109,0,145
2026-01-08,P05,32,40,0,145
2026-01-09,P05,27,66,0,145
2026-01-10,P05,32,61,0,145
2026-01-11,P05,22,46,0,145
2026-01-12,P05,24,64,0,145
2026-01-13,P05,30,136,1,145
2026-01-14,P05,43,117,1,145
2026-01-15,P05,43,136,1,145
2026-01-16,P05,52,79,1,145
2026-01-17,P05,49,122,0,145
2026-01-18,P05,29,97,0,145
2026-01-19,P05,29,53,0,145
2026-01-20,P05,31,123,0,145
2026-01-21,P05,27,70,0,145
2026-01-22,P05,25,81,0,145
2026-01-23,P05,21,120,0,145
2026-01-24,P05,48,75,0,145
2026-01-25,P05,30,109,0,145
2026-01-26,P05,26,38,0,145
2026-01-27,P05,29,58,0,145
2026-01-28,P05,35,93,0,145
2026-01-29,P05,29,59,0,145
2026-01-30,P05,38,65,0,145
2026-01-31,P05,36,64,0,145
2026-02-01,P05,40,60,0,145
2026-02-02,P05,44,77,0,145
2026-02-03,P05,29,63,0,145
2026-02-04,P05,30,40,0,145
2026-02-05,P05,30,69,0,145
2026-02-06,P05,34,38,0,145
2026-02-07,P05,30,93,0,145
2026-02-08,P05,36,52,0,145
2026-02-09,P05,30,78,0,145
2026-02-10,P05,34,62,0,145
2026-02-11,P05,46,61,0,145
2026-02-12,P05,26,133,0,145
2026-02-13,P05,41,132,0,145
2026-02-14,P05,47,113,0,145
2026-02-15,P05,38,115,0,145
2026-02-16,P05,24,55,0,145
2026-02-17,P05,31,103,0,145
2026-02-18,P05,36,113,0,145
2026-02-19,P05,37,104,0,145
2026-02-20,P05,32,78,0,145
2026-02-21,P05,46,68,0,145
2026-02-22,P05,45,108,0,145
2026-02-23,P05,33,85,0,145
2026-02-24,P05,32,110,0,145
2026-02-25,P05,37,68,0,145
2026-02-26,P05,39,85,0,145
2026-02-27,P05,44,51,0,145
2026-02-28,P05,35,115,0,145
2026-03-01,P05,44,96,0,145
2026-03-02,P05,40,68,0,145
2026-03-03,P05,47,87,0,145
2026-03-04,P05,37,129,0,145
2026-03-05,P05,50,66,0,145
2026-03-06,P05,51,135,1,145
2026-03-07,P05,57,88,1,145
2026-03-08,P05,56,85,0,145
2026-03-09,P05,37,62,0,145
2026-03-10,P05,55,98,0,145
2026-03-11,P05,40,135,0,145
2026-03-12,P05,45,42,0,145
2026-03-13,P05,52,77,1,145
2026-03-14,P05,67,62,1,145
2026-03-15,P05,46,55,0,145
2026-03-16,P05,58,68,0,145
2026-03-17,P05,47,76,0,145
2026-03-18,P05,56,67,0,145
2026-03-19,P05,43,79,0,145
2026-03-20,P05,54,137,1,145
2026-03-21,P05,51,96,1,145
2026-03-22,P05,53,83,0,145
2026-03-23,P05,35,69,0,145
2026-03-24,P05,54,105,0,145
2026-03-25,P05,51,122,0,145
2026-03-26,P05,52,71,0,145
2026-03-27,P05,62,90,1,145
2026-03-28,P05,75,103,1,145
2026-03-29,P05,65,73,0,145
2026-03-30,P05,61,81,0,145
2026-03-31,P05,36,78,0,145
2026-04-01,P05,47,53,0,145
2026-04-02,P05,51,60,0,145
2026-04-03,P05,50,88,0,145
2026-04-04,P05,61,79,0,145
2026-04-05,P05,64,91,0,145
2026-04-06,P05,47,65,0,145
2026-04-07,P05,35,57,0,145
2026-04-08,P05,40,74,0,145
2026-04-09,P05,42,75,0,145
2026-04-10,P05,60,64,0,145
2026-04-11,P05,72,67,0,145
2026-04-12,P05,55,123,0,145
2026-04-13,P05,58,57,0,145
2026-04-14,P05,50,77,0,145
2026-04-15,P05,52,125,0,145
2026-04-16,P05,44,45,0,145
2026-04-17,P05,55,83,0,145
2026-04-18,P05,68,83,0,145
2026-04-19,P05,70,112,0,145
2026-04-20,P05,47,118,0,145
2026-04-21,P05,51,123,0,145
2026-04-22,P05,62,58,0,145
2026-04-23,P05,51,121,0,145
2026-04-24,P05,53,93,0,145
2026-04-25,P05,65,94,0,145
2026-04-26,P05,74,74,0,145
2026-04-27,P05,52,47,0,145
2026-04-28,P05,56,120,0,145
2026-04-29,P05,57,80,0,145
2026-04-30,P05,40,130,0,145
2026-05-01,P05,64,90,0,145
2026-05-02,P05,83,114,0,145
2026-05-03,P05,65,78,0,145
2026-05-04,P05,43,115,0,145
2026-05-05,P05,49,108,0,145
2026-05-06,P05,55,76,0,145
2026-05-07,P05,59,71,0,145
2026-05-08,P05,50,94,0,145
2026-05-09,P05,69,72,0,145
2026-05-10,P05,57,94,0,145
2026-05-11,P05,58,66,0,145
2026-05-12,P05,46,123,0,145
2026-05-13,P05,35,62,0,145
2026-05-14,P05,46,125,0,145
2026-05-15,P05,68,130,0,145
2026-05-16,P05,70,94,0,145
2026-05-17,P05,74,86,0,145
2026-05-18,P05,58,77,0,145
2026-05-19,P05,50,77,0,145
2026-05-20,P05,58,55,0,145
2026-05-21,P05,59,67,0,145
2026-05-22,P05,46,90,0,145
2026-05-23,P05,71,74,0,145
2026-05-24,P05,71,85,0,145
2026-05-25,P05,57,85,0,145
2026-05-26,P05,58,76,0,145
2026-05-27,P05,49,100,0,145
2026-05-28,P05,49,74,0,145
2026-05-29,P05,58,108,0,145
2026-05-30,P05,56,120,0,145
2026-05-31,P05,66,112,0,145
2026-06-01,P05,47,49,0,145
2026-06-02,P05,42,108,0,145
2026-06-03,P05,57,92,0,145
2026-06-04,P05,61,96,0,145
2026-06-05,P05,51,72,0,145
2026-06-06,P05,51,101,0,145
2026-06-07,P05,58,63,0,145
2026-06-08,P05,44,76,0,145
2026-06-09,P05,43,124,0,145
2026-06-10,P05,59,111,0,145
2026-06-11,P05,62,101,0,145
2026-06-12,P05,58,80,0,145
2026-06-13,P05,63,92,0,145
2026-06-14,P05,54,137,0,145
2026-06-15,P05,52,130,0,145
2026-06-16,P05,61,106,0,145
2026-06-17,P05,60,56,0,145
2026-06-18,P05,47,107,0,145
2026-06-19,P05,48,67,0,145
2026-06-20,P05,57,92,0,145
2026-06-21,P05,58,79,0,145
2026-06-22,P05,56,95,0,145
2026-06-23,P05,46,53,0,145
2026-06-24,P05,51,58,0,145
2026-06-25,P05,43,87,0,145
2026-06-26,P05,67,94,0,145
2026-06-27,P05,58,123,0,145
2026-06-28,P05,75,87,0,145
2026-06-29,P05,46,89,0,145
2026-06-30,P05,73,127,0,145
2026-07-01,P05,66,122,0,145
2026-07-02,P05,56,93,0,145
2026-07-03,P05,74,106,1,145
2026-07-04,P05,75,88,1,145
2026-07-05,P05,64,130,0,145
2026-07-06,P05,62,84,0,145
2026-07-07,P05,55,138,0,145
2026-07-08,P05,46,81,0,145
2026-07-09,P05,46,129,0,145
2026-07-10,P05,69,91,1,145
2026-07-11,P05,76,99,1,145
2026-07-12,P05,69,89,0,145
2026-07-13,P05,49,75,0,145
2026-07-14,P05,46,60,0,145
2026-07-15,P05,55,69,0,145
2026-07-16,P05,47,53,0,145
2026-07-17,P05,71,126,1,145
2026-07-18,P05,75,76,1,145
2026-07-19,P05,58,101,0,145
2026-07-20,P05,51,138,0,145
2026-07-21,P05,54,93,0,145
2026-07-22,P05,54,76,0,145
2026-07-23,P05,60,124,0,145
2026-07-24,P05,73,85,1,145
2026-07-25,P05,81,106,1,145
2026-07-26,P05,65,63,0,145
2026-07-27,P05,43,91,0,145
2026-07-28,P05,66,79,0,145
2026-07-29,P05,50,52,0,145
2026-07-30,P05,70,116,0,145
2026-07-31,P05,82,88,1,145
2026-08-01,P05,75,76,0,145
2026-08-02,P05,89,112,0,145
2026-08-03,P05,58,69,0,145
2026-08-04,P05,56,99,0,145
2026-08-05,P05,51,109,0,145
2026-08-06,P05,61,83,0,145
2026-08-07,P05,56,125,0,145
2026-08-08,P05,67,94,0,145
2026-08-09,P05,66,81,0,145
2026-08-10,P05,45,43,0,145
2026-08-11,P05,45,66,0,145
2026-08-12,P05,42,54,0,145
2026-08-13,P05,60,58,0,145
2026-08-14,P05,58,91,0,145
2026-08-15,P05,112,126,1,145
2026-08-16,P05,88,91,1,145
2026-08-17,P05,90,110,1,145
2026-08-18,P05,57,88,0,145
2026-08-19,P05,72,68,0,145
2026-08-20,P05,39,74,0,145
2026-08-21,P05,40,70,0,145
2026-08-22,P05,68,87,0,145
2026-08-23,P05,59,88,0,145
2026-08-24,P05,54,82,0,145
2026-08-25,P05,47,49,0,145
2026-08-26,P05,40,78,0,145
2026-08-27,P05,61,87,0,145
2026-08-28,P05,66,78,0,145
2026-08-29,P05,79,100,0,145
2026-08-30,P05,55,50,0,145
2026-08-31,P05,52,83,0,145
2026-09-01,P05,58,113,0,145
2026-09-02,P05,55,82,0,145
2026-09-03,P05,62,77,0,145
2026-09-04,P05,57,60,0,145
2026-09-05,P05,63,102,0,145
2026-09-06,P05,45,74,0,145
2026-09-07,P05,43,116,0,145
2026-09-08,P05,47,67,0,145
2026-09-09,P05,60,58,0,145
2026-09-10,P05,58,93,0,145
2026-09-11,P05,52,119,0,145
2026-09-12,P05,76,99,0,145
2026-09-13,P05,71,105,0,145
2026-09-14,P05,46,80,0,145
2026-09-15,P05,63,89,0,145
2026-09-16,P05,48,129,0,145
2026-09-17,P05,71,118,0,145
2026-09-18,P05,54,80,0,145
2026-09-19,P05,65,129,0,145
2026-09-20,P05,70,69,0,145
2026-09-21,P05,42,56,0,145
2026-09-22,P05,54,108,0,145
2026-09-23,P05,60,82,0,145
2026-09-24,P05,51,110,0,145
2026-09-25,P05,64,113,0,145
2026-09-26,P05,52,80,0,145
2026-09-27,P05,68,90,0,145
2026-09-28,P05,46,110,0,145
2026-09-29,P05,61,60,0,145
2026-09-30,P05,49,125,0,145
2026-10-01,P05,58,75,0,145
2026-10-02,P05,87,114,1,145
2026-10-03,P05,77,131,1,145
2026-10-04,P05,53,62,0,145
2026-10-05,P05,62,85,0,145
2026-10-06,P05,54,119,0,145
2026-10-07,P05,68,72,0,145
2026-10-08,P05,59,131,0,145
2026-10-09,P05,64,81,1,145
2026-10-10,P05,76,109,1,145
2026-10-11,P05,58,105,0,145
2026-10-12,P05,48,81,0,145
2026-10-13,P05,55,70,0,145
2026-10-14,P05,60,82,0,145
2026-10-15,P05,53,56,0,145
2026-10-16,P05,71,78,1,145
2026-10-17,P05,78,119,1,145
2026-10-18,P05,71,100,0,145
2026-10-19,P05,51,54,0,145
2026-10-20,P05,108,113,1,145
2026-10-21,P05,108,133,1,145
2026-10-22,P05,125,130,1,145
2026-10-23,P05,133,136,1,145
2026-10-24,P05,135,148,1,145
2026-10-25,P05,132,159,1,145
2026-10-26,P05,45,75,0,145
2026-10-27,P05,63,137,0,145
2026-10-28,P05,55,83,0,145
2026-10-29,P05,57,75,0,145
2026-10-30,P05,62,90,1,145
2026-10-31,P05,68,133,1,145
2026-11-01,P05,142,143,1,145
2026-11-02,P05,90,118,1,145
2026-11-03,P05,118,137,1,145
2026-11-04,P05,56,125,0,145
2026-11-05,P05,48,59,0,145
2026-11-06,P05,65,96,0,145
2026-11-07,P05,76,85,0,145
2026-11-08,P05,66,94,0,145
2026-11-09,P05,68,73,0,145
2026-11-10,P05,54,99,0,145
2026-11-11,P05,50,85,0,145
2026-11-12,P05,66,91,0,145
2026-11-13,P05,49,93,0,145
2026-11-14,P05,72,91,0,145
2026-11-15,P05,56,126,0,145
2026-11-16,P05,55,50,0,145
2026-11-17,P05,64,75,0,145
2026-11-18,P05,64,113,0,145
2026-11-19,P05,49,109,0,145
2026-11-20,P05,59,89,0,145
2026-11-21,P05,69,130,0,145
2026-11-22,P05,72,96,0,145
2026-11-23,P05,53,81,0,145
2026-11-24,P05,56,130,0,145
2026-11-25,P05,51,65,0,145
2026-11-26,P05,52,125,0,145
2026-11-27,P05,52,133,0,145
2026-11-28,P05,51,117,0,145
2026-11-29,P05,64,106,0,145
2026-11-30,P05,61,71,0,145
2026-12-01,P05,55,69,0,145
2026-12-02,P05,47,82,0,145
2026-12-03,P05,65,131,0,145
2026-12-04,P05,56,63,0,145
2026-12-05,P05,73,73,0,145
2026-12-06,P05,61,134,0,145
2026-12-07,P05,51,83,0,145
2026-12-08,P05,54,53,0,145
2026-12-09,P05,54,63,0,145
2026-12-10,P05,53,81,0,145
2026-12-11,P05,69,139,0,145
2026-12-12,P05,58,59,0,145
2026-12-13,P05,72,139,0,145
2026-12-14,P05,47,78,0,145
2026-12-15,P05,57,63,0,145
2026-12-16,P05,52,130,0,145
2026-12-17,P05,61,95,0,145
2026-12-18,P05,85,107,0,145
2026-12-19,P05,58,75,0,145
2026-12-20,P05,58,98,0,145
2026-12-21,P05,49,82,0,145
2026-12-22,P05,57,104,0,145
2026-12-23,P05,45,52,0,145
2026-12-24,P05,61,82,0,145
2026-12-25,P05,82,93,0,145
2026-12-26,P05,65,111,0,145
2026-12-27,P05,75,71,0,145
2026-12-28,P05,68,83,0,145
2026-12-29,P05,75,99,0,145
2026-12-30,P05,56,117,0,145
2026-12-31,P05,63,82,0,145
2027-01-01,P05,66,135,0,145
2027-01-02,P05,61,65,0,145
2027-01-03,P05,62,86,0,145
2027-01-04,P05,46,62,0,145
2027-01-05,P05,51,70,0,145
2027-01-06,P05,44,64,0,145
2027-01-07,P05,51,72,0,145
2027-01-08,P05,68,75,0,145
2027-01-09,P05,65,133,0,145
2027-01-10,P05,56,64,0,145
2027-01-11,P05,54,53,0,145
2027-01-12,P05,43,125,0,145
2027-01-13,P05,84,108,1,145
2027-01-14,P05,85,86,1,145
2027-01-15,P05,86,128,1,145
2027-01-16,P05,101,124,1,145
2027-01-17,P05,50,97,0,145
2027-01-18,P05,42,75,0,145
2027-01-19,P05,45,78,0,145
2027-01-20,P05,55,51,0,145
2027-01-21,P05,53,62,0,145
2027-01-22,P05,57,87,0,145
2027-01-23,P05,51,53,0,145
2027-01-24,P05,48,49,0,145
2027-01-25,P05,37,39,0,145
2027-01-26,P05,57,129,0,145
2027-01-27,P05,47,121,0,145
2027-01-28,P05,58,97,0,145
2027-01-29,P05,56,128,0,145
2027-01-30,P05,57,136,0,145
2027-01-31,P05,68,98,0,145
2027-02-01,P05,39,70,0,145
2027-02-02,P05,42,58,0,145
2027-02-03,P05,54,82,0,145
2027-02-04,P05,45,77,0,145
2027-02-05,P05,62,96,0,145
2027-02-06,P05,69,84,0,145
2027-02-07,P05,50,83,0,145
2027-02-08,P05,46,94,0,145
2027-02-09,P05,38,42,0,145
2027-02-10,P05,54,66,0,145
2027-02-11,P05,63,84,0,145
2027-02-12,P05,48,67,0,145
2027-02-13,P05,60,77,0,145
2027-02-14,P05,74,116,0,145
2027-02-15,P05,40,139,0,145
2027-02-16,P05,39,46,0,145
2027-02-17,P05,49,61,0,145
2027-02-18,P05,42,76,0,145
2027-02-19,P05,59,125,0,145
2027-02-20,P05,74,107,0,145
2027-02-21,P05,44,88,0,145
2027-02-22,P05,50,77,0,145
2027-02-23,P05,45,96,0,145
2027-02-24,P05,49,59,0,145
2027-02-25,P05,50,80,0,145
2027-02-26,P05,47,57,0,145
2027-02-27,P05,68,102,0,145
2027-02-28,P05,66,139,0,145
2027-03-01,P05,53,77,0,145
2027-03-02,P05,64,92,0,145
2027-03-03,P05,62,131,0,145
2027-03-04,P05,47,135,0,145
2027-03-05,P05,50,62,1,145
2027-03-06,P05,78,106,1,145
2027-03-07,P05,60,62,0,145
2027-03-08,P05,51,61,0,145
2027-03-09,P05,47,47,0,145
2027-03-10,P05,53,65,0,145
2027-03-11,P05,57,87,0,145
2027-03-12,P05,72,90,1,145
2027-03-13,P05,71,84,1,145
2027-03-14,P05,66,79,0,145
2027-03-15,P05,52,63,0,145
2027-03-16,P05,49,65,0,145
2027-03-17,P05,40,117,0,145
2027-03-18,P05,53,59,0,145
2027-03-19,P05,55,108,1,145
2027-03-20,P05,61,73,1,145
2027-03-21,P05,66,92,0,145
2027-03-22,P05,54,79,0,145
2027-03-23,P05,43,54,0,145
2027-03-24,P05,56,109,0,145
2027-03-25,P05,47,130,0,145
2027-03-26,P05,70,96,1,145
2027-03-27,P05,68,99,1,145
2027-03-28,P05,63,125,0,145
2027-03-29,P05,51,85,0,145
2027-03-30,P05,50,49,0,145
2027-03-31,P05,53,81,0,145
2027-04-01,P05,58,93,0,145
2027-04-02,P05,55,54,0,145
2027-04-03,P05,71,102,0,145
2027-04-04,P05,65,117,0,145
2027-04-05,P05,51,114,0,145
2027-04-06,P05,56,100,0,145
2027-04-07,P05,52,76,0,145
2027-04-08,P05,50,133,0,145
2027-04-09,P05,57,114,0,145
2027-04-10,P05,65,81,0,145
2027-04-11,P05,78,89,0,145
2027-04-12,P05,55,124,0,145
2027-04-13,P05,46,112,0,145
2027-04-14,P05,42,122,0,145
2027-04-15,P05,64,88,0,145
2027-04-16,P05,64,94,0,145
2027-04-17,P05,67,80,0,145
2027-04-18,P05,84,96,0,145
2027-04-19,P05,48,51,0,145
2027-04-20,P05,57,125,0,145
2027-04-21,P05,45,49,0,145
2027-04-22,P05,56,62,0,145
2027-04-23,P05,44,119,0,145
2027-04-24,P05,66,62,0,145
2027-04-25,P05,69,90,0,145
2027-04-26,P05,53,95,0,145
2027-04-27,P05,48,133,0,145
2027-04-28,P05,58,77,0,145
2027-04-29,P05,54,54,0,145
2027-04-30,P05,62,81,0,145
2027-05-01,P05,63,105,0,145
2027-05-02,P05,68,98,0,145
2027-05-03,P05,62,120,0,145
2027-05-04,P05,49,74,0,145
2027-05-05,P05,47,113,0,145
2027-05-06,P05,45,69,0,145
2027-05-07,P05,54,73,0,145
2027-05-08,P05,71,69,0,145
2027-05-09,P05,65,71,0,145
2027-05-10,P05,58,93,0,145
2027-05-11,P05,53,87,0,145
2027-05-12,P05,65,95,0,145
2027-05-13,P05,48,88,0,145
2027-05-14,P05,52,71,0,145
2027-05-15,P05,78,102,0,145
2027-05-16,P05,77,79,0,145
2027-05-17,P05,46,127,0,145
2027-05-18,P05,59,105,0,145
2027-05-19,P05,54,81,0,145
2027-05-20,P05,69,90,0,145
2027-05-21,P05,70,72,0,145
2027-05-22,P05,60,75,0,145
2027-05-23,P05,65,96,0,145
2027-05-24,P05,59,96,0,145
2027-05-25,P05,59,138,0,145
2027-05-26,P05,55,74,0,145
2027-05-27,P05,55,57,0,145
2027-05-28,P05,70,68,0,145
2027-05-29,P05,86,123,0,145
2027-05-30,P05,70,132,0,145
2027-05-31,P05,42,82,0,145
2027-06-01,P05,56,133,0,145
2027-06-02,P05,63,88,0,145
2027-06-03,P05,59,81,0,145
2027-06-04,P05,68,79,0,145
2027-06-05,P05,59,135,0,145
2027-06-06,P05,52,101,0,145
2027-06-07,P05,46,119,0,145
2027-06-08,P05,43,67,0,145
2027-06-09,P05,50,106,0,145
2027-06-10,P05,56,115,0,145
2027-06-11,P05,67,139,0,145
2027-06-12,P05,72,138,0,145
2027-06-13,P05,45,113,0,145
2027-06-14,P05,42,60,0,145
2027-06-15,P05,59,90,0,145
2027-06-16,P05,60,103,0,145
2027-06-17,P05,47,53,0,145
2027-06-18,P05,74,112,0,145
2027-06-19,P05,78,86,0,145
2027-06-20,P05,54,110,0,145
2027-06-21,P05,42,99,0,145
2027-06-22,P05,54,74,0,145
2027-06-23,P05,63,67,0,145
2027-06-24,P05,44,57,0,145
2027-06-25,P05,60,79,0,145
2027-06-26,P05,65,80,0,145
2027-06-27,P05,58,89,0,145
2027-06-28,P05,52,69,0,145
2027-06-29,P05,61,65,0,145
2027-06-30,P05,58,88,0,145
2027-07-01,P05,63,88,0,145
2027-07-02,P05,70,75,1,145
2027-07-03,P05,76,81,1,145
2027-07-04,P05,67,97,0,145
2027-07-05,P05,46,88,0,145
2027-07-06,P05,50,48,0,145
2027-07-07,P05,55,114,0,145
2027-07-08,P05,50,70,0,145
2027-07-09,P05,51,100,1,145
2027-07-10,P05,69,84,1,145
2027-07-11,P05,57,120,0,145
2027-07-12,P05,41,122,0,145
2027-07-13,P05,49,74,0,145
2027-07-14,P05,50,74,0,145
2027-07-15,P05,51,117,0,145
2027-07-16,P05,83,134,1,145
2027-07-17,P05,59,117,1,145
2027-07-18,P05,74,130,0,145
2027-07-19,P05,54,134,0,145
2027-07-20,P05,46,90,0,145
2027-07-21,P05,51,117,0,145
2027-07-22,P05,52,83,0,145
2027-07-23,P05,59,126,1,145
2027-07-24,P05,62,69,1,145
2027-07-25,P05,65,94,0,145
2027-07-26,P05,50,51,0,145
2027-07-27,P05,46,59,0,145
2027-07-28,P05,57,66,0,145
2027-07-29,P05,69,94,0,145
2027-07-30,P05,64,87,1,145
2027-07-31,P05,85,109,1,145
2027-08-01,P05,72,106,0,145
2027-08-02,P05,49,62,0,145
2027-08-03,P05,62,63,0,145
2027-08-04,P05,55,61,0,145
2027-08-05,P05,46,72,0,145
2027-08-06,P05,62,80,0,145
2027-08-07,P05,57,85,0,145
2027-08-08,P05,63,136,0,145
2027-08-09,P05,40,123,0,145
2027-08-10,P05,54,111,0,145
2027-08-11,P05,54,65,0,145
2027-08-12,P05,54,59,0,145
2027-08-13,P05,70,101,0,145
2027-08-14,P05,59,65,0,145
2027-08-15,P05,87,113,1,145
2027-08-16,P05,73,82,1,145
2027-08-17,P05,76,92,1,145
2027-08-18,P05,49,77,0,145
2027-08-19,P05,57,122,0,145
2027-08-20,P05,58,104,0,145
2027-08-21,P05,77,100,0,145
2027-08-22,P05,53,112,0,145
2027-08-23,P05,52,116,0,145
2027-08-24,P05,49,76,0,145
2027-08-25,P05,59,65,0,145
2027-08-26,P05,66,64,0,145
2027-08-27,P05,58,84,0,145
2027-08-28,P05,61,108,0,145
2027-08-29,P05,69,137,0,145
2027-08-30,P05,58,61,0,145
2027-08-31,P05,49,75,0,145
2027-09-01,P05,63,97,0,145
2027-09-02,P05,54,115,0,145
2027-09-03,P05,55,84,0,145
2027-09-04,P05,64,93,0,145
2027-09-05,P05,48,72,0,145
2027-09-06,P05,54,115,0,145
2027-09-07,P05,41,83,0,145
2027-09-08,P05,46,77,0,145
2027-09-09,P05,59,60,0,145
2027-09-10,P05,50,99,0,145
2027-09-11,P05,55,132,0,145
2027-09-12,P05,60,101,0,145
2027-09-13,P05,45,120,0,145
2027-09-14,P05,53,121,0,145
2027-09-15,P05,55,79,0,145
2027-09-16,P05,46,87,0,145
2027-09-17,P05,70,82,0,145
2027-09-18,P05,64,86,0,145
2027-09-19,P05,59,90,0,145
2027-09-20,P05,46,100,0,145
2027-09-21,P05,51,104,0,145
2027-09-22,P05,45,75,0,145
2027-09-23,P05,49,79,0,145
2027-09-24,P05,61,137,0,145
2027-09-25,P05,70,103,0,145
2027-09-26,P05,56,89,0,145
2027-09-27,P05,52,112,0,145
2027-09-28,P05,39,111,0,145
2027-09-29,P05,59,78,0,145
2027-09-30,P05,56,79,0,145
2027-10-01,P05,76,110,1,145
2027-10-02,P05,102,125,1,145
2027-10-03,P05,80,112,0,145
2027-10-04,P05,52,90,0,145
2027-10-05,P05,52,64,0,145
2027-10-06,P05,47,77,0,145
2027-10-07,P05,54,107,0,145
2027-10-08,P05,67,98,1,145
2027-10-09,P05,90,98,1,145
2027-10-10,P05,62,82,0,145
2027-10-11,P05,58,78,0,145
2027-10-12,P05,54,88,0,145
2027-10-13,P05,50,136,0,145
2027-10-14,P05,61,69,0,145
2027-10-15,P05,67,113,1,145
2027-10-16,P05,78,75,1,145
2027-10-17,P05,60,127,0,145
2027-10-18,P05,54,93,0,145
2027-10-19,P05,47,114,0,145
2027-10-20,P05,114,129,1,145
2027-10-21,P05,108,135,1,145
2027-10-22,P05,121,137,1,145
2027-10-23,P05,153,183,1,145
2027-10-24,P05,137,133,1,145
2027-10-25,P05,109,114,1,145
2027-10-26,P05,56,79,0,145
2027-10-27,P05,69,96,0,145
2027-10-28,P05,70,70,0,145
2027-10-29,P05,75,103,1,145
2027-10-30,P05,85,101,1,145
2027-10-31,P05,79,86,0,145
2027-11-01,P05,94,107,1,145
2027-11-02,P05,93,109,1,145
2027-11-03,P05,114,130,1,145
2027-11-04,P05,71,96,0,145
2027-11-05,P05,51,77,0,145
2027-11-06,P05,59,93,0,145
2027-11-07,P05,75,132,0,145
2027-11-08,P05,44,56,0,145
2027-11-09,P05,57,69,0,145
2027-11-10,P05,43,57,0,145
2027-11-11,P05,52,75,0,145
2027-11-12,P05,57,89,0,145
2027-11-13,P05,61,137,0,145
2027-11-14,P05,62,86,0,145
2027-11-15,P05,49,83,0,145
2027-11-16,P05,57,133,0,145
2027-11-17,P05,63,126,0,145
2027-11-18,P05,53,120,0,145
2027-11-19,P05,71,115,0,145
2027-11-20,P05,70,139,0,145
2027-11-21,P05,74,100,0,145
2027-11-22,P05,61,80,0,145
2027-11-23,P05,51,52,0,145
2027-11-24,P05,51,75,0,145
2027-11-25,P05,64,81,0,145
2027-11-26,P05,58,59,0,145
2027-11-27,P05,60,86,0,145
2027-11-28,P05,63,61,0,145
2027-11-29,P05,68,102,0,145
2027-11-30,P05,51,104,0,145
2027-12-01,P05,59,75,0,145
2027-12-02,P05,70,90,0,145
2027-12-03,P05,87,117,0,145
2027-12-04,P05,65,87,0,145
2027-12-05,P05,60,88,0,145
2027-12-06,P05,48,73,0,145
2027-12-07,P05,50,83,0,145
2027-12-08,P05,57,115,0,145
2027-12-09,P05,57,134,0,145
2027-12-10,P05,50,107,0,145
2027-12-11,P05,66,87,0,145
2027-12-12,P05,75,89,0,145
2027-12-13,P05,46,75,0,145
2027-12-14,P05,55,86,0,145
2027-12-15,P05,51,77,0,145
2027-12-16,P05,57,110,0,145
2027-12-17,P05,69,112,0,145
2027-12-18,P05,60,110,0,145
2027-12-19,P05,65,86,0,145
2027-12-20,P05,56,114,0,145
2027-12-21,P05,73,80,0,145
2027-12-22,P05,56,105,0,145
2027-12-23,P05,50,60,0,145
2027-12-24,P05,61,84,0,145
2027-12-25,P05,61,77,0,145
2027-12-26,P05,69,103,0,145
2027-12-27,P05,64,100,0,145
2027-12-28,P05,61,112,0,145
2027-12-29,P05,80,113,0,145
2027-12-30,P05,50,72,0,145
2027-12-31,P05,65,99,0,145
2026-01-01,P06,21,51,0,55
2026-01-02,P06,33,68,0,55
2026-01-03,P06,37,58,0,55
2026-01-04,P06,28,120,0,55
2026-01-05,P06,21,54,0,55
2026-01-06,P06,18,62,0,55
2026-01-07,P06,15,80,0,55
2026-01-08,P06,32,120,0,55
2026-01-09,P06,24,42,0,55
2026-01-10,P06,35,83,0,55
2026-01-11,P06,26,45,0,55
2026-01-12,P06,28,63,0,55
2026-01-13,P06,39,65,1,55
2026-01-14,P06,48,64,1,55
2026-01-15,P06,43,86,1,55
2026-01-16,P06,57,89,1,55
2026-01-17,P06,38,136,0,55
2026-01-18,P06,48,66,0,55
2026-01-19,P06,33,128,0,55
2026-01-20,P06,29,116,0,55
2026-01-21,P06,24,50,0,55
2026-01-22,P06,31,92,0,55
2026-01-23,P06,32,50,0,55
2026-01-24,P06,27,130,0,55
2026-01-25,P06,34,114,0,55
2026-01-26,P06,37,66,0,55
2026-01-27,P06,37,65,0,55
2026-01-28,P06,40,79,0,55
2026-01-29,P06,53,72,0,55
2026-01-30,P06,37,116,0,55
2026-01-31,P06,51,75,0,55
2026-02-01,P06,48,106,0,55
2026-02-02,P06,39,73,0,55
2026-02-03,P06,31,52,0,55
2026-02-04,P06,29,138,0,55
2026-02-05,P06,29,80,0,55
2026-02-06,P06,28,55,0,55
2026-02-07,P06,45,41,0,55
2026-02-08,P06,24,74,0,55
2026-02-09,P06,44,83,0,55
2026-02-10,P06,33,67,0,55
2026-02-11,P06,31,39,0,55
2026-02-12,P06,39,61,0,55
2026-02-13,P06,46,73,0,55
2026-02-14,P06,41,93,0,55
2026-02-15,P06,52,116,0,55
2026-02-16,P06,28,94,0,55
2026-02-17,P06,51,81,0,55
2026-02-18,P06,47,139,0,55
2026-02-19,P06,40,71,0,55
2026-02-20,P06,50,78,0,55
2026-02-21,P06,41,48,0,55
2026-02-22,P06,46,56,0,55
2026-02-23,P06,36,52,0,55
2026-02-24,P06,36,72,0,55
2026-02-25,P06,38,129,0,55
2026-02-26,P06,40,72,0,55
2026-02-27,P06,55,75,0,55
2026-02-28,P06,60,87,0,55
2026-03-01,P06,41,51,0,55
2026-03-02,P06,43,52,0,55
2026-03-03,P06,39,72,0,55
2026-03-04,P06,43,56,0,55
2026-03-05,P06,27,119,0,55
2026-03-06,P06,67,85,1,55
2026-03-07,P06,68,105,1,55
2026-03-08,P06,52,62,0,55
2026-03-09,P06,49,110,0,55
2026-03-10,P06,35,68,0,55
2026-03-11,P06,46,87,0,55
2026-03-12,P06,48,102,0,55
2026-03-13,P06,70,104,1,55
2026-03-14,P06,89,114,1,55
2026-03-15,P06,51,119,0,55
2026-03-16,P06,39,119,0,55
2026-03-17,P06,38,50,0,55
2026-03-18,P06,46,52,0,55
2026-03-19,P06,51,81,0,55
2026-03-20,P06,59,85,1,55
2026-03-21,P06,78,111,1,55
2026-03-22,P06,58,62,0,55
2026-03-23,P06,37,108,0,55
2026-03-24,P06,46,138,0,55
2026-03-25,P06,43,75,0,55
2026-03-26,P06,60,113,0,55
2026-03-27,P06,62,74,1,55
2026-03-28,P06,79,103,1,55
2026-03-29,P06,59,61,0,55
2026-03-30,P06,47,79,0,55
2026-03-31,P06,51,66,0,55
2026-04-01,P06,49,77,0,55
2026-04-02,P06,53,81,0,55
2026-04-03,P06,61,120,0,55
2026-04-04,P06,82,95,0,55
2026-04-05,P06,87,118,0,55
2026-04-06,P06,62,129,0,55
2026-04-07,P06,62,83,0,55
2026-04-08,P06,65,118,0,55
2026-04-09,P06,56,93,0,55
2026-04-10,P06,63,75,0,55
2026-04-11,P06,73,86,0,55
2026-04-12,P06,80,130,0,55
2026-04-13,P06,42,44,0,55
2026-04-14,P06,46,53,0,55
2026-04-15,P06,64,89,0,55
2026-04-16,P06,72,72,0,55
2026-04-17,P06,63,83,0,55
2026-04-18,P06,60,78,0,55
2026-04-19,P06,86,119,0,55
2026-04-20,P06,59,107,0,55
2026-04-21,P06,52,110,0,55
2026-04-22,P06,45,111,0,55
2026-04-23,P06,62,103,0,55
2026-04-24,P06,64,123,0,55
2026-04-25,P06,81,133,0,55
2026-04-26,P06,54,129,0,55
2026-04-27,P06,47,138,0,55
2026-04-28,P06,68,121,0,55
2026-04-29,P06,50,56,0,55
2026-04-30,P06,60,73,0,55
2026-05-01,P06,58,91,0,55
2026-05-02,P06,86,103,0,55
2026-05-03,P06,91,102,0,55
2026-05-04,P06,61,78,0,55
2026-05-05,P06,48,64,0,55
2026-05-06,P06,52,93,0,55
2026-05-07,P06,59,135,0,55
2026-05-08,P06,56,122,0,55
2026-05-09,P06,72,76,0,55
2026-05-10,P06,71,104,0,55
2026-05-11,P06,48,121,0,55
2026-05-12,P06,56,62,0,55
2026-05-13,P06,69,137,0,55
2026-05-14,P06,53,82,0,55
2026-05-15,P06,50,86,0,55
2026-05-16,P06,77,107,0,55
2026-05-17,P06,70,93,0,55
2026-05-18,P06,55,67,0,55
2026-05-19,P06,56,75,0,55
2026-05-20,P06,63,135,0,55
2026-05-21,P06,57,60,0,55
2026-05-22,P06,57,95,0,55
2026-05-23,P06,79,131,0,55
2026-05-24,P06,78,100,0,55
2026-05-25,P06,62,112,0,55
2026-05-26,P06,57,70,0,55
2026-05-27,P06,49,61,0,55
2026-05-28,P06,60,87,0,55
2026-05-29,P06,62,89,0,55
2026-05-30,P06,76,102,0,55
2026-05-31,P06,71,103,0,55
2026-06-01,P06,65,95,0,55
2026-06-02,P06,56,68,0,55
2026-06-03,P06,69,89,0,55
2026-06-04,P06,62,105,0,55
2026-06-05,P06,50,67,0,55
2026-06-06,P06,58,86,0,55
2026-06-07,P06,70,80,0,55
2026-06-08,P06,62,75,0,55
2026-06-09,P06,53,58,0,55
2026-06-10,P06,54,88,0,55
2026-06-11,P06,57,58,0,55
2026-06-12,P06,64,102,0,55
2026-06-13,P06,82,77,0,55
2026-06-14,P06,59,92,0,55
2026-06-15,P06,60,90,0,55
2026-06-16,P06,45,77,0,55
2026-06-17,P06,61,134,0,55
2026-06-18,P06,59,100,0,55
2026-06-19,P06,54,83,0,55
2026-06-20,P06,69,95,0,55
2026-06-21,P06,76,103,0,55
2026-06-22,P06,46,78,0,55
2026-06-23,P06,58,79,0,55
2026-06-24,P06,56,83,0,55
2026-06-25,P06,64,73,0,55
2026-06-26,P06,65,84,0,55
2026-06-27,P06,63,82,0,55
2026-06-28,P06,67,103,0,55
2026-06-29,P06,65,128,0,55
2026-06-30,P06,62,66,0,55
2026-07-01,P06,68,139,0,55
2026-07-02,P06,77,86,0,55
2026-07-03,P06,72,124,1,55
2026-07-04,P06,77,82,1,55
2026-07-05,P06,53,69,0,55
2026-07-06,P06,59,78,0,55
2026-07-07,P06,57,58,0,55
2026-07-08,P06,61,81,0,55
2026-07-09,P06,49,73,0,55
2026-07-10,P06,80,78,1,55
2026-07-11,P06,75,93,1,55
2026-07-12,P06,59,117,0,55
2026-07-13,P06,62,85,0,55
2026-07-14,P06,60,82,0,55
2026-07-15,P06,63,95,0,55
2026-07-16,P06,73,90,0,55
2026-07-17,P06,73,137,1,55
2026-07-18,P06,72,75,1,55
2026-07-19,P06,62,97,0,55
2026-07-20,P06,52,53,0,55
2026-07-21,P06,47,100,0,55
2026-07-22,P06,53,112,0,55
2026-07-23,P06,74,105,0,55
2026-07-24,P06,75,88,1,55
2026-07-25,P06,66,134,1,55
2026-07-26,P06,61,82,0,55
2026-07-27,P06,44,58,0,55
2026-07-28,P06,56,89,0,55
2026-07-29,P06,61,92,0,55
2026-07-30,P06,63,59,0,55
2026-07-31,P06,97,137,1,55
2026-08-01,P06,87,107,0,55
2026-08-02,P06,78,107,0,55
2026-08-03,P06,74,135,0,55
2026-08-04,P06,65,97,0,55
2026-08-05,P06,62,59,0,55
2026-08-06,P06,60,61,0,55
2026-08-07,P06,58,58,0,55
2026-08-08,P06,94,100,0,55
2026-08-09,P06,54,106,0,55
2026-08-10,P06,49,69,0,55
2026-08-11,P06,50,74,0,55
2026-08-12,P06,58,89,0,55
2026-08-13,P06,59,61,0,55
2026-08-14,P06,66,120,0,55
2026-08-15,P06,105,125,1,55
2026-08-16,P06,89,92,1,55
2026-08-17,P06,73,105,1,55
2026-08-18,P06,43,87,0,55
2026-08-19,P06,56,70,0,55
2026-08-20,P06,53,103,0,55
2026-08-21,P06,53,101,0,55
2026-08-22,P06,65,92,0,55
2026-08-23,P06,68,91,0,55
2026-08-24,P06,51,102,0,55
2026-08-25,P06,51,70,0,55
2026-08-26,P06,58,80,0,55
2026-08-27,P06,74,128,0,55
2026-08-28,P06,58,86,0,55
2026-08-29,P06,83,127,0,55
2026-08-30,P06,59,67,0,55
2026-08-31,P06,50,99,0,55
2026-09-01,P06,70,90,0,55
2026-09-02,P06,58,64,0,55
2026-09-03,P06,57,81,0,55
2026-09-04,P06,78,111,0,55
2026-09-05,P06,64,115,0,55
2026-09-06,P06,71,88,0,55
2026-09-07,P06,51,57,0,55
2026-09-08,P06,75,109,0,55
2026-09-09,P06,60,94,0,55
2026-09-10,P06,47,53,0,55
2026-09-11,P06,74,88,0,55
2026-09-12,P06,73,103,0,55
2026-09-13,P06,69,90,0,55
2026-09-14,P06,55,78,0,55
2026-09-15,P06,68,70,0,55
2026-09-16,P06,59,97,0,55
2026-09-17,P06,70,94,0,55
2026-09-18,P06,59,82,0,55
2026-09-19,P06,93,106,0,55
2026-09-20,P06,67,85,0,55
2026-09-21,P06,49,70,0,55
2026-09-22,P06,45,137,0,55
2026-09-23,P06,58,123,0,55
2026-09-24,P06,59,132,0,55
2026-09-25,P06,68,80,0,55
2026-09-26,P06,62,64,0,55
2026-09-27,P06,58,83,0,55
2026-09-28,P06,47,94,0,55
2026-09-29,P06,65,81,0,55
2026-09-30,P06,63,58,0,55
2026-10-01,P06,75,99,0,55
2026-10-02,P06,69,102,1,55
2026-10-03,P06,98,125,1,55
2026-10-04,P06,74,87,0,55
2026-10-05,P06,53,99,0,55
2026-10-06,P06,65,120,0,55
2026-10-07,P06,67,84,0,55
2026-10-08,P06,62,70,0,55
2026-10-09,P06,63,88,1,55
2026-10-10,P06,83,99,1,55
2026-10-11,P06,61,123,0,55
2026-10-12,P06,51,60,0,55
2026-10-13,P06,51,59,0,55
2026-10-14,P06,51,78,0,55
2026-10-15,P06,59,81,0,55
2026-10-16,P06,77,129,1,55
2026-10-17,P06,80,121,1,55
2026-10-18,P06,71,78,0,55
2026-10-19,P06,50,134,0,55
2026-10-20,P06,104,121,1,55
2026-10-21,P06,117,116,1,55
2026-10-22,P06,127,130,1,55
2026-10-23,P06,131,163,1,55
2026-10-24,P06,135,136,1,55
2026-10-25,P06,125,159,1,55
2026-10-26,P06,42,43,0,55
2026-10-27,P06,62,85,0,55
2026-10-28,P06,65,88,0,55
2026-10-29,P06,64,65,0,55
2026-10-30,P06,89,90,1,55
2026-10-31,P06,89,104,1,55
2026-11-01,P06,113,144,1,55
2026-11-02,P06,95,120,1,55
2026-11-03,P06,119,122,1,55
2026-11-04,P06,59,74,0,55
2026-11-05,P06,59,93,0,55
2026-11-06,P06,50,94,0,55
2026-11-07,P06,89,90,0,55
2026-11-08,P06,61,101,0,55
2026-11-09,P06,63,108,0,55
2026-11-10,P06,57,69,0,55
2026-11-11,P06,53,57,0,55
2026-11-12,P06,65,85,0,55
2026-11-13,P06,64,93,0,55
2026-11-14,P06,81,122,0,55
2026-11-15,P06,67,80,0,55
2026-11-16,P06,58,83,0,55
2026-11-17,P06,58,69,0,55
2026-11-18,P06,51,61,0,55
2026-11-19,P06,48,101,0,55
2026-11-20,P06,69,91,0,55
2026-11-21,P06,71,77,0,55
2026-11-22,P06,76,96,0,55
2026-11-23,P06,70,103,0,55
2026-11-24,P06,61,73,0,55
2026-11-25,P06,65,95,0,55
2026-11-26,P06,75,128,0,55
2026-11-27,P06,65,83,0,55
2026-11-28,P06,79,83,0,55
2026-11-29,P06,63,132,0,55
2026-11-30,P06,72,103,0,55
2026-12-01,P06,56,76,0,55
2026-12-02,P06,67,104,0,55
2026-12-03,P06,77,125,0,55
2026-12-04,P06,57,86,0,55
2026-12-05,P06,82,115,0,55
2026-12-06,P06,74,105,0,55
2026-12-07,P06,56,102,0,55
2026-12-08,P06,50,71,0,55
2026-12-09,P06,52,98,0,55
2026-12-10,P06,68,92,0,55
2026-12-11,P06,60,134,0,55
2026-12-12,P06,68,99,0,55
2026-12-13,P06,65,96,0,55
2026-12-14,P06,59,58,0,55
2026-12-15,P06,61,75,0,55
2026-12-16,P06,59,130,0,55
2026-12-17,P06,70,85,0,55
2026-12-18,P06,46,79,0,55
2026-12-19,P06,69,66,0,55
2026-12-20,P06,67,67,0,55
2026-12-21,P06,50,53,0,55
2026-12-22,P06,57,72,0,55
2026-12-23,P06,65,93,0,55
2026-12-24,P06,53,75,0,55
2026-12-25,P06,61,69,0,55
2026-12-26,P06,77,98,0,55
2026-12-27,P06,66,100,0,55
2026-12-28,P06,57,125,0,55
2026-12-29,P06,65,103,0,55
2026-12-30,P06,36,88,0,55
2026-12-31,P06,67,103,0,55
2027-01-01,P06,54,117,0,55
2027-01-02,P06,68,68,0,55
2027-01-03,P06,68,85,0,55
2027-01-04,P06,45,96,0,55
2027-01-05,P06,52,83,0,55
2027-01-06,P06,64,62,0,55
2027-01-07,P06,51,84,0,55
2027-01-08,P06,52,124,0,55
2027-01-09,P06,64,120,0,55
2027-01-10,P06,59,91,0,55
2027-01-11,P06,46,75,0,55
2027-01-12,P06,52,85,0,55
2027-01-13,P06,71,131,1,55
2027-01-14,P06,83,127,1,55
2027-01-15,P06,92,115,1,55
2027-01-16,P06,86,104,1,55
2027-01-17,P06,60,117,0,55
2027-01-18,P06,43,53,0,55
2027-01-19,P06,61,57,0,55
2027-01-20,P06,44,71,0,55
2027-01-21,P06,54,79,0,55
2027-01-22,P06,61,131,0,55
2027-01-23,P06,56,58,0,55
2027-01-24,P06,65,101,0,55
2027-01-25,P06,52,61,0,55
2027-01-26,P06,63,121,0,55
2027-01-27,P06,58,79,0,55
2027-01-28,P06,63,79,0,55
2027-01-29,P06,67,73,0,55
2027-01-30,P06,72,104,0,55
2027-01-31,P06,76,103,0,55
2027-02-01,P06,72,81,0,55
2027-02-02,P06,60,82,0,55
2027-02-03,P06,66,94,0,55
2027-02-04,P06,55,82,0,55
2027-02-05,P06,54,74,0,55
2027-02-06,P06,63,80,0,55
2027-02-07,P06,55,59,0,55
2027-02-08,P06,50,93,0,55
2027-02-09,P06,65,75,0,55
2027-02-10,P06,49,134,0,55
2027-02-11,P06,47,60,0,55
2027-02-12,P06,55,60,0,55
2027-02-13,P06,62,103,0,55
2027-02-14,P06,65,129,0,55
2027-02-15,P06,47,44,0,55
2027-02-16,P06,55,109,0,55
2027-02-17,P06,69,89,0,55
2027-02-18,P06,54,84,0,55
2027-02-19,P06,43,130,0,55
2027-02-20,P06,71,85,0,55
2027-02-21,P06,62,95,0,55
2027-02-22,P06,50,59,0,55
2027-02-23,P06,55,62,0,55
2027-02-24,P06,49,98,0,55
2027-02-25,P06,69,104,0,55
2027-02-26,P06,59,58,0,55
2027-02-27,P06,67,77,0,55
2027-02-28,P06,61,88,0,55
2027-03-01,P06,52,92,0,55
2027-03-02,P06,47,73,0,55
2027-03-03,P06,67,69,0,55
2027-03-04,P06,58,107,0,55
2027-03-05,P06,65,99,1,55
2027-03-06,P06,79,110,1,55
2027-03-07,P06,56,86,0,55
2027-03-08,P06,47,119,0,55
2027-03-09,P06,49,62,0,55
2027-03-10,P06,59,139,0,55
2027-03-11,P06,67,118,0,55
2027-03-12,P06,69,73,1,55
2027-03-13,P06,92,129,1,55
2027-03-14,P06,71,93,0,55
2027-03-15,P06,62,108,0,55
2027-03-16,P06,49,111,0,55
2027-03-17,P06,64,97,0,55
2027-03-18,P06,53,76,0,55
2027-03-19,P06,47,80,1,55
2027-03-20,P06,87,132,1,55
2027-03-21,P06,64,93,0,55
2027-03-22,P06,42,71,0,55
2027-03-23,P06,59,81,0,55
2027-03-24,P06,56,135,0,55
2027-03-25,P06,74,92,0,55
2027-03-26,P06,78,122,1,55
2027-03-27,P06,74,75,1,55
2027-03-28,P06,65,98,0,55
2027-03-29,P06,54,123,0,55
2027-03-30,P06,51,56,0,55
2027-03-31,P06,69,72,0,55
2027-04-01,P06,71,79,0,55
2027-04-02,P06,66,92,0,55
2027-04-03,P06,80,99,0,55
2027-04-04,P06,79,101,0,55
2027-04-05,P06,50,107,0,55
2027-04-06,P06,59,67,0,55
2027-04-07,P06,40,121,0,55
2027-04-08,P06,47,91,0,55
2027-04-09,P06,72,100,0,55
2027-04-10,P06,61,94,0,55
2027-04-11,P06,71,110,0,55
2027-04-12,P06,55,76,0,55
2027-04-13,P06,53,70,0,55
2027-04-14,P06,60,74,0,55
2027-04-15,P06,57,91,0,55
2027-04-16,P06,67,62,0,55
2027-04-17,P06,81,126,0,55
2027-04-18,P06,68,87,0,55
2027-04-19,P06,54,71,0,55
2027-04-20,P06,59,76,0,55
2027-04-21,P06,46,67,0,55
2027-04-22,P06,68,99,0,55
2027-04-23,P06,60,76,0,55
2027-04-24,P06,74,109,0,55
2027-04-25,P06,64,72,0,55
2027-04-26,P06,54,68,0,55
2027-04-27,P06,47,42,0,55
2027-04-28,P06,55,69,0,55
2027-04-29,P06,69,71,0,55
2027-04-30,P06,67,94,0,55
2027-05-01,P06,81,97,0,55
2027-05-02,P06,69,89,0,55
2027-05-03,P06,46,68,0,55
2027-05-04,P06,49,63,0,55
2027-05-05,P06,60,120,0,55
2027-05-06,P06,60,101,0,55
2027-05-07,P06,34,44,0,55
2027-05-08,P06,71,105,0,55
2027-05-09,P06,65,76,0,55
2027-05-10,P06,37,87,0,55
2027-05-11,P06,60,132,0,55
2027-05-12,P06,47,136,0,55
2027-05-13,P06,75,117,0,55
2027-05-14,P06,64,75,0,55
2027-05-15,P06,71,70,0,55
2027-05-16,P06,69,95,0,55
2027-05-17,P06,58,88,0,55
2027-05-18,P06,66,79,0,55
2027-05-19,P06,59,73,0,55
2027-05-20,P06,53,79,0,55
2027-05-21,P06,52,80,0,55
2027-05-22,P06,67,130,0,55
2027-05-23,P06,72,133,0,55
2027-05-24,P06,57,53,0,55
2027-05-25,P06,43,59,0,55
2027-05-26,P06,55,88,0,55
2027-05-27,P06,58,81,0,55
2027-05-28,P06,59,93,0,55
2027-05-29,P06,81,81,0,55
2027-05-30,P06,85,107,0,55
2027-05-31,P06,72,105,0,55
2027-06-01,P06,54,128,0,55
2027-06-02,P06,45,59,0,55
2027-06-03,P06,47,63,0,55
2027-06-04,P06,46,120,0,55
2027-06-05,P06,59,92,0,55
2027-06-06,P06,62,63,0,55
2027-06-07,P06,45,91,0,55
2027-06-08,P06,53,83,0,55
2027-06-09,P06,58,63,0,55
2027-06-10,P06,55,129,0,55
2027-06-11,P06,64,85,0,55
2027-06-12,P06,63,78,0,55
2027-06-13,P06,60,61,0,55
2027-06-14,P06,59,93,0,55
2027-06-15,P06,41,70,0,55
2027-06-16,P06,43,103,0,55
2027-06-17,P06,63,70,0,55
2027-06-18,P06,59,70,0,55
2027-06-19,P06,59,61,0,55
2027-06-20,P06,69,84,0,55
2027-06-21,P06,56,65,0,55
2027-06-22,P06,65,82,0,55
2027-06-23,P06,58,138,0,55
2027-06-24,P06,56,57,0,55
2027-06-25,P06,63,75,0,55
2027-06-26,P06,68,68,0,55
2027-06-27,P06,58,83,0,55
2027-06-28,P06,64,106,0,55
2027-06-29,P06,53,133,0,55
2027-06-30,P06,61,87,0,55
2027-07-01,P06,78,73,0,55
2027-07-02,P06,67,74,1,55
2027-07-03,P06,80,101,1,55
2027-07-04,P06,68,99,0,55
2027-07-05,P06,66,95,0,55
2027-07-06,P06,47,68,0,55
2027-07-07,P06,50,104,0,55
2027-07-08,P06,73,106,0,55
2027-07-09,P06,67,131,1,55
2027-07-10,P06,84,103,1,55
2027-07-11,P06,52,95,0,55
2027-07-12,P06,60,77,0,55
2027-07-13,P06,48,76,0,55
2027-07-14,P06,47,49,0,55
2027-07-15,P06,57,127,0,55
2027-07-16,P06,73,107,1,55
2027-07-17,P06,91,121,1,55
2027-07-18,P06,55,84,0,55
2027-07-19,P06,50,84,0,55
2027-07-20,P06,50,80,0,55
2027-07-21,P06,51,122,0,55
2027-07-22,P06,54,74,0,55
2027-07-23,P06,60,74,1,55
2027-07-24,P06,88,107,1,55
2027-07-25,P06,72,91,0,55
2027-07-26,P06,38,105,0,55
2027-07-27,P06,64,94,0,55
2027-07-28,P06,54,60,0,55
2027-07-29,P06,55,54,0,55
2027-07-30,P06,78,87,1,55
2027-07-31,P06,71,76,1,55
2027-08-01,P06,75,102,0,55
2027-08-02,P06,53,65,0,55
2027-08-03,P06,71,96,0,55
2027-08-04,P06,53,88,0,55
2027-08-05,P06,51,64,0,55
2027-08-06,P06,77,96,0,55
2027-08-07,P06,64,119,0,55
2027-08-08,P06,46,83,0,55
2027-08-09,P06,67,127,0,55
2027-08-10,P06,60,94,0,55
2027-08-11,P06,67,75,0,55
2027-08-12,P06,55,100,0,55
2027-08-13,P06,72,130,0,55
2027-08-14,P06,60,75,0,55
2027-08-15,P06,97,127,1,55
2027-08-16,P06,56,78,1,55
2027-08-17,P06,74,119,1,55
2027-08-18,P06,55,131,0,55
2027-08-19,P06,63,64,0,55
2027-08-20,P06,63,63,0,55
2027-08-21,P06,79,123,0,55
2027-08-22,P06,63,87,0,55
2027-08-23,P06,59,81,0,55
2027-08-24,P06,47,77,0,55
2027-08-25,P06,53,59,0,55
2027-08-26,P06,71,74,0,55
2027-08-27,P06,71,89,0,55
2027-08-28,P06,80,106,0,55
2027-08-29,P06,84,112,0,55
2027-08-30,P06,63,92,0,55
2027-08-31,P06,68,102,0,55
2027-09-01,P06,46,105,0,55
2027-09-02,P06,64,98,0,55
2027-09-03,P06,64,94,0,55
2027-09-04,P06,73,107,0,55
2027-09-05,P06,66,130,0,55
2027-09-06,P06,39,56,0,55
2027-09-07,P06,55,129,0,55
2027-09-08,P06,49,74,0,55
2027-09-09,P06,67,98,0,55
2027-09-10,P06,59,72,0,55
2027-09-11,P06,64,76,0,55
2027-09-12,P06,62,110,0,55
2027-09-13,P06,44,55,0,55
2027-09-14,P06,54,83,0,55
2027-09-15,P06,46,61,0,55
2027-09-16,P06,41,65,0,55
2027-09-17,P06,80,85,0,55
2027-09-18,P06,61,59,0,55
2027-09-19,P06,79,99,0,55
2027-09-20,P06,54,66,0,55
2027-09-21,P06,57,120,0,55
2027-09-22,P06,52,81,0,55
2027-09-23,P06,62,117,0,55
2027-09-24,P06,56,65,0,55
2027-09-25,P06,81,89,0,55
2027-09-26,P06,66,74,0,55
2027-09-27,P06,51,63,0,55
2027-09-28,P06,63,135,0,55
2027-09-29,P06,64,61,0,55
2027-09-30,P06,66,91,0,55
2027-10-01,P06,66,94,1,55
2027-10-02,P06,95,115,1,55
2027-10-03,P06,69,77,0,55
2027-10-04,P06,59,123,0,55
2027-10-05,P06,53,73,0,55
2027-10-06,P06,43,82,0,55
2027-10-07,P06,55,71,0,55
2027-10-08,P06,57,72,1,55
2027-10-09,P06,76,92,1,55
2027-10-10,P06,66,137,0,55
2027-10-11,P06,60,93,0,55
2027-10-12,P06,55,89,0,55
2027-10-13,P06,61,87,0,55
2027-10-14,P06,63,123,0,55
2027-10-15,P06,85,119,1,55
2027-10-16,P06,77,104,1,55
2027-10-17,P06,62,95,0,55
2027-10-18,P06,72,98,0,55
2027-10-19,P06,61,130,0,55
2027-10-20,P06,122,126,1,55
2027-10-21,P06,114,113,1,55
2027-10-22,P06,131,151,1,55
2027-10-23,P06,137,158,1,55
2027-10-24,P06,126,123,1,55
2027-10-25,P06,102,125,1,55
2027-10-26,P06,52,109,0,55
2027-10-27,P06,38,112,0,55
2027-10-28,P06,63,82,0,55
2027-10-29,P06,86,103,1,55
2027-10-30,P06,83,101,1,55
2027-10-31,P06,70,95,0,55
2027-11-01,P06,103,103,1,55
2027-11-02,P06,125,121,1,55
2027-11-03,P06,122,142,1,55
2027-11-04,P06,58,125,0,55
2027-11-05,P06,60,79,0,55
2027-11-06,P06,68,119,0,55
2027-11-07,P06,65,92,0,55
2027-11-08,P06,54,104,0,55
2027-11-09,P06,61,64,0,55
2027-11-10,P06,42,109,0,55
2027-11-11,P06,56,83,0,55
2027-11-12,P06,49,109,0,55
2027-11-13,P06,80,98,0,55
2027-11-14,P06,58,54,0,55
2027-11-15,P06,64,81,0,55
2027-11-16,P06,55,80,0,55
2027-11-17,P06,43,85,0,55
2027-11-18,P06,51,66,0,55
2027-11-19,P06,60,86,0,55
2027-11-20,P06,73,89,0,55
2027-11-21,P06,68,129,0,55
2027-11-22,P06,68,120,0,55
2027-11-23,P06,69,85,0,55
2027-11-24,P06,51,66,0,55
2027-11-25,P06,47,113,0,55
2027-11-26,P06,68,100,0,55
2027-11-27,P06,80,103,0,55
2027-11-28,P06,90,117,0,55
2027-11-29,P06,65,79,0,55
2027-11-30,P06,59,82,0,55
2027-12-01,P06,59,121,0,55
2027-12-02,P06,63,116,0,55
2027-12-03,P06,80,113,0,55
2027-12-04,P06,62,72,0,55
2027-12-05,P06,71,133,0,55
2027-12-06,P06,53,138,0,55
2027-12-07,P06,63,124,0,55
2027-12-08,P06,48,64,0,55
2027-12-09,P06,55,89,0,55
2027-12-10,P06,51,74,0,55
2027-12-11,P06,70,98,0,55
2027-12-12,P06,66,80,0,55
2027-12-13,P06,66,88,0,55
2027-12-14,P06,57,136,0,55
2027-12-15,P06,78,108,0,55
2027-12-16,P06,59,133,0,55
2027-12-17,P06,52,83,0,55
2027-12-18,P06,71,132,0,55
2027-12-19,P06,67,99,0,55
2027-12-20,P06,46,112,0,55
2027-12-21,P06,48,70,0,55
2027-12-22,P06,67,94,0,55
2027-12-23,P06,65,60,0,55
2027-12-24,P06,58,82,0,55
2027-12-25,P06,62,124,0,55
2027-12-26,P06,72,91,0,55
2027-12-27,P06,58,55,0,55
2027-12-28,P06,62,112,0,55
2027-12-29,P06,54,85,0,55
2027-12-30,P06,75,94,0,55
2027-12-31,P06,66,83,0,55
2026-01-01,P07,19,108,0,120
2026-01-02,P07,13,127,0,120
2026-01-03,P07,11,44,0,120
2026-01-04,P07,6,40,0,120
2026-01-05,P07,20,59,0,120
2026-01-06,P07,13,46,0,120
2026-01-07,P07,12,72,0,120
2026-01-08,P07,12,61,0,120
2026-01-09,P07,15,39,0,120
2026-01-10,P07,17,49,0,120
2026-01-11,P07,16,41,0,120
2026-01-12,P07,13,41,0,120
2026-01-13,P07,21,118,1,120
2026-01-14,P07,26,45,1,120
2026-01-15,P07,18,35,1,120
2026-01-16,P07,34,33,1,120
2026-01-17,P07,20,126,0,120
2026-01-18,P07,23,105,0,120
2026-01-19,P07,10,115,0,120
2026-01-20,P07,19,30,0,120
2026-01-21,P07,12,119,0,120
2026-01-22,P07,16,53,0,120
2026-01-23,P07,16,38,0,120
2026-01-24,P07,17,121,0,120
2026-01-25,P07,24,95,0,120
2026-01-26,P07,15,48,0,120
2026-01-27,P07,15,36,0,120
2026-01-28,P07,20,45,0,120
2026-01-29,P07,17,74,0,120
2026-01-30,P07,16,108,0,120
2026-01-31,P07,25,114,0,120
2026-02-01,P07,24,55,0,120
2026-02-02,P07,19,34,0,120
2026-02-03,P07,26,110,0,120
2026-02-04,P07,22,53,0,120
2026-02-05,P07,14,132,0,120
2026-02-06,P07,22,107,0,120
2026-02-07,P07,23,103,0,120
2026-02-08,P07,20,72,0,120
2026-02-09,P07,15,83,0,120
2026-02-10,P07,13,118,0,120
2026-02-11,P07,22,89,0,120
2026-02-12,P07,22,80,0,120
2026-02-13,P07,25,108,0,120
2026-02-14,P07,27,134,0,120
2026-02-15,P07,24,122,0,120
2026-02-16,P07,12,85,0,120
2026-02-17,P07,20,120,0,120
2026-02-18,P07,16,72,0,120
2026-02-19,P07,22,124,0,120
2026-02-20,P07,23,55,0,120
2026-02-21,P07,30,129,0,120
2026-02-22,P07,24,108,0,120
2026-02-23,P07,35,64,0,120
2026-02-24,P07,22,96,0,120
2026-02-25,P07,25,121,0,120
2026-02-26,P07,30,52,0,120
2026-02-27,P07,27,35,0,120
2026-02-28,P07,29,77,0,120
2026-03-01,P07,34,66,0,120
2026-03-02,P07,34,112,0,120
2026-03-03,P07,28,38,0,120
2026-03-04,P07,25,48,0,120
2026-03-05,P07,32,51,0,120
2026-03-06,P07,35,48,1,120
2026-03-07,P07,59,138,1,120
2026-03-08,P07,38,96,0,120
2026-03-09,P07,26,104,0,120
2026-03-10,P07,11,55,0,120
2026-03-11,P07,31,136,0,120
2026-03-12,P07,28,91,0,120
2026-03-13,P07,44,122,1,120
2026-03-14,P07,50,52,1,120
2026-03-15,P07,40,57,0,120
2026-03-16,P07,31,120,0,120
2026-03-17,P07,34,110,0,120
2026-03-18,P07,41,65,0,120
2026-03-19,P07,27,118,0,120
2026-03-20,P07,45,78,1,120
2026-03-21,P07,39,112,1,120
2026-03-22,P07,46,87,0,120
2026-03-23,P07,37,82,0,120
2026-03-24,P07,34,29,0,120
2026-03-25,P07,27,121,0,120
2026-03-26,P07,30,101,0,120
2026-03-27,P07,44,56,1,120
2026-03-28,P07,50,90,1,120
2026-03-29,P07,37,45,0,120
2026-03-30,P07,36,69,0,120
2026-03-31,P07,36,77,0,120
2026-04-01,P07,33,62,0,120
2026-04-02,P07,42,46,0,120
2026-04-03,P07,43,62,0,120
2026-04-04,P07,45,93,0,120
2026-04-05,P07,39,105,0,120
2026-04-06,P07,35,48,0,120
2026-04-07,P07,30,129,0,120
2026-04-08,P07,37,125,0,120
2026-04-09,P07,36,38,0,120
2026-04-10,P07,48,101,0,120
2026-04-11,P07,54,119,0,120
2026-04-12,P07,45,66,0,120
2026-04-13,P07,49,126,0,120
2026-04-14,P07,38,116,0,120
2026-04-15,P07,34,81,0,120
2026-04-16,P07,40,35,0,120
2026-04-17,P07,36,50,0,120
2026-04-18,P07,51,83,0,120
2026-04-19,P07,57,81,0,120
2026-04-20,P07,31,43,0,120
2026-04-21,P07,39,65,0,120
2026-04-22,P07,40,100,0,120
2026-04-23,P07,36,117,0,120
2026-04-24,P07,28,44,0,120
2026-04-25,P07,44,115,0,120
2026-04-26,P07,51,79,0,120
2026-04-27,P07,33,85,0,120
2026-04-28,P07,55,89,0,120
2026-04-29,P07,36,49,0,120
2026-04-30,P07,42,44,0,120
2026-05-01,P07,44,44,0,120
2026-05-02,P07,55,101,0,120
2026-05-03,P07,47,129,0,120
2026-05-04,P07,40,104,0,120
2026-05-05,P07,44,135,0,120
2026-05-06,P07,43,96,0,120
2026-05-07,P07,31,57,0,120
2026-05-08,P07,45,70,0,120
2026-05-09,P07,49,136,0,120
2026-05-10,P07,50,79,0,120
2026-05-11,P07,48,68,0,120
2026-05-12,P07,22,85,0,120
2026-05-13,P07,47,99,0,120
2026-05-14,P07,50,130,0,120
2026-05-15,P07,34,111,0,120
2026-05-16,P07,41,139,0,120
2026-05-17,P07,50,78,0,120
2026-05-18,P07,36,100,0,120
2026-05-19,P07,42,83,0,120
2026-05-20,P07,30,56,0,120
2026-05-21,P07,25,136,0,120
2026-05-22,P07,52,69,0,120
2026-05-23,P07,44,59,0,120
2026-05-24,P07,39,121,0,120
2026-05-25,P07,25,114,0,120
2026-05-26,P07,32,47,0,120
2026-05-27,P07,38,59,0,120
2026-05-28,P07,50,119,0,120
2026-05-29,P07,32,42,0,120
2026-05-30,P07,51,94,0,120
2026-05-31,P07,59,71,0,120
2026-06-01,P07,36,62,0,120
2026-06-02,P07,42,59,0,120
2026-06-03,P07,40,109,0,120
2026-06-04,P07,43,77,0,120
2026-06-05,P07,39,90,0,120
2026-06-06,P07,37,127,0,120
2026-06-07,P07,50,101,0,120
2026-06-08,P07,46,68,0,120
2026-06-09,P07,33,95,0,120
2026-06-10,P07,39,48,0,120
2026-06-11,P07,37,56,0,120
2026-06-12,P07,33,82,0,120
2026-06-13,P07,51,127,0,120
2026-06-14,P07,34,106,0,120
2026-06-15,P07,34,116,0,120
2026-06-16,P07,23,53,0,120
2026-06-17,P07,43,50,0,120
2026-06-18,P07,49,91,0,120
2026-06-19,P07,39,49,0,120
2026-06-20,P07,53,86,0,120
2026-06-21,P07,43,117,0,120
2026-06-22,P07,35,76,0,120
2026-06-23,P07,37,98,0,120
2026-06-24,P07,30,85,0,120
2026-06-25,P07,49,69,0,120
2026-06-26,P07,45,126,0,120
2026-06-27,P07,37,46,0,120
2026-06-28,P07,51,69,0,120
2026-06-29,P07,36,126,0,120
2026-06-30,P07,45,130,0,120
2026-07-01,P07,41,41,0,120
2026-07-02,P07,39,122,0,120
2026-07-03,P07,41,75,1,120
2026-07-04,P07,43,131,1,120
2026-07-05,P07,28,127,0,120
2026-07-06,P07,23,57,0,120
2026-07-07,P07,28,43,0,120
2026-07-08,P07,33,93,0,120
2026-07-09,P07,29,60,0,120
2026-07-10,P07,36,109,1,120
2026-07-11,P07,32,54,1,120
2026-07-12,P07,21,37,0,120
2026-07-13,P07,31,116,0,120
2026-07-14,P07,30,63,0,120
2026-07-15,P07,23,27,0,120
2026-07-16,P07,23,57,0,120
2026-07-17,P07,37,77,1,120
2026-07-18,P07,41,124,1,120
2026-07-19,P07,36,55,0,120
2026-07-20,P07,30,114,0,120
2026-07-21,P07,25,52,0,120
2026-07-22,P07,28,70,0,120
2026-07-23,P07,30,35,0,120
2026-07-24,P07,50,70,1,120
2026-07-25,P07,46,80,1,120
2026-07-26,P07,27,100,0,120
2026-07-27,P07,28,43,0,120
2026-07-28,P07,28,59,0,120
2026-07-29,P07,24,43,0,120
2026-07-30,P07,28,109,0,120
2026-07-31,P07,39,69,1,120
2026-08-01,P07,41,55,0,120
2026-08-02,P07,40,55,0,120
2026-08-03,P07,35,104,0,120
2026-08-04,P07,26,123,0,120
2026-08-05,P07,21,28,0,120
2026-08-06,P07,42,51,0,120
2026-08-07,P07,31,33,0,120
2026-08-08,P07,37,71,0,120
2026-08-09,P07,33,46,0,120
2026-08-10,P07,20,45,0,120
2026-08-11,P07,27,123,0,120
2026-08-12,P07,24,39,0,120
2026-08-13,P07,22,80,0,120
2026-08-14,P07,32,76,0,120
2026-08-15,P07,43,91,1,120
2026-08-16,P07,49,77,1,120
2026-08-17,P07,56,110,1,120
2026-08-18,P07,34,49,0,120
2026-08-19,P07,28,138,0,120
2026-08-20,P07,34,138,0,120
2026-08-21,P07,32,47,0,120
2026-08-22,P07,36,53,0,120
2026-08-23,P07,28,113,0,120
2026-08-24,P07,20,96,0,120
2026-08-25,P07,20,52,0,120
2026-08-26,P07,31,75,0,120
2026-08-27,P07,28,35,0,120
2026-08-28,P07,32,66,0,120
2026-08-29,P07,36,126,0,120
2026-08-30,P07,37,35,0,120
2026-08-31,P07,30,54,0,120
2026-09-01,P07,33,132,0,120
2026-09-02,P07,32,56,0,120
2026-09-03,P07,30,103,0,120
2026-09-04,P07,29,30,0,120
2026-09-05,P07,34,44,0,120
2026-09-06,P07,34,83,0,120
2026-09-07,P07,26,30,0,120
2026-09-08,P07,33,60,0,120
2026-09-09,P07,35,101,0,120
2026-09-10,P07,29,45,0,120
2026-09-11,P07,29,54,0,120
2026-09-12,P07,41,119,0,120
2026-09-13,P07,43,61,0,120
2026-09-14,P07,19,104,0,120
2026-09-15,P07,30,115,0,120
2026-09-16,P07,27,30,0,120
2026-09-17,P07,20,137,0,120
2026-09-18,P07,24,100,0,120
2026-09-19,P07,39,139,0,120
2026-09-20,P07,38,84,0,120
2026-09-21,P07,25,74,0,120
2026-09-22,P07,18,127,0,120
2026-09-23,P07,23,111,0,120
2026-09-24,P07,29,26,0,120
2026-09-25,P07,27,134,0,120
2026-09-26,P07,50,128,0,120
2026-09-27,P07,39,118,0,120
2026-09-28,P07,39,88,0,120
2026-09-29,P07,36,61,0,120
2026-09-30,P07,32,45,0,120
2026-10-01,P07,51,53,0,120
2026-10-02,P07,37,40,1,120
2026-10-03,P07,43,56,1,120
2026-10-04,P07,27,39,0,120
2026-10-05,P07,34,71,0,120
2026-10-06,P07,28,33,0,120
2026-10-07,P07,29,45,0,120
2026-10-08,P07,28,98,0,120
2026-10-09,P07,45,84,1,120
2026-10-10,P07,44,126,1,120
2026-10-11,P07,38,88,0,120
2026-10-12,P07,29,134,0,120
2026-10-13,P07,35,74,0,120
2026-10-14,P07,42,75,0,120
2026-10-15,P07,39,85,0,120
2026-10-16,P07,43,72,1,120
2026-10-17,P07,52,90,1,120
2026-10-18,P07,41,47,0,120
2026-10-19,P07,24,44,0,120
2026-10-20,P07,63,84,1,120
2026-10-21,P07,62,83,1,120
2026-10-22,P07,80,108,1,120
2026-10-23,P07,62,82,1,120
2026-10-24,P07,70,109,1,120
2026-10-25,P07,63,86,1,120
2026-10-26,P07,33,59,0,120
2026-10-27,P07,28,77,0,120
2026-10-28,P07,35,116,0,120
2026-10-29,P07,31,56,0,120
2026-10-30,P07,39,117,1,120
2026-10-31,P07,44,123,1,120
2026-11-01,P07,75,93,1,120
2026-11-02,P07,59,78,1,120
2026-11-03,P07,62,59,1,120
2026-11-04,P07,43,76,0,120
2026-11-05,P07,27,62,0,120
2026-11-06,P07,50,104,0,120
2026-11-07,P07,41,74,0,120
2026-11-08,P07,35,63,0,120
2026-11-09,P07,31,35,0,120
2026-11-10,P07,28,57,0,120
2026-11-11,P07,41,61,0,120
2026-11-12,P07,33,137,0,120
2026-11-13,P07,27,111,0,120
2026-11-14,P07,44,76,0,120
2026-11-15,P07,50,50,0,120
2026-11-16,P07,32,101,0,120
2026-11-17,P07,32,87,0,120
2026-11-18,P07,41,72,0,120
2026-11-19,P07,32,124,0,120
2026-11-20,P07,36,65,0,120
2026-11-21,P07,37,92,0,120
2026-11-22,P07,34,57,0,120
2026-11-23,P07,29,53,0,120
2026-11-24,P07,28,75,0,120
2026-11-25,P07,32,71,0,120
2026-11-26,P07,33,105,0,120
2026-11-27,P07,34,93,0,120
2026-11-28,P07,52,52,0,120
2026-11-29,P07,36,66,0,120
2026-11-30,P07,29,69,0,120
2026-12-01,P07,48,129,0,120
2026-12-02,P07,28,42,0,120
2026-12-03,P07,46,64,0,120
2026-12-04,P07,28,64,0,120
2026-12-05,P07,35,41,0,120
2026-12-06,P07,32,62,0,120
2026-12-07,P07,35,127,0,120
2026-12-08,P07,30,48,0,120
2026-12-09,P07,32,53,0,120
2026-12-10,P07,35,139,0,120
2026-12-11,P07,37,60,0,120
2026-12-12,P07,46,52,0,120
2026-12-13,P07,44,122,0,120
2026-12-14,P07,25,53,0,120
2026-12-15,P07,27,73,0,120
2026-12-16,P07,27,59,0,120
2026-12-17,P07,32,78,0,120
2026-12-18,P07,24,130,0,120
2026-12-19,P07,40,59,0,120
2026-12-20,P07,31,40,0,120
2026-12-21,P07,32,49,0,120
2026-12-22,P07,34,49,0,120
2026-12-23,P07,28,114,0,120
2026-12-24,P07,31,115,0,120
2026-12-25,P07,37,118,0,120
2026-12-26,P07,35,46,0,120
2026-12-27,P07,40,48,0,120
2026-12-28,P07,42,81,0,120
2026-12-29,P07,31,63,0,120
2026-12-30,P07,28,135,0,120
2026-12-31,P07,33,124,0,120
2027-01-01,P07,33,51,0,120
2027-01-02,P07,40,52,0,120
2027-01-03,P07,41,122,0,120
2027-01-04,P07,38,70,0,120
2027-01-05,P07,25,57,0,120
2027-01-06,P07,32,64,0,120
2027-01-07,P07,24,31,0,120
2027-01-08,P07,37,99,0,120
2027-01-09,P07,44,88,0,120
2027-01-10,P07,25,133,0,120
2027-01-11,P07,30,130,0,120
2027-01-12,P07,24,46,0,120
2027-01-13,P07,48,112,1,120
2027-01-14,P07,46,90,1,120
2027-01-15,P07,48,112,1,120
2027-01-16,P07,53,58,1,120
2027-01-17,P07,32,57,0,120
2027-01-18,P07,27,58,0,120
2027-01-19,P07,26,79,0,120
2027-01-20,P07,29,32,0,120
2027-01-21,P07,26,132,0,120
2027-01-22,P07,31,75,0,120
2027-01-23,P07,31,131,0,120
2027-01-24,P07,38,65,0,120
2027-01-25,P07,33,132,0,120
2027-01-26,P07,32,83,0,120
2027-01-27,P07,29,87,0,120
2027-01-28,P07,49,78,0,120
2027-01-29,P07,37,55,0,120
2027-01-30,P07,42,136,0,120
2027-01-31,P07,39,56,0,120
2027-02-01,P07,18,39,0,120
2027-02-02,P07,36,67,0,120
2027-02-03,P07,47,64,0,120
2027-02-04,P07,23,21,0,120
2027-02-05,P07,24,110,0,120
2027-02-06,P07,39,52,0,120
2027-02-07,P07,28,90,0,120
2027-02-08,P07,26,117,0,120
2027-02-09,P07,28,119,0,120
2027-02-10,P07,28,67,0,120
2027-02-11,P07,27,107,0,120
2027-02-12,P07,37,115,0,120
2027-02-13,P07,36,121,0,120
2027-02-14,P07,41,47,0,120
2027-02-15,P07,25,31,0,120
2027-02-16,P07,37,122,0,120
2027-02-17,P07,23,49,0,120
2027-02-18,P07,31,73,0,120
2027-02-19,P07,28,87,0,120
2027-02-20,P07,46,117,0,120
2027-02-21,P07,27,139,0,120
2027-02-22,P07,22,69,0,120
2027-02-23,P07,25,129,0,120
2027-02-24,P07,28,81,0,120
2027-02-25,P07,34,93,0,120
2027-02-26,P07,24,64,0,120
2027-02-27,P07,30,113,0,120
2027-02-28,P07,37,57,0,120
2027-03-01,P07,34,46,0,120
2027-03-02,P07,40,111,0,120
2027-03-03,P07,49,70,0,120
2027-03-04,P07,38,84,0,120
2027-03-05,P07,55,68,1,120
2027-03-06,P07,62,86,1,120
2027-03-07,P07,48,84,0,120
2027-03-08,P07,27,139,0,120
2027-03-09,P07,27,104,0,120
2027-03-10,P07,31,97,0,120
2027-03-11,P07,36,54,0,120
2027-03-12,P07,52,77,1,120
2027-03-13,P07,47,74,1,120
2027-03-14,P07,46,79,0,120
2027-03-15,P07,32,52,0,120
2027-03-16,P07,44,84,0,120
2027-03-17,P07,41,71,0,120
2027-03-18,P07,33,76,0,120
2027-03-19,P07,58,88,1,120
2027-03-20,P07,46,130,1,120
2027-03-21,P07,41,69,0,120
2027-03-22,P07,41,100,0,120
2027-03-23,P07,33,103,0,120
2027-03-24,P07,37,54,0,120
2027-03-25,P07,33,89,0,120
2027-03-26,P07,59,136,1,120
2027-03-27,P07,45,40,1,120
2027-03-28,P07,48,106,0,120
2027-03-29,P07,30,88,0,120
2027-03-30,P07,29,133,0,120
2027-03-31,P07,40,117,0,120
2027-04-01,P07,41,75,0,120
2027-04-02,P07,39,83,0,120
2027-04-03,P07,50,63,0,120
2027-04-04,P07,38,56,0,120
2027-04-05,P07,35,92,0,120
2027-04-06,P07,37,87,0,120
2027-04-07,P07,31,110,0,120
2027-04-08,P07,42,75,0,120
2027-04-09,P07,41,61,0,120
2027-04-10,P07,46,87,0,120
2027-04-11,P07,57,119,0,120
2027-04-12,P07,35,79,0,120
2027-04-13,P07,45,108,0,120
2027-04-14,P07,36,62,0,120
2027-04-15,P07,31,60,0,120
2027-04-16,P07,54,112,0,120
2027-04-17,P07,40,43,0,120
2027-04-18,P07,43,74,0,120
2027-04-19,P07,34,69,0,120
2027-04-20,P07,42,53,0,120
2027-04-21,P07,41,101,0,120
2027-04-22,P07,38,115,0,120
2027-04-23,P07,42,78,0,120
2027-04-24,P07,44,121,0,120
2027-04-25,P07,53,112,0,120
2027-04-26,P07,29,80,0,120
2027-04-27,P07,41,114,0,120
2027-04-28,P07,38,65,0,120
2027-04-29,P07,47,127,0,120
2027-04-30,P07,56,87,0,120
2027-05-01,P07,48,82,0,120
2027-05-02,P07,50,118,0,120
2027-05-03,P07,47,118,0,120
2027-05-04,P07,31,45,0,120
2027-05-05,P07,28,40,0,120
2027-05-06,P07,36,34,0,120
2027-05-07,P07,43,71,0,120
2027-05-08,P07,55,61,0,120
2027-05-09,P07,47,63,0,120
2027-05-10,P07,30,55,0,120
2027-05-11,P07,37,136,0,120
2027-05-12,P07,30,43,0,120
2027-05-13,P07,40,73,0,120
2027-05-14,P07,44,120,0,120
2027-05-15,P07,38,66,0,120
2027-05-16,P07,64,112,0,120
2027-05-17,P07,41,116,0,120
2027-05-18,P07,38,57,0,120
2027-05-19,P07,25,136,0,120
2027-05-20,P07,28,33,0,120
2027-05-21,P07,42,122,0,120
2027-05-22,P07,48,64,0,120
2027-05-23,P07,56,60,0,120
2027-05-24,P07,35,99,0,120
2027-05-25,P07,44,75,0,120
2027-05-26,P07,34,112,0,120
2027-05-27,P07,32,50,0,120
2027-05-28,P07,40,132,0,120
2027-05-29,P07,69,81,0,120
2027-05-30,P07,58,90,0,120
2027-05-31,P07,30,131,0,120
2027-06-01,P07,41,115,0,120
2027-06-02,P07,40,112,0,120
2027-06-03,P07,37,68,0,120
2027-06-04,P07,38,97,0,120
2027-06-05,P07,46,78,0,120
2027-06-06,P07,47,66,0,120
2027-06-07,P07,36,109,0,120
2027-06-08,P07,39,76,0,120
2027-06-09,P07,38,84,0,120
2027-06-10,P07,37,128,0,120
2027-06-11,P07,41,68,0,120
2027-06-12,P07,30,51,0,120
2027-06-13,P07,36,51,0,120
2027-06-14,P07,37,54,0,120
2027-06-15,P07,35,86,0,120
2027-06-16,P07,31,107,0,120
2027-06-17,P07,40,119,0,120
2027-06-18,P07,42,96,0,120
2027-06-19,P07,40,50,0,120
2027-06-20,P07,44,95,0,120
2027-06-21,P07,41,87,0,120
2027-06-22,P07,36,37,0,120
2027-06-23,P07,44,133,0,120
2027-06-24,P07,42,67,0,120
2027-06-25,P07,37,91,0,120
2027-06-26,P07,49,109,0,120
2027-06-27,P07,46,110,0,120
2027-06-28,P07,26,49,0,120
2027-06-29,P07,45,89,0,120
2027-06-30,P07,42,111,0,120
2027-07-01,P07,35,107,0,120
2027-07-02,P07,35,91,1,120
2027-07-03,P07,44,44,1,120
2027-07-04,P07,26,81,0,120
2027-07-05,P07,31,35,0,120
2027-07-06,P07,26,54,0,120
2027-07-07,P07,20,44,0,120
2027-07-08,P07,34,44,0,120
2027-07-09,P07,33,131,1,120
2027-07-10,P07,40,83,1,120
2027-07-11,P07,29,36,0,120
2027-07-12,P07,25,121,0,120
2027-07-13,P07,23,61,0,120
2027-07-14,P07,18,100,0,120
2027-07-15,P07,30,30,0,120
2027-07-16,P07,45,90,1,120
2027-07-17,P07,53,128,1,120
2027-07-18,P07,32,111,0,120
2027-07-19,P07,20,86,0,120
2027-07-20,P07,25,97,0,120
2027-07-21,P07,24,56,0,120
2027-07-22,P07,26,102,0,120
2027-07-23,P07,38,47,1,120
2027-07-24,P07,38,93,1,120
2027-07-25,P07,43,83,0,120
2027-07-26,P07,28,66,0,120
2027-07-27,P07,22,54,0,120
2027-07-28,P07,27,44,0,120
2027-07-29,P07,28,56,0,120
2027-07-30,P07,37,71,1,120
2027-07-31,P07,37,97,1,120
2027-08-01,P07,37,120,0,120
2027-08-02,P07,27,59,0,120
2027-08-03,P07,37,62,0,120
2027-08-04,P07,27,121,0,120
2027-08-05,P07,29,128,0,120
2027-08-06,P07,35,117,0,120
2027-08-07,P07,25,65,0,120
2027-08-08,P07,35,42,0,120
2027-08-09,P07,20,94,0,120
2027-08-10,P07,25,101,0,120
2027-08-11,P07,24,39,0,120
2027-08-12,P07,38,108,0,120
2027-08-13,P07,25,132,0,120
2027-08-14,P07,34,111,0,120
2027-08-15,P07,57,87,1,120
2027-08-16,P07,42,76,1,120
2027-08-17,P07,37,126,1,120
2027-08-18,P07,19,72,0,120
2027-08-19,P07,14,74,0,120
2027-08-20,P07,41,75,0,120
2027-08-21,P07,33,137,0,120
2027-08-22,P07,40,120,0,120
2027-08-23,P07,26,86,0,120
2027-08-24,P07,25,121,0,120
2027-08-25,P07,31,36,0,120
2027-08-26,P07,30,118,0,120
2027-08-27,P07,28,50,0,120
2027-08-28,P07,41,71,0,120
2027-08-29,P07,30,122,0,120
2027-08-30,P07,26,114,0,120
2027-08-31,P07,31,127,0,120
2027-09-01,P07,29,104,0,120
2027-09-02,P07,32,46,0,120
2027-09-03,P07,27,74,0,120
2027-09-04,P07,19,63,0,120
2027-09-05,P07,37,133,0,120
2027-09-06,P07,19,63,0,120
2027-09-07,P07,24,27,0,120
2027-09-08,P07,33,51,0,120
2027-09-09,P07,27,67,0,120
2027-09-10,P07,27,80,0,120
2027-09-11,P07,33,61,0,120
2027-09-12,P07,29,43,0,120
2027-09-13,P07,27,50,0,120
2027-09-14,P07,21,131,0,120
2027-09-15,P07,23,33,0,120
2027-09-16,P07,30,78,0,120
2027-09-17,P07,24,101,0,120
2027-09-18,P07,40,57,0,120
2027-09-19,P07,36,71,0,120
2027-09-20,P07,33,53,0,120
2027-09-21,P07,24,74,0,120
2027-09-22,P07,22,43,0,120
2027-09-23,P07,29,36,0,120
2027-09-24,P07,34,57,0,120
2027-09-25,P07,45,107,0,120
2027-09-26,P07,31,125,0,120
2027-09-27,P07,21,67,0,120
2027-09-28,P07,34,137,0,120
2027-09-29,P07,30,44,0,120
2027-09-30,P07,46,126,0,120
2027-10-01,P07,47,65,1,120
2027-10-02,P07,45,69,1,120
2027-10-03,P07,53,63,0,120
2027-10-04,P07,20,61,0,120
2027-10-05,P07,31,134,0,120
2027-10-06,P07,37,38,0,120
2027-10-07,P07,25,74,0,120
2027-10-08,P07,34,62,1,120
2027-10-09,P07,47,79,1,120
2027-10-10,P07,32,74,0,120
2027-10-11,P07,35,68,0,120
2027-10-12,P07,29,27,0,120
2027-10-13,P07,31,110,0,120
2027-10-14,P07,23,38,0,120
2027-10-15,P07,38,56,1,120
2027-10-16,P07,49,64,1,120
2027-10-17,P07,33,37,0,120
2027-10-18,P07,39,129,0,120
2027-10-19,P07,24,137,0,120
2027-10-20,P07,73,96,1,120
2027-10-21,P07,69,87,1,120
2027-10-22,P07,61,58,1,120
2027-10-23,P07,85,111,1,120
2027-10-24,P07,78,104,1,120
2027-10-25,P07,61,116,1,120
2027-10-26,P07,31,135,0,120
2027-10-27,P07,30,76,0,120
2027-10-28,P07,35,59,0,120
2027-10-29,P07,40,37,1,120
2027-10-30,P07,52,52,1,120
2027-10-31,P07,43,46,0,120
2027-11-01,P07,60,77,1,120
2027-11-02,P07,44,78,1,120
2027-11-03,P07,76,118,1,120
2027-11-04,P07,33,55,0,120
2027-11-05,P07,36,93,0,120
2027-11-06,P07,34,92,0,120
2027-11-07,P07,30,25,0,120
2027-11-08,P07,34,109,0,120
2027-11-09,P07,36,79,0,120
2027-11-10,P07,20,39,0,120
2027-11-11,P07,23,99,0,120
2027-11-12,P07,38,113,0,120
2027-11-13,P07,42,75,0,120
2027-11-14,P07,35,59,0,120
2027-11-15,P07,24,58,0,120
2027-11-16,P07,31,126,0,120
2027-11-17,P07,31,122,0,120
2027-11-18,P07,26,35,0,120
2027-11-19,P07,37,119,0,120
2027-11-20,P07,37,61,0,120
2027-11-21,P07,37,54,0,120
2027-11-22,P07,34,72,0,120
2027-11-23,P07,27,86,0,120
2027-11-24,P07,32,61,0,120
2027-11-25,P07,35,41,0,120
2027-11-26,P07,42,108,0,120
2027-11-27,P07,44,87,0,120
2027-11-28,P07,44,110,0,120
2027-11-29,P07,42,76,0,120
2027-11-30,P07,30,58,0,120
2027-12-01,P07,42,67,0,120
2027-12-02,P07,36,113,0,120
2027-12-03,P07,43,108,0,120
2027-12-04,P07,50,73,0,120
2027-12-05,P07,42,87,0,120
2027-12-06,P07,30,113,0,120
2027-12-07,P07,35,66,0,120
2027-12-08,P07,40,114,0,120
2027-12-09,P07,36,109,0,120
2027-12-10,P07,44,128,0,120
2027-12-11,P07,41,102,0,120
2027-12-12,P07,37,98,0,120
2027-12-13,P07,38,129,0,120
2027-12-14,P07,30,65,0,120
2027-12-15,P07,24,51,0,120
2027-12-16,P07,29,127,0,120
2027-12-17,P07,40,62,0,120
2027-12-18,P07,36,93,0,120
2027-12-19,P07,34,58,0,120
2027-12-20,P07,26,129,0,120
2027-12-21,P07,32,84,0,120
2027-12-22,P07,27,69,0,120
2027-12-23,P07,41,132,0,120
2027-12-24,P07,46,124,0,120
2027-12-25,P07,44,137,0,120
2027-12-26,P07,42,132,0,120
2027-12-27,P07,21,97,0,120
2027-12-28,P07,36,120,0,120
2027-12-29,P07,26,73,0,120
2027-12-30,P07,32,121,0,120
2027-12-31,P07,38,49,0,120
2026-01-01,P08,15,29,0,25
2026-01-02,P08,20,49,0,25
2026-01-03,P08,33,29,0,25
2026-01-04,P08,17,64,0,25
2026-01-05,P08,21,131,0,25
2026-01-06,P08,15,65,0,25
2026-01-07,P08,19,86,0,25
2026-01-08,P08,15,54,0,25
2026-01-09,P08,19,33,0,25
2026-01-10,P08,29,63,0,25
2026-01-11,P08,29,79,0,25
2026-01-12,P08,21,96,0,25
2026-01-13,P08,38,51,1,25
2026-01-14,P08,31,117,1,25
2026-01-15,P08,35,63,1,25
2026-01-16,P08,42,83,1,25
2026-01-17,P08,26,60,0,25
2026-01-18,P08,24,106,0,25
2026-01-19,P08,17,135,0,25
2026-01-20,P08,18,75,0,25
2026-01-21,P08,20,121,0,25
2026-01-22,P08,20,34,0,25
2026-01-23,P08,24,105,0,25
2026-01-24,P08,27,121,0,25
2026-01-25,P08,32,121,0,25
2026-01-26,P08,13,43,0,25
2026-01-27,P08,18,104,0,25
2026-01-28,P08,26,98,0,25
2026-01-29,P08,23,57,0,25
2026-01-30,P08,29,47,0,25
2026-01-31,P08,30,42,0,25
2026-02-01,P08,34,139,0,25
2026-02-02,P08,24,63,0,25
2026-02-03,P08,27,49,0,25
2026-02-04,P08,20,59,0,25
2026-02-05,P08,25,41,0,25
2026-02-06,P08,26,53,0,25
2026-02-07,P08,33,73,0,25
2026-02-08,P08,33,62,0,25
2026-02-09,P08,23,35,0,25
2026-02-10,P08,26,60,0,25
2026-02-11,P08,34,100,0,25
2026-02-12,P08,32,48,0,25
2026-02-13,P08,44,118,0,25
2026-02-14,P08,34,101,0,25
2026-02-15,P08,30,49,0,25
2026-02-16,P08,22,25,0,25
2026-02-17,P08,26,135,0,25
2026-02-18,P08,32,65,0,25
2026-02-19,P08,23,45,0,25
2026-02-20,P08,28,99,0,25
2026-02-21,P08,27,34,0,25
2026-02-22,P08,27,113,0,25
2026-02-23,P08,22,138,0,25
2026-02-24,P08,36,57,0,25
2026-02-25,P08,25,136,0,25
2026-02-26,P08,28,57,0,25
2026-02-27,P08,35,39,0,25
2026-02-28,P08,44,132,0,25
2026-03-01,P08,34,85,0,25
2026-03-02,P08,28,48,0,25
2026-03-03,P08,36,56,0,25
2026-03-04,P08,29,75,0,25
2026-03-05,P08,43,118,0,25
2026-03-06,P08,54,82,1,25
2026-03-07,P08,75,70,1,25
2026-03-08,P08,32,107,0,25
2026-03-09,P08,31,134,0,25
2026-03-10,P08,30,128,0,25
2026-03-11,P08,36,69,0,25
2026-03-12,P08,29,118,0,25
2026-03-13,P08,41,85,1,25
2026-03-14,P08,51,75,1,25
2026-03-15,P08,32,56,0,25
2026-03-16,P08,25,78,0,25
2026-03-17,P08,30,113,0,25
2026-03-18,P08,34,60,0,25
2026-03-19,P08,35,137,0,25
2026-03-20,P08,44,78,1,25
2026-03-21,P08,44,131,1,25
2026-03-22,P08,35,85,0,25
2026-03-23,P08,41,48,0,25
2026-03-24,P08,41,55,0,25
2026-03-25,P08,32,55,0,25
2026-03-26,P08,44,65,0,25
2026-03-27,P08,43,91,1,25
2026-03-28,P08,43,75,1,25
2026-03-29,P08,58,56,0,25
2026-03-30,P08,44,102,0,25
2026-03-31,P08,42,89,0,25
2026-04-01,P08,37,93,0,25
2026-04-02,P08,41,61,0,25
2026-04-03,P08,44,102,0,25
2026-04-04,P08,52,127,0,25
2026-04-05,P08,39,95,0,25
2026-04-06,P08,43,71,0,25
2026-04-07,P08,35,121,0,25
2026-04-08,P08,41,64,0,25
2026-04-09,P08,40,96,0,25
2026-04-10,P08,49,75,0,25
2026-04-11,P08,56,52,0,25
2026-04-12,P08,59,119,0,25
2026-04-13,P08,34,110,0,25
2026-04-14,P08,52,70,0,25
2026-04-15,P08,35,66,0,25
2026-04-16,P08,53,96,0,25
2026-04-17,P08,38,129,0,25
2026-04-18,P08,58,68,0,25
2026-04-19,P08,64,95,0,25
2026-04-20,P08,43,70,0,25
2026-04-21,P08,38,63,0,25
2026-04-22,P08,33,110,0,25
2026-04-23,P08,33,45,0,25
2026-04-24,P08,45,53,0,25
2026-04-25,P08,53,82,0,25
2026-04-26,P08,53,117,0,25
2026-04-27,P08,49,118,0,25
2026-04-28,P08,39,35,0,25
2026-04-29,P08,62,69,0,25
2026-04-30,P08,43,101,0,25
2026-05-01,P08,52,109,0,25
2026-05-02,P08,55,65,0,25
2026-05-03,P08,59,86,0,25
2026-05-04,P08,41,73,0,25
2026-05-05,P08,52,62,0,25
2026-05-06,P08,50,69,0,25
2026-05-07,P08,40,116,0,25
2026-05-08,P08,55,80,0,25
2026-05-09,P08,52,78,0,25
2026-05-10,P08,54,53,0,25
2026-05-11,P08,35,50,0,25
2026-05-12,P08,37,53,0,25
2026-05-13,P08,37,63,0,25
2026-05-14,P08,38,110,0,25
2026-05-15,P08,48,62,0,25
2026-05-16,P08,58,80,0,25
2026-05-17,P08,60,131,0,25
2026-05-18,P08,46,137,0,25
2026-05-19,P08,33,56,0,25
2026-05-20,P08,49,76,0,25
2026-05-21,P08,41,116,0,25
2026-05-22,P08,44,59,0,25
2026-05-23,P08,63,131,0,25
2026-05-24,P08,41,89,0,25
2026-05-25,P08,54,76,0,25
2026-05-26,P08,41,111,0,25
2026-05-27,P08,38,52,0,25
2026-05-28,P08,50,137,0,25
2026-05-29,P08,40,113,0,25
2026-05-30,P08,50,84,0,25
2026-05-31,P08,60,76,0,25
2026-06-01,P08,19,19,0,25
2026-06-02,P08,18,18,0,25
2026-06-03,P08,20,20,0,25
2026-06-04,P08,40,103,0,25
2026-06-05,P08,45,75,0,25
2026-06-06,P08,60,98,0,25
2026-06-07,P08,52,137,0,25
2026-06-08,P08,43,136,0,25
2026-06-09,P08,38,74,0,25
2026-06-10,P08,43,107,0,25
2026-06-11,P08,49,78,0,25
2026-06-12,P08,42,64,0,25
2026-06-13,P08,47,98,0,25
2026-06-14,P08,43,93,0,25
2026-06-15,P08,41,103,0,25
2026-06-16,P08,36,139,0,25
2026-06-17,P08,37,130,0,25
2026-06-18,P08,36,65,0,25
2026-06-19,P08,59,134,0,25
2026-06-20,P08,41,37,0,25
2026-06-21,P08,49,77,0,25
2026-06-22,P08,42,126,0,25
2026-06-23,P08,35,113,0,25
2026-06-24,P08,41,74,0,25
2026-06-25,P08,38,36,0,25
2026-06-26,P08,44,121,0,25
2026-06-27,P08,50,66,0,25
2026-06-28,P08,43,75,0,25
2026-06-29,P08,53,52,0,25
2026-06-30,P08,38,72,0,25
2026-07-01,P08,41,133,0,25
2026-07-02,P08,47,72,0,25
2026-07-03,P08,56,120,1,25
2026-07-04,P08,59,138,1,25
2026-07-05,P08,48,75,0,25
2026-07-06,P08,43,95,0,25
2026-07-07,P08,30,57,0,25
2026-07-08,P08,47,51,0,25
2026-07-09,P08,39,68,0,25
2026-07-10,P08,62,94,1,25
2026-07-11,P08,61,84,1,25
2026-07-12,P08,49,94,0,25
2026-07-13,P08,44,70,0,25
2026-07-14,P08,40,68,0,25
2026-07-15,P08,38,71,0,25
2026-07-16,P08,33,33,0,25
2026-07-17,P08,72,70,1,25
2026-07-18,P08,66,112,1,25
2026-07-19,P08,40,134,0,25
2026-07-20,P08,42,59,0,25
2026-07-21,P08,44,48,0,25
2026-07-22,P08,37,52,0,25
2026-07-23,P08,55,76,0,25
2026-07-24,P08,65,105,1,25
2026-07-25,P08,66,78,1,25
2026-07-26,P08,57,89,0,25
2026-07-27,P08,52,78,0,25
2026-07-28,P08,49,56,0,25
2026-07-29,P08,51,84,0,25
2026-07-30,P08,46,108,0,25
2026-07-31,P08,62,71,1,25
2026-08-01,P08,67,73,0,25
2026-08-02,P08,55,54,0,25
2026-08-03,P08,46,89,0,25
2026-08-04,P08,37,62,0,25
2026-08-05,P08,35,116,0,25
2026-08-06,P08,49,92,0,25
2026-08-07,P08,57,91,0,25
2026-08-08,P08,47,122,0,25
2026-08-09,P08,55,58,0,25
2026-08-10,P08,41,45,0,25
2026-08-11,P08,28,90,0,25
2026-08-12,P08,40,70,0,25
2026-08-13,P08,38,38,0,25
2026-08-14,P08,58,87,0,25
2026-08-15,P08,72,91,1,25
2026-08-16,P08,57,117,1,25
2026-08-17,P08,59,130,1,25
2026-08-18,P08,39,109,0,25
2026-08-19,P08,52,134,0,25
2026-08-20,P08,49,75,0,25
2026-08-21,P08,41,80,0,25
2026-08-22,P08,46,49,0,25
2026-08-23,P08,46,49,0,25
2026-08-24,P08,45,70,0,25
2026-08-25,P08,38,65,0,25
2026-08-26,P08,38,87,0,25
2026-08-27,P08,41,120,0,25
2026-08-28,P08,59,114,0,25
2026-08-29,P08,61,90,0,25
2026-08-30,P08,60,56,0,25
2026-08-31,P08,40,115,0,25
2026-09-01,P08,40,99,0,25
2026-09-02,P08,51,102,0,25
2026-09-03,P08,58,129,0,25
2026-09-04,P08,56,78,0,25
2026-09-05,P08,73,135,0,25
2026-09-06,P08,37,39,0,25
2026-09-07,P08,49,65,0,25
2026-09-08,P08,36,95,0,25
2026-09-09,P08,36,70,0,25
2026-09-10,P08,40,65,0,25
2026-09-11,P08,50,83,0,25
2026-09-12,P08,35,64,0,25
2026-09-13,P08,54,80,0,25
2026-09-14,P08,27,79,0,25
2026-09-15,P08,31,63,0,25
2026-09-16,P08,42,59,0,25
2026-09-17,P08,49,71,0,25
2026-09-18,P08,38,87,0,25
2026-09-19,P08,55,86,0,25
2026-09-20,P08,52,75,0,25
2026-09-21,P08,35,62,0,25
2026-09-22,P08,31,54,0,25
2026-09-23,P08,42,64,0,25
2026-09-24,P08,51,67,0,25
2026-09-25,P08,53,76,0,25
2026-09-26,P08,62,60,0,25
2026-09-27,P08,42,109,0,25
2026-09-28,P08,36,64,0,25
2026-09-29,P08,50,88,0,25
2026-09-30,P08,46,63,0,25
2026-10-01,P08,51,84,0,25
2026-10-02,P08,64,70,1,25
2026-10-03,P08,66,96,1,25
2026-10-04,P08,49,136,0,25
2026-10-05,P08,48,139,0,25
2026-10-06,P08,37,97,0,25
2026-10-07,P08,43,67,0,25
2026-10-08,P08,40,116,0,25
2026-10-09,P08,50,78,1,25
2026-10-10,P08,60,118,1,25
2026-10-11,P08,50,50,0,25
2026-10-12,P08,46,51,0,25
2026-10-13,P08,59,74,0,25
2026-10-14,P08,55,56,0,25
2026-10-15,P08,34,92,0,25
2026-10-16,P08,43,129,1,25
2026-10-17,P08,62,71,1,25
2026-10-18,P08,40,86,0,25
2026-10-19,P08,36,66,0,25
2026-10-20,P08,73,75,1,25
2026-10-21,P08,100,132,1,25
2026-10-22,P08,75,90,1,25
2026-10-23,P08,92,136,1,25
2026-10-24,P08,99,131,1,25
2026-10-25,P08,89,116,1,25
2026-10-26,P08,45,53,0,25
2026-10-27,P08,36,122,0,25
2026-10-28,P08,49,72,0,25
2026-10-29,P08,52,137,0,25
2026-10-30,P08,55,53,1,25
2026-10-31,P08,62,81,1,25
2026-11-01,P08,109,108,1,25
2026-11-02,P08,83,96,1,25
2026-11-03,P08,85,128,1,25
2026-11-04,P08,43,50,0,25
2026-11-05,P08,39,89,0,25
2026-11-06,P08,42,76,0,25
2026-11-07,P08,49,108,0,25
2026-11-08,P08,42,69,0,25
2026-11-09,P08,38,66,0,25
2026-11-10,P08,33,123,0,25
2026-11-11,P08,33,77,0,25
2026-11-12,P08,42,69,0,25
2026-11-13,P08,51,135,0,25
2026-11-14,P08,53,80,0,25
2026-11-15,P08,41,77,0,25
2026-11-16,P08,34,58,0,25
2026-11-17,P08,46,75,0,25
2026-11-18,P08,49,76,0,25
2026-11-19,P08,38,56,0,25
2026-11-20,P08,53,95,0,25
2026-11-21,P08,52,81,0,25
2026-11-22,P08,44,71,0,25
2026-11-23,P08,51,131,0,25
2026-11-24,P08,36,58,0,25
2026-11-25,P08,44,115,0,25
2026-11-26,P08,29,132,0,25
2026-11-27,P08,58,90,0,25
2026-11-28,P08,69,99,0,25
2026-11-29,P08,50,94,0,25
2026-11-30,P08,39,41,0,25
2026-12-01,P08,55,82,0,25
2026-12-02,P08,46,118,0,25
2026-12-03,P08,49,110,0,25
2026-12-04,P08,56,52,0,25
2026-12-05,P08,58,63,0,25
2026-12-06,P08,44,130,0,25
2026-12-07,P08,53,128,0,25
2026-12-08,P08,42,51,0,25
2026-12-09,P08,43,86,0,25
2026-12-10,P08,47,43,0,25
2026-12-11,P08,56,102,0,25
2026-12-12,P08,59,85,0,25
2026-12-13,P08,51,97,0,25
2026-12-14,P08,35,46,0,25
2026-12-15,P08,33,123,0,25
2026-12-16,P08,43,82,0,25
2026-12-17,P08,38,113,0,25
2026-12-18,P08,50,48,0,25
2026-12-19,P08,50,54,0,25
2026-12-20,P08,46,88,0,25
2026-12-21,P08,51,85,0,25
2026-12-22,P08,36,122,0,25
2026-12-23,P08,42,91,0,25
2026-12-24,P08,52,119,0,25
2026-12-25,P08,51,103,0,25
2026-12-26,P08,63,92,0,25
2026-12-27,P08,68,102,0,25
2026-12-28,P08,46,102,0,25
2026-12-29,P08,38,126,0,25
2026-12-30,P08,50,73,0,25
2026-12-31,P08,47,77,0,25
2027-01-01,P08,30,109,0,25
2027-01-02,P08,61,71,0,25
2027-01-03,P08,71,130,0,25
2027-01-04,P08,35,30,0,25
2027-01-05,P08,33,93,0,25
2027-01-06,P08,35,109,0,25
2027-01-07,P08,30,95,0,25
2027-01-08,P08,50,71,0,25
2027-01-09,P08,49,60,0,25
2027-01-10,P08,42,63,0,25
2027-01-11,P08,30,133,0,25
2027-01-12,P08,51,49,0,25
2027-01-13,P08,65,84,1,25
2027-01-14,P08,57,79,1,25
2027-01-15,P08,65,99,1,25
2027-01-16,P08,81,98,1,25
2027-01-17,P08,44,62,0,25
2027-01-18,P08,41,108,0,25
2027-01-19,P08,41,68,0,25
2027-01-20,P08,32,72,0,25
2027-01-21,P08,34,68,0,25
2027-01-22,P08,38,68,0,25
2027-01-23,P08,51,83,0,25
2027-01-24,P08,48,103,0,25
2027-01-25,P08,34,126,0,25
2027-01-26,P08,30,117,0,25
2027-01-27,P08,40,73,0,25
2027-01-28,P08,44,111,0,25
2027-01-29,P08,46,132,0,25
2027-01-30,P08,58,76,0,25
2027-01-31,P08,54,99,0,25
2027-02-01,P08,41,85,0,25
2027-02-02,P08,42,85,0,25
2027-02-03,P08,48,61,0,25
2027-02-04,P08,31,68,0,25
2027-02-05,P08,42,41,0,25
2027-02-06,P08,49,77,0,25
2027-02-07,P08,39,123,0,25
2027-02-08,P08,38,84,0,25
2027-02-09,P08,46,120,0,25
2027-02-10,P08,52,73,0,25
2027-02-11,P08,40,109,0,25
2027-02-12,P08,40,69,0,25
2027-02-13,P08,48,51,0,25
2027-02-14,P08,39,137,0,25
2027-02-15,P08,38,132,0,25
2027-02-16,P08,50,66,0,25
2027-02-17,P08,42,39,0,25
2027-02-18,P08,26,81,0,25
2027-02-19,P08,51,82,0,25
2027-02-20,P08,46,114,0,25
2027-02-21,P08,44,61,0,25
2027-02-22,P08,42,75,0,25
2027-02-23,P08,37,47,0,25
2027-02-24,P08,38,46,0,25
2027-02-25,P08,46,51,0,25
2027-02-26,P08,39,53,0,25
2027-02-27,P08,53,88,0,25
2027-02-28,P08,44,99,0,25
2027-03-01,P08,43,129,0,25
2027-03-02,P08,41,37,0,25
2027-03-03,P08,37,72,0,25
2027-03-04,P08,31,89,0,25
2027-03-05,P08,50,112,1,25
2027-03-06,P08,58,65,1,25
2027-03-07,P08,45,86,0,25
2027-03-08,P08,43,105,0,25
2027-03-09,P08,39,41,0,25
2027-03-10,P08,41,76,0,25
2027-03-11,P08,47,44,0,25
2027-03-12,P08,42,119,1,25
2027-03-13,P08,58,132,1,25
2027-03-14,P08,43,97,0,25
2027-03-15,P08,51,84,0,25
2027-03-16,P08,51,59,0,25
2027-03-17,P08,40,54,0,25
2027-03-18,P08,40,93,0,25
2027-03-19,P08,53,129,1,25
2027-03-20,P08,60,115,1,25
2027-03-21,P08,52,106,0,25
2027-03-22,P08,36,68,0,25
2027-03-23,P08,38,91,0,25
2027-03-24,P08,42,132,0,25
2027-03-25,P08,42,133,0,25
2027-03-26,P08,63,90,1,25
2027-03-27,P08,42,125,1,25
2027-03-28,P08,41,73,0,25
2027-03-29,P08,39,73,0,25
2027-03-30,P08,24,51,0,25
2027-03-31,P08,52,72,0,25
2027-04-01,P08,46,123,0,25
2027-04-02,P08,47,108,0,25
2027-04-03,P08,70,67,0,25
2027-04-04,P08,54,135,0,25
2027-04-05,P08,35,59,0,25
2027-04-06,P08,46,63,0,25
2027-04-07,P08,36,66,0,25
2027-04-08,P08,37,51,0,25
2027-04-09,P08,39,54,0,25
2027-04-10,P08,53,61,0,25
2027-04-11,P08,54,86,0,25
2027-04-12,P08,39,104,0,25
2027-04-13,P08,36,67,0,25
2027-04-14,P08,40,46,0,25
2027-04-15,P08,42,104,0,25
2027-04-16,P08,50,137,0,25
2027-04-17,P08,63,97,0,25
2027-04-18,P08,62,94,0,25
2027-04-19,P08,34,131,0,25
2027-04-20,P08,34,36,0,25
2027-04-21,P08,42,39,0,25
2027-04-22,P08,32,102,0,25
2027-04-23,P08,47,42,0,25
2027-04-24,P08,54,107,0,25
2027-04-25,P08,63,128,0,25
2027-04-26,P08,47,108,0,25
2027-04-27,P08,58,80,0,25
2027-04-28,P08,43,72,0,25
2027-04-29,P08,38,127,0,25
2027-04-30,P08,41,99,0,25
2027-05-01,P08,58,133,0,25
2027-05-02,P08,51,90,0,25
2027-05-03,P08,43,59,0,25
2027-05-04,P08,41,120,0,25
2027-05-05,P08,39,61,0,25
2027-05-06,P08,40,55,0,25
2027-05-07,P08,44,83,0,25
2027-05-08,P08,53,116,0,25
2027-05-09,P08,38,63,0,25
2027-05-10,P08,26,80,0,25
2027-05-11,P08,35,54,0,25
2027-05-12,P08,41,95,0,25
2027-05-13,P08,47,89,0,25
2027-05-14,P08,49,69,0,25
2027-05-15,P08,69,102,0,25
2027-05-16,P08,54,86,0,25
2027-05-17,P08,40,74,0,25
2027-05-18,P08,35,126,0,25
2027-05-19,P08,62,108,0,25
2027-05-20,P08,50,82,0,25
2027-05-21,P08,41,99,0,25
2027-05-22,P08,55,80,0,25
2027-05-23,P08,49,64,0,25
2027-05-24,P08,43,134,0,25
2027-05-25,P08,38,108,0,25
2027-05-26,P08,42,72,0,25
2027-05-27,P08,44,69,0,25
2027-05-28,P08,55,112,0,25
2027-05-29,P08,59,106,0,25
2027-05-30,P08,60,86,0,25
2027-05-31,P08,39,84,0,25
2027-06-01,P08,42,120,0,25
2027-06-02,P08,47,104,0,25
2027-06-03,P08,41,60,0,25
2027-06-04,P08,50,74,0,25
2027-06-05,P08,45,67,0,25
2027-06-06,P08,57,86,0,25
2027-06-07,P08,38,97,0,25
2027-06-08,P08,54,134,0,25
2027-06-09,P08,33,106,0,25
2027-06-10,P08,38,85,0,25
2027-06-11,P08,42,58,0,25
2027-06-12,P08,63,88,0,25
2027-06-13,P08,47,126,0,25
2027-06-14,P08,35,82,0,25
2027-06-15,P08,49,51,0,25
2027-06-16,P08,40,68,0,25
2027-06-17,P08,37,98,0,25
2027-06-18,P08,42,121,0,25
2027-06-19,P08,69,64,0,25
2027-06-20,P08,50,80,0,25
2027-06-21,P08,46,41,0,25
2027-06-22,P08,38,82,0,25
2027-06-23,P08,43,43,0,25
2027-06-24,P08,41,110,0,25
2027-06-25,P08,42,124,0,25
2027-06-26,P08,42,72,0,25
2027-06-27,P08,41,85,0,25
2027-06-28,P08,51,89,0,25
2027-06-29,P08,42,65,0,25
2027-06-30,P08,42,65,0,25
2027-07-01,P08,42,124,0,25
2027-07-02,P08,49,69,1,25
2027-07-03,P08,63,92,1,25
2027-07-04,P08,42,103,0,25
2027-07-05,P08,36,97,0,25
2027-07-06,P08,46,96,0,25
2027-07-07,P08,36,49,0,25
2027-07-08,P08,50,73,0,25
2027-07-09,P08,53,58,1,25
2027-07-10,P08,68,63,1,25
2027-07-11,P08,55,89,0,25
2027-07-12,P08,40,99,0,25
2027-07-13,P08,32,128,0,25
2027-07-14,P08,44,62,0,25
2027-07-15,P08,39,36,0,25
2027-07-16,P08,51,83,1,25
2027-07-17,P08,74,133,1,25
2027-07-18,P08,34,109,0,25
2027-07-19,P08,37,70,0,25
2027-07-20,P08,42,75,0,25
2027-07-21,P08,50,81,0,25
2027-07-22,P08,45,68,0,25
2027-07-23,P08,44,125,1,25
2027-07-24,P08,61,110,1,25
2027-07-25,P08,31,83,0,25
2027-07-26,P08,53,66,0,25
2027-07-27,P08,40,89,0,25
2027-07-28,P08,49,68,0,25
2027-07-29,P08,42,47,0,25
2027-07-30,P08,66,84,1,25
2027-07-31,P08,70,86,1,25
2027-08-01,P08,54,116,0,25
2027-08-02,P08,39,63,0,25
2027-08-03,P08,36,112,0,25
2027-08-04,P08,48,61,0,25
2027-08-05,P08,47,76,0,25
2027-08-06,P08,53,117,0,25
2027-08-07,P08,47,126,0,25
2027-08-08,P08,43,58,0,25
2027-08-09,P08,39,71,0,25
2027-08-10,P08,40,58,0,25
2027-08-11,P08,44,111,0,25
2027-08-12,P08,46,115,0,25
2027-08-13,P08,60,122,0,25
2027-08-14,P08,60,111,0,25
2027-08-15,P08,72,110,1,25
2027-08-16,P08,68,84,1,25
2027-08-17,P08,60,105,1,25
2027-08-18,P08,40,125,0,25
2027-08-19,P08,36,72,0,25
2027-08-20,P08,45,77,0,25
2027-08-21,P08,56,79,0,25
2027-08-22,P08,64,132,0,25
2027-08-23,P08,36,63,0,25
2027-08-24,P08,40,55,0,25
2027-08-25,P08,47,51,0,25
2027-08-26,P08,45,131,0,25
2027-08-27,P08,38,53,0,25
2027-08-28,P08,54,133,0,25
2027-08-29,P08,51,59,0,25
2027-08-30,P08,34,74,0,25
2027-08-31,P08,43,52,0,25
2027-09-01,P08,46,120,0,25
2027-09-02,P08,47,80,0,25
2027-09-03,P08,52,47,0,25
2027-09-04,P08,62,83,0,25
2027-09-05,P08,50,47,0,25
2027-09-06,P08,46,117,0,25
2027-09-07,P08,29,69,0,25
2027-09-08,P08,53,74,0,25
2027-09-09,P08,39,58,0,25
2027-09-10,P08,55,131,0,25
2027-09-11,P08,52,101,0,25
2027-09-12,P08,49,83,0,25
2027-09-13,P08,52,57,0,25
2027-09-14,P08,45,59,0,25
2027-09-15,P08,51,114,0,25
2027-09-16,P08,60,88,0,25
2027-09-17,P08,43,131,0,25
2027-09-18,P08,58,91,0,25
2027-09-19,P08,51,134,0,25
2027-09-20,P08,32,86,0,25
2027-09-21,P08,45,85,0,25
2027-09-22,P08,37,68,0,25
2027-09-23,P08,45,90,0,25
2027-09-24,P08,36,39,0,25
2027-09-25,P08,57,78,0,25
2027-09-26,P08,52,136,0,25
2027-09-27,P08,34,54,0,25
2027-09-28,P08,52,138,0,25
2027-09-29,P08,46,74,0,25
2027-09-30,P08,34,81,0,25
2027-10-01,P08,52,48,1,25
2027-10-02,P08,63,108,1,25
2027-10-03,P08,52,54,0,25
2027-10-04,P08,33,132,0,25
2027-10-05,P08,24,114,0,25
2027-10-06,P08,54,129,0,25
2027-10-07,P08,36,63,0,25
2027-10-08,P08,57,136,1,25
2027-10-09,P08,73,91,1,25
2027-10-10,P08,53,121,0,25
2027-10-11,P08,49,83,0,25
2027-10-12,P08,47,45,0,25
2027-10-13,P08,43,88,0,25
2027-10-14,P08,55,94,0,25
2027-10-15,P08,57,112,1,25
2027-10-16,P08,56,59,1,25
2027-10-17,P08,38,51,0,25
2027-10-18,P08,28,57,0,25
2027-10-19,P08,44,75,0,25
2027-10-20,P08,79,97,1,25
2027-10-21,P08,100,123,1,25
2027-10-22,P08,118,142,1,25
2027-10-23,P08,112,132,1,25
2027-10-24,P08,91,108,1,25
2027-10-25,P08,81,93,1,25
2027-10-26,P08,41,136,0,25
2027-10-27,P08,42,132,0,25
2027-10-28,P08,47,75,0,25
2027-10-29,P08,71,138,1,25
2027-10-30,P08,74,109,1,25
2027-10-31,P08,55,69,0,25
2027-11-01,P08,81,89,1,25
2027-11-02,P08,82,108,1,25
2027-11-03,P08,87,121,1,25
2027-11-04,P08,42,117,0,25
2027-11-05,P08,53,84,0,25
2027-11-06,P08,60,84,0,25
2027-11-07,P08,51,63,0,25
2027-11-08,P08,43,56,0,25
2027-11-09,P08,36,87,0,25
2027-11-10,P08,45,69,0,25
2027-11-11,P08,49,80,0,25
2027-11-12,P08,58,54,0,25
2027-11-13,P08,53,120,0,25
2027-11-14,P08,53,70,0,25
2027-11-15,P08,28,30,0,25
2027-11-16,P08,40,109,0,25
2027-11-17,P08,48,43,0,25
2027-11-18,P08,48,76,0,25
2027-11-19,P08,57,91,0,25
2027-11-20,P08,48,49,0,25
2027-11-21,P08,48,82,0,25
2027-11-22,P08,36,78,0,25
2027-11-23,P08,31,107,0,25
2027-11-24,P08,46,93,0,25
2027-11-25,P08,43,100,0,25
2027-11-26,P08,64,80,0,25
2027-11-27,P08,37,45,0,25
2027-11-28,P08,52,75,0,25
2027-11-29,P08,45,139,0,25
2027-11-30,P08,51,133,0,25
2027-12-01,P08,39,131,0,25
2027-12-02,P08,46,52,0,25
2027-12-03,P08,56,73,0,25
2027-12-04,P08,54,67,0,25
2027-12-05,P08,51,105,0,25
2027-12-06,P08,47,106,0,25
2027-12-07,P08,42,61,0,25
2027-12-08,P08,50,71,0,25
2027-12-09,P08,43,66,0,25
2027-12-10,P08,49,120,0,25
2027-12-11,P08,57,73,0,25
2027-12-12,P08,64,108,0,25
2027-12-13,P08,46,137,0,25
2027-12-14,P08,29,129,0,25
2027-12-15,P08,37,100,0,25
2027-12-16,P08,48,50,0,25
2027-12-17,P08,52,87,0,25
2027-12-18,P08,67,76,0,25
2027-12-19,P08,43,93,0,25
2027-12-20,P08,38,69,0,25
2027-12-21,P08,39,65,0,25
2027-12-22,P08,42,70,0,25
2027-12-23,P08,38,96,0,25
2027-12-24,P08,52,77,0,25
2027-12-25,P08,56,86,0,25
2027-12-26,P08,52,57,0,25
2027-12-27,P08,37,49,0,25
2027-12-28,P08,43,130,0,25
2027-12-29,P08,50,136,0,25
2027-12-30,P08,75,77,0,25
2027-12-31,P08,50,82,0,25
2026-01-01,P09,11,106,0,45
2026-01-02,P09,19,121,0,45
2026-01-03,P09,25,49,0,45
2026-01-04,P09,8,78,0,45
2026-01-05,P09,18,58,0,45
2026-01-06,P09,17,63,0,45
2026-01-07,P09,21,74,0,45
2026-01-08,P09,19,139,0,45
2026-01-09,P09,17,29,0,45
2026-01-10,P09,19,32,0,45
2026-01-11,P09,16,30,0,45
2026-01-12,P09,12,121,0,45
2026-01-13,P09,27,32,1,45
2026-01-14,P09,29,54,1,45
2026-01-15,P09,27,130,1,45
2026-01-16,P09,29,64,1,45
2026-01-17,P09,20,21,0,45
2026-01-18,P09,15,91,0,45
2026-01-19,P09,14,66,0,45
2026-01-20,P09,19,112,0,45
2026-01-21,P09,16,99,0,45
2026-01-22,P09,25,39,0,45
2026-01-23,P09,19,45,0,45
2026-01-24,P09,22,136,0,45
2026-01-25,P09,15,63,0,45
2026-01-26,P09,17,44,0,45
2026-01-27,P09,16,18,0,45
2026-01-28,P09,14,38,0,45
2026-01-29,P09,19,48,0,45
2026-01-30,P09,29,120,0,45
2026-01-31,P09,31,38,0,45
2026-02-01,P09,26,87,0,45
2026-02-02,P09,22,25,0,45
2026-02-03,P09,30,136,0,45
2026-02-04,P09,21,136,0,45
2026-02-05,P09,20,38,0,45
2026-02-06,P09,21,115,0,45
2026-02-07,P09,27,27,0,45
2026-02-08,P09,23,87,0,45
2026-02-09,P09,22,47,0,45
2026-02-10,P09,22,101,0,45
2026-02-11,P09,21,51,0,45
2026-02-12,P09,12,65,0,45
2026-02-13,P09,34,78,0,45
2026-02-14,P09,24,65,0,45
2026-02-15,P09,27,95,0,45
2026-02-16,P09,18,138,0,45
2026-02-17,P09,26,86,0,45
2026-02-18,P09,24,32,0,45
2026-02-19,P09,30,89,0,45
2026-02-20,P09,27,116,0,45
2026-02-21,P09,30,52,0,45
2026-02-22,P09,33,51,0,45
2026-02-23,P09,20,51,0,45
2026-02-24,P09,13,138,0,45
2026-02-25,P09,32,97,0,45
2026-02-26,P09,29,25,0,45
2026-02-27,P09,33,50,0,45
2026-02-28,P09,33,40,0,45
2026-03-01,P09,40,66,0,45
2026-03-02,P09,31,92,0,45
2026-03-03,P09,39,101,0,45
2026-03-04,P09,32,55,0,45
2026-03-05,P09,42,126,0,45
2026-03-06,P09,54,72,1,45
2026-03-07,P09,92,83,1,45
2026-03-08,P09,42,127,0,45
2026-03-09,P09,25,60,0,45
2026-03-10,P09,41,63,0,45
2026-03-11,P09,31,55,0,45
2026-03-12,P09,37,67,0,45
2026-03-13,P09,43,68,1,45
2026-03-14,P09,45,67,1,45
2026-03-15,P09,41,97,0,45
2026-03-16,P09,39,124,0,45
2026-03-17,P09,33,79,0,45
2026-03-18,P09,37,65,0,45
2026-03-19,P09,29,88,0,45
2026-03-20,P09,54,76,1,45
2026-03-21,P09,50,52,1,45
2026-03-22,P09,41,66,0,45
2026-03-23,P09,29,135,0,45
2026-03-24,P09,34,70,0,45
2026-03-25,P09,37,84,0,45
2026-03-26,P09,45,69,0,45
2026-03-27,P09,57,119,1,45
2026-03-28,P09,59,108,1,45
2026-03-29,P09,49,77,0,45
2026-03-30,P09,31,103,0,45
2026-03-31,P09,51,70,0,45
2026-04-01,P09,44,56,0,45
2026-04-02,P09,36,78,0,45
2026-04-03,P09,54,57,0,45
2026-04-04,P09,55,124,0,45
2026-04-05,P09,59,124,0,45
2026-04-06,P09,32,133,0,45
2026-04-07,P09,49,48,0,45
2026-04-08,P09,41,84,0,45
2026-04-09,P09,41,65,0,45
2026-04-10,P09,39,135,0,45
2026-04-11,P09,63,69,0,45
2026-04-12,P09,46,69,0,45
2026-04-13,P09,44,115,0,45
2026-04-14,P09,31,55,0,45
2026-04-15,P09,45,136,0,45
2026-04-16,P09,40,134,0,45
2026-04-17,P09,54,79,0,45
2026-04-18,P09,61,80,0,45
2026-04-19,P09,61,79,0,45
2026-04-20,P09,54,54,0,45
2026-04-21,P09,44,77,0,45
2026-04-22,P09,50,74,0,45
2026-04-23,P09,35,38,0,45
2026-04-24,P09,48,80,0,45
2026-04-25,P09,56,80,0,45
2026-04-26,P09,55,70,0,45
2026-04-27,P09,51,139,0,45
2026-04-28,P09,49,86,0,45
2026-04-29,P09,48,53,0,45
2026-04-30,P09,35,61,0,45
2026-05-01,P09,37,135,0,45
2026-05-02,P09,62,67,0,45
2026-05-03,P09,45,76,0,45
2026-05-04,P09,33,104,0,45
2026-05-05,P09,32,101,0,45
2026-05-06,P09,39,88,0,45
2026-05-07,P09,54,76,0,45
2026-05-08,P09,46,95,0,45
2026-05-09,P09,57,78,0,45
2026-05-10,P09,53,65,0,45
2026-05-11,P09,30,40,0,45
2026-05-12,P09,55,74,0,45
2026-05-13,P09,40,118,0,45
2026-05-14,P09,66,133,0,45
2026-05-15,P09,46,47,0,45
2026-05-16,P09,74,127,0,45
2026-05-17,P09,55,74,0,45
2026-05-18,P09,43,74,0,45
2026-05-19,P09,44,126,0,45
2026-05-20,P09,44,81,0,45
2026-05-21,P09,44,74,0,45
2026-05-22,P09,59,108,0,45
2026-05-23,P09,54,139,0,45
2026-05-24,P09,63,113,0,45
2026-05-25,P09,39,129,0,45
2026-05-26,P09,36,71,0,45
2026-05-27,P09,44,64,0,45
2026-05-28,P09,53,78,0,45
2026-05-29,P09,58,91,0,45
2026-05-30,P09,50,70,0,45
2026-05-31,P09,51,73,0,45
2026-06-01,P09,44,70,0,45
2026-06-02,P09,45,100,0,45
2026-06-03,P09,37,57,0,45
2026-06-04,P09,45,92,0,45
2026-06-05,P09,41,128,0,45
2026-06-06,P09,62,91,0,45
2026-06-07,P09,41,45,0,45
2026-06-08,P09,46,63,0,45
2026-06-09,P09,35,97,0,45
2026-06-10,P09,40,109,0,45
2026-06-11,P09,32,111,0,45
2026-06-12,P09,62,80,0,45
2026-06-13,P09,45,101,0,45
2026-06-14,P09,45,131,0,45
2026-06-15,P09,40,39,0,45
2026-06-16,P09,43,130,0,45
2026-06-17,P09,43,73,0,45
2026-06-18,P09,41,114,0,45
2026-06-19,P09,43,111,0,45
2026-06-20,P09,45,117,0,45
2026-06-21,P09,50,95,0,45
2026-06-22,P09,43,132,0,45
2026-06-23,P09,50,68,0,45
2026-06-24,P09,44,98,0,45
2026-06-25,P09,39,114,0,45
2026-06-26,P09,60,107,0,45
2026-06-27,P09,45,137,0,45
2026-06-28,P09,62,92,0,45
2026-06-29,P09,37,111,0,45
2026-06-30,P09,44,41,0,45
2026-07-01,P09,41,43,0,45
2026-07-02,P09,30,75,0,45
2026-07-03,P09,59,136,1,45
2026-07-04,P09,44,66,1,45
2026-07-05,P09,40,73,0,45
2026-07-06,P09,26,96,0,45
2026-07-07,P09,19,115,0,45
2026-07-08,P09,39,103,0,45
2026-07-09,P09,36,33,0,45
2026-07-10,P09,40,116,1,45
2026-07-11,P09,47,100,1,45
2026-07-12,P09,30,67,0,45
2026-07-13,P09,33,125,0,45
2026-07-14,P09,40,78,0,45
2026-07-15,P09,33,131,0,45
2026-07-16,P09,29,26,0,45
2026-07-17,P09,40,37,1,45
2026-07-18,P09,52,130,1,45
2026-07-19,P09,30,130,0,45
2026-07-20,P09,23,79,0,45
2026-07-21,P09,25,39,0,45
2026-07-22,P09,35,48,0,45
2026-07-23,P09,44,76,0,45
2026-07-24,P09,33,93,1,45
2026-07-25,P09,50,78,1,45
2026-07-26,P09,33,94,0,45
2026-07-27,P09,29,128,0,45
2026-07-28,P09,27,90,0,45
2026-07-29,P09,34,79,0,45
2026-07-30,P09,36,72,0,45
2026-07-31,P09,48,138,1,45
2026-08-01,P09,31,40,0,45
2026-08-02,P09,40,43,0,45
2026-08-03,P09,23,55,0,45
2026-08-04,P09,34,40,0,45
2026-08-05,P09,36,139,0,45
2026-08-06,P09,29,58,0,45
2026-08-07,P09,42,68,0,45
2026-08-08,P09,40,72,0,45
2026-08-09,P09,36,94,0,45
2026-08-10,P09,32,90,0,45
2026-08-11,P09,35,63,0,45
2026-08-12,P09,32,66,0,45
2026-08-13,P09,22,119,0,45
2026-08-14,P09,43,68,0,45
2026-08-15,P09,45,61,1,45
2026-08-16,P09,51,53,1,45
2026-08-17,P09,48,72,1,45
2026-08-18,P09,41,46,0,45
2026-08-19,P09,26,125,0,45
2026-08-20,P09,37,130,0,45
2026-08-21,P09,29,49,0,45
2026-08-22,P09,43,73,0,45
2026-08-23,P09,37,92,0,45
2026-08-24,P09,26,108,0,45
2026-08-25,P09,20,33,0,45
2026-08-26,P09,33,96,0,45
2026-08-27,P09,43,74,0,45
2026-08-28,P09,38,104,0,45
2026-08-29,P09,50,116,0,45
2026-08-30,P09,37,67,0,45
2026-08-31,P09,31,81,0,45
2026-09-01,P09,42,120,0,45
2026-09-02,P09,40,125,0,45
2026-09-03,P09,30,91,0,45
2026-09-04,P09,31,49,0,45
2026-09-05,P09,43,59,0,45
2026-09-06,P09,39,41,0,45
2026-09-07,P09,27,128,0,45
2026-09-08,P09,29,105,0,45
2026-09-09,P09,33,90,0,45
2026-09-10,P09,26,107,0,45
2026-09-11,P09,35,77,0,45
2026-09-12,P09,39,72,0,45
2026-09-13,P09,42,122,0,45
2026-09-14,P09,20,72,0,45
2026-09-15,P09,27,91,0,45
2026-09-16,P09,36,127,0,45
2026-09-17,P09,33,52,0,45
2026-09-18,P09,21,66,0,45
2026-09-19,P09,41,77,0,45
2026-09-20,P09,35,83,0,45
2026-09-21,P09,34,71,0,45
2026-09-22,P09,40,47,0,45
2026-09-23,P09,27,51,0,45
2026-09-24,P09,35,77,0,45
2026-09-25,P09,31,63,0,45
2026-09-26,P09,47,53,0,45
2026-09-27,P09,30,59,0,45
2026-09-28,P09,37,57,0,45
2026-09-29,P09,38,123,0,45
2026-09-30,P09,35,112,0,45
2026-10-01,P09,42,61,0,45
2026-10-02,P09,64,70,1,45
2026-10-03,P09,60,74,1,45
2026-10-04,P09,48,53,0,45
2026-10-05,P09,41,48,0,45
2026-10-06,P09,28,26,0,45
2026-10-07,P09,38,59,0,45
2026-10-08,P09,33,60,0,45
2026-10-09,P09,50,62,1,45
2026-10-10,P09,55,81,1,45
2026-10-11,P09,38,132,0,45
2026-10-12,P09,28,49,0,45
2026-10-13,P09,47,107,0,45
2026-10-14,P09,36,97,0,45
2026-10-15,P09,36,50,0,45
2026-10-16,P09,50,90,1,45
2026-10-17,P09,55,132,1,45
2026-10-18,P09,41,117,0,45
2026-10-19,P09,45,42,0,45
2026-10-20,P09,65,86,1,45
2026-10-21,P09,69,104,1,45
2026-10-22,P09,84,124,1,45
2026-10-23,P09,84,81,1,45
2026-10-24,P09,101,137,1,45
2026-10-25,P09,92,108,1,45
2026-10-26,P09,37,135,0,45
2026-10-27,P09,33,40,0,45
2026-10-28,P09,41,52,0,45
2026-10-29,P09,28,60,0,45
2026-10-30,P09,44,125,1,45
2026-10-31,P09,38,82,1,45
2026-11-01,P09,88,111,1,45
2026-11-02,P09,61,95,1,45
2026-11-03,P09,70,72,1,45
2026-11-04,P09,41,74,0,45
2026-11-05,P09,28,84,0,45
2026-11-06,P09,24,68,0,45
2026-11-07,P09,42,56,0,45
2026-11-08,P09,36,106,0,45
2026-11-09,P09,29,97,0,45
2026-11-10,P09,39,136,0,45
2026-11-11,P09,41,131,0,45
2026-11-12,P09,39,35,0,45
2026-11-13,P09,53,54,0,45
2026-11-14,P09,43,71,0,45
2026-11-15,P09,40,35,0,45
2026-11-16,P09,30,54,0,45
2026-11-17,P09,34,113,0,45
2026-11-18,P09,27,68,0,45
2026-11-19,P09,41,53,0,45
2026-11-20,P09,43,42,0,45
2026-11-21,P09,32,48,0,45
2026-11-22,P09,38,48,0,45
2026-11-23,P09,47,120,0,45
2026-11-24,P09,28,79,0,45
2026-11-25,P09,34,75,0,45
2026-11-26,P09,38,72,0,45
2026-11-27,P09,42,109,0,45
2026-11-28,P09,48,56,0,45
2026-11-29,P09,50,82,0,45
2026-11-30,P09,33,60,0,45
2026-12-01,P09,39,101,0,45
2026-12-02,P09,38,52,0,45
2026-12-03,P09,41,139,0,45
2026-12-04,P09,44,54,0,45
2026-12-05,P09,40,71,0,45
2026-12-06,P09,31,49,0,45
2026-12-07,P09,47,52,0,45
2026-12-08,P09,42,62,0,45
2026-12-09,P09,48,111,0,45
2026-12-10,P09,31,82,0,45
2026-12-11,P09,33,119,0,45
2026-12-12,P09,47,62,0,45
2026-12-13,P09,43,75,0,45
2026-12-14,P09,33,53,0,45
2026-12-15,P09,35,85,0,45
2026-12-16,P09,36,60,0,45
2026-12-17,P09,44,100,0,45
2026-12-18,P09,44,70,0,45
2026-12-19,P09,47,80,0,45
2026-12-20,P09,40,46,0,45
2026-12-21,P09,34,139,0,45
2026-12-22,P09,32,50,0,45
2026-12-23,P09,32,90,0,45
2026-12-24,P09,38,77,0,45
2026-12-25,P09,37,46,0,45
2026-12-26,P09,46,65,0,45
2026-12-27,P09,49,58,0,45
2026-12-28,P09,41,57,0,45
2026-12-29,P09,40,59,0,45
2026-12-30,P09,33,45,0,45
2026-12-31,P09,34,138,0,45
2027-01-01,P09,47,70,0,45
2027-01-02,P09,43,68,0,45
2027-01-03,P09,44,71,0,45
2027-01-04,P09,31,55,0,45
2027-01-05,P09,35,117,0,45
2027-01-06,P09,36,91,0,45
2027-01-07,P09,24,71,0,45
2027-01-08,P09,28,73,0,45
2027-01-09,P09,35,106,0,45
2027-01-10,P09,36,132,0,45
2027-01-11,P09,36,122,0,45
2027-01-12,P09,28,40,0,45
2027-01-13,P09,59,54,1,45
2027-01-14,P09,59,91,1,45
2027-01-15,P09,56,78,1,45
2027-01-16,P09,50,105,1,45
2027-01-17,P09,34,123,0,45
2027-01-18,P09,32,38,0,45
2027-01-19,P09,26,91,0,45
2027-01-20,P09,41,70,0,45
2027-01-21,P09,25,24,0,45
2027-01-22,P09,31,46,0,45
2027-01-23,P09,43,66,0,45
2027-01-24,P09,38,98,0,45
2027-01-25,P09,34,60,0,45
2027-01-26,P09,34,96,0,45
2027-01-27,P09,35,31,0,45
2027-01-28,P09,38,71,0,45
2027-01-29,P09,45,138,0,45
2027-01-30,P09,42,59,0,45
2027-01-31,P09,35,105,0,45
2027-02-01,P09,27,37,0,45
2027-02-02,P09,40,121,0,45
2027-02-03,P09,29,47,0,45
2027-02-04,P09,36,40,0,45
2027-02-05,P09,32,69,0,45
2027-02-06,P09,36,32,0,45
2027-02-07,P09,42,96,0,45
2027-02-08,P09,34,131,0,45
2027-02-09,P09,32,57,0,45
2027-02-10,P09,33,103,0,45
2027-02-11,P09,29,103,0,45
2027-02-12,P09,37,40,0,45
2027-02-13,P09,33,62,0,45
2027-02-14,P09,34,89,0,45
2027-02-15,P09,21,73,0,45
2027-02-16,P09,34,131,0,45
2027-02-17,P09,29,65,0,45
2027-02-18,P09,29,71,0,45
2027-02-19,P09,30,99,0,45
2027-02-20,P09,47,89,0,45
2027-02-21,P09,43,56,0,45
2027-02-22,P09,22,85,0,45
2027-02-23,P09,31,57,0,45
2027-02-24,P09,37,76,0,45
2027-02-25,P09,33,55,0,45
2027-02-26,P09,39,122,0,45
2027-02-27,P09,49,61,0,45
2027-02-28,P09,34,93,0,45
2027-03-01,P09,38,51,0,45
2027-03-02,P09,43,88,0,45
2027-03-03,P09,50,49,0,45
2027-03-04,P09,37,136,0,45
2027-03-05,P09,48,137,1,45
2027-03-06,P09,47,114,1,45
2027-03-07,P09,35,112,0,45
2027-03-08,P09,47,69,0,45
2027-03-09,P09,54,88,0,45
2027-03-10,P09,59,77,0,45
2027-03-11,P09,33,41,0,45
2027-03-12,P09,65,132,1,45
2027-03-13,P09,62,126,1,45
2027-03-14,P09,48,89,0,45
2027-03-15,P09,39,67,0,45
2027-03-16,P09,39,99,0,45
2027-03-17,P09,42,84,0,45
2027-03-18,P09,40,81,0,45
2027-03-19,P09,52,90,1,45
2027-03-20,P09,50,105,1,45
2027-03-21,P09,45,96,0,45
2027-03-22,P09,42,114,0,45
2027-03-23,P09,40,88,0,45
2027-03-24,P09,55,137,0,45
2027-03-25,P09,38,89,0,45
2027-03-26,P09,53,64,1,45
2027-03-27,P09,50,100,1,45
2027-03-28,P09,53,114,0,45
2027-03-29,P09,47,50,0,45
2027-03-30,P09,43,75,0,45
2027-03-31,P09,40,36,0,45
2027-04-01,P09,34,90,0,45
2027-04-02,P09,41,109,0,45
2027-04-03,P09,55,78,0,45
2027-04-04,P09,60,99,0,45
2027-04-05,P09,38,88,0,45
2027-04-06,P09,49,104,0,45
2027-04-07,P09,47,54,0,45
2027-04-08,P09,33,79,0,45
2027-04-09,P09,49,131,0,45
2027-04-10,P09,67,108,0,45
2027-04-11,P09,43,117,0,45
2027-04-12,P09,42,111,0,45
2027-04-13,P09,38,80,0,45
2027-04-14,P09,49,66,0,45
2027-04-15,P09,49,127,0,45
2027-04-16,P09,36,100,0,45
2027-04-17,P09,76,108,0,45
2027-04-18,P09,49,133,0,45
2027-04-19,P09,41,97,0,45
2027-04-20,P09,47,87,0,45
2027-04-21,P09,51,71,0,45
2027-04-22,P09,45,113,0,45
2027-04-23,P09,34,63,0,45
2027-04-24,P09,47,68,0,45
2027-04-25,P09,57,75,0,45
2027-04-26,P09,37,111,0,45
2027-04-27,P09,51,84,0,45
2027-04-28,P09,43,64,0,45
2027-04-29,P09,36,84,0,45
2027-04-30,P09,51,60,0,45
2027-05-01,P09,60,126,0,45
2027-05-02,P09,53,76,0,45
2027-05-03,P09,44,93,0,45
2027-05-04,P09,39,130,0,45
2027-05-05,P09,33,99,0,45
2027-05-06,P09,43,137,0,45
2027-05-07,P09,42,71,0,45
2027-05-08,P09,75,99,0,45
2027-05-09,P09,53,131,0,45
2027-05-10,P09,51,104,0,45
2027-05-11,P09,31,52,0,45
2027-05-12,P09,44,53,0,45
2027-05-13,P09,38,81,0,45
2027-05-14,P09,38,69,0,45
2027-05-15,P09,53,130,0,45
2027-05-16,P09,57,82,0,45
2027-05-17,P09,43,65,0,45
2027-05-18,P09,44,71,0,45
2027-05-19,P09,49,57,0,45
2027-05-20,P09,40,103,0,45
2027-05-21,P09,44,136,0,45
2027-05-22,P09,53,59,0,45
2027-05-23,P09,52,85,0,45
2027-05-24,P09,52,76,0,45
2027-05-25,P09,53,60,0,45
2027-05-26,P09,52,108,0,45
2027-05-27,P09,54,107,0,45
2027-05-28,P09,47,90,0,45
2027-05-29,P09,57,113,0,45
2027-05-30,P09,50,51,0,45
2027-05-31,P09,31,130,0,45
2027-06-01,P09,45,127,0,45
2027-06-02,P09,45,90,0,45
2027-06-03,P09,38,63,0,45
2027-06-04,P09,48,55,0,45
2027-06-05,P09,59,75,0,45
2027-06-06,P09,53,66,0,45
2027-06-07,P09,26,70,0,45
2027-06-08,P09,59,86,0,45
2027-06-09,P09,35,70,0,45
2027-06-10,P09,42,66,0,45
2027-06-11,P09,41,86,0,45
2027-06-12,P09,51,91,0,45
2027-06-13,P09,42,56,0,45
2027-06-14,P09,41,134,0,45
2027-06-15,P09,50,85,0,45
2027-06-16,P09,36,66,0,45
2027-06-17,P09,52,103,0,45
2027-06-18,P09,33,70,0,45
2027-06-19,P09,67,73,0,45
2027-06-20,P09,48,62,0,45
2027-06-21,P09,44,73,0,45
2027-06-22,P09,38,127,0,45
2027-06-23,P09,47,69,0,45
2027-06-24,P09,62,59,0,45
2027-06-25,P09,52,106,0,45
2027-06-26,P09,45,131,0,45
2027-06-27,P09,48,120,0,45
2027-06-28,P09,52,47,0,45
2027-06-29,P09,52,89,0,45
2027-06-30,P09,46,102,0,45
2027-07-01,P09,35,103,0,45
2027-07-02,P09,42,106,1,45
2027-07-03,P09,54,74,1,45
2027-07-04,P09,39,36,0,45
2027-07-05,P09,23,64,0,45
2027-07-06,P09,26,95,0,45
2027-07-07,P09,37,46,0,45
2027-07-08,P09,34,138,0,45
2027-07-09,P09,35,51,1,45
2027-07-10,P09,37,95,1,45
2027-07-11,P09,30,87,0,45
2027-07-12,P09,28,49,0,45
2027-07-13,P09,34,136,0,45
2027-07-14,P09,37,102,0,45
2027-07-15,P09,35,59,0,45
2027-07-16,P09,39,57,1,45
2027-07-17,P09,48,69,1,45
2027-07-18,P09,37,42,0,45
2027-07-19,P09,28,134,0,45
2027-07-20,P09,37,115,0,45
2027-07-21,P09,33,33,0,45
2027-07-22,P09,26,97,0,45
2027-07-23,P09,60,111,1,45
2027-07-24,P09,45,47,1,45
2027-07-25,P09,45,69,0,45
2027-07-26,P09,28,30,0,45
2027-07-27,P09,38,66,0,45
2027-07-28,P09,37,102,0,45
2027-07-29,P09,32,50,0,45
2027-07-30,P09,34,50,1,45
2027-07-31,P09,53,80,1,45
2027-08-01,P09,43,49,0,45
2027-08-02,P09,39,60,0,45
2027-08-03,P09,21,106,0,45
2027-08-04,P09,32,48,0,45
2027-08-05,P09,37,43,0,45
2027-08-06,P09,21,78,0,45
2027-08-07,P09,28,74,0,45
2027-08-08,P09,43,70,0,45
2027-08-09,P09,37,54,0,45
2027-08-10,P09,36,59,0,45
2027-08-11,P09,22,47,0,45
2027-08-12,P09,28,128,0,45
2027-08-13,P09,38,70,0,45
2027-08-14,P09,34,64,0,45
2027-08-15,P09,53,111,1,45
2027-08-16,P09,49,83,1,45
2027-08-17,P09,40,101,1,45
2027-08-18,P09,28,53,0,45
2027-08-19,P09,24,35,0,45
2027-08-20,P09,16,34,0,45
2027-08-21,P09,42,75,0,45
2027-08-22,P09,35,66,0,45
2027-08-23,P09,28,61,0,45
2027-08-24,P09,31,45,0,45
2027-08-25,P09,26,57,0,45
2027-08-26,P09,29,115,0,45
2027-08-27,P09,36,133,0,45
2027-08-28,P09,41,87,0,45
2027-08-29,P09,39,100,0,45
2027-08-30,P09,30,64,0,45
2027-08-31,P09,37,95,0,45
2027-09-01,P09,34,78,0,45
2027-09-02,P09,30,135,0,45
2027-09-03,P09,29,47,0,45
2027-09-04,P09,31,62,0,45
2027-09-05,P09,43,120,0,45
2027-09-06,P09,18,94,0,45
2027-09-07,P09,27,111,0,45
2027-09-08,P09,34,69,0,45
2027-09-09,P09,35,35,0,45
2027-09-10,P09,32,103,0,45
2027-09-11,P09,44,70,0,45
2027-09-12,P09,35,100,0,45
2027-09-13,P09,30,75,0,45
2027-09-14,P09,34,59,0,45
2027-09-15,P09,26,124,0,45
2027-09-16,P09,33,129,0,45
2027-09-17,P09,29,128,0,45
2027-09-18,P09,38,48,0,45
2027-09-19,P09,40,105,0,45
2027-09-20,P09,17,132,0,45
2027-09-21,P09,27,95,0,45
2027-09-22,P09,35,60,0,45
2027-09-23,P09,39,59,0,45
2027-09-24,P09,33,28,0,45
2027-09-25,P09,40,131,0,45
2027-09-26,P09,38,67,0,45
2027-09-27,P09,44,59,0,45
2027-09-28,P09,41,121,0,45
2027-09-29,P09,36,59,0,45
2027-09-30,P09,31,128,0,45
2027-10-01,P09,47,74,1,45
2027-10-02,P09,49,93,1,45
2027-10-03,P09,43,62,0,45
2027-10-04,P09,40,62,0,45
2027-10-05,P09,34,63,0,45
2027-10-06,P09,33,69,0,45
2027-10-07,P09,45,47,0,45
2027-10-08,P09,57,115,1,45
2027-10-09,P09,39,65,1,45
2027-10-10,P09,37,49,0,45
2027-10-11,P09,31,57,0,45
2027-10-12,P09,42,105,0,45
2027-10-13,P09,43,85,0,45
2027-10-14,P09,34,49,0,45
2027-10-15,P09,45,121,1,45
2027-10-16,P09,52,51,1,45
2027-10-17,P09,38,77,0,45
2027-10-18,P09,39,122,0,45
2027-10-19,P09,40,64,0,45
2027-10-20,P09,70,104,1,45
2027-10-21,P09,76,109,1,45
2027-10-22,P09,92,132,1,45
2027-10-23,P09,77,126,1,45
2027-10-24,P09,94,113,1,45
2027-10-25,P09,57,91,1,45
2027-10-26,P09,29,71,0,45
2027-10-27,P09,32,76,0,45
2027-10-28,P09,38,80,0,45
2027-10-29,P09,45,100,1,45
2027-10-30,P09,50,105,1,45
2027-10-31,P09,52,129,0,45
2027-11-01,P09,75,129,1,45
2027-11-02,P09,68,135,1,45
2027-11-03,P09,64,131,1,45
2027-11-04,P09,34,62,0,45
2027-11-05,P09,36,53,0,45
2027-11-06,P09,46,91,0,45
2027-11-07,P09,43,136,0,45
2027-11-08,P09,40,110,0,45
2027-11-09,P09,38,57,0,45
2027-11-10,P09,44,138,0,45
2027-11-11,P09,35,66,0,45
2027-11-12,P09,46,74,0,45
2027-11-13,P09,50,74,0,45
2027-11-14,P09,49,139,0,45
2027-11-15,P09,39,119,0,45
2027-11-16,P09,30,74,0,45
2027-11-17,P09,30,110,0,45
2027-11-18,P09,31,28,0,45
2027-11-19,P09,32,126,0,45
2027-11-20,P09,40,72,0,45
2027-11-21,P09,44,132,0,45
2027-11-22,P09,23,91,0,45
2027-11-23,P09,32,125,0,45
2027-11-24,P09,35,77,0,45
2027-11-25,P09,31,79,0,45
2027-11-26,P09,39,47,0,45
2027-11-27,P09,42,72,0,45
2027-11-28,P09,48,130,0,45
2027-11-29,P09,43,111,0,45
2027-11-30,P09,40,73,0,45
2027-12-01,P09,44,85,0,45
2027-12-02,P09,45,84,0,45
2027-12-03,P09,39,42,0,45
2027-12-04,P09,38,63,0,45
2027-12-05,P09,43,42,0,45
2027-12-06,P09,36,59,0,45
2027-12-07,P09,27,118,0,45
2027-12-08,P09,34,100,0,45
2027-12-09,P09,46,72,0,45
2027-12-10,P09,36,80,0,45
2027-12-11,P09,55,96,0,45
2027-12-12,P09,38,76,0,45
2027-12-13,P09,42,117,0,45
2027-12-14,P09,30,52,0,45
2027-12-15,P09,40,96,0,45
2027-12-16,P09,24,41,0,45
2027-12-17,P09,33,121,0,45
2027-12-18,P09,51,110,0,45
2027-12-19,P09,39,137,0,45
2027-12-20,P09,32,49,0,45
2027-12-21,P09,37,94,0,45
2027-12-22,P09,36,64,0,45
2027-12-23,P09,38,65,0,45
2027-12-24,P09,44,98,0,45
2027-12-25,P09,50,56,0,45
2027-12-26,P09,39,56,0,45
2027-12-27,P09,36,109,0,45
2027-12-28,P09,32,117,0,45
2027-12-29,P09,31,136,0,45
2027-12-30,P09,38,74,0,45
2027-12-31,P09,49,58,0,45
2026-01-01,P10,36,67,0,240
2026-01-02,P10,28,66,0,240
2026-01-03,P10,29,35,0,240
2026-01-04,P10,17,16,0,240
2026-01-05,P10,30,120,0,240
2026-01-06,P10,20,86,0,240
2026-01-07,P10,22,61,0,240
2026-01-08,P10,19,35,0,240
2026-01-09,P10,13,129,0,240
2026-01-10,P10,41,63,0,240
2026-01-11,P10,36,111,0,240
2026-01-12,P10,18,26,0,240
2026-01-13,P10,45,53,1,240
2026-01-14,P10,38,83,1,240
2026-01-15,P10,51,76,1,240
2026-01-16,P10,49,72,1,240
2026-01-17,P10,20,67,0,240
2026-01-18,P10,24,134,0,240
2026-01-19,P10,20,110,0,240
2026-01-20,P10,33,105,0,240
2026-01-21,P10,34,83,0,240
2026-01-22,P10,30,32,0,240
2026-01-23,P10,24,138,0,240
2026-01-24,P10,26,28,0,240
2026-01-25,P10,26,65,0,240
2026-01-26,P10,27,54,0,240
2026-01-27,P10,18,48,0,240
2026-01-28,P10,33,87,0,240
2026-01-29,P10,32,107,0,240
2026-01-30,P10,38,68,0,240
2026-01-31,P10,35,65,0,240
2026-02-01,P10,27,52,0,240
2026-02-02,P10,31,26,0,240
2026-02-03,P10,22,43,0,240
2026-02-04,P10,28,129,0,240
2026-02-05,P10,36,105,0,240
2026-02-06,P10,37,39,0,240
2026-02-07,P10,49,61,0,240
2026-02-08,P10,31,100,0,240
2026-02-09,P10,36,98,0,240
2026-02-10,P10,35,86,0,240
2026-02-11,P10,27,118,0,240
2026-02-12,P10,40,84,0,240
2026-02-13,P10,26,100,0,240
2026-02-14,P10,34,62,0,240
2026-02-15,P10,35,122,0,240
2026-02-16,P10,29,57,0,240
2026-02-17,P10,24,46,0,240
2026-02-18,P10,33,102,0,240
2026-02-19,P10,38,42,0,240
2026-02-20,P10,42,139,0,240
2026-02-21,P10,41,71,0,240
2026-02-22,P10,38,129,0,240
2026-02-23,P10,35,74,0,240
2026-02-24,P10,34,49,0,240
2026-02-25,P10,34,51,0,240
2026-02-26,P10,28,123,0,240
2026-02-27,P10,40,71,0,240
2026-02-28,P10,47,81,0,240
2026-03-01,P10,48,78,0,240
2026-03-02,P10,31,41,0,240
2026-03-03,P10,37,79,0,240
2026-03-04,P10,41,85,0,240
2026-03-05,P10,33,33,0,240
2026-03-06,P10,46,43,1,240
2026-03-07,P10,56,76,1,240
2026-03-08,P10,55,64,0,240
2026-03-09,P10,36,32,0,240
2026-03-10,P10,42,96,0,240
2026-03-11,P10,32,124,0,240
2026-03-12,P10,36,89,0,240
2026-03-13,P10,43,125,1,240
2026-03-14,P10,69,131,1,240
2026-03-15,P10,41,94,0,240
2026-03-16,P10,40,58,0,240
2026-03-17,P10,34,54,0,240
2026-03-18,P10,30,75,0,240
2026-03-19,P10,31,45,0,240
2026-03-20,P10,57,57,1,240
2026-03-21,P10,58,128,1,240
2026-03-22,P10,65,78,0,240
2026-03-23,P10,34,37,0,240
2026-03-24,P10,49,136,0,240
2026-03-25,P10,42,126,0,240
2026-03-26,P10,46,41,0,240
2026-03-27,P10,57,85,1,240
2026-03-28,P10,76,102,1,240
2026-03-29,P10,55,83,0,240
2026-03-30,P10,44,81,0,240
2026-03-31,P10,40,56,0,240
2026-04-01,P10,51,114,0,240
2026-04-02,P10,44,74,0,240
2026-04-03,P10,53,86,0,240
2026-04-04,P10,44,79,0,240
2026-04-05,P10,56,57,0,240
2026-04-06,P10,34,106,0,240
2026-04-07,P10,36,48,0,240
2026-04-08,P10,43,128,0,240
2026-04-09,P10,41,66,0,240
2026-04-10,P10,54,80,0,240
2026-04-11,P10,72,97,0,240
2026-04-12,P10,54,80,0,240
2026-04-13,P10,52,135,0,240
2026-04-14,P10,34,68,0,240
2026-04-15,P10,40,135,0,240
2026-04-16,P10,62,76,0,240
2026-04-17,P10,60,100,0,240
2026-04-18,P10,64,137,0,240
2026-04-19,P10,57,79,0,240
2026-04-20,P10,37,50,0,240
2026-04-21,P10,51,80,0,240
2026-04-22,P10,53,54,0,240
2026-04-23,P10,50,77,0,240
2026-04-24,P10,55,65,0,240
2026-04-25,P10,61,84,0,240
2026-04-26,P10,87,86,0,240
2026-04-27,P10,44,51,0,240
2026-04-28,P10,49,74,0,240
2026-04-29,P10,48,60,0,240
2026-04-30,P10,41,94,0,240
2026-05-01,P10,56,139,0,240
2026-05-02,P10,64,72,0,240
2026-05-03,P10,58,93,0,240
2026-05-04,P10,45,70,0,240
2026-05-05,P10,44,84,0,240
2026-05-06,P10,46,78,0,240
2026-05-07,P10,46,128,0,240
2026-05-08,P10,58,129,0,240
2026-05-09,P10,66,102,0,240
2026-05-10,P10,64,119,0,240
2026-05-11,P10,41,133,0,240
2026-05-12,P10,45,129,0,240
2026-05-13,P10,67,62,0,240
2026-05-14,P10,46,80,0,240
2026-05-15,P10,51,135,0,240
2026-05-16,P10,74,100,0,240
2026-05-17,P10,57,98,0,240
2026-05-18,P10,52,47,0,240
2026-05-19,P10,47,102,0,240
2026-05-20,P10,49,57,0,240
2026-05-21,P10,45,77,0,240
2026-05-22,P10,63,133,0,240
2026-05-23,P10,64,128,0,240
2026-05-24,P10,59,57,0,240
2026-05-25,P10,47,75,0,240
2026-05-26,P10,31,60,0,240
2026-05-27,P10,46,63,0,240
2026-05-28,P10,44,76,0,240
2026-05-29,P10,45,68,0,240
2026-05-30,P10,74,120,0,240
2026-05-31,P10,65,102,0,240
2026-06-01,P10,52,83,0,240
2026-06-02,P10,53,92,0,240
2026-06-03,P10,62,75,0,240
2026-06-04,P10,58,126,0,240
2026-06-05,P10,57,134,0,240
2026-06-06,P10,49,89,0,240
2026-06-07,P10,42,139,0,240
2026-06-08,P10,45,121,0,240
2026-06-09,P10,44,79,0,240
2026-06-10,P10,33,58,0,240
2026-06-11,P10,44,50,0,240
2026-06-12,P10,60,62,0,240
2026-06-13,P10,49,82,0,240
2026-06-14,P10,50,114,0,240
2026-06-15,P10,42,52,0,240
2026-06-16,P10,41,79,0,240
2026-06-17,P10,50,130,0,240
2026-06-18,P10,46,56,0,240
2026-06-19,P10,59,91,0,240
2026-06-20,P10,63,92,0,240
2026-06-21,P10,48,56,0,240
2026-06-22,P10,38,55,0,240
2026-06-23,P10,41,95,0,240
2026-06-24,P10,35,105,0,240
2026-06-25,P10,45,76,0,240
2026-06-26,P10,45,47,0,240
2026-06-27,P10,56,61,0,240
2026-06-28,P10,53,58,0,240
2026-06-29,P10,45,73,0,240
2026-06-30,P10,57,56,0,240
2026-07-01,P10,52,56,0,240
2026-07-02,P10,45,113,0,240
2026-07-03,P10,73,129,1,240
2026-07-04,P10,60,72,1,240
2026-07-05,P10,58,69,0,240
2026-07-06,P10,37,56,0,240
2026-07-07,P10,49,73,0,240
2026-07-08,P10,51,54,0,240
2026-07-09,P10,54,66,0,240
2026-07-10,P10,63,97,1,240
2026-07-11,P10,84,86,1,240
2026-07-12,P10,63,108,0,240
2026-07-13,P10,45,79,0,240
2026-07-14,P10,46,53,0,240
2026-07-15,P10,37,86,0,240
2026-07-16,P10,53,124,0,240
2026-07-17,P10,63,105,1,240
2026-07-18,P10,77,76,1,240
2026-07-19,P10,60,76,0,240
2026-07-20,P10,45,71,0,240
2026-07-21,P10,52,94,0,240
2026-07-22,P10,48,81,0,240
2026-07-23,P10,56,135,0,240
2026-07-24,P10,55,79,1,240
2026-07-25,P10,62,99,1,240
2026-07-26,P10,51,136,0,240
2026-07-27,P10,51,98,0,240
2026-07-28,P10,58,125,0,240
2026-07-29,P10,56,55,0,240
2026-07-30,P10,57,80,0,240
2026-07-31,P10,60,83,1,240
2026-08-01,P10,71,125,0,240
2026-08-02,P10,66,74,0,240
2026-08-03,P10,65,82,0,240
2026-08-04,P10,42,67,0,240
2026-08-05,P10,67,99,0,240
2026-08-06,P10,57,109,0,240
2026-08-07,P10,53,135,0,240
2026-08-08,P10,71,76,0,240
2026-08-09,P10,46,133,0,240
2026-08-10,P10,29,62,0,240
2026-08-11,P10,44,83,0,240
2026-08-12,P10,57,132,0,240
2026-08-13,P10,40,63,0,240
2026-08-14,P10,47,114,0,240
2026-08-15,P10,85,107,1,240
2026-08-16,P10,75,87,1,240
2026-08-17,P10,62,66,1,240
2026-08-18,P10,38,122,0,240
2026-08-19,P10,47,108,0,240
2026-08-20,P10,61,73,0,240
2026-08-21,P10,52,85,0,240
2026-08-22,P10,56,87,0,240
2026-08-23,P10,58,86,0,240
2026-08-24,P10,49,71,0,240
2026-08-25,P10,44,63,0,240
2026-08-26,P10,44,135,0,240
2026-08-27,P10,53,64,0,240
2026-08-28,P10,43,51,0,240
2026-08-29,P10,46,55,0,240
2026-08-30,P10,62,88,0,240
2026-08-31,P10,50,132,0,240
2026-09-01,P10,49,73,0,240
2026-09-02,P10,70,98,0,240
2026-09-03,P10,58,116,0,240
2026-09-04,P10,43,68,0,240
2026-09-05,P10,66,77,0,240
2026-09-06,P10,50,125,0,240
2026-09-07,P10,47,101,0,240
2026-09-08,P10,50,68,0,240
2026-09-09,P10,53,101,0,240
2026-09-10,P10,58,102,0,240
2026-09-11,P10,56,111,0,240
2026-09-12,P10,64,73,0,240
2026-09-13,P10,53,63,0,240
2026-09-14,P10,58,63,0,240
2026-09-15,P10,48,86,0,240
2026-09-16,P10,45,89,0,240
2026-09-17,P10,43,90,0,240
2026-09-18,P10,50,139,0,240
2026-09-19,P10,67,96,0,240
2026-09-20,P10,67,67,0,240
2026-09-21,P10,43,66,0,240
2026-09-22,P10,49,105,0,240
2026-09-23,P10,56,66,0,240
2026-09-24,P10,42,61,0,240
2026-09-25,P10,43,70,0,240
2026-09-26,P10,60,132,0,240
2026-09-27,P10,49,83,0,240
2026-09-28,P10,45,91,0,240
2026-09-29,P10,54,109,0,240
2026-09-30,P10,53,120,0,240
2026-10-01,P10,53,85,0,240
2026-10-02,P10,66,84,1,240
2026-10-03,P10,90,112,1,240
2026-10-04,P10,57,83,0,240
2026-10-05,P10,54,64,0,240
2026-10-06,P10,53,55,0,240
2026-10-07,P10,57,65,0,240
2026-10-08,P10,59,98,0,240
2026-10-09,P10,69,100,1,240
2026-10-10,P10,73,109,1,240
2026-10-11,P10,63,65,0,240
2026-10-12,P10,51,117,0,240
2026-10-13,P10,41,135,0,240
2026-10-14,P10,52,129,0,240
2026-10-15,P10,40,74,0,240
2026-10-16,P10,47,71,1,240
2026-10-17,P10,68,92,1,240
2026-10-18,P10,47,108,0,240
2026-10-19,P10,45,52,0,240
2026-10-20,P10,95,139,1,240
2026-10-21,P10,96,127,1,240
2026-10-22,P10,100,125,1,240
2026-10-23,P10,102,116,1,240
2026-10-24,P10,152,153,1,240
2026-10-25,P10,135,139,1,240
2026-10-26,P10,39,116,0,240
2026-10-27,P10,47,80,0,240
2026-10-28,P10,68,88,0,240
2026-10-29,P10,54,137,0,240
2026-10-30,P10,67,113,1,240
2026-10-31,P10,82,82,1,240
2026-11-01,P10,106,127,1,240
2026-11-02,P10,67,70,1,240
2026-11-03,P10,108,124,1,240
2026-11-04,P10,49,83,0,240
2026-11-05,P10,50,67,0,240
2026-11-06,P10,54,117,0,240
2026-11-07,P10,67,112,0,240
2026-11-08,P10,68,73,0,240
2026-11-09,P10,48,104,0,240
2026-11-10,P10,49,52,0,240
2026-11-11,P10,46,122,0,240
2026-11-12,P10,51,71,0,240
2026-11-13,P10,52,82,0,240
2026-11-14,P10,62,127,0,240
2026-11-15,P10,37,40,0,240
2026-11-16,P10,45,43,0,240
2026-11-17,P10,45,98,0,240
2026-11-18,P10,45,119,0,240
2026-11-19,P10,55,78,0,240
2026-11-20,P10,55,123,0,240
2026-11-21,P10,50,92,0,240
2026-11-22,P10,53,67,0,240
2026-11-23,P10,53,95,0,240
2026-11-24,P10,56,112,0,240
2026-11-25,P10,51,114,0,240
2026-11-26,P10,53,55,0,240
2026-11-27,P10,54,83,0,240
2026-11-28,P10,69,139,0,240
2026-11-29,P10,65,103,0,240
2026-11-30,P10,49,104,0,240
2026-12-01,P10,55,97,0,240
2026-12-02,P10,54,81,0,240
2026-12-03,P10,54,102,0,240
2026-12-04,P10,49,98,0,240
2026-12-05,P10,62,70,0,240
2026-12-06,P10,58,105,0,240
2026-12-07,P10,40,105,0,240
2026-12-08,P10,51,126,0,240
2026-12-09,P10,49,128,0,240
2026-12-10,P10,45,94,0,240
2026-12-11,P10,69,66,0,240
2026-12-12,P10,62,82,0,240
2026-12-13,P10,43,108,0,240
2026-12-14,P10,40,35,0,240
2026-12-15,P10,62,72,0,240
2026-12-16,P10,45,75,0,240
2026-12-17,P10,48,66,0,240
2026-12-18,P10,59,134,0,240
2026-12-19,P10,59,74,0,240
2026-12-20,P10,52,68,0,240
2026-12-21,P10,45,69,0,240
2026-12-22,P10,50,66,0,240
2026-12-23,P10,51,73,0,240
2026-12-24,P10,47,136,0,240
2026-12-25,P10,58,56,0,240
2026-12-26,P10,66,101,0,240
2026-12-27,P10,53,136,0,240
2026-12-28,P10,62,67,0,240
2026-12-29,P10,51,102,0,240
2026-12-30,P10,52,137,0,240
2026-12-31,P10,66,133,0,240
2027-01-01,P10,65,84,0,240
2027-01-02,P10,52,132,0,240
2027-01-03,P10,53,66,0,240
2027-01-04,P10,46,64,0,240
2027-01-05,P10,49,82,0,240
2027-01-06,P10,50,64,0,240
2027-01-07,P10,43,95,0,240
2027-01-08,P10,59,123,0,240
2027-01-09,P10,45,49,0,240
2027-01-10,P10,43,75,0,240
2027-01-11,P10,30,30,0,240
2027-01-12,P10,46,114,0,240
2027-01-13,P10,66,97,1,240
2027-01-14,P10,73,125,1,240
2027-01-15,P10,86,128,1,240
2027-01-16,P10,74,81,1,240
2027-01-17,P10,69,121,0,240
2027-01-18,P10,42,51,0,240
2027-01-19,P10,51,79,0,240
2027-01-20,P10,49,52,0,240
2027-01-21,P10,47,114,0,240
2027-01-22,P10,58,131,0,240
2027-01-23,P10,57,86,0,240
2027-01-24,P10,44,45,0,240
2027-01-25,P10,54,84,0,240
2027-01-26,P10,69,85,0,240
2027-01-27,P10,46,72,0,240
2027-01-28,P10,52,90,0,240
2027-01-29,P10,46,110,0,240
2027-01-30,P10,57,68,0,240
2027-01-31,P10,55,110,0,240
2027-02-01,P10,46,113,0,240
2027-02-02,P10,43,123,0,240
2027-02-03,P10,48,77,0,240
2027-02-04,P10,55,104,0,240
2027-02-05,P10,44,102,0,240
2027-02-06,P10,53,107,0,240
2027-02-07,P10,50,124,0,240
2027-02-08,P10,42,114,0,240
2027-02-09,P10,52,66,0,240
2027-02-10,P10,51,83,0,240
2027-02-11,P10,57,88,0,240
2027-02-12,P10,54,132,0,240
2027-02-13,P10,62,101,0,240
2027-02-14,P10,40,135,0,240
2027-02-15,P10,41,61,0,240
2027-02-16,P10,46,89,0,240
2027-02-17,P10,38,104,0,240
2027-02-18,P10,47,113,0,240
2027-02-19,P10,55,104,0,240
2027-02-20,P10,49,76,0,240
2027-02-21,P10,49,71,0,240
2027-02-22,P10,43,58,0,240
2027-02-23,P10,39,84,0,240
2027-02-24,P10,46,101,0,240
2027-02-25,P10,49,130,0,240
2027-02-26,P10,57,107,0,240
2027-02-27,P10,58,118,0,240
2027-02-28,P10,46,64,0,240
2027-03-01,P10,50,82,0,240
2027-03-02,P10,40,58,0,240
2027-03-03,P10,50,93,0,240
2027-03-04,P10,35,71,0,240
2027-03-05,P10,53,81,1,240
2027-03-06,P10,69,127,1,240
2027-03-07,P10,42,130,0,240
2027-03-08,P10,35,51,0,240
2027-03-09,P10,49,128,0,240
2027-03-10,P10,39,133,0,240
2027-03-11,P10,41,51,0,240
2027-03-12,P10,74,133,1,240
2027-03-13,P10,57,126,1,240
2027-03-14,P10,56,75,0,240
2027-03-15,P10,33,55,0,240
2027-03-16,P10,47,66,0,240
2027-03-17,P10,46,59,0,240
2027-03-18,P10,42,61,0,240
2027-03-19,P10,52,59,1,240
2027-03-20,P10,51,65,1,240
2027-03-21,P10,52,107,0,240
2027-03-22,P10,56,70,0,240
2027-03-23,P10,44,58,0,240
2027-03-24,P10,38,48,0,240
2027-03-25,P10,41,122,0,240
2027-03-26,P10,60,94,1,240
2027-03-27,P10,74,93,1,240
2027-03-28,P10,58,100,0,240
2027-03-29,P10,42,124,0,240
2027-03-30,P10,63,133,0,240
2027-03-31,P10,54,75,0,240
2027-04-01,P10,60,75,0,240
2027-04-02,P10,46,95,0,240
2027-04-03,P10,70,95,0,240
2027-04-04,P10,39,71,0,240
2027-04-05,P10,44,59,0,240
2027-04-06,P10,36,66,0,240
2027-04-07,P10,47,85,0,240
2027-04-08,P10,50,54,0,240
2027-04-09,P10,59,125,0,240
2027-04-10,P10,72,95,0,240
2027-04-11,P10,44,58,0,240
2027-04-12,P10,38,66,0,240
2027-04-13,P10,43,59,0,240
2027-04-14,P10,36,107,0,240
2027-04-15,P10,54,82,0,240
2027-04-16,P10,43,70,0,240
2027-04-17,P10,68,89,0,240
2027-04-18,P10,57,94,0,240
2027-04-19,P10,51,51,0,240
2027-04-20,P10,42,114,0,240
2027-04-21,P10,44,139,0,240
2027-04-22,P10,54,70,0,240
2027-04-23,P10,50,60,0,240
2027-04-24,P10,64,71,0,240
2027-04-25,P10,58,59,0,240
2027-04-26,P10,50,122,0,240
2027-04-27,P10,47,99,0,240
2027-04-28,P10,54,122,0,240
2027-04-29,P10,51,115,0,240
2027-04-30,P10,51,61,0,240
2027-05-01,P10,62,118,0,240
2027-05-02,P10,72,97,0,240
2027-05-03,P10,57,98,0,240
2027-05-04,P10,46,73,0,240
2027-05-05,P10,57,79,0,240
2027-05-06,P10,52,71,0,240
2027-05-07,P10,49,111,0,240
2027-05-08,P10,78,76,0,240
2027-05-09,P10,64,124,0,240
2027-05-10,P10,48,55,0,240
2027-05-11,P10,55,92,0,240
2027-05-12,P10,45,116,0,240
2027-05-13,P10,43,94,0,240
2027-05-14,P10,53,87,0,240
2027-05-15,P10,57,85,0,240
2027-05-16,P10,67,92,0,240
2027-05-17,P10,42,57,0,240
2027-05-18,P10,43,139,0,240
2027-05-19,P10,41,121,0,240
2027-05-20,P10,55,79,0,240
2027-05-21,P10,51,67,0,240
2027-05-22,P10,77,103,0,240
2027-05-23,P10,75,122,0,240
2027-05-24,P10,46,137,0,240
2027-05-25,P10,47,127,0,240
2027-05-26,P10,55,75,0,240
2027-05-27,P10,47,126,0,240
2027-05-28,P10,59,102,0,240
2027-05-29,P10,74,85,0,240
2027-05-30,P10,69,97,0,240
2027-05-31,P10,48,101,0,240
2027-06-01,P10,48,55,0,240
2027-06-02,P10,56,88,0,240
2027-06-03,P10,42,57,0,240
2027-06-04,P10,42,132,0,240
2027-06-05,P10,59,71,0,240
2027-06-06,P10,55,131,0,240
2027-06-07,P10,38,52,0,240
2027-06-08,P10,54,108,0,240
2027-06-09,P10,54,83,0,240
2027-06-10,P10,29,123,0,240
2027-06-11,P10,48,107,0,240
2027-06-12,P10,58,99,0,240
2027-06-13,P10,59,81,0,240
2027-06-14,P10,41,103,0,240
2027-06-15,P10,39,131,0,240
2027-06-16,P10,36,118,0,240
2027-06-17,P10,43,73,0,240
2027-06-18,P10,58,99,0,240
2027-06-19,P10,57,89,0,240
2027-06-20,P10,54,89,0,240
2027-06-21,P10,57,128,0,240
2027-06-22,P10,47,81,0,240
2027-06-23,P10,45,82,0,240
2027-06-24,P10,57,78,0,240
2027-06-25,P10,41,42,0,240
2027-06-26,P10,51,85,0,240
2027-06-27,P10,45,63,0,240
2027-06-28,P10,49,101,0,240
2027-06-29,P10,59,82,0,240
2027-06-30,P10,42,138,0,240
2027-07-01,P10,54,81,0,240
2027-07-02,P10,57,59,1,240
2027-07-03,P10,72,75,1,240
2027-07-04,P10,53,63,0,240
2027-07-05,P10,49,55,0,240
2027-07-06,P10,47,83,0,240
2027-07-07,P10,48,88,0,240
2027-07-08,P10,45,127,0,240
2027-07-09,P10,59,78,1,240
2027-07-10,P10,66,126,1,240
2027-07-11,P10,57,91,0,240
2027-07-12,P10,44,86,0,240
2027-07-13,P10,51,105,0,240
2027-07-14,P10,54,84,0,240
2027-07-15,P10,45,87,0,240
2027-07-16,P10,68,93,1,240
2027-07-17,P10,72,100,1,240
2027-07-18,P10,55,113,0,240
2027-07-19,P10,39,64,0,240
2027-07-20,P10,48,120,0,240
2027-07-21,P10,53,86,0,240
2027-07-22,P10,38,138,0,240
2027-07-23,P10,57,76,1,240
2027-07-24,P10,63,85,1,240
2027-07-25,P10,58,71,0,240
2027-07-26,P10,39,137,0,240
2027-07-27,P10,51,51,0,240
2027-07-28,P10,43,43,0,240
2027-07-29,P10,47,116,0,240
2027-07-30,P10,54,86,1,240
2027-07-31,P10,74,103,1,240
2027-08-01,P10,51,66,0,240
2027-08-02,P10,49,125,0,240
2027-08-03,P10,56,83,0,240
2027-08-04,P10,45,97,0,240
2027-08-05,P10,56,54,0,240
2027-08-06,P10,57,81,0,240
2027-08-07,P10,57,88,0,240
2027-08-08,P10,69,118,0,240
2027-08-09,P10,44,58,0,240
2027-08-10,P10,41,96,0,240
2027-08-11,P10,47,53,0,240
2027-08-12,P10,51,101,0,240
2027-08-13,P10,58,87,0,240
2027-08-14,P10,59,54,0,240
2027-08-15,P10,88,93,1,240
2027-08-16,P10,67,76,1,240
2027-08-17,P10,70,104,1,240
2027-08-18,P10,36,109,0,240
2027-08-19,P10,50,55,0,240
2027-08-20,P10,53,77,0,240
2027-08-21,P10,62,114,0,240
2027-08-22,P10,58,81,0,240
2027-08-23,P10,48,48,0,240
2027-08-24,P10,58,63,0,240
2027-08-25,P10,38,130,0,240
2027-08-26,P10,36,117,0,240
2027-08-27,P10,57,73,0,240
2027-08-28,P10,64,135,0,240
2027-08-29,P10,64,77,0,240
2027-08-30,P10,50,66,0,240
2027-08-31,P10,51,69,0,240
2027-09-01,P10,51,104,0,240
2027-09-02,P10,46,115,0,240
2027-09-03,P10,46,65,0,240
2027-09-04,P10,48,63,0,240
2027-09-05,P10,63,94,0,240
2027-09-06,P10,42,55,0,240
2027-09-07,P10,61,99,0,240
2027-09-08,P10,46,75,0,240
2027-09-09,P10,57,121,0,240
2027-09-10,P10,68,114,0,240
2027-09-11,P10,60,108,0,240
2027-09-12,P10,57,89,0,240
2027-09-13,P10,45,100,0,240
2027-09-14,P10,52,75,0,240
2027-09-15,P10,48,85,0,240
2027-09-16,P10,49,66,0,240
2027-09-17,P10,50,112,0,240
2027-09-18,P10,56,126,0,240
2027-09-19,P10,46,73,0,240
2027-09-20,P10,30,85,0,240
2027-09-21,P10,37,91,0,240
2027-09-22,P10,48,64,0,240
2027-09-23,P10,49,56,0,240
2027-09-24,P10,40,52,0,240
2027-09-25,P10,57,60,0,240
2027-09-26,P10,53,63,0,240
2027-09-27,P10,52,91,0,240
2027-09-28,P10,54,138,0,240
2027-09-29,P10,42,80,0,240
2027-09-30,P10,46,117,0,240
2027-10-01,P10,61,81,1,240
2027-10-02,P10,69,95,1,240
2027-10-03,P10,57,61,0,240
2027-10-04,P10,44,127,0,240
2027-10-05,P10,45,117,0,240
2027-10-06,P10,61,90,0,240
2027-10-07,P10,54,83,0,240
2027-10-08,P10,54,115,1,240
2027-10-09,P10,71,92,1,240
2027-10-10,P10,67,97,0,240
2027-10-11,P10,55,62,0,240
2027-10-12,P10,39,124,0,240
2027-10-13,P10,41,132,0,240
2027-10-14,P10,65,118,0,240
2027-10-15,P10,66,91,1,240
2027-10-16,P10,65,137,1,240
2027-10-17,P10,52,78,0,240
2027-10-18,P10,40,102,0,240
2027-10-19,P10,38,123,0,240
2027-10-20,P10,104,133,1,240
2027-10-21,P10,87,111,1,240
2027-10-22,P10,118,133,1,240
2027-10-23,P10,122,145,1,240
2027-10-24,P10,129,148,1,240
2027-10-25,P10,104,109,1,240
2027-10-26,P10,48,69,0,240
2027-10-27,P10,50,118,0,240
2027-10-28,P10,82,82,0,240
2027-10-29,P10,63,110,1,240
2027-10-30,P10,86,128,1,240
2027-10-31,P10,67,73,0,240
2027-11-01,P10,98,119,1,240
2027-11-02,P10,91,107,1,240
2027-11-03,P10,99,110,1,240
2027-11-04,P10,41,108,0,240
2027-11-05,P10,56,82,0,240
2027-11-06,P10,68,115,0,240
2027-11-07,P10,70,78,0,240
2027-11-08,P10,56,60,0,240
2027-11-09,P10,48,76,0,240
2027-11-10,P10,60,73,0,240
2027-11-11,P10,41,132,0,240
2027-11-12,P10,59,54,0,240
2027-11-13,P10,68,88,0,240
2027-11-14,P10,48,54,0,240
2027-11-15,P10,48,79,0,240
2027-11-16,P10,35,137,0,240
2027-11-17,P10,46,62,0,240
2027-11-18,P10,44,127,0,240
2027-11-19,P10,59,89,0,240
2027-11-20,P10,68,82,0,240
2027-11-21,P10,53,137,0,240
2027-11-22,P10,44,87,0,240
2027-11-23,P10,52,59,0,240
2027-11-24,P10,60,104,0,240
2027-11-25,P10,49,133,0,240
2027-11-26,P10,46,93,0,240
2027-11-27,P10,72,119,0,240
2027-11-28,P10,60,72,0,240
2027-11-29,P10,56,79,0,240
2027-11-30,P10,60,105,0,240
2027-12-01,P10,67,89,0,240
2027-12-02,P10,59,63,0,240
2027-12-03,P10,70,82,0,240
2027-12-04,P10,60,74,0,240
2027-12-05,P10,62,132,0,240
2027-12-06,P10,51,80,0,240
2027-12-07,P10,38,97,0,240
2027-12-08,P10,50,76,0,240
2027-12-09,P10,45,123,0,240
2027-12-10,P10,61,74,0,240
2027-12-11,P10,51,131,0,240
2027-12-12,P10,65,115,0,240
2027-12-13,P10,49,86,0,240
2027-12-14,P10,52,97,0,240
2027-12-15,P10,53,86,0,240
2027-12-16,P10,57,86,0,240
2027-12-17,P10,59,84,0,240
2027-12-18,P10,72,113,0,240
2027-12-19,P10,57,88,0,240
2027-12-20,P10,48,75,0,240
2027-12-21,P10,54,105,0,240
2027-12-22,P10,45,92,0,240
2027-12-23,P10,55,79,0,240
2027-12-24,P10,55,82,0,240
2027-12-25,P10,65,115,0,240
2027-12-26,P10,46,72,0,240
2027-12-27,P10,76,100,0,240
2027-12-28,P10,46,46,0,240
2027-12-29,P10,56,79,0,240
2027-12-30,P10,61,86,0,240
2027-12-31,P10,60,89,0,240
2026-01-01,P11,6,118,0,110
2026-01-02,P11,5,74,0,110
2026-01-03,P11,6,27,0,110
2026-01-04,P11,13,60,0,110
2026-01-05,P11,4,69,0,110
2026-01-06,P11,4,84,0,110
2026-01-07,P11,5,130,0,110
2026-01-08,P11,9,36,0,110
2026-01-09,P11,2,24,0,110
2026-01-10,P11,16,36,0,110
2026-01-11,P11,10,82,0,110
2026-01-12,P11,6,101,0,110
2026-01-13,P11,12,27,1,110
2026-01-14,P11,14,23,1,110
2026-01-15,P11,12,70,1,110
2026-01-16,P11,18,77,1,110
2026-01-17,P11,8,137,0,110
2026-01-18,P11,9,36,0,110
2026-01-19,P11,3,84,0,110
2026-01-20,P11,12,63,0,110
2026-01-21,P11,9,68,0,110
2026-01-22,P11,5,85,0,110
2026-01-23,P11,5,107,0,110
2026-01-24,P11,9,98,0,110
2026-01-25,P11,10,83,0,110
2026-01-26,P11,12,22,0,110
2026-01-27,P11,10,72,0,110
2026-01-28,P11,9,58,0,110
2026-01-29,P11,7,82,0,110
2026-01-30,P11,16,83,0,110
2026-01-31,P11,10,53,0,110
2026-02-01,P11,14,45,0,110
2026-02-02,P11,6,31,0,110
2026-02-03,P11,11,102,0,110
2026-02-04,P11,9,45,0,110
2026-02-05,P11,4,56,0,110
2026-02-06,P11,7,72,0,110
2026-02-07,P11,4,13,0,110
2026-02-08,P11,13,67,0,110
2026-02-09,P11,5,14,0,110
2026-02-10,P11,10,120,0,110
2026-02-11,P11,11,116,0,110
2026-02-12,P11,12,29,0,110
2026-02-13,P11,8,13,0,110
2026-02-14,P11,14,114,0,110
2026-02-15,P11,8,79,0,110
2026-02-16,P11,4,33,0,110
2026-02-17,P11,7,94,0,110
2026-02-18,P11,14,78,0,110
2026-02-19,P11,4,36,0,110
2026-02-20,P11,11,122,0,110
2026-02-21,P11,8,40,0,110
2026-02-22,P11,11,36,0,110
2026-02-23,P11,12,42,0,110
2026-02-24,P11,13,19,0,110
2026-02-25,P11,7,68,0,110
2026-02-26,P11,18,108,0,110
2026-02-27,P11,9,57,0,110
2026-02-28,P11,18,96,0,110
2026-03-01,P11,10,88,0,110
2026-03-02,P11,12,87,0,110
2026-03-03,P11,9,35,0,110
2026-03-04,P11,11,131,0,110
2026-03-05,P11,12,18,0,110
2026-03-06,P11,11,114,1,110
2026-03-07,P11,21,138,1,110
2026-03-08,P11,12,93,0,110
2026-03-09,P11,18,133,0,110
2026-03-10,P11,9,121,0,110
2026-03-11,P11,10,97,0,110
2026-03-12,P11,15,17,0,110
2026-03-13,P11,16,79,1,110
2026-03-14,P11,18,56,1,110
2026-03-15,P11,15,123,0,110
2026-03-16,P11,7,45,0,110
2026-03-17,P11,8,75,0,110
2026-03-18,P11,12,120,0,110
2026-03-19,P11,22,109,0,110
2026-03-20,P11,18,119,1,110
2026-03-21,P11,27,55,1,110
2026-03-22,P11,18,65,0,110
2026-03-23,P11,13,68,0,110
2026-03-24,P11,18,95,0,110
2026-03-25,P11,16,93,0,110
2026-03-26,P11,12,138,0,110
2026-03-27,P11,16,26,1,110
2026-03-28,P11,25,92,1,110
2026-03-29,P11,16,39,0,110
2026-03-30,P11,13,56,0,110
2026-03-31,P11,16,106,0,110
2026-04-01,P11,21,99,0,110
2026-04-02,P11,18,58,0,110
2026-04-03,P11,18,56,0,110
2026-04-04,P11,17,44,0,110
2026-04-05,P11,14,74,0,110
2026-04-06,P11,12,96,0,110
2026-04-07,P11,20,92,0,110
2026-04-08,P11,13,100,0,110
2026-04-09,P11,16,109,0,110
2026-04-10,P11,13,75,0,110
2026-04-11,P11,9,74,0,110
2026-04-12,P11,14,49,0,110
2026-04-13,P11,17,56,0,110
2026-04-14,P11,22,46,0,110
2026-04-15,P11,17,80,0,110
2026-04-16,P11,8,16,0,110
2026-04-17,P11,17,71,0,110
2026-04-18,P11,24,43,0,110
2026-04-19,P11,17,114,0,110
2026-04-20,P11,14,81,0,110
2026-04-21,P11,10,93,0,110
2026-04-22,P11,19,52,0,110
2026-04-23,P11,17,64,0,110
2026-04-24,P11,11,111,0,110
2026-04-25,P11,24,107,0,110
2026-04-26,P11,25,53,0,110
2026-04-27,P11,15,87,0,110
2026-04-28,P11,11,132,0,110
2026-04-29,P11,20,137,0,110
2026-04-30,P11,15,84,0,110
2026-05-01,P11,13,32,0,110
2026-05-02,P11,26,79,0,110
2026-05-03,P11,32,129,0,110
2026-05-04,P11,17,45,0,110
2026-05-05,P11,12,43,0,110
2026-05-06,P11,8,124,0,110
2026-05-07,P11,15,76,0,110
2026-05-08,P11,13,102,0,110
2026-05-09,P11,26,52,0,110
2026-05-10,P11,14,60,0,110
2026-05-11,P11,9,124,0,110
2026-05-12,P11,9,91,0,110
2026-05-13,P11,13,71,0,110
2026-05-14,P11,16,117,0,110
2026-05-15,P11,16,48,0,110
2026-05-16,P11,23,57,0,110
2026-05-17,P11,23,43,0,110
2026-05-18,P11,17,116,0,110
2026-05-19,P11,14,60,0,110
2026-05-20,P11,14,49,0,110
2026-05-21,P11,20,121,0,110
2026-05-22,P11,17,138,0,110
2026-05-23,P11,21,81,0,110
2026-05-24,P11,18,39,0,110
2026-05-25,P11,7,132,0,110
2026-05-26,P11,15,82,0,110
2026-05-27,P11,12,75,0,110
2026-05-28,P11,19,76,0,110
2026-05-29,P11,23,105,0,110
2026-05-30,P11,23,35,0,110
2026-05-31,P11,24,62,0,110
2026-06-01,P11,9,119,0,110
2026-06-02,P11,14,34,0,110
2026-06-03,P11,13,90,0,110
2026-06-04,P11,18,69,0,110
2026-06-05,P11,8,21,0,110
2026-06-06,P11,19,48,0,110
2026-06-07,P11,15,77,0,110
2026-06-08,P11,15,100,0,110
2026-06-09,P11,15,70,0,110
2026-06-10,P11,12,42,0,110
2026-06-11,P11,12,38,0,110
2026-06-12,P11,17,80,0,110
2026-06-13,P11,18,137,0,110
2026-06-14,P11,20,110,0,110
2026-06-15,P11,15,100,0,110
2026-06-16,P11,14,29,0,110
2026-06-17,P11,11,133,0,110
2026-06-18,P11,20,60,0,110
2026-06-19,P11,19,81,0,110
2026-06-20,P11,22,43,0,110
2026-06-21,P11,19,33,0,110
2026-06-22,P11,15,29,0,110
2026-06-23,P11,14,120,0,110
2026-06-24,P11,10,94,0,110
2026-06-25,P11,19,135,0,110
2026-06-26,P11,22,26,0,110
2026-06-27,P11,21,89,0,110
2026-06-28,P11,18,88,0,110
2026-06-29,P11,15,75,0,110
2026-06-30,P11,12,43,0,110
2026-07-01,P11,11,43,0,110
2026-07-02,P11,18,57,0,110
2026-07-03,P11,17,36,1,110
2026-07-04,P11,33,90,1,110
2026-07-05,P11,16,98,0,110
2026-07-06,P11,22,53,0,110
2026-07-07,P11,20,49,0,110
2026-07-08,P11,22,118,0,110
2026-07-09,P11,24,106,0,110
2026-07-10,P11,17,88,1,110
2026-07-11,P11,26,109,1,110
2026-07-12,P11,20,52,0,110
2026-07-13,P11,19,122,0,110
2026-07-14,P11,16,113,0,110
2026-07-15,P11,9,91,0,110
2026-07-16,P11,12,122,0,110
2026-07-17,P11,13,47,1,110
2026-07-18,P11,20,133,1,110
2026-07-19,P11,11,139,0,110
2026-07-20,P11,17,46,0,110
2026-07-21,P11,14,114,0,110
2026-07-22,P11,15,134,0,110
2026-07-23,P11,21,136,0,110
2026-07-24,P11,16,46,1,110
2026-07-25,P11,17,133,1,110
2026-07-26,P11,13,133,0,110
2026-07-27,P11,21,70,0,110
2026-07-28,P11,26,133,0,110
2026-07-29,P11,18,66,0,110
2026-07-30,P11,18,102,0,110
2026-07-31,P11,15,67,1,110
2026-08-01,P11,23,52,0,110
2026-08-02,P11,26,57,0,110
2026-08-03,P11,12,54,0,110
2026-08-04,P11,14,80,0,110
2026-08-05,P11,10,78,0,110
2026-08-06,P11,16,56,0,110
2026-08-07,P11,14,121,0,110
2026-08-08,P11,21,37,0,110
2026-08-09,P11,16,33,0,110
2026-08-10,P11,18,127,0,110
2026-08-11,P11,13,12,0,110
2026-08-12,P11,21,57,0,110
2026-08-13,P11,13,55,0,110
2026-08-14,P11,14,22,0,110
2026-08-15,P11,35,94,1,110
2026-08-16,P11,29,129,1,110
2026-08-17,P11,22,41,1,110
2026-08-18,P11,15,41,0,110
2026-08-19,P11,17,61,0,110
2026-08-20,P11,15,75,0,110
2026-08-21,P11,20,108,0,110
2026-08-22,P11,20,45,0,110
2026-08-23,P11,23,35,0,110
2026-08-24,P11,9,33,0,110
2026-08-25,P11,22,31,0,110
2026-08-26,P11,11,93,0,110
2026-08-27,P11,13,78,0,110
2026-08-28,P11,19,64,0,110
2026-08-29,P11,21,54,0,110
2026-08-30,P11,24,125,0,110
2026-08-31,P11,11,66,0,110
2026-09-01,P11,21,92,0,110
2026-09-02,P11,13,91,0,110
2026-09-03,P11,21,66,0,110
2026-09-04,P11,16,64,0,110
2026-09-05,P11,22,41,0,110
2026-09-06,P11,22,28,0,110
2026-09-07,P11,10,24,0,110
2026-09-08,P11,25,87,0,110
2026-09-09,P11,11,30,0,110
2026-09-10,P11,16,47,0,110
2026-09-11,P11,19,66,0,110
2026-09-12,P11,17,37,0,110
2026-09-13,P11,22,109,0,110
2026-09-14,P11,18,35,0,110
2026-09-15,P11,8,113,0,110
2026-09-16,P11,16,41,0,110
2026-09-17,P11,13,134,0,110
2026-09-18,P11,16,129,0,110
2026-09-19,P11,30,90,0,110
2026-09-20,P11,16,30,0,110
2026-09-21,P11,17,72,0,110
2026-09-22,P11,17,66,0,110
2026-09-23,P11,14,46,0,110
2026-09-24,P11,15,21,0,110
2026-09-25,P11,16,77,0,110
2026-09-26,P11,23,93,0,110
2026-09-27,P11,24,83,0,110
2026-09-28,P11,19,32,0,110
2026-09-29,P11,14,46,0,110
2026-09-30,P11,12,46,0,110
2026-10-01,P11,21,130,0,110
2026-10-02,P11,28,137,1,110
2026-10-03,P11,25,44,1,110
2026-10-04,P11,12,22,0,110
2026-10-05,P11,15,24,0,110
2026-10-06,P11,24,127,0,110
2026-10-07,P11,14,100,0,110
2026-10-08,P11,16,51,0,110
2026-10-09,P11,17,66,1,110
2026-10-10,P11,26,110,1,110
2026-10-11,P11,13,41,0,110
2026-10-12,P11,18,53,0,110
2026-10-13,P11,17,19,0,110
2026-10-14,P11,16,71,0,110
2026-10-15,P11,11,40,0,110
2026-10-16,P11,18,44,1,110
2026-10-17,P11,35,45,1,110
2026-10-18,P11,20,39,0,110
2026-10-19,P11,19,126,0,110
2026-10-20,P11,23,123,1,110
2026-10-21,P11,39,103,1,110
2026-10-22,P11,37,36,1,110
2026-10-23,P11,32,123,1,110
2026-10-24,P11,37,137,1,110
2026-10-25,P11,33,79,1,110
2026-10-26,P11,17,82,0,110
2026-10-27,P11,17,102,0,110
2026-10-28,P11,18,37,0,110
2026-10-29,P11,14,14,0,110
2026-10-30,P11,27,63,1,110
2026-10-31,P11,24,101,1,110
2026-11-01,P11,45,105,1,110
2026-11-02,P11,22,138,1,110
2026-11-03,P11,34,83,1,110
2026-11-04,P11,18,47,0,110
2026-11-05,P11,17,61,0,110
2026-11-06,P11,25,121,0,110
2026-11-07,P11,16,35,0,110
2026-11-08,P11,25,59,0,110
2026-11-09,P11,19,72,0,110
2026-11-10,P11,24,115,0,110
2026-11-11,P11,16,107,0,110
2026-11-12,P11,13,137,0,110
2026-11-13,P11,25,112,0,110
2026-11-14,P11,18,89,0,110
2026-11-15,P11,22,49,0,110
2026-11-16,P11,13,40,0,110
2026-11-17,P11,19,65,0,110
2026-11-18,P11,23,75,0,110
2026-11-19,P11,17,55,0,110
2026-11-20,P11,14,64,0,110
2026-11-21,P11,15,112,0,110
2026-11-22,P11,16,87,0,110
2026-11-23,P11,24,102,0,110
2026-11-24,P11,16,94,0,110
2026-11-25,P11,23,93,0,110
2026-11-26,P11,15,91,0,110
2026-11-27,P11,24,122,0,110
2026-11-28,P11,26,99,0,110
2026-11-29,P11,29,80,0,110
2026-11-30,P11,16,39,0,110
2026-12-01,P11,12,77,0,110
2026-12-02,P11,21,54,0,110
2026-12-03,P11,16,91,0,110
2026-12-04,P11,21,103,0,110
2026-12-05,P11,21,51,0,110
2026-12-06,P11,15,38,0,110
2026-12-07,P11,15,110,0,110
2026-12-08,P11,15,38,0,110
2026-12-09,P11,18,27,0,110
2026-12-10,P11,25,67,0,110
2026-12-11,P11,22,47,0,110
2026-12-12,P11,14,121,0,110
2026-12-13,P11,15,80,0,110
2026-12-14,P11,21,70,0,110
2026-12-15,P11,17,126,0,110
2026-12-16,P11,19,95,0,110
2026-12-17,P11,27,74,0,110
2026-12-18,P11,13,56,0,110
2026-12-19,P11,26,101,0,110
2026-12-20,P11,23,127,0,110
2026-12-21,P11,24,99,0,110
2026-12-22,P11,23,92,0,110
2026-12-23,P11,13,101,0,110
2026-12-24,P11,15,26,0,110
2026-12-25,P11,19,92,0,110
2026-12-26,P11,27,95,0,110
2026-12-27,P11,24,126,0,110
2026-12-28,P11,19,91,0,110
2026-12-29,P11,18,98,0,110
2026-12-30,P11,17,37,0,110
2026-12-31,P11,14,23,0,110
2027-01-01,P11,18,95,0,110
2027-01-02,P11,17,46,0,110
2027-01-03,P11,18,43,0,110
2027-01-04,P11,20,45,0,110
2027-01-05,P11,18,64,0,110
2027-01-06,P11,15,128,0,110
2027-01-07,P11,16,40,0,110
2027-01-08,P11,18,47,0,110
2027-01-09,P11,10,123,0,110
2027-01-10,P11,15,130,0,110
2027-01-11,P11,11,79,0,110
2027-01-12,P11,13,102,0,110
2027-01-13,P11,20,58,1,110
2027-01-14,P11,33,47,1,110
2027-01-15,P11,30,84,1,110
2027-01-16,P11,18,104,1,110
2027-01-17,P11,11,73,0,110
2027-01-18,P11,10,84,0,110
2027-01-19,P11,7,58,0,110
2027-01-20,P11,16,48,0,110
2027-01-21,P11,9,65,0,110
2027-01-22,P11,16,71,0,110
2027-01-23,P11,22,70,0,110
2027-01-24,P11,20,119,0,110
2027-01-25,P11,12,132,0,110
2027-01-26,P11,15,89,0,110
2027-01-27,P11,18,118,0,110
2027-01-28,P11,15,135,0,110
2027-01-29,P11,13,33,0,110
2027-01-30,P11,18,111,0,110
2027-01-31,P11,22,106,0,110
2027-02-01,P11,16,88,0,110
2027-02-02,P11,18,90,0,110
2027-02-03,P11,17,132,0,110
2027-02-04,P11,20,80,0,110
2027-02-05,P11,13,58,0,110
2027-02-06,P11,22,73,0,110
2027-02-07,P11,26,98,0,110
2027-02-08,P11,16,37,0,110
2027-02-09,P11,16,35,0,110
2027-02-10,P11,13,40,0,110
2027-02-11,P11,17,105,0,110
2027-02-12,P11,16,132,0,110
2027-02-13,P11,11,52,0,110
2027-02-14,P11,14,78,0,110
2027-02-15,P11,18,96,0,110
2027-02-16,P11,12,124,0,110
2027-02-17,P11,17,78,0,110
2027-02-18,P11,15,83,0,110
2027-02-19,P11,20,55,0,110
2027-02-20,P11,19,46,0,110
2027-02-21,P11,11,14,0,110
2027-02-22,P11,13,78,0,110
2027-02-23,P11,15,103,0,110
2027-02-24,P11,9,34,0,110
2027-02-25,P11,16,115,0,110
2027-02-26,P11,26,68,0,110
2027-02-27,P11,14,67,0,110
2027-02-28,P11,11,132,0,110
2027-03-01,P11,14,76,0,110
2027-03-02,P11,15,27,0,110
2027-03-03,P11,20,77,0,110
2027-03-04,P11,5,127,0,110
2027-03-05,P11,19,85,1,110
2027-03-06,P11,17,113,1,110
2027-03-07,P11,21,54,0,110
2027-03-08,P11,17,103,0,110
2027-03-09,P11,9,45,0,110
2027-03-10,P11,23,69,0,110
2027-03-11,P11,8,83,0,110
2027-03-12,P11,20,115,1,110
2027-03-13,P11,21,125,1,110
2027-03-14,P11,17,106,0,110
2027-03-15,P11,12,129,0,110
2027-03-16,P11,18,97,0,110
2027-03-17,P11,16,39,0,110
2027-03-18,P11,15,120,0,110
2027-03-19,P11,22,44,1,110
2027-03-20,P11,20,106,1,110
2027-03-21,P11,11,86,0,110
2027-03-22,P11,15,39,0,110
2027-03-23,P11,17,25,0,110
2027-03-24,P11,15,53,0,110
2027-03-25,P11,9,45,0,110
2027-03-26,P11,18,49,1,110
2027-03-27,P11,18,54,1,110
2027-03-28,P11,18,67,0,110
2027-03-29,P11,13,37,0,110
2027-03-30,P11,16,53,0,110
2027-03-31,P11,12,66,0,110
2027-04-01,P11,18,43,0,110
2027-04-02,P11,16,96,0,110
2027-04-03,P11,19,35,0,110
2027-04-04,P11,26,64,0,110
2027-04-05,P11,17,90,0,110
2027-04-06,P11,21,105,0,110
2027-04-07,P11,19,68,0,110
2027-04-08,P11,20,57,0,110
2027-04-09,P11,18,115,0,110
2027-04-10,P11,23,132,0,110
2027-04-11,P11,14,40,0,110
2027-04-12,P11,11,117,0,110
2027-04-13,P11,11,42,0,110
2027-04-14,P11,17,116,0,110
2027-04-15,P11,17,135,0,110
2027-04-16,P11,17,63,0,110
2027-04-17,P11,25,111,0,110
2027-04-18,P11,21,54,0,110
2027-04-19,P11,16,33,0,110
2027-04-20,P11,12,29,0,110
2027-04-21,P11,24,114,0,110
2027-04-22,P11,17,54,0,110
2027-04-23,P11,20,99,0,110
2027-04-24,P11,16,40,0,110
2027-04-25,P11,17,22,0,110
2027-04-26,P11,20,42,0,110
2027-04-27,P11,12,118,0,110
2027-04-28,P11,14,34,0,110
2027-04-29,P11,11,123,0,110
2027-04-30,P11,23,102,0,110
2027-05-01,P11,24,82,0,110
2027-05-02,P11,22,104,0,110
2027-05-03,P11,15,46,0,110
2027-05-04,P11,13,139,0,110
2027-05-05,P11,17,27,0,110
2027-05-06,P11,15,85,0,110
2027-05-07,P11,16,32,0,110
2027-05-08,P11,13,82,0,110
2027-05-09,P11,18,112,0,110
2027-05-10,P11,13,94,0,110
2027-05-11,P11,16,32,0,110
2027-05-12,P11,8,117,0,110
2027-05-13,P11,12,55,0,110
2027-05-14,P11,11,71,0,110
2027-05-15,P11,19,98,0,110
2027-05-16,P11,17,136,0,110
2027-05-17,P11,21,122,0,110
2027-05-18,P11,24,118,0,110
2027-05-19,P11,14,126,0,110
2027-05-20,P11,12,55,0,110
2027-05-21,P11,21,84,0,110
2027-05-22,P11,22,53,0,110
2027-05-23,P11,23,50,0,110
2027-05-24,P11,16,41,0,110
2027-05-25,P11,14,108,0,110
2027-05-26,P11,19,70,0,110
2027-05-27,P11,11,78,0,110
2027-05-28,P11,19,81,0,110
2027-05-29,P11,16,50,0,110
2027-05-30,P11,27,66,0,110
2027-05-31,P11,15,71,0,110
2027-06-01,P11,24,44,0,110
2027-06-02,P11,15,93,0,110
2027-06-03,P11,33,64,0,110
2027-06-04,P11,19,100,0,110
2027-06-05,P11,20,53,0,110
2027-06-06,P11,21,83,0,110
2027-06-07,P11,14,87,0,110
2027-06-08,P11,12,125,0,110
2027-06-09,P11,26,54,0,110
2027-06-10,P11,14,40,0,110
2027-06-11,P11,19,139,0,110
2027-06-12,P11,17,87,0,110
2027-06-13,P11,16,112,0,110
2027-06-14,P11,15,83,0,110
2027-06-15,P11,14,46,0,110
2027-06-16,P11,13,85,0,110
2027-06-17,P11,19,72,0,110
2027-06-18,P11,12,87,0,110
2027-06-19,P11,8,81,0,110
2027-06-20,P11,19,21,0,110
2027-06-21,P11,11,27,0,110
2027-06-22,P11,15,139,0,110
2027-06-23,P11,15,22,0,110
2027-06-24,P11,12,115,0,110
2027-06-25,P11,15,61,0,110
2027-06-26,P11,17,63,0,110
2027-06-27,P11,20,64,0,110
2027-06-28,P11,19,81,0,110
2027-06-29,P11,15,47,0,110
2027-06-30,P11,18,26,0,110
2027-07-01,P11,18,100,0,110
2027-07-02,P11,18,44,1,110
2027-07-03,P11,30,52,1,110
2027-07-04,P11,23,56,0,110
2027-07-05,P11,16,96,0,110
2027-07-06,P11,14,50,0,110
2027-07-07,P11,7,134,0,110
2027-07-08,P11,21,75,0,110
2027-07-09,P11,22,111,1,110
2027-07-10,P11,28,103,1,110
2027-07-11,P11,17,39,0,110
2027-07-12,P11,13,105,0,110
2027-07-13,P11,16,117,0,110
2027-07-14,P11,19,42,0,110
2027-07-15,P11,15,89,0,110
2027-07-16,P11,14,83,1,110
2027-07-17,P11,22,98,1,110
2027-07-18,P11,21,34,0,110
2027-07-19,P11,16,28,0,110
2027-07-20,P11,12,27,0,110
2027-07-21,P11,19,87,0,110
2027-07-22,P11,14,41,0,110
2027-07-23,P11,13,86,1,110
2027-07-24,P11,19,108,1,110
2027-07-25,P11,22,104,0,110
2027-07-26,P11,19,53,0,110
2027-07-27,P11,13,82,0,110
2027-07-28,P11,23,104,0,110
2027-07-29,P11,19,104,0,110
2027-07-30,P11,23,39,1,110
2027-07-31,P11,22,76,1,110
2027-08-01,P11,18,38,0,110
2027-08-02,P11,20,137,0,110
2027-08-03,P11,14,76,0,110
2027-08-04,P11,15,65,0,110
2027-08-05,P11,15,31,0,110
2027-08-06,P11,21,120,0,110
2027-08-07,P11,18,92,0,110
2027-08-08,P11,23,54,0,110
2027-08-09,P11,18,56,0,110
2027-08-10,P11,20,73,0,110
2027-08-11,P11,15,49,0,110
2027-08-12,P11,13,78,0,110
2027-08-13,P11,13,127,0,110
2027-08-14,P11,22,115,0,110
2027-08-15,P11,25,32,1,110
2027-08-16,P11,18,117,1,110
2027-08-17,P11,20,82,1,110
2027-08-18,P11,12,121,0,110
2027-08-19,P11,15,59,0,110
2027-08-20,P11,16,126,0,110
2027-08-21,P11,17,121,0,110
2027-08-22,P11,17,46,0,110
2027-08-23,P11,17,55,0,110
2027-08-24,P11,21,110,0,110
2027-08-25,P11,10,27,0,110
2027-08-26,P11,16,40,0,110
2027-08-27,P11,17,75,0,110
2027-08-28,P11,15,84,0,110
2027-08-29,P11,25,93,0,110
2027-08-30,P11,17,33,0,110
2027-08-31,P11,23,78,0,110
2027-09-01,P11,18,81,0,110
2027-09-02,P11,15,82,0,110
2027-09-03,P11,18,40,0,110
2027-09-04,P11,20,30,0,110
2027-09-05,P11,18,85,0,110
2027-09-06,P11,27,125,0,110
2027-09-07,P11,13,128,0,110
2027-09-08,P11,15,104,0,110
2027-09-09,P11,20,83,0,110
2027-09-10,P11,17,70,0,110
2027-09-11,P11,25,92,0,110
2027-09-12,P11,21,98,0,110
2027-09-13,P11,14,121,0,110
2027-09-14,P11,15,84,0,110
2027-09-15,P11,14,99,0,110
2027-09-16,P11,13,81,0,110
2027-09-17,P11,15,101,0,110
2027-09-18,P11,26,113,0,110
2027-09-19,P11,16,97,0,110
2027-09-20,P11,12,135,0,110
2027-09-21,P11,14,44,0,110
2027-09-22,P11,16,35,0,110
2027-09-23,P11,17,114,0,110
2027-09-24,P11,25,83,0,110
2027-09-25,P11,21,86,0,110
2027-09-26,P11,16,79,0,110
2027-09-27,P11,13,38,0,110
2027-09-28,P11,20,46,0,110
2027-09-29,P11,27,135,0,110
2027-09-30,P11,17,134,0,110
2027-10-01,P11,21,108,1,110
2027-10-02,P11,24,63,1,110
2027-10-03,P11,16,42,0,110
2027-10-04,P11,12,103,0,110
2027-10-05,P11,13,41,0,110
2027-10-06,P11,12,42,0,110
2027-10-07,P11,21,47,0,110
2027-10-08,P11,17,41,1,110
2027-10-09,P11,26,88,1,110
2027-10-10,P11,17,82,0,110
2027-10-11,P11,17,12,0,110
2027-10-12,P11,15,77,0,110
2027-10-13,P11,19,50,0,110
2027-10-14,P11,11,33,0,110
2027-10-15,P11,24,87,1,110
2027-10-16,P11,31,82,1,110
2027-10-17,P11,20,47,0,110
2027-10-18,P11,11,46,0,110
2027-10-19,P11,14,84,0,110
2027-10-20,P11,28,94,1,110
2027-10-21,P11,34,61,1,110
2027-10-22,P11,39,111,1,110
2027-10-23,P11,45,71,1,110
2027-10-24,P11,27,100,1,110
2027-10-25,P11,31,103,1,110
2027-10-26,P11,15,67,0,110
2027-10-27,P11,20,121,0,110
2027-10-28,P11,23,127,0,110
2027-10-29,P11,13,112,1,110
2027-10-30,P11,18,68,1,110
2027-10-31,P11,11,107,0,110
2027-11-01,P11,34,82,1,110
2027-11-02,P11,30,70,1,110
2027-11-03,P11,39,69,1,110
2027-11-04,P11,13,111,0,110
2027-11-05,P11,20,86,0,110
2027-11-06,P11,21,100,0,110
2027-11-07,P11,19,69,0,110
2027-11-08,P11,21,106,0,110
2027-11-09,P11,25,26,0,110
2027-11-10,P11,20,74,0,110
2027-11-11,P11,16,98,0,110
2027-11-12,P11,20,26,0,110
2027-11-13,P11,23,77,0,110
2027-11-14,P11,18,47,0,110
2027-11-15,P11,18,132,0,110
2027-11-16,P11,19,38,0,110
2027-11-17,P11,7,34,0,110
2027-11-18,P11,15,97,0,110
2027-11-19,P11,19,50,0,110
2027-11-20,P11,19,46,0,110
2027-11-21,P11,10,108,0,110
2027-11-22,P11,14,94,0,110
2027-11-23,P11,17,70,0,110
2027-11-24,P11,17,38,0,110
2027-11-25,P11,18,102,0,110
2027-11-26,P11,18,104,0,110
2027-11-27,P11,15,64,0,110
2027-11-28,P11,24,44,0,110
2027-11-29,P11,28,51,0,110
2027-11-30,P11,14,85,0,110
2027-12-01,P11,16,52,0,110
2027-12-02,P11,18,98,0,110
2027-12-03,P11,22,62,0,110
2027-12-04,P11,17,42,0,110
2027-12-05,P11,24,108,0,110
2027-12-06,P11,18,39,0,110
2027-12-07,P11,22,78,0,110
2027-12-08,P11,11,66,0,110
2027-12-09,P11,17,46,0,110
2027-12-10,P11,24,90,0,110
2027-12-11,P11,14,22,0,110
2027-12-12,P11,20,54,0,110
2027-12-13,P11,19,96,0,110
2027-12-14,P11,18,120,0,110
2027-12-15,P11,13,67,0,110
2027-12-16,P11,16,49,0,110
2027-12-17,P11,17,110,0,110
2027-12-18,P11,23,59,0,110
2027-12-19,P11,25,91,0,110
2027-12-20,P11,14,137,0,110
2027-12-21,P11,22,110,0,110
2027-12-22,P11,19,134,0,110
2027-12-23,P11,18,40,0,110
2027-12-24,P11,10,70,0,110
2027-12-25,P11,28,87,0,110
2027-12-26,P11,19,85,0,110
2027-12-27,P11,10,26,0,110
2027-12-28,P11,21,86,0,110
2027-12-29,P11,15,100,0,110
2027-12-30,P11,21,94,0,110
2027-12-31,P11,16,76,0,110
2026-01-01,P12,8,35,0,95
2026-01-02,P12,6,55,0,95
2026-01-03,P12,10,130,0,95
2026-01-04,P12,7,52,0,95
2026-01-05,P12,9,46,0,95
2026-01-06,P12,12,129,0,95
2026-01-07,P12,3,46,0,95
2026-01-08,P12,7,46,0,95
2026-01-09,P12,5,120,0,95
2026-01-10,P12,10,88,0,95
2026-01-11,P12,5,89,0,95
2026-01-12,P12,8,62,0,95
2026-01-13,P12,15,94,1,95
2026-01-14,P12,14,125,1,95
2026-01-15,P12,15,51,1,95
2026-01-16,P12,14,32,1,95
2026-01-17,P12,7,29,0,95
2026-01-18,P12,9,68,0,95
2026-01-19,P12,5,61,0,95
2026-01-20,P12,12,38,0,95
2026-01-21,P12,9,74,0,95
2026-01-22,P12,6,114,0,95
2026-01-23,P12,11,29,0,95
2026-01-24,P12,7,44,0,95
2026-01-25,P12,9,43,0,95
2026-01-26,P12,11,82,0,95
2026-01-27,P12,10,57,0,95
2026-01-28,P12,12,16,0,95
2026-01-29,P12,11,100,0,95
2026-01-30,P12,6,119,0,95
2026-01-31,P12,10,36,0,95
2026-02-01,P12,14,26,0,95
2026-02-02,P12,6,24,0,95
2026-02-03,P12,11,35,0,95
2026-02-04,P12,10,135,0,95
2026-02-05,P12,6,53,0,95
2026-02-06,P12,10,77,0,95
2026-02-07,P12,13,131,0,95
2026-02-08,P12,17,121,0,95
2026-02-09,P12,8,47,0,95
2026-02-10,P12,14,54,0,95
2026-02-11,P12,11,34,0,95
2026-02-12,P12,9,67,0,95
2026-02-13,P12,7,94,0,95
2026-02-14,P12,12,24,0,95
2026-02-15,P12,16,128,0,95
2026-02-16,P12,13,120,0,95
2026-02-17,P12,10,13,0,95
2026-02-18,P12,11,14,0,95
2026-02-19,P12,13,68,0,95
2026-02-20,P12,9,62,0,95
2026-02-21,P12,14,33,0,95
2026-02-22,P12,12,106,0,95
2026-02-23,P12,11,112,0,95
2026-02-24,P12,13,97,0,95
2026-02-25,P12,12,132,0,95
2026-02-26,P12,10,68,0,95
2026-02-27,P12,13,138,0,95
2026-02-28,P12,18,62,0,95
2026-03-01,P12,13,119,0,95
2026-03-02,P12,16,99,0,95
2026-03-03,P12,11,73,0,95
2026-03-04,P12,11,64,0,95
2026-03-05,P12,14,49,0,95
2026-03-06,P12,23,62,1,95
2026-03-07,P12,15,43,1,95
2026-03-08,P12,8,127,0,95
2026-03-09,P12,13,67,0,95
2026-03-10,P12,10,43,0,95
2026-03-11,P12,9,57,0,95
2026-03-12,P12,11,35,0,95
2026-03-13,P12,14,127,1,95
2026-03-14,P12,21,107,1,95
2026-03-15,P12,15,35,0,95
2026-03-16,P12,10,113,0,95
2026-03-17,P12,14,53,0,95
2026-03-18,P12,10,19,0,95
2026-03-19,P12,13,122,0,95
2026-03-20,P12,12,73,1,95
2026-03-21,P12,20,125,1,95
2026-03-22,P12,14,102,0,95
2026-03-23,P12,10,99,0,95
2026-03-24,P12,11,120,0,95
2026-03-25,P12,15,91,0,95
2026-03-26,P12,17,77,0,95
2026-03-27,P12,17,24,1,95
2026-03-28,P12,23,57,1,95
2026-03-29,P12,18,52,0,95
2026-03-30,P12,11,61,0,95
2026-03-31,P12,18,29,0,95
2026-04-01,P12,13,61,0,95
2026-04-02,P12,15,137,0,95
2026-04-03,P12,20,61,0,95
2026-04-04,P12,14,33,0,95
2026-04-05,P12,23,139,0,95
2026-04-06,P12,17,67,0,95
2026-04-07,P12,8,11,0,95
2026-04-08,P12,12,60,0,95
2026-04-09,P12,15,122,0,95
2026-04-10,P12,12,92,0,95
2026-04-11,P12,25,32,0,95
2026-04-12,P12,16,37,0,95
2026-04-13,P12,18,53,0,95
2026-04-14,P12,18,43,0,95
2026-04-15,P12,17,80,0,95
2026-04-16,P12,15,104,0,95
2026-04-17,P12,13,46,0,95
2026-04-18,P12,22,131,0,95
2026-04-19,P12,19,46,0,95
2026-04-20,P12,18,89,0,95
2026-04-21,P12,8,92,0,95
2026-04-22,P12,20,29,0,95
2026-04-23,P12,17,50,0,95
2026-04-24,P12,18,86,0,95
2026-04-25,P12,20,107,0,95
2026-04-26,P12,18,131,0,95
2026-04-27,P12,17,38,0,95
2026-04-28,P12,13,29,0,95
2026-04-29,P12,15,99,0,95
2026-04-30,P12,15,40,0,95
2026-05-01,P12,18,73,0,95
2026-05-02,P12,17,33,0,95
2026-05-03,P12,20,40,0,95
2026-05-04,P12,23,78,0,95
2026-05-05,P12,9,68,0,95
2026-05-06,P12,13,79,0,95
2026-05-07,P12,20,102,0,95
2026-05-08,P12,17,102,0,95
2026-05-09,P12,18,138,0,95
2026-05-10,P12,26,115,0,95
2026-05-11,P12,9,119,0,95
2026-05-12,P12,20,110,0,95
2026-05-13,P12,13,39,0,95
2026-05-14,P12,13,82,0,95
2026-05-15,P12,20,41,0,95
2026-05-16,P12,11,90,0,95
2026-05-17,P12,13,63,0,95
2026-05-18,P12,10,44,0,95
2026-05-19,P12,18,132,0,95
2026-05-20,P12,18,38,0,95
2026-05-21,P12,22,77,0,95
2026-05-22,P12,13,135,0,95
2026-05-23,P12,19,47,0,95
2026-05-24,P12,19,74,0,95
2026-05-25,P12,15,55,0,95
2026-05-26,P12,21,47,0,95
2026-05-27,P12,12,33,0,95
2026-05-28,P12,13,19,0,95
2026-05-29,P12,12,38,0,95
2026-05-30,P12,17,69,0,95
2026-05-31,P12,23,33,0,95
2026-06-01,P12,22,103,0,95
2026-06-02,P12,20,94,0,95
2026-06-03,P12,22,85,0,95
2026-06-04,P12,13,34,0,95
2026-06-05,P12,18,52,0,95
2026-06-06,P12,18,60,0,95
2026-06-07,P12,24,82,0,95
2026-06-08,P12,16,31,0,95
2026-06-09,P12,15,57,0,95
2026-06-10,P12,17,112,0,95
2026-06-11,P12,13,87,0,95
2026-06-12,P12,16,120,0,95
2026-06-13,P12,23,132,0,95
2026-06-14,P12,19,103,0,95
2026-06-15,P12,7,15,0,95
2026-06-16,P12,17,136,0,95
2026-06-17,P12,10,27,0,95
2026-06-18,P12,19,72,0,95
2026-06-19,P12,14,122,0,95
2026-06-20,P12,32,76,0,95
2026-06-21,P12,22,81,0,95
2026-06-22,P12,19,48,0,95
2026-06-23,P12,19,18,0,95
2026-06-24,P12,19,51,0,95
2026-06-25,P12,24,78,0,95
2026-06-26,P12,21,33,0,95
2026-06-27,P12,12,40,0,95
2026-06-28,P12,18,27,0,95
2026-06-29,P12,23,54,0,95
2026-06-30,P12,24,44,0,95
2026-07-01,P12,21,66,0,95
2026-07-02,P12,25,114,0,95
2026-07-03,P12,18,132,1,95
2026-07-04,P12,27,78,1,95
2026-07-05,P12,18,126,0,95
2026-07-06,P12,10,62,0,95
2026-07-07,P12,16,139,0,95
2026-07-08,P12,22,87,0,95
2026-07-09,P12,13,106,0,95
2026-07-10,P12,24,29,1,95
2026-07-11,P12,15,111,1,95
2026-07-12,P12,22,51,0,95
2026-07-13,P12,7,114,0,95
2026-07-14,P12,16,119,0,95
2026-07-15,P12,20,96,0,95
2026-07-16,P12,21,45,0,95
2026-07-17,P12,18,47,1,95
2026-07-18,P12,25,132,1,95
2026-07-19,P12,17,44,0,95
2026-07-20,P12,12,46,0,95
2026-07-21,P12,11,133,0,95
2026-07-22,P12,11,120,0,95
2026-07-23,P12,19,72,0,95
2026-07-24,P12,17,84,1,95
2026-07-25,P12,23,118,1,95
2026-07-26,P12,16,32,0,95
2026-07-27,P12,6,27,0,95
2026-07-28,P12,14,45,0,95
2026-07-29,P12,16,74,0,95
2026-07-30,P12,12,26,0,95
2026-07-31,P12,27,56,1,95
2026-08-01,P12,22,52,0,95
2026-08-02,P12,21,116,0,95
2026-08-03,P12,19,74,0,95
2026-08-04,P12,20,41,0,95
2026-08-05,P12,18,112,0,95
2026-08-06,P12,18,29,0,95
2026-08-07,P12,18,36,0,95
2026-08-08,P12,23,112,0,95
2026-08-09,P12,34,127,0,95
2026-08-10,P12,13,67,0,95
2026-08-11,P12,25,45,0,95
2026-08-12,P12,19,34,0,95
2026-08-13,P12,13,37,0,95
2026-08-14,P12,18,55,0,95
2026-08-15,P12,23,45,1,95
2026-08-16,P12,17,78,1,95
2026-08-17,P12,21,129,1,95
2026-08-18,P12,17,61,0,95
2026-08-19,P12,15,39,0,95
2026-08-20,P12,21,34,0,95
2026-08-21,P12,19,68,0,95
2026-08-22,P12,22,42,0,95
2026-08-23,P12,26,48,0,95
2026-08-24,P12,16,27,0,95
2026-08-25,P12,18,33,0,95
2026-08-26,P12,24,58,0,95
2026-08-27,P12,14,78,0,95
2026-08-28,P12,18,49,0,95
2026-08-29,P12,26,57,0,95
2026-08-30,P12,20,95,0,95
2026-08-31,P12,20,58,0,95
2026-09-01,P12,20,53,0,95
2026-09-02,P12,19,37,0,95
2026-09-03,P12,13,43,0,95
2026-09-04,P12,17,130,0,95
2026-09-05,P12,20,52,0,95
2026-09-06,P12,23,70,0,95
2026-09-07,P12,15,72,0,95
2026-09-08,P12,14,58,0,95
2026-09-09,P12,16,135,0,95
2026-09-10,P12,15,133,0,95
2026-09-11,P12,18,96,0,95
2026-09-12,P12,22,45,0,95
2026-09-13,P12,20,98,0,95
2026-09-14,P12,23,24,0,95
2026-09-15,P12,22,121,0,95
2026-09-16,P12,21,113,0,95
2026-09-17,P12,24,69,0,95
2026-09-18,P12,18,81,0,95
2026-09-19,P12,15,122,0,95
2026-09-20,P12,19,23,0,95
2026-09-21,P12,14,97,0,95
2026-09-22,P12,14,133,0,95
2026-09-23,P12,19,130,0,95
2026-09-24,P12,10,89,0,95
2026-09-25,P12,16,64,0,95
2026-09-26,P12,16,112,0,95
2026-09-27,P12,20,75,0,95
2026-09-28,P12,24,83,0,95
2026-09-29,P12,17,91,0,95
2026-09-30,P12,17,117,0,95
2026-10-01,P12,19,91,0,95
2026-10-02,P12,24,105,1,95
2026-10-03,P12,39,45,1,95
2026-10-04,P12,32,60,0,95
2026-10-05,P12,12,94,0,95
2026-10-06,P12,4,19,0,95
2026-10-07,P12,18,95,0,95
2026-10-08,P12,18,80,0,95
2026-10-09,P12,27,107,1,95
2026-10-10,P12,28,97,1,95
2026-10-11,P12,18,134,0,95
2026-10-12,P12,16,102,0,95
2026-10-13,P12,17,129,0,95
2026-10-14,P12,20,50,0,95
2026-10-15,P12,21,81,0,95
2026-10-16,P12,26,112,1,95
2026-10-17,P12,25,55,1,95
2026-10-18,P12,29,124,0,95
2026-10-19,P12,15,104,0,95
2026-10-20,P12,36,46,1,95
2026-10-21,P12,32,33,1,95
2026-10-22,P12,43,62,1,95
2026-10-23,P12,36,50,1,95
2026-10-24,P12,34,58,1,95
2026-10-25,P12,55,77,1,95
2026-10-26,P12,11,102,0,95
2026-10-27,P12,12,34,0,95
2026-10-28,P12,24,29,0,95
2026-10-29,P12,18,25,0,95
2026-10-30,P12,26,81,1,95
2026-10-31,P12,26,54,1,95
2026-11-01,P12,39,129,1,95
2026-11-02,P12,31,48,1,95
2026-11-03,P12,37,53,1,95
2026-11-04,P12,7,131,0,95
2026-11-05,P12,10,68,0,95
2026-11-06,P12,21,116,0,95
2026-11-07,P12,13,57,0,95
2026-11-08,P12,14,114,0,95
2026-11-09,P12,14,59,0,95
2026-11-10,P12,7,121,0,95
2026-11-11,P12,16,114,0,95
2026-11-12,P12,15,122,0,95
2026-11-13,P12,25,33,0,95
2026-11-14,P12,19,130,0,95
2026-11-15,P12,20,98,0,95
2026-11-16,P12,20,29,0,95
2026-11-17,P12,14,44,0,95
2026-11-18,P12,8,89,0,95
2026-11-19,P12,19,115,0,95
2026-11-20,P12,17,95,0,95
2026-11-21,P12,25,119,0,95
2026-11-22,P12,25,89,0,95
2026-11-23,P12,15,98,0,95
2026-11-24,P12,16,58,0,95
2026-11-25,P12,16,41,0,95
2026-11-26,P12,25,123,0,95
2026-11-27,P12,18,104,0,95
2026-11-28,P12,22,54,0,95
2026-11-29,P12,18,22,0,95
2026-11-30,P12,17,70,0,95
2026-12-01,P12,18,107,0,95
2026-12-02,P12,20,86,0,95
2026-12-03,P12,29,58,0,95
2026-12-04,P12,21,45,0,95
2026-12-05,P12,18,32,0,95
2026-12-06,P12,17,37,0,95
2026-12-07,P12,12,101,0,95
2026-12-08,P12,16,49,0,95
2026-12-09,P12,16,130,0,95
2026-12-10,P12,24,134,0,95
2026-12-11,P12,22,57,0,95
2026-12-12,P12,31,55,0,95
2026-12-13,P12,16,59,0,95
2026-12-14,P12,17,62,0,95
2026-12-15,P12,19,123,0,95
2026-12-16,P12,21,52,0,95
2026-12-17,P12,12,17,0,95
2026-12-18,P12,21,94,0,95
2026-12-19,P12,27,33,0,95
2026-12-20,P12,16,37,0,95
2026-12-21,P12,21,96,0,95
2026-12-22,P12,13,47,0,95
2026-12-23,P12,16,33,0,95
2026-12-24,P12,23,127,0,95
2026-12-25,P12,19,36,0,95
2026-12-26,P12,28,113,0,95
2026-12-27,P12,14,39,0,95
2026-12-28,P12,19,47,0,95
2026-12-29,P12,8,33,0,95
2026-12-30,P12,14,135,0,95
2026-12-31,P12,24,68,0,95
2027-01-01,P12,14,56,0,95
2027-01-02,P12,21,115,0,95
2027-01-03,P12,22,125,0,95
2027-01-04,P12,22,61,0,95
2027-01-05,P12,16,53,0,95
2027-01-06,P12,12,96,0,95
2027-01-07,P12,19,135,0,95
2027-01-08,P12,19,40,0,95
2027-01-09,P12,17,26,0,95
2027-01-10,P12,17,96,0,95
2027-01-11,P12,14,51,0,95
2027-01-12,P12,10,119,0,95
2027-01-13,P12,23,103,1,95
2027-01-14,P12,33,45,1,95
2027-01-15,P12,30,49,1,95
2027-01-16,P12,32,56,1,95
2027-01-17,P12,22,116,0,95
2027-01-18,P12,21,124,0,95
2027-01-19,P12,18,123,0,95
2027-01-20,P12,21,119,0,95
2027-01-21,P12,12,40,0,95
2027-01-22,P12,13,68,0,95
2027-01-23,P12,13,112,0,95
2027-01-24,P12,11,31,0,95
2027-01-25,P12,25,80,0,95
2027-01-26,P12,15,122,0,95
2027-01-27,P12,17,122,0,95
2027-01-28,P12,19,139,0,95
2027-01-29,P12,23,81,0,95
2027-01-30,P12,21,70,0,95
2027-01-31,P12,17,26,0,95
2027-02-01,P12,15,137,0,95
2027-02-02,P12,18,26,0,95
2027-02-03,P12,10,28,0,95
2027-02-04,P12,15,40,0,95
2027-02-05,P12,17,57,0,95
2027-02-06,P12,21,136,0,95
2027-02-07,P12,13,31,0,95
2027-02-08,P12,12,52,0,95
2027-02-09,P12,14,42,0,95
2027-02-10,P12,15,96,0,95
2027-02-11,P12,10,48,0,95
2027-02-12,P12,15,118,0,95
2027-02-13,P12,18,44,0,95
2027-02-14,P12,15,81,0,95
2027-02-15,P12,15,122,0,95
2027-02-16,P12,14,134,0,95
2027-02-17,P12,12,104,0,95
2027-02-18,P12,24,106,0,95
2027-02-19,P12,20,36,0,95
2027-02-20,P12,15,112,0,95
2027-02-21,P12,10,105,0,95
2027-02-22,P12,17,39,0,95
2027-02-23,P12,11,89,0,95
2027-02-24,P12,12,87,0,95
2027-02-25,P12,20,49,0,95
2027-02-26,P12,14,129,0,95
2027-02-27,P12,21,49,0,95
2027-02-28,P12,14,122,0,95
2027-03-01,P12,22,101,0,95
2027-03-02,P12,16,43,0,95
2027-03-03,P12,18,113,0,95
2027-03-04,P12,7,65,0,95
2027-03-05,P12,23,40,1,95
2027-03-06,P12,19,67,1,95
2027-03-07,P12,19,25,0,95
2027-03-08,P12,17,26,0,95
2027-03-09,P12,19,37,0,95
2027-03-10,P12,13,82,0,95
2027-03-11,P12,17,68,0,95
2027-03-12,P12,13,37,1,95
2027-03-13,P12,26,59,1,95
2027-03-14,P12,19,57,0,95
2027-03-15,P12,16,126,0,95
2027-03-16,P12,17,115,0,95
2027-03-17,P12,14,59,0,95
2027-03-18,P12,13,79,0,95
2027-03-19,P12,29,68,1,95
2027-03-20,P12,23,30,1,95
2027-03-21,P12,19,56,0,95
2027-03-22,P12,15,35,0,95
2027-03-23,P12,9,29,0,95
2027-03-24,P12,19,66,0,95
2027-03-25,P12,20,58,0,95
2027-03-26,P12,17,131,1,95
2027-03-27,P12,23,122,1,95
2027-03-28,P12,18,78,0,95
2027-03-29,P12,13,135,0,95
2027-03-30,P12,19,73,0,95
2027-03-31,P12,13,16,0,95
2027-04-01,P12,26,33,0,95
2027-04-02,P12,22,117,0,95
2027-04-03,P12,22,38,0,95
2027-04-04,P12,24,130,0,95
2027-04-05,P12,14,34,0,95
2027-04-06,P12,19,52,0,95
2027-04-07,P12,18,129,0,95
2027-04-08,P12,16,37,0,95
2027-04-09,P12,20,75,0,95
2027-04-10,P12,34,59,0,95
2027-04-11,P12,18,131,0,95
2027-04-12,P12,15,73,0,95
2027-04-13,P12,18,90,0,95
2027-04-14,P12,20,22,0,95
2027-04-15,P12,16,120,0,95
2027-04-16,P12,17,28,0,95
2027-04-17,P12,18,37,0,95
2027-04-18,P12,15,113,0,95
2027-04-19,P12,16,48,0,95
2027-04-20,P12,8,41,0,95
2027-04-21,P12,22,44,0,95
2027-04-22,P12,16,117,0,95
2027-04-23,P12,17,43,0,95
2027-04-24,P12,20,123,0,95
2027-04-25,P12,21,32,0,95
2027-04-26,P12,20,40,0,95
2027-04-27,P12,15,52,0,95
2027-04-28,P12,12,114,0,95
2027-04-29,P12,14,47,0,95
2027-04-30,P12,24,100,0,95
2027-05-01,P12,24,129,0,95
2027-05-02,P12,30,73,0,95
2027-05-03,P12,17,62,0,95
2027-05-04,P12,18,117,0,95
2027-05-05,P12,11,112,0,95
2027-05-06,P12,15,33,0,95
2027-05-07,P12,15,94,0,95
2027-05-08,P12,26,116,0,95
2027-05-09,P12,17,122,0,95
2027-05-10,P12,13,129,0,95
2027-05-11,P12,19,48,0,95
2027-05-12,P12,17,57,0,95
2027-05-13,P12,19,40,0,95
2027-05-14,P12,20,74,0,95
2027-05-15,P12,15,103,0,95
2027-05-16,P12,31,117,0,95
2027-05-17,P12,22,125,0,95
2027-05-18,P12,22,77,0,95
2027-05-19,P12,20,38,0,95
2027-05-20,P12,19,30,0,95
2027-05-21,P12,10,107,0,95
2027-05-22,P12,35,63,0,95
2027-05-23,P12,25,110,0,95
2027-05-24,P12,12,124,0,95
2027-05-25,P12,17,108,0,95
2027-05-26,P12,13,114,0,95
2027-05-27,P12,11,45,0,95
2027-05-28,P12,10,28,0,95
2027-05-29,P12,25,101,0,95
2027-05-30,P12,22,61,0,95
2027-05-31,P12,18,127,0,95
2027-06-01,P12,23,27,0,95
2027-06-02,P12,25,55,0,95
2027-06-03,P12,19,40,0,95
2027-06-04,P12,18,105,0,95
2027-06-05,P12,16,55,0,95
2027-06-06,P12,19,119,0,95
2027-06-07,P12,22,71,0,95
2027-06-08,P12,14,99,0,95
2027-06-09,P12,26,102,0,95
2027-06-10,P12,16,41,0,95
2027-06-11,P12,14,49,0,95
2027-06-12,P12,15,43,0,95
2027-06-13,P12,18,72,0,95
2027-06-14,P12,22,114,0,95
2027-06-15,P12,13,66,0,95
2027-06-16,P12,15,43,0,95
2027-06-17,P12,19,51,0,95
2027-06-18,P12,19,51,0,95
2027-06-19,P12,30,57,0,95
2027-06-20,P12,25,106,0,95
2027-06-21,P12,13,104,0,95
2027-06-22,P12,15,78,0,95
2027-06-23,P12,10,72,0,95
2027-06-24,P12,17,94,0,95
2027-06-25,P12,19,77,0,95
2027-06-26,P12,18,79,0,95
2027-06-27,P12,19,93,0,95
2027-06-28,P12,15,90,0,95
2027-06-29,P12,17,126,0,95
2027-06-30,P12,15,124,0,95
2027-07-01,P12,18,49,0,95
2027-07-02,P12,25,89,1,95
2027-07-03,P12,30,69,1,95
2027-07-04,P12,19,86,0,95
2027-07-05,P12,15,114,0,95
2027-07-06,P12,18,21,0,95
2027-07-07,P12,13,69,0,95
2027-07-08,P12,14,131,0,95
2027-07-09,P12,22,57,1,95
2027-07-10,P12,23,45,1,95
2027-07-11,P12,21,49,0,95
2027-07-12,P12,11,23,0,95
2027-07-13,P12,22,53,0,95
2027-07-14,P12,16,128,0,95
2027-07-15,P12,20,108,0,95
2027-07-16,P12,19,122,1,95
2027-07-17,P12,33,66,1,95
2027-07-18,P12,27,35,0,95
2027-07-19,P12,18,50,0,95
2027-07-20,P12,22,72,0,95
2027-07-21,P12,17,80,0,95
2027-07-22,P12,12,40,0,95
2027-07-23,P12,19,111,1,95
2027-07-24,P12,21,64,1,95
2027-07-25,P12,14,76,0,95
2027-07-26,P12,18,60,0,95
2027-07-27,P12,15,94,0,95
2027-07-28,P12,15,120,0,95
2027-07-29,P12,16,64,0,95
2027-07-30,P12,23,44,1,95
2027-07-31,P12,25,39,1,95
2027-08-01,P12,22,53,0,95
2027-08-02,P12,15,59,0,95
2027-08-03,P12,19,80,0,95
2027-08-04,P12,17,120,0,95
2027-08-05,P12,16,18,0,95
2027-08-06,P12,16,38,0,95
2027-08-07,P12,26,25,0,95
2027-08-08,P12,16,128,0,95
2027-08-09,P12,13,68,0,95
2027-08-10,P12,13,46,0,95
2027-08-11,P12,15,36,0,95
2027-08-12,P12,22,52,0,95
2027-08-13,P12,19,53,0,95
2027-08-14,P12,21,55,0,95
2027-08-15,P12,27,122,1,95
2027-08-16,P12,28,88,1,95
2027-08-17,P12,29,55,1,95
2027-08-18,P12,12,117,0,95
2027-08-19,P12,19,45,0,95
2027-08-20,P12,25,40,0,95
2027-08-21,P12,26,113,0,95
2027-08-22,P12,20,43,0,95
2027-08-23,P12,22,53,0,95
2027-08-24,P12,16,85,0,95
2027-08-25,P12,15,106,0,95
2027-08-26,P12,18,76,0,95
2027-08-27,P12,21,130,0,95
2027-08-28,P12,20,87,0,95
2027-08-29,P12,15,53,0,95
2027-08-30,P12,15,29,0,95
2027-08-31,P12,16,61,0,95
2027-09-01,P12,23,104,0,95
2027-09-02,P12,14,135,0,95
2027-09-03,P12,25,34,0,95
2027-09-04,P12,20,54,0,95
2027-09-05,P12,19,135,0,95
2027-09-06,P12,24,108,0,95
2027-09-07,P12,18,95,0,95
2027-09-08,P12,12,74,0,95
2027-09-09,P12,13,132,0,95
2027-09-10,P12,17,132,0,95
2027-09-11,P12,25,26,0,95
2027-09-12,P12,22,126,0,95
2027-09-13,P12,12,103,0,95
2027-09-14,P12,11,116,0,95
2027-09-15,P12,13,35,0,95
2027-09-16,P12,20,37,0,95
2027-09-17,P12,24,48,0,95
2027-09-18,P12,24,39,0,95
2027-09-19,P12,14,124,0,95
2027-09-20,P12,17,100,0,95
2027-09-21,P12,15,132,0,95
2027-09-22,P12,25,48,0,95
2027-09-23,P12,8,115,0,95
2027-09-24,P12,15,123,0,95
2027-09-25,P12,24,49,0,95
2027-09-26,P12,25,107,0,95
2027-09-27,P12,10,96,0,95
2027-09-28,P12,19,72,0,95
2027-09-29,P12,15,82,0,95
2027-09-30,P12,13,97,0,95
2027-10-01,P12,20,137,1,95
2027-10-02,P12,31,71,1,95
2027-10-03,P12,16,55,0,95
2027-10-04,P12,17,121,0,95
2027-10-05,P12,19,31,0,95
2027-10-06,P12,18,133,0,95
2027-10-07,P12,21,130,0,95
2027-10-08,P12,27,51,1,95
2027-10-09,P12,17,89,1,95
2027-10-10,P12,19,27,0,95
2027-10-11,P12,13,38,0,95
2027-10-12,P12,12,53,0,95
2027-10-13,P12,26,52,0,95
2027-10-14,P12,14,35,0,95
2027-10-15,P12,28,74,1,95
2027-10-16,P12,25,121,1,95
2027-10-17,P12,24,62,0,95
2027-10-18,P12,22,129,0,95
2027-10-19,P12,15,102,0,95
2027-10-20,P12,27,134,1,95
2027-10-21,P12,28,119,1,95
2027-10-22,P12,36,113,1,95
2027-10-23,P12,26,86,1,95
2027-10-24,P12,34,61,1,95
2027-10-25,P12,44,74,1,95
2027-10-26,P12,23,113,0,95
2027-10-27,P12,14,33,0,95
2027-10-28,P12,12,52,0,95
2027-10-29,P12,21,34,1,95
2027-10-30,P12,20,52,1,95
2027-10-31,P12,17,48,0,95
2027-11-01,P12,28,91,1,95
2027-11-02,P12,30,123,1,95
2027-11-03,P12,39,125,1,95
2027-11-04,P12,13,79,0,95
2027-11-05,P12,24,93,0,95
2027-11-06,P12,23,63,0,95
2027-11-07,P12,27,36,0,95
2027-11-08,P12,14,127,0,95
2027-11-09,P12,11,127,0,95
2027-11-10,P12,15,127,0,95
2027-11-11,P12,10,29,0,95
2027-11-12,P12,20,109,0,95
2027-11-13,P12,19,111,0,95
2027-11-14,P12,19,50,0,95
2027-11-15,P12,11,118,0,95
2027-11-16,P12,14,22,0,95
2027-11-17,P12,18,45,0,95
2027-11-18,P12,21,85,0,95
2027-11-19,P12,15,32,0,95
2027-11-20,P12,21,97,0,95
2027-11-21,P12,22,129,0,95
2027-11-22,P12,12,136,0,95
2027-11-23,P12,15,97,0,95
2027-11-24,P12,20,50,0,95
2027-11-25,P12,22,94,0,95
2027-11-26,P12,15,124,0,95
2027-11-27,P12,23,132,0,95
2027-11-28,P12,19,62,0,95
2027-11-29,P12,12,52,0,95
2027-11-30,P12,15,58,0,95
2027-12-01,P12,11,137,0,95
2027-12-02,P12,19,121,0,95
2027-12-03,P12,16,108,0,95
2027-12-04,P12,24,42,0,95
2027-12-05,P12,21,43,0,95
2027-12-06,P12,18,66,0,95
2027-12-07,P12,15,31,0,95
2027-12-08,P12,12,55,0,95
2027-12-09,P12,12,79,0,95
2027-12-10,P12,24,55,0,95
2027-12-11,P12,23,45,0,95
2027-12-12,P12,22,32,0,95
2027-12-13,P12,20,121,0,95
2027-12-14,P12,15,95,0,95
2027-12-15,P12,24,30,0,95
2027-12-16,P12,15,67,0,95
2027-12-17,P12,17,69,0,95
2027-12-18,P12,17,47,0,95
2027-12-19,P12,22,36,0,95
2027-12-20,P12,14,101,0,95
2027-12-21,P12,20,134,0,95
2027-12-22,P12,19,50,0,95
2027-12-23,P12,14,56,0,95
2027-12-24,P12,19,127,0,95
2027-12-25,P12,23,57,0,95
2027-12-26,P12,20,31,0,95
2027-12-27,P12,16,104,0,95
2027-12-28,P12,21,131,0,95
2027-12-29,P12,20,100,0,95
2027-12-30,P12,14,83,0,95
2027-12-31,P12,30,65,0,95
2026-01-01,P13,10,28,0,120
2026-01-02,P13,12,134,0,120
2026-01-03,P13,12,73,0,120
2026-01-04,P13,10,48,0,120
2026-01-05,P13,8,28,0,120
2026-01-06,P13,9,46,0,120
2026-01-07,P13,12,137,0,120
2026-01-08,P13,15,52,0,120
2026-01-09,P13,13,110,0,120
2026-01-10,P13,20,35,0,120
2026-01-11,P13,12,79,0,120
2026-01-12,P13,14,80,0,120
2026-01-13,P13,22,29,1,120
2026-01-14,P13,17,131,1,120
2026-01-15,P13,16,32,1,120
2026-01-16,P13,22,90,1,120
2026-01-17,P13,7,83,0,120
2026-01-18,P13,17,56,0,120
2026-01-19,P13,14,34,0,120
2026-01-20,P13,14,74,0,120
2026-01-21,P13,12,88,0,120
2026-01-22,P13,17,33,0,120
2026-01-23,P13,15,47,0,120
2026-01-24,P13,13,103,0,120
2026-01-25,P13,9,32,0,120
2026-01-26,P13,9,94,0,120
2026-01-27,P13,13,100,0,120
2026-01-28,P13,20,77,0,120
2026-01-29,P13,19,130,0,120
2026-01-30,P13,14,41,0,120
2026-01-31,P13,18,84,0,120
2026-02-01,P13,17,87,0,120
2026-02-02,P13,9,137,0,120
2026-02-03,P13,16,41,0,120
2026-02-04,P13,12,89,0,120
2026-02-05,P13,7,129,0,120
2026-02-06,P13,9,27,0,120
2026-02-07,P13,25,90,0,120
2026-02-08,P13,12,65,0,120
2026-02-09,P13,15,50,0,120
2026-02-10,P13,14,113,0,120
2026-02-11,P13,19,31,0,120
2026-02-12,P13,19,114,0,120
2026-02-13,P13,18,63,0,120
2026-02-14,P13,18,97,0,120
2026-02-15,P13,18,76,0,120
2026-02-16,P13,11,33,0,120
2026-02-17,P13,14,84,0,120
2026-02-18,P13,18,64,0,120
2026-02-19,P13,10,34,0,120
2026-02-20,P13,22,101,0,120
2026-02-21,P13,11,29,0,120
2026-02-22,P13,13,110,0,120
2026-02-23,P13,12,46,0,120
2026-02-24,P13,13,110,0,120
2026-02-25,P13,10,120,0,120
2026-02-26,P13,16,104,0,120
2026-02-27,P13,18,129,0,120
2026-02-28,P13,17,112,0,120
2026-03-01,P13,14,61,0,120
2026-03-02,P13,14,40,0,120
2026-03-03,P13,19,129,0,120
2026-03-04,P13,25,63,0,120
2026-03-05,P13,12,94,0,120
2026-03-06,P13,25,49,1,120
2026-03-07,P13,26,104,1,120
2026-03-08,P13,19,117,0,120
2026-03-09,P13,19,105,0,120
2026-03-10,P13,13,32,0,120
2026-03-11,P13,12,131,0,120
2026-03-12,P13,17,46,0,120
2026-03-13,P13,29,117,1,120
2026-03-14,P13,22,39,1,120
2026-03-15,P13,20,45,0,120
2026-03-16,P13,15,38,0,120
2026-03-17,P13,21,38,0,120
2026-03-18,P13,13,115,0,120
2026-03-19,P13,18,54,0,120
2026-03-20,P13,13,112,1,120
2026-03-21,P13,21,101,1,120
2026-03-22,P13,29,46,0,120
2026-03-23,P13,16,97,0,120
2026-03-24,P13,19,86,0,120
2026-03-25,P13,19,135,0,120
2026-03-26,P13,19,134,0,120
2026-03-27,P13,22,85,1,120
2026-03-28,P13,32,62,1,120
2026-03-29,P13,28,61,0,120
2026-03-30,P13,14,79,0,120
2026-03-31,P13,34,52,0,120
2026-04-01,P13,29,139,0,120
2026-04-02,P13,24,80,0,120
2026-04-03,P13,27,106,0,120
2026-04-04,P13,41,73,0,120
2026-04-05,P13,21,130,0,120
2026-04-06,P13,21,135,0,120
2026-04-07,P13,7,57,0,120
2026-04-08,P13,19,116,0,120
2026-04-09,P13,12,121,0,120
2026-04-10,P13,27,123,0,120
2026-04-11,P13,24,100,0,120
2026-04-12,P13,30,57,0,120
2026-04-13,P13,23,44,0,120
2026-04-14,P13,27,88,0,120
2026-04-15,P13,20,108,0,120
2026-04-16,P13,28,53,0,120
2026-04-17,P13,25,99,0,120
2026-04-18,P13,35,102,0,120
2026-04-19,P13,23,68,0,120
2026-04-20,P13,23,102,0,120
2026-04-21,P13,22,50,0,120
2026-04-22,P13,20,24,0,120
2026-04-23,P13,26,33,0,120
2026-04-24,P13,22,27,0,120
2026-04-25,P13,44,67,0,120
2026-04-26,P13,34,136,0,120
2026-04-27,P13,18,97,0,120
2026-04-28,P13,27,68,0,120
2026-04-29,P13,28,60,0,120
2026-04-30,P13,25,84,0,120
2026-05-01,P13,35,76,0,120
2026-05-02,P13,40,45,0,120
2026-05-03,P13,34,138,0,120
2026-05-04,P13,30,92,0,120
2026-05-05,P13,17,38,0,120
2026-05-06,P13,18,100,0,120
2026-05-07,P13,22,135,0,120
2026-05-08,P13,25,51,0,120
2026-05-09,P13,31,134,0,120
2026-05-10,P13,18,130,0,120
2026-05-11,P13,22,105,0,120
2026-05-12,P13,21,101,0,120
2026-05-13,P13,24,36,0,120
2026-05-14,P13,26,98,0,120
2026-05-15,P13,23,90,0,120
2026-05-16,P13,31,40,0,120
2026-05-17,P13,28,66,0,120
2026-05-18,P13,24,69,0,120
2026-05-19,P13,26,116,0,120
2026-05-20,P13,26,44,0,120
2026-05-21,P13,28,53,0,120
2026-05-22,P13,27,49,0,120
2026-05-23,P13,32,125,0,120
2026-05-24,P13,22,67,0,120
2026-05-25,P13,20,95,0,120
2026-05-26,P13,13,82,0,120
2026-05-27,P13,20,100,0,120
2026-05-28,P13,30,133,0,120
2026-05-29,P13,20,57,0,120
2026-05-30,P13,36,87,0,120
2026-05-31,P13,32,54,0,120
2026-06-01,P13,15,87,0,120
2026-06-02,P13,18,105,0,120
2026-06-03,P13,22,50,0,120
2026-06-04,P13,25,66,0,120
2026-06-05,P13,23,49,0,120
2026-06-06,P13,25,122,0,120
2026-06-07,P13,37,67,0,120
2026-06-08,P13,15,47,0,120
2026-06-09,P13,20,86,0,120
2026-06-10,P13,24,131,0,120
2026-06-11,P13,26,83,0,120
2026-06-12,P13,19,60,0,120
2026-06-13,P13,29,55,0,120
2026-06-14,P13,29,59,0,120
2026-06-15,P13,21,36,0,120
2026-06-16,P13,16,131,0,120
2026-06-17,P13,14,81,0,120
2026-06-18,P13,22,86,0,120
2026-06-19,P13,24,103,0,120
2026-06-20,P13,23,110,0,120
2026-06-21,P13,28,107,0,120
2026-06-22,P13,19,108,0,120
2026-06-23,P13,30,60,0,120
2026-06-24,P13,22,68,0,120
2026-06-25,P13,26,46,0,120
2026-06-26,P13,20,91,0,120
2026-06-27,P13,30,120,0,120
2026-06-28,P13,29,40,0,120
2026-06-29,P13,31,125,0,120
2026-06-30,P13,29,137,0,120
2026-07-01,P13,28,106,0,120
2026-07-02,P13,21,128,0,120
2026-07-03,P13,32,65,1,120
2026-07-04,P13,34,122,1,120
2026-07-05,P13,30,95,0,120
2026-07-06,P13,26,119,0,120
2026-07-07,P13,26,78,0,120
2026-07-08,P13,16,89,0,120
2026-07-09,P13,26,107,0,120
2026-07-10,P13,30,130,1,120
2026-07-11,P13,36,116,1,120
2026-07-12,P13,23,46,0,120
2026-07-13,P13,20,23,0,120
2026-07-14,P13,17,64,0,120
2026-07-15,P13,20,107,0,120
2026-07-16,P13,32,111,0,120
2026-07-17,P13,35,96,1,120
2026-07-18,P13,36,127,1,120
2026-07-19,P13,27,39,0,120
2026-07-20,P13,22,54,0,120
2026-07-21,P13,19,136,0,120
2026-07-22,P13,24,41,0,120
2026-07-23,P13,12,128,0,120
2026-07-24,P13,23,42,1,120
2026-07-25,P13,24,43,1,120
2026-07-26,P13,25,100,0,120
2026-07-27,P13,23,133,0,120
2026-07-28,P13,15,45,0,120
2026-07-29,P13,21,102,0,120
2026-07-30,P13,18,108,0,120
2026-07-31,P13,32,62,1,120
2026-08-01,P13,24,101,0,120
2026-08-02,P13,26,59,0,120
2026-08-03,P13,20,70,0,120
2026-08-04,P13,26,116,0,120
2026-08-05,P13,24,44,0,120
2026-08-06,P13,28,51,0,120
2026-08-07,P13,24,78,0,120
2026-08-08,P13,28,44,0,120
2026-08-09,P13,21,98,0,120
2026-08-10,P13,25,64,0,120
2026-08-11,P13,23,41,0,120
2026-08-12,P13,19,108,0,120
2026-08-13,P13,28,136,0,120
2026-08-14,P13,29,72,0,120
2026-08-15,P13,40,42,1,120
2026-08-16,P13,36,57,1,120
2026-08-17,P13,32,63,1,120
2026-08-18,P13,25,125,0,120
2026-08-19,P13,23,64,0,120
2026-08-20,P13,21,79,0,120
2026-08-21,P13,28,66,0,120
2026-08-22,P13,25,110,0,120
2026-08-23,P13,18,117,0,120
2026-08-24,P13,19,24,0,120
2026-08-25,P13,27,137,0,120
2026-08-26,P13,23,45,0,120
2026-08-27,P13,19,98,0,120
2026-08-28,P13,26,126,0,120
2026-08-29,P13,33,67,0,120
2026-08-30,P13,30,137,0,120
2026-08-31,P13,25,105,0,120
2026-09-01,P13,24,111,0,120
2026-09-02,P13,25,24,0,120
2026-09-03,P13,27,49,0,120
2026-09-04,P13,29,80,0,120
2026-09-05,P13,25,98,0,120
2026-09-06,P13,19,139,0,120
2026-09-07,P13,21,50,0,120
2026-09-08,P13,27,50,0,120
2026-09-09,P13,25,101,0,120
2026-09-10,P13,19,138,0,120
2026-09-11,P13,20,115,0,120
2026-09-12,P13,32,98,0,120
2026-09-13,P13,25,128,0,120
2026-09-14,P13,14,19,0,120
2026-09-15,P13,30,137,0,120
2026-09-16,P13,29,44,0,120
2026-09-17,P13,19,112,0,120
2026-09-18,P13,25,68,0,120
2026-09-19,P13,31,61,0,120
2026-09-20,P13,31,138,0,120
2026-09-21,P13,23,48,0,120
2026-09-22,P13,21,58,0,120
2026-09-23,P13,22,84,0,120
2026-09-24,P13,19,38,0,120
2026-09-25,P13,39,86,0,120
2026-09-26,P13,30,76,0,120
2026-09-27,P13,25,137,0,120
2026-09-28,P13,18,88,0,120
2026-09-29,P13,16,115,0,120
2026-09-30,P13,26,46,0,120
2026-10-01,P13,25,41,0,120
2026-10-02,P13,36,56,1,120
2026-10-03,P13,37,56,1,120
2026-10-04,P13,26,64,0,120
2026-10-05,P13,21,84,0,120
2026-10-06,P13,28,61,0,120
2026-10-07,P13,28,122,0,120
2026-10-08,P13,22,52,0,120
2026-10-09,P13,37,43,1,120
2026-10-10,P13,35,79,1,120
2026-10-11,P13,25,58,0,120
2026-10-12,P13,23,66,0,120
2026-10-13,P13,23,83,0,120
2026-10-14,P13,26,135,0,120
2026-10-15,P13,25,48,0,120
2026-10-16,P13,28,120,1,120
2026-10-17,P13,24,59,1,120
2026-10-18,P13,23,45,0,120
2026-10-19,P13,19,111,0,120
2026-10-20,P13,43,42,1,120
2026-10-21,P13,31,58,1,120
2026-10-22,P13,34,68,1,120
2026-10-23,P13,57,83,1,120
2026-10-24,P13,59,90,1,120
2026-10-25,P13,72,87,1,120
2026-10-26,P13,22,53,0,120
2026-10-27,P13,22,88,0,120
2026-10-28,P13,32,89,0,120
2026-10-29,P13,29,38,0,120
2026-10-30,P13,27,54,1,120
2026-10-31,P13,35,130,1,120
2026-11-01,P13,60,102,1,120
2026-11-02,P13,48,51,1,120
2026-11-03,P13,57,71,1,120
2026-11-04,P13,29,48,0,120
2026-11-05,P13,30,54,0,120
2026-11-06,P13,25,45,0,120
2026-11-07,P13,32,33,0,120
2026-11-08,P13,22,33,0,120
2026-11-09,P13,21,88,0,120
2026-11-10,P13,18,78,0,120
2026-11-11,P13,25,63,0,120
2026-11-12,P13,24,80,0,120
2026-11-13,P13,31,54,0,120
2026-11-14,P13,28,123,0,120
2026-11-15,P13,28,138,0,120
2026-11-16,P13,28,33,0,120
2026-11-17,P13,27,119,0,120
2026-11-18,P13,22,119,0,120
2026-11-19,P13,21,49,0,120
2026-11-20,P13,19,96,0,120
2026-11-21,P13,43,94,0,120
2026-11-22,P13,18,123,0,120
2026-11-23,P13,23,100,0,120
2026-11-24,P13,23,29,0,120
2026-11-25,P13,13,49,0,120
2026-11-26,P13,32,60,0,120
2026-11-27,P13,13,42,0,120
2026-11-28,P13,36,53,0,120
2026-11-29,P13,23,56,0,120
2026-11-30,P13,26,81,0,120
2026-12-01,P13,29,57,0,120
2026-12-02,P13,27,57,0,120
2026-12-03,P13,26,61,0,120
2026-12-04,P13,24,55,0,120
2026-12-05,P13,23,113,0,120
2026-12-06,P13,30,59,0,120
2026-12-07,P13,20,122,0,120
2026-12-08,P13,24,32,0,120
2026-12-09,P13,29,68,0,120
2026-12-10,P13,19,87,0,120
2026-12-11,P13,33,58,0,120
2026-12-12,P13,35,106,0,120
2026-12-13,P13,25,88,0,120
2026-12-14,P13,20,106,0,120
2026-12-15,P13,25,43,0,120
2026-12-16,P13,25,116,0,120
2026-12-17,P13,21,126,0,120
2026-12-18,P13,42,43,0,120
2026-12-19,P13,33,63,0,120
2026-12-20,P13,25,63,0,120
2026-12-21,P13,36,70,0,120
2026-12-22,P13,26,124,0,120
2026-12-23,P13,17,26,0,120
2026-12-24,P13,21,51,0,120
2026-12-25,P13,29,70,0,120
2026-12-26,P13,40,35,0,120
2026-12-27,P13,35,36,0,120
2026-12-28,P13,22,133,0,120
2026-12-29,P13,20,61,0,120
2026-12-30,P13,25,119,0,120
2026-12-31,P13,28,113,0,120
2027-01-01,P13,19,111,0,120
2027-01-02,P13,27,123,0,120
2027-01-03,P13,30,132,0,120
2027-01-04,P13,19,89,0,120
2027-01-05,P13,26,115,0,120
2027-01-06,P13,17,42,0,120
2027-01-07,P13,21,132,0,120
2027-01-08,P13,18,52,0,120
2027-01-09,P13,25,51,0,120
2027-01-10,P13,34,81,0,120
2027-01-11,P13,13,109,0,120
2027-01-12,P13,24,98,0,120
2027-01-13,P13,34,52,1,120
2027-01-14,P13,32,104,1,120
2027-01-15,P13,39,118,1,120
2027-01-16,P13,40,72,1,120
2027-01-17,P13,36,112,0,120
2027-01-18,P13,23,59,0,120
2027-01-19,P13,21,75,0,120
2027-01-20,P13,24,102,0,120
2027-01-21,P13,12,66,0,120
2027-01-22,P13,39,66,0,120
2027-01-23,P13,25,43,0,120
2027-01-24,P13,31,73,0,120
2027-01-25,P13,22,113,0,120
2027-01-26,P13,24,134,0,120
2027-01-27,P13,12,118,0,120
2027-01-28,P13,20,98,0,120
2027-01-29,P13,24,58,0,120
2027-01-30,P13,33,82,0,120
2027-01-31,P13,23,43,0,120
2027-02-01,P13,16,43,0,120
2027-02-02,P13,37,126,0,120
2027-02-03,P13,21,33,0,120
2027-02-04,P13,21,26,0,120
2027-02-05,P13,30,103,0,120
2027-02-06,P13,21,121,0,120
2027-02-07,P13,27,75,0,120
2027-02-08,P13,13,35,0,120
2027-02-09,P13,19,42,0,120
2027-02-10,P13,23,48,0,120
2027-02-11,P13,16,63,0,120
2027-02-12,P13,17,42,0,120
2027-02-13,P13,27,64,0,120
2027-02-14,P13,29,130,0,120
2027-02-15,P13,28,136,0,120
2027-02-16,P13,19,37,0,120
2027-02-17,P13,26,98,0,120
2027-02-18,P13,20,132,0,120
2027-02-19,P13,22,111,0,120
2027-02-20,P13,30,56,0,120
2027-02-21,P13,28,37,0,120
2027-02-22,P13,26,76,0,120
2027-02-23,P13,16,130,0,120
2027-02-24,P13,23,77,0,120
2027-02-25,P13,21,51,0,120
2027-02-26,P13,16,26,0,120
2027-02-27,P13,26,41,0,120
2027-02-28,P13,27,71,0,120
2027-03-01,P13,19,106,0,120
2027-03-02,P13,25,123,0,120
2027-03-03,P13,25,61,0,120
2027-03-04,P13,27,36,0,120
2027-03-05,P13,19,91,1,120
2027-03-06,P13,23,134,1,120
2027-03-07,P13,19,54,0,120
2027-03-08,P13,18,128,0,120
2027-03-09,P13,21,102,0,120
2027-03-10,P13,17,120,0,120
2027-03-11,P13,20,30,0,120
2027-03-12,P13,30,118,1,120
2027-03-13,P13,33,89,1,120
2027-03-14,P13,33,76,0,120
2027-03-15,P13,26,30,0,120
2027-03-16,P13,23,123,0,120
2027-03-17,P13,22,54,0,120
2027-03-18,P13,25,117,0,120
2027-03-19,P13,19,42,1,120
2027-03-20,P13,30,138,1,120
2027-03-21,P13,15,79,0,120
2027-03-22,P13,29,46,0,120
2027-03-23,P13,27,54,0,120
2027-03-24,P13,11,125,0,120
2027-03-25,P13,25,56,0,120
2027-03-26,P13,35,59,1,120
2027-03-27,P13,41,37,1,120
2027-03-28,P13,34,71,0,120
2027-03-29,P13,24,127,0,120
2027-03-30,P13,23,127,0,120
2027-03-31,P13,20,46,0,120
2027-04-01,P13,14,25,0,120
2027-04-02,P13,23,45,0,120
2027-04-03,P13,46,114,0,120
2027-04-04,P13,38,90,0,120
2027-04-05,P13,26,85,0,120
2027-04-06,P13,20,46,0,120
2027-04-07,P13,29,129,0,120
2027-04-08,P13,14,34,0,120
2027-04-09,P13,19,124,0,120
2027-04-10,P13,39,55,0,120
2027-04-11,P13,30,82,0,120
2027-04-12,P13,15,48,0,120
2027-04-13,P13,27,71,0,120
2027-04-14,P13,21,106,0,120
2027-04-15,P13,22,133,0,120
2027-04-16,P13,34,60,0,120
2027-04-17,P13,25,59,0,120
2027-04-18,P13,30,111,0,120
2027-04-19,P13,18,129,0,120
2027-04-20,P13,20,124,0,120
2027-04-21,P13,21,109,0,120
2027-04-22,P13,33,31,0,120
2027-04-23,P13,15,42,0,120
2027-04-24,P13,31,109,0,120
2027-04-25,P13,23,40,0,120
2027-04-26,P13,21,111,0,120
2027-04-27,P13,16,62,0,120
2027-04-28,P13,19,97,0,120
2027-04-29,P13,18,101,0,120
2027-04-30,P13,23,79,0,120
2027-05-01,P13,27,34,0,120
2027-05-02,P13,35,70,0,120
2027-05-03,P13,18,102,0,120
2027-05-04,P13,24,37,0,120
2027-05-05,P13,20,31,0,120
2027-05-06,P13,20,47,0,120
2027-05-07,P13,21,93,0,120
2027-05-08,P13,27,108,0,120
2027-05-09,P13,25,65,0,120
2027-05-10,P13,24,76,0,120
2027-05-11,P13,19,36,0,120
2027-05-12,P13,20,41,0,120
2027-05-13,P13,20,101,0,120
2027-05-14,P13,29,87,0,120
2027-05-15,P13,34,109,0,120
2027-05-16,P13,37,108,0,120
2027-05-17,P13,20,47,0,120
2027-05-18,P13,26,114,0,120
2027-05-19,P13,26,88,0,120
2027-05-20,P13,29,85,0,120
2027-05-21,P13,27,44,0,120
2027-05-22,P13,32,37,0,120
2027-05-23,P13,32,59,0,120
2027-05-24,P13,26,90,0,120
2027-05-25,P13,16,102,0,120
2027-05-26,P13,26,130,0,120
2027-05-27,P13,25,135,0,120
2027-05-28,P13,20,62,0,120
2027-05-29,P13,24,76,0,120
2027-05-30,P13,22,22,0,120
2027-05-31,P13,18,63,0,120
2027-06-01,P13,19,47,0,120
2027-06-02,P13,14,42,0,120
2027-06-03,P13,32,74,0,120
2027-06-04,P13,28,32,0,120
2027-06-05,P13,27,35,0,120
2027-06-06,P13,27,56,0,120
2027-06-07,P13,18,52,0,120
2027-06-08,P13,30,88,0,120
2027-06-09,P13,34,32,0,120
2027-06-10,P13,21,23,0,120
2027-06-11,P13,26,52,0,120
2027-06-12,P13,36,136,0,120
2027-06-13,P13,28,108,0,120
2027-06-14,P13,17,29,0,120
2027-06-15,P13,23,45,0,120
2027-06-16,P13,27,107,0,120
2027-06-17,P13,28,127,0,120
2027-06-18,P13,22,122,0,120
2027-06-19,P13,21,32,0,120
2027-06-20,P13,27,130,0,120
2027-06-21,P13,18,93,0,120
2027-06-22,P13,18,58,0,120
2027-06-23,P13,26,67,0,120
2027-06-24,P13,17,34,0,120
2027-06-25,P13,21,76,0,120
2027-06-26,P13,31,53,0,120
2027-06-27,P13,29,56,0,120
2027-06-28,P13,17,80,0,120
2027-06-29,P13,27,95,0,120
2027-06-30,P13,22,91,0,120
2027-07-01,P13,20,58,0,120
2027-07-02,P13,31,86,1,120
2027-07-03,P13,33,89,1,120
2027-07-04,P13,30,38,0,120
2027-07-05,P13,16,127,0,120
2027-07-06,P13,28,135,0,120
2027-07-07,P13,21,26,0,120
2027-07-08,P13,24,55,0,120
2027-07-09,P13,29,137,1,120
2027-07-10,P13,32,67,1,120
2027-07-11,P13,24,67,0,120
2027-07-12,P13,18,34,0,120
2027-07-13,P13,25,48,0,120
2027-07-14,P13,26,70,0,120
2027-07-15,P13,24,86,0,120
2027-07-16,P13,34,69,1,120
2027-07-17,P13,25,73,1,120
2027-07-18,P13,21,29,0,120
2027-07-19,P13,23,21,0,120
2027-07-20,P13,32,34,0,120
2027-07-21,P13,15,61,0,120
2027-07-22,P13,22,129,0,120
2027-07-23,P13,32,48,1,120
2027-07-24,P13,31,44,1,120
2027-07-25,P13,26,106,0,120
2027-07-26,P13,11,24,0,120
2027-07-27,P13,19,103,0,120
2027-07-28,P13,30,110,0,120
2027-07-29,P13,24,112,0,120
2027-07-30,P13,30,69,1,120
2027-07-31,P13,40,70,1,120
2027-08-01,P13,34,47,0,120
2027-08-02,P13,25,35,0,120
2027-08-03,P13,18,112,0,120
2027-08-04,P13,19,64,0,120
2027-08-05,P13,21,39,0,120
2027-08-06,P13,16,131,0,120
2027-08-07,P13,38,73,0,120
2027-08-08,P13,23,96,0,120
2027-08-09,P13,16,130,0,120
2027-08-10,P13,15,27,0,120
2027-08-11,P13,22,106,0,120
2027-08-12,P13,37,109,0,120
2027-08-13,P13,28,115,0,120
2027-08-14,P13,35,76,0,120
2027-08-15,P13,43,101,1,120
2027-08-16,P13,29,24,1,120
2027-08-17,P13,35,128,1,120
2027-08-18,P13,17,79,0,120
2027-08-19,P13,24,139,0,120
2027-08-20,P13,17,50,0,120
2027-08-21,P13,25,127,0,120
2027-08-22,P13,26,48,0,120
2027-08-23,P13,17,45,0,120
2027-08-24,P13,17,130,0,120
2027-08-25,P13,27,113,0,120
2027-08-26,P13,22,124,0,120
2027-08-27,P13,23,43,0,120
2027-08-28,P13,22,41,0,120
2027-08-29,P13,35,81,0,120
2027-08-30,P13,22,58,0,120
2027-08-31,P13,30,59,0,120
2027-09-01,P13,23,78,0,120
2027-09-02,P13,22,79,0,120
2027-09-03,P13,22,92,0,120
2027-09-04,P13,18,111,0,120
2027-09-05,P13,34,58,0,120
2027-09-06,P13,22,105,0,120
2027-09-07,P13,24,106,0,120
2027-09-08,P13,23,89,0,120
2027-09-09,P13,20,86,0,120
2027-09-10,P13,27,64,0,120
2027-09-11,P13,28,124,0,120
2027-09-12,P13,34,114,0,120
2027-09-13,P13,19,68,0,120
2027-09-14,P13,16,63,0,120
2027-09-15,P13,21,104,0,120
2027-09-16,P13,22,75,0,120
2027-09-17,P13,23,126,0,120
2027-09-18,P13,30,42,0,120
2027-09-19,P13,27,94,0,120
2027-09-20,P13,22,73,0,120
2027-09-21,P13,23,51,0,120
2027-09-22,P13,21,49,0,120
2027-09-23,P13,17,89,0,120
2027-09-24,P13,26,99,0,120
2027-09-25,P13,34,66,0,120
2027-09-26,P13,23,91,0,120
2027-09-27,P13,20,33,0,120
2027-09-28,P13,26,52,0,120
2027-09-29,P13,25,78,0,120
2027-09-30,P13,28,33,0,120
2027-10-01,P13,36,82,1,120
2027-10-02,P13,41,85,1,120
2027-10-03,P13,38,134,0,120
2027-10-04,P13,22,118,0,120
2027-10-05,P13,25,134,0,120
2027-10-06,P13,22,76,0,120
2027-10-07,P13,34,110,0,120
2027-10-08,P13,18,98,1,120
2027-10-09,P13,37,77,1,120
2027-10-10,P13,25,56,0,120
2027-10-11,P13,24,50,0,120
2027-10-12,P13,17,37,0,120
2027-10-13,P13,25,130,0,120
2027-10-14,P13,24,137,0,120
2027-10-15,P13,37,124,1,120
2027-10-16,P13,30,127,1,120
2027-10-17,P13,30,120,0,120
2027-10-18,P13,23,123,0,120
2027-10-19,P13,12,104,0,120
2027-10-20,P13,46,139,1,120
2027-10-21,P13,41,66,1,120
2027-10-22,P13,62,129,1,120
2027-10-23,P13,63,86,1,120
2027-10-24,P13,50,62,1,120
2027-10-25,P13,49,117,1,120
2027-10-26,P13,25,46,0,120
2027-10-27,P13,21,22,0,120
2027-10-28,P13,29,128,0,120
2027-10-29,P13,27,51,1,120
2027-10-30,P13,28,49,1,120
2027-10-31,P13,46,98,0,120
2027-11-01,P13,38,51,1,120
2027-11-02,P13,43,120,1,120
2027-11-03,P13,46,51,1,120
2027-11-04,P13,28,93,0,120
2027-11-05,P13,32,137,0,120
2027-11-06,P13,30,64,0,120
2027-11-07,P13,30,38,0,120
2027-11-08,P13,24,100,0,120
2027-11-09,P13,20,67,0,120
2027-11-10,P13,18,25,0,120
2027-11-11,P13,28,99,0,120
2027-11-12,P13,32,92,0,120
2027-11-13,P13,27,55,0,120
2027-11-14,P13,31,78,0,120
2027-11-15,P13,23,78,0,120
2027-11-16,P13,26,100,0,120
2027-11-17,P13,23,51,0,120
2027-11-18,P13,28,79,0,120
2027-11-19,P13,26,102,0,120
2027-11-20,P13,20,116,0,120
2027-11-21,P13,28,125,0,120
2027-11-22,P13,15,134,0,120
2027-11-23,P13,24,53,0,120
2027-11-24,P13,26,49,0,120
2027-11-25,P13,22,36,0,120
2027-11-26,P13,26,71,0,120
2027-11-27,P13,25,118,0,120
2027-11-28,P13,25,36,0,120
2027-11-29,P13,22,96,0,120
2027-11-30,P13,27,97,0,120
2027-12-01,P13,23,41,0,120
2027-12-02,P13,15,71,0,120
2027-12-03,P13,21,53,0,120
2027-12-04,P13,28,122,0,120
2027-12-05,P13,32,126,0,120
2027-12-06,P13,29,92,0,120
2027-12-07,P13,21,127,0,120
2027-12-08,P13,26,80,0,120
2027-12-09,P13,25,46,0,120
2027-12-10,P13,24,128,0,120
2027-12-11,P13,22,56,0,120
2027-12-12,P13,28,81,0,120
2027-12-13,P13,22,75,0,120
2027-12-14,P13,21,95,0,120
2027-12-15,P13,23,108,0,120
2027-12-16,P13,25,87,0,120
2027-12-17,P13,17,39,0,120
2027-12-18,P13,38,56,0,120
2027-12-19,P13,30,29,0,120
2027-12-20,P13,12,40,0,120
2027-12-21,P13,18,42,0,120
2027-12-22,P13,20,134,0,120
2027-12-23,P13,28,108,0,120
2027-12-24,P13,32,126,0,120
2027-12-25,P13,32,112,0,120
2027-12-26,P13,26,32,0,120
2027-12-27,P13,20,41,0,120
2027-12-28,P13,29,121,0,120
2027-12-29,P13,32,88,0,120
2027-12-30,P13,35,104,0,120
2027-12-31,P13,19,106,0,120
2026-01-01,P14,22,71,0,90
2026-01-02,P14,32,29,0,90
2026-01-03,P14,33,47,0,90
2026-01-04,P14,32,79,0,90
2026-01-05,P14,32,128,0,90
2026-01-06,P14,26,50,0,90
2026-01-07,P14,31,108,0,90
2026-01-08,P14,39,106,0,90
2026-01-09,P14,39,129,0,90
2026-01-10,P14,35,60,0,90
2026-01-11,P14,35,129,0,90
2026-01-12,P14,29,56,0,90
2026-01-13,P14,50,46,1,90
2026-01-14,P14,36,86,1,90
2026-01-15,P14,44,77,1,90
2026-01-16,P14,56,68,1,90
2026-01-17,P14,50,91,0,90
2026-01-18,P14,31,60,0,90
2026-01-19,P14,26,72,0,90
2026-01-20,P14,21,122,0,90
2026-01-21,P14,38,77,0,90
2026-01-22,P14,44,66,0,90
2026-01-23,P14,30,63,0,90
2026-01-24,P14,42,120,0,90
2026-01-25,P14,48,55,0,90
2026-01-26,P14,33,63,0,90
2026-01-27,P14,43,55,0,90
2026-01-28,P14,40,116,0,90
2026-01-29,P14,29,38,0,90
2026-01-30,P14,43,126,0,90
2026-01-31,P14,42,71,0,90
2026-02-01,P14,46,71,0,90
2026-02-02,P14,42,138,0,90
2026-02-03,P14,28,60,0,90
2026-02-04,P14,35,38,0,90
2026-02-05,P14,58,102,0,90
2026-02-06,P14,58,62,0,90
2026-02-07,P14,45,105,0,90
2026-02-08,P14,46,47,0,90
2026-02-09,P14,38,63,0,90
2026-02-10,P14,40,90,0,90
2026-02-11,P14,47,60,0,90
2026-02-12,P14,55,92,0,90
2026-02-13,P14,41,46,0,90
2026-02-14,P14,49,66,0,90
2026-02-15,P14,44,94,0,90
2026-02-16,P14,41,52,0,90
2026-02-17,P14,35,58,0,90
2026-02-18,P14,39,66,0,90
2026-02-19,P14,49,136,0,90
2026-02-20,P14,51,126,0,90
2026-02-21,P14,66,133,0,90
2026-02-22,P14,53,59,0,90
2026-02-23,P14,49,74,0,90
2026-02-24,P14,50,101,0,90
2026-02-25,P14,43,45,0,90
2026-02-26,P14,56,96,0,90
2026-02-27,P14,51,73,0,90
2026-02-28,P14,76,74,0,90
2026-03-01,P14,54,69,0,90
2026-03-02,P14,44,59,0,90
2026-03-03,P14,54,89,0,90
2026-03-04,P14,55,68,0,90
2026-03-05,P14,56,107,0,90
2026-03-06,P14,52,83,1,90
2026-03-07,P14,68,92,1,90
2026-03-08,P14,54,139,0,90
2026-03-09,P14,37,51,0,90
2026-03-10,P14,53,69,0,90
2026-03-11,P14,46,75,0,90
2026-03-12,P14,57,102,0,90
2026-03-13,P14,54,108,1,90
2026-03-14,P14,77,106,1,90
2026-03-15,P14,63,125,0,90
2026-03-16,P14,56,82,0,90
2026-03-17,P14,50,83,0,90
2026-03-18,P14,65,95,0,90
2026-03-19,P14,41,56,0,90
2026-03-20,P14,60,138,1,90
2026-03-21,P14,78,80,1,90
2026-03-22,P14,70,99,0,90
2026-03-23,P14,60,91,0,90
2026-03-24,P14,68,85,0,90
2026-03-25,P14,59,63,0,90
2026-03-26,P14,65,76,0,90
2026-03-27,P14,82,121,1,90
2026-03-28,P14,95,123,1,90
2026-03-29,P14,76,114,0,90
2026-03-30,P14,52,83,0,90
2026-03-31,P14,63,137,0,90
2026-04-01,P14,60,120,0,90
2026-04-02,P14,45,91,0,90
2026-04-03,P14,76,99,0,90
2026-04-04,P14,78,83,0,90
2026-04-05,P14,87,111,0,90
2026-04-06,P14,67,85,0,90
2026-04-07,P14,54,71,0,90
2026-04-08,P14,55,89,0,90
2026-04-09,P14,61,70,0,90
2026-04-10,P14,65,98,0,90
2026-04-11,P14,58,92,0,90
2026-04-12,P14,84,99,0,90
2026-04-13,P14,76,88,0,90
2026-04-14,P14,57,133,0,90
2026-04-15,P14,63,79,0,90
2026-04-16,P14,71,108,0,90
2026-04-17,P14,77,75,0,90
2026-04-18,P14,97,130,0,90
2026-04-19,P14,73,72,0,90
2026-04-20,P14,67,98,0,90
2026-04-21,P14,64,98,0,90
2026-04-22,P14,57,71,0,90
2026-04-23,P14,63,122,0,90
2026-04-24,P14,70,89,0,90
2026-04-25,P14,87,82,0,90
2026-04-26,P14,83,83,0,90
2026-04-27,P14,66,116,0,90
2026-04-28,P14,63,63,0,90
2026-04-29,P14,76,128,0,90
2026-04-30,P14,81,113,0,90
2026-05-01,P14,86,90,0,90
2026-05-02,P14,83,111,0,90
2026-05-03,P14,108,122,0,90
2026-05-04,P14,53,66,0,90
2026-05-05,P14,63,91,0,90
2026-05-06,P14,50,106,0,90
2026-05-07,P14,67,98,0,90
2026-05-08,P14,79,97,0,90
2026-05-09,P14,95,115,0,90
2026-05-10,P14,77,78,0,90
2026-05-11,P14,64,97,0,90
2026-05-12,P14,64,75,0,90
2026-05-13,P14,53,70,0,90
2026-05-14,P14,64,97,0,90
2026-05-15,P14,68,112,0,90
2026-05-16,P14,93,111,0,90
2026-05-17,P14,85,136,0,90
2026-05-18,P14,60,101,0,90
2026-05-19,P14,69,74,0,90
2026-05-20,P14,60,94,0,90
2026-05-21,P14,60,123,0,90
2026-05-22,P14,69,96,0,90
2026-05-23,P14,84,107,0,90
2026-05-24,P14,85,83,0,90
2026-05-25,P14,62,89,0,90
2026-05-26,P14,67,77,0,90
2026-05-27,P14,64,65,0,90
2026-05-28,P14,77,97,0,90
2026-05-29,P14,75,100,0,90
2026-05-30,P14,87,114,0,90
2026-05-31,P14,97,121,0,90
2026-06-01,P14,27,27,0,90
2026-06-02,P14,30,30,0,90
2026-06-03,P14,27,27,0,90
2026-06-04,P14,66,121,0,90
2026-06-05,P14,73,127,0,90
2026-06-06,P14,81,114,0,90
2026-06-07,P14,86,102,0,90
2026-06-08,P14,65,91,0,90
2026-06-09,P14,53,82,0,90
2026-06-10,P14,69,102,0,90
2026-06-11,P14,75,102,0,90
2026-06-12,P14,70,103,0,90
2026-06-13,P14,72,95,0,90
2026-06-14,P14,83,95,0,90
2026-06-15,P14,66,81,0,90
2026-06-16,P14,66,70,0,90
2026-06-17,P14,66,106,0,90
2026-06-18,P14,64,83,0,90
2026-06-19,P14,67,92,0,90
2026-06-20,P14,76,128,0,90
2026-06-21,P14,66,96,0,90
2026-06-22,P14,41,70,0,90
2026-06-23,P14,65,60,0,90
2026-06-24,P14,68,133,0,90
2026-06-25,P14,73,96,0,90
2026-06-26,P14,76,110,0,90
2026-06-27,P14,83,127,0,90
2026-06-28,P14,65,100,0,90
2026-06-29,P14,65,108,0,90
2026-06-30,P14,65,139,0,90
2026-07-01,P14,75,100,0,90
2026-07-02,P14,52,111,0,90
2026-07-03,P14,69,116,1,90
2026-07-04,P14,88,112,1,90
2026-07-05,P14,63,102,0,90
2026-07-06,P14,43,112,0,90
2026-07-07,P14,67,65,0,90
2026-07-08,P14,51,139,0,90
2026-07-09,P14,66,112,0,90
2026-07-10,P14,76,94,1,90
2026-07-11,P14,104,139,1,90
2026-07-12,P14,67,97,0,90
2026-07-13,P14,62,125,0,90
2026-07-14,P14,71,113,0,90
2026-07-15,P14,58,97,0,90
2026-07-16,P14,64,95,0,90
2026-07-17,P14,95,126,1,90
2026-07-18,P14,89,113,1,90
2026-07-19,P14,81,98,0,90
2026-07-20,P14,62,83,0,90
2026-07-21,P14,50,72,0,90
2026-07-22,P14,67,86,0,90
2026-07-23,P14,54,135,0,90
2026-07-24,P14,81,103,1,90
2026-07-25,P14,105,111,1,90
2026-07-26,P14,74,69,0,90
2026-07-27,P14,53,72,0,90
2026-07-28,P14,58,131,0,90
2026-07-29,P14,68,72,0,90
2026-07-30,P14,64,127,0,90
2026-07-31,P14,79,109,1,90
2026-08-01,P14,81,105,0,90
2026-08-02,P14,74,89,0,90
2026-08-03,P14,73,90,0,90
2026-08-04,P14,51,123,0,90
2026-08-05,P14,75,91,0,90
2026-08-06,P14,80,85,0,90
2026-08-07,P14,76,112,0,90
2026-08-08,P14,80,116,0,90
2026-08-09,P14,71,105,0,90
2026-08-10,P14,69,73,0,90
2026-08-11,P14,72,134,0,90
2026-08-12,P14,70,88,0,90
2026-08-13,P14,72,126,0,90
2026-08-14,P14,62,116,0,90
2026-08-15,P14,105,126,1,90
2026-08-16,P14,96,96,1,90
2026-08-17,P14,84,135,1,90
2026-08-18,P14,73,105,0,90
2026-08-19,P14,63,79,0,90
2026-08-20,P14,54,60,0,90
2026-08-21,P14,61,64,0,90
2026-08-22,P14,82,113,0,90
2026-08-23,P14,58,91,0,90
2026-08-24,P14,49,52,0,90
2026-08-25,P14,80,99,0,90
2026-08-26,P14,52,85,0,90
2026-08-27,P14,78,108,0,90
2026-08-28,P14,97,96,0,90
2026-08-29,P14,103,127,0,90
2026-08-30,P14,100,99,0,90
2026-08-31,P14,60,70,0,90
2026-09-01,P14,64,100,0,90
2026-09-02,P14,69,83,0,90
2026-09-03,P14,71,69,0,90
2026-09-04,P14,81,109,0,90
2026-09-05,P14,85,127,0,90
2026-09-06,P14,78,77,0,90
2026-09-07,P14,78,105,0,90
2026-09-08,P14,58,93,0,90
2026-09-09,P14,58,59,0,90
2026-09-10,P14,70,134,0,90
2026-09-11,P14,72,97,0,90
2026-09-12,P14,70,96,0,90
2026-09-13,P14,80,84,0,90
2026-09-14,P14,59,102,0,90
2026-09-15,P14,58,119,0,90
2026-09-16,P14,61,91,0,90
2026-09-17,P14,77,92,0,90
2026-09-18,P14,65,132,0,90
2026-09-19,P14,78,97,0,90
2026-09-20,P14,54,98,0,90
2026-09-21,P14,72,90,0,90
2026-09-22,P14,52,73,0,90
2026-09-23,P14,63,88,0,90
2026-09-24,P14,60,83,0,90
2026-09-25,P14,63,91,0,90
2026-09-26,P14,78,73,0,90
2026-09-27,P14,84,85,0,90
2026-09-28,P14,64,87,0,90
2026-09-29,P14,56,73,0,90
2026-09-30,P14,63,103,0,90
2026-10-01,P14,77,126,0,90
2026-10-02,P14,83,127,1,90
2026-10-03,P14,94,98,1,90
2026-10-04,P14,76,74,0,90
2026-10-05,P14,78,119,0,90
2026-10-06,P14,67,83,0,90
2026-10-07,P14,69,96,0,90
2026-10-08,P14,61,80,0,90
2026-10-09,P14,71,67,1,90
2026-10-10,P14,86,108,1,90
2026-10-11,P14,65,111,0,90
2026-10-12,P14,64,97,0,90
2026-10-13,P14,62,118,0,90
2026-10-14,P14,63,83,0,90
2026-10-15,P14,65,70,0,90
2026-10-16,P14,83,124,1,90
2026-10-17,P14,114,130,1,90
2026-10-18,P14,74,92,0,90
2026-10-19,P14,74,119,0,90
2026-10-20,P14,141,164,1,90
2026-10-21,P14,142,161,1,90
2026-10-22,P14,134,168,1,90
2026-10-23,P14,158,169,1,90
2026-10-24,P14,169,165,1,90
2026-10-25,P14,130,161,1,90
2026-10-26,P14,71,77,0,90
2026-10-27,P14,78,92,0,90
2026-10-28,P14,71,111,0,90
2026-10-29,P14,79,82,0,90
2026-10-30,P14,103,120,1,90
2026-10-31,P14,109,126,1,90
2026-11-01,P14,143,162,1,90
2026-11-02,P14,119,125,1,90
2026-11-03,P14,123,120,1,90
2026-11-04,P14,68,88,0,90
2026-11-05,P14,80,108,0,90
2026-11-06,P14,78,79,0,90
2026-11-07,P14,97,100,0,90
2026-11-08,P14,84,125,0,90
2026-11-09,P14,54,113,0,90
2026-11-10,P14,64,132,0,90
2026-11-11,P14,59,136,0,90
2026-11-12,P14,62,105,0,90
2026-11-13,P14,76,101,0,90
2026-11-14,P14,89,117,0,90
2026-11-15,P14,88,123,0,90
2026-11-16,P14,70,132,0,90
2026-11-17,P14,71,119,0,90
2026-11-18,P14,71,99,0,90
2026-11-19,P14,64,136,0,90
2026-11-20,P14,60,67,0,90
2026-11-21,P14,79,78,0,90
2026-11-22,P14,72,92,0,90
2026-11-23,P14,58,65,0,90
2026-11-24,P14,67,101,0,90
2026-11-25,P14,55,82,0,90
2026-11-26,P14,73,107,0,90
2026-11-27,P14,78,86,0,90
2026-11-28,P14,87,93,0,90
2026-11-29,P14,83,136,0,90
2026-11-30,P14,66,134,0,90
2026-12-01,P14,65,113,0,90
2026-12-02,P14,76,73,0,90
2026-12-03,P14,73,138,0,90
2026-12-04,P14,84,119,0,90
2026-12-05,P14,81,102,0,90
2026-12-06,P14,71,86,0,90
2026-12-07,P14,63,120,0,90
2026-12-08,P14,78,107,0,90
2026-12-09,P14,68,64,0,90
2026-12-10,P14,65,83,0,90
2026-12-11,P14,86,139,0,90
2026-12-12,P14,68,100,0,90
2026-12-13,P14,76,92,0,90
2026-12-14,P14,59,65,0,90
2026-12-15,P14,70,95,0,90
2026-12-16,P14,75,82,0,90
2026-12-17,P14,77,98,0,90
2026-12-18,P14,78,92,0,90
2026-12-19,P14,86,93,0,90
2026-12-20,P14,86,112,0,90
2026-12-21,P14,71,83,0,90
2026-12-22,P14,81,111,0,90
2026-12-23,P14,64,92,0,90
2026-12-24,P14,59,74,0,90
2026-12-25,P14,78,84,0,90
2026-12-26,P14,76,122,0,90
2026-12-27,P14,69,78,0,90
2026-12-28,P14,76,90,0,90
2026-12-29,P14,72,123,0,90
2026-12-30,P14,69,72,0,90
2026-12-31,P14,79,103,0,90
2027-01-01,P14,75,75,0,90
2027-01-02,P14,74,119,0,90
2027-01-03,P14,76,122,0,90
2027-01-04,P14,60,74,0,90
2027-01-05,P14,53,119,0,90
2027-01-06,P14,52,69,0,90
2027-01-07,P14,68,99,0,90
2027-01-08,P14,66,99,0,90
2027-01-09,P14,80,114,0,90
2027-01-10,P14,78,98,0,90
2027-01-11,P14,67,110,0,90
2027-01-12,P14,56,73,0,90
2027-01-13,P14,105,112,1,90
2027-01-14,P14,99,124,1,90
2027-01-15,P14,91,123,1,90
2027-01-16,P14,118,149,1,90
2027-01-17,P14,71,71,0,90
2027-01-18,P14,53,112,0,90
2027-01-19,P14,53,74,0,90
2027-01-20,P14,56,129,0,90
2027-01-21,P14,61,74,0,90
2027-01-22,P14,62,138,0,90
2027-01-23,P14,86,130,0,90
2027-01-24,P14,58,58,0,90
2027-01-25,P14,52,78,0,90
2027-01-26,P14,51,66,0,90
2027-01-27,P14,42,51,0,90
2027-01-28,P14,77,100,0,90
2027-01-29,P14,56,133,0,90
2027-01-30,P14,71,130,0,90
2027-01-31,P14,88,115,0,90
2027-02-01,P14,69,80,0,90
2027-02-02,P14,59,82,0,90
2027-02-03,P14,60,107,0,90
2027-02-04,P14,65,81,0,90
2027-02-05,P14,59,84,0,90
2027-02-06,P14,61,58,0,90
2027-02-07,P14,61,87,0,90
2027-02-08,P14,54,78,0,90
2027-02-09,P14,53,53,0,90
2027-02-10,P14,73,123,0,90
2027-02-11,P14,73,84,0,90
2027-02-12,P14,67,95,0,90
2027-02-13,P14,70,84,0,90
2027-02-14,P14,72,95,0,90
2027-02-15,P14,69,85,0,90
2027-02-16,P14,67,92,0,90
2027-02-17,P14,61,99,0,90
2027-02-18,P14,66,85,0,90
2027-02-19,P14,60,105,0,90
2027-02-20,P14,70,89,0,90
2027-02-21,P14,72,85,0,90
2027-02-22,P14,71,77,0,90
2027-02-23,P14,68,126,0,90
2027-02-24,P14,51,85,0,90
2027-02-25,P14,59,88,0,90
2027-02-26,P14,60,76,0,90
2027-02-27,P14,79,108,0,90
2027-02-28,P14,63,135,0,90
2027-03-01,P14,53,54,0,90
2027-03-02,P14,60,67,0,90
2027-03-03,P14,82,124,0,90
2027-03-04,P14,75,82,0,90
2027-03-05,P14,89,117,1,90
2027-03-06,P14,85,130,1,90
2027-03-07,P14,79,87,0,90
2027-03-08,P14,54,64,0,90
2027-03-09,P14,50,46,0,90
2027-03-10,P14,58,72,0,90
2027-03-11,P14,58,71,0,90
2027-03-12,P14,73,103,1,90
2027-03-13,P14,91,101,1,90
2027-03-14,P14,72,120,0,90
2027-03-15,P14,63,59,0,90
2027-03-16,P14,62,77,0,90
2027-03-17,P14,57,74,0,90
2027-03-18,P14,67,90,0,90
2027-03-19,P14,88,113,1,90
2027-03-20,P14,87,92,1,90
2027-03-21,P14,81,103,0,90
2027-03-22,P14,70,104,0,90
2027-03-23,P14,65,75,0,90
2027-03-24,P14,64,133,0,90
2027-03-25,P14,57,138,0,90
2027-03-26,P14,79,91,1,90
2027-03-27,P14,103,133,1,90
2027-03-28,P14,69,84,0,90
2027-03-29,P14,67,86,0,90
2027-03-30,P14,65,101,0,90
2027-03-31,P14,58,114,0,90
2027-04-01,P14,66,82,0,90
2027-04-02,P14,88,99,0,90
2027-04-03,P14,96,108,0,90
2027-04-04,P14,68,126,0,90
2027-04-05,P14,60,93,0,90
2027-04-06,P14,57,134,0,90
2027-04-07,P14,54,117,0,90
2027-04-08,P14,78,89,0,90
2027-04-09,P14,74,85,0,90
2027-04-10,P14,91,98,0,90
2027-04-11,P14,78,112,0,90
2027-04-12,P14,71,78,0,90
2027-04-13,P14,53,77,0,90
2027-04-14,P14,58,66,0,90
2027-04-15,P14,58,132,0,90
2027-04-16,P14,60,57,0,90
2027-04-17,P14,84,112,0,90
2027-04-18,P14,67,74,0,90
2027-04-19,P14,76,71,0,90
2027-04-20,P14,55,137,0,90
2027-04-21,P14,59,95,0,90
2027-04-22,P14,60,96,0,90
2027-04-23,P14,69,107,0,90
2027-04-24,P14,84,100,0,90
2027-04-25,P14,89,99,0,90
2027-04-26,P14,64,99,0,90
2027-04-27,P14,65,81,0,90
2027-04-28,P14,68,102,0,90
2027-04-29,P14,72,87,0,90
2027-04-30,P14,81,96,0,90
2027-05-01,P14,97,126,0,90
2027-05-02,P14,77,96,0,90
2027-05-03,P14,61,79,0,90
2027-05-04,P14,56,113,0,90
2027-05-05,P14,62,86,0,90
2027-05-06,P14,63,74,0,90
2027-05-07,P14,70,99,0,90
2027-05-08,P14,85,87,0,90
2027-05-09,P14,79,85,0,90
2027-05-10,P14,62,113,0,90
2027-05-11,P14,67,129,0,90
2027-05-12,P14,86,128,0,90
2027-05-13,P14,58,53,0,90
2027-05-14,P14,61,65,0,90
2027-05-15,P14,79,83,0,90
2027-05-16,P14,71,68,0,90
2027-05-17,P14,45,56,0,90
2027-05-18,P14,55,61,0,90
2027-05-19,P14,79,86,0,90
2027-05-20,P14,51,80,0,90
2027-05-21,P14,67,127,0,90
2027-05-22,P14,88,120,0,90
2027-05-23,P14,91,111,0,90
2027-05-24,P14,46,62,0,90
2027-05-25,P14,60,135,0,90
2027-05-26,P14,75,89,0,90
2027-05-27,P14,75,74,0,90
2027-05-28,P14,54,85,0,90
2027-05-29,P14,95,125,0,90
2027-05-30,P14,78,138,0,90
2027-05-31,P14,70,90,0,90
2027-06-01,P14,53,56,0,90
2027-06-02,P14,42,63,0,90
2027-06-03,P14,71,97,0,90
2027-06-04,P14,67,90,0,90
2027-06-05,P14,69,84,0,90
2027-06-06,P14,67,73,0,90
2027-06-07,P14,46,72,0,90
2027-06-08,P14,53,55,0,90
2027-06-09,P14,65,95,0,90
2027-06-10,P14,64,71,0,90
2027-06-11,P14,65,122,0,90
2027-06-12,P14,74,91,0,90
2027-06-13,P14,67,96,0,90
2027-06-14,P14,63,75,0,90
2027-06-15,P14,80,99,0,90
2027-06-16,P14,64,134,0,90
2027-06-17,P14,73,100,0,90
2027-06-18,P14,70,85,0,90
2027-06-19,P14,81,97,0,90
2027-06-20,P14,73,77,0,90
2027-06-21,P14,55,121,0,90
2027-06-22,P14,69,139,0,90
2027-06-23,P14,67,70,0,90
2027-06-24,P14,62,125,0,90
2027-06-25,P14,59,108,0,90
2027-06-26,P14,74,82,0,90
2027-06-27,P14,79,97,0,90
2027-06-28,P14,68,78,0,90
2027-06-29,P14,64,66,0,90
2027-06-30,P14,62,58,0,90
2027-07-01,P14,78,93,0,90
2027-07-02,P14,93,138,1,90
2027-07-03,P14,106,137,1,90
2027-07-04,P14,74,87,0,90
2027-07-05,P14,67,103,0,90
2027-07-06,P14,63,139,0,90
2027-07-07,P14,79,136,0,90
2027-07-08,P14,57,138,0,90
2027-07-09,P14,80,118,1,90
2027-07-10,P14,101,117,1,90
2027-07-11,P14,71,100,0,90
2027-07-12,P14,60,106,0,90
2027-07-13,P14,65,84,0,90
2027-07-14,P14,71,101,0,90
2027-07-15,P14,83,114,0,90
2027-07-16,P14,102,99,1,90
2027-07-17,P14,87,89,1,90
2027-07-18,P14,75,104,0,90
2027-07-19,P14,65,76,0,90
2027-07-20,P14,68,134,0,90
2027-07-21,P14,66,81,0,90
2027-07-22,P14,61,109,0,90
2027-07-23,P14,81,80,1,90
2027-07-24,P14,87,108,1,90
2027-07-25,P14,79,87,0,90
2027-07-26,P14,59,85,0,90
2027-07-27,P14,63,64,0,90
2027-07-28,P14,72,105,0,90
2027-07-29,P14,69,80,0,90
2027-07-30,P14,103,133,1,90
2027-07-31,P14,101,103,1,90
2027-08-01,P14,75,133,0,90
2027-08-02,P14,63,96,0,90
2027-08-03,P14,72,99,0,90
2027-08-04,P14,70,74,0,90
2027-08-05,P14,63,58,0,90
2027-08-06,P14,77,93,0,90
2027-08-07,P14,91,102,0,90
2027-08-08,P14,79,77,0,90
2027-08-09,P14,65,96,0,90
2027-08-10,P14,56,85,0,90
2027-08-11,P14,64,88,0,90
2027-08-12,P14,60,105,0,90
2027-08-13,P14,56,53,0,90
2027-08-14,P14,82,97,0,90
2027-08-15,P14,105,136,1,90
2027-08-16,P14,91,125,1,90
2027-08-17,P14,95,126,1,90
2027-08-18,P14,59,71,0,90
2027-08-19,P14,67,76,0,90
2027-08-20,P14,61,60,0,90
2027-08-21,P14,86,91,0,90
2027-08-22,P14,78,109,0,90
2027-08-23,P14,60,91,0,90
2027-08-24,P14,60,87,0,90
2027-08-25,P14,56,73,0,90
2027-08-26,P14,76,104,0,90
2027-08-27,P14,72,97,0,90
2027-08-28,P14,94,97,0,90
2027-08-29,P14,78,97,0,90
2027-08-30,P14,62,103,0,90
2027-08-31,P14,84,100,0,90
2027-09-01,P14,64,73,0,90
2027-09-02,P14,76,88,0,90
2027-09-03,P14,79,133,0,90
2027-09-04,P14,91,97,0,90
2027-09-05,P14,79,80,0,90
2027-09-06,P14,71,88,0,90
2027-09-07,P14,60,87,0,90
2027-09-08,P14,60,90,0,90
2027-09-09,P14,69,95,0,90
2027-09-10,P14,67,76,0,90
2027-09-11,P14,89,85,0,90
2027-09-12,P14,73,106,0,90
2027-09-13,P14,70,106,0,90
2027-09-14,P14,71,100,0,90
2027-09-15,P14,54,95,0,90
2027-09-16,P14,70,81,0,90
2027-09-17,P14,66,96,0,90
2027-09-18,P14,90,121,0,90
2027-09-19,P14,85,80,0,90
2027-09-20,P14,51,77,0,90
2027-09-21,P14,52,134,0,90
2027-09-22,P14,58,90,0,90
2027-09-23,P14,80,75,0,90
2027-09-24,P14,58,75,0,90
2027-09-25,P14,76,131,0,90
2027-09-26,P14,82,102,0,90
2027-09-27,P14,55,63,0,90
2027-09-28,P14,63,103,0,90
2027-09-29,P14,65,65,0,90
2027-09-30,P14,79,92,0,90
2027-10-01,P14,105,128,1,90
2027-10-02,P14,126,150,1,90
2027-10-03,P14,97,113,0,90
2027-10-04,P14,60,111,0,90
2027-10-05,P14,76,75,0,90
2027-10-06,P14,80,88,0,90
2027-10-07,P14,82,115,0,90
2027-10-08,P14,90,108,1,90
2027-10-09,P14,91,135,1,90
2027-10-10,P14,85,111,0,90
2027-10-11,P14,51,85,0,90
2027-10-12,P14,60,93,0,90
2027-10-13,P14,64,62,0,90
2027-10-14,P14,72,97,0,90
2027-10-15,P14,86,138,1,90
2027-10-16,P14,91,123,1,90
2027-10-17,P14,65,97,0,90
2027-10-18,P14,63,138,0,90
2027-10-19,P14,79,80,0,90
2027-10-20,P14,130,160,1,90
2027-10-21,P14,158,154,1,90
2027-10-22,P14,132,147,1,90
2027-10-23,P14,132,139,1,90
2027-10-24,P14,147,154,1,90
2027-10-25,P14,132,139,1,90
2027-10-26,P14,73,90,0,90
2027-10-27,P14,77,95,0,90
2027-10-28,P14,77,107,0,90
2027-10-29,P14,109,111,1,90
2027-10-30,P14,93,102,1,90
2027-10-31,P14,85,115,0,90
2027-11-01,P14,137,147,1,90
2027-11-02,P14,126,149,1,90
2027-11-03,P14,119,121,1,90
2027-11-04,P14,87,88,0,90
2027-11-05,P14,58,101,0,90
2027-11-06,P14,70,66,0,90
2027-11-07,P14,84,89,0,90
2027-11-08,P14,57,90,0,90
2027-11-09,P14,80,121,0,90
2027-11-10,P14,79,106,0,90
2027-11-11,P14,52,57,0,90
2027-11-12,P14,73,136,0,90
2027-11-13,P14,91,98,0,90
2027-11-14,P14,82,108,0,90
2027-11-15,P14,71,96,0,90
2027-11-16,P14,71,132,0,90
2027-11-17,P14,87,124,0,90
2027-11-18,P14,63,96,0,90
2027-11-19,P14,58,81,0,90
2027-11-20,P14,72,98,0,90
2027-11-21,P14,85,116,0,90
2027-11-22,P14,66,78,0,90
2027-11-23,P14,55,68,0,90
2027-11-24,P14,53,128,0,90
2027-11-25,P14,57,135,0,90
2027-11-26,P14,75,110,0,90
2027-11-27,P14,80,99,0,90
2027-11-28,P14,99,121,0,90
2027-11-29,P14,66,97,0,90
2027-11-30,P14,76,91,0,90
2027-12-01,P14,73,95,0,90
2027-12-02,P14,82,122,0,90
2027-12-03,P14,71,99,0,90
2027-12-04,P14,78,132,0,90
2027-12-05,P14,76,101,0,90
2027-12-06,P14,64,132,0,90
2027-12-07,P14,65,114,0,90
2027-12-08,P14,67,89,0,90
2027-12-09,P14,65,79,0,90
2027-12-10,P14,85,87,0,90
2027-12-11,P14,76,77,0,90
2027-12-12,P14,94,120,0,90
2027-12-13,P14,63,65,0,90
2027-12-14,P14,72,76,0,90
2027-12-15,P14,58,104,0,90
2027-12-16,P14,58,131,0,90
2027-12-17,P14,74,84,0,90
2027-12-18,P14,77,98,0,90
2027-12-19,P14,93,127,0,90
2027-12-20,P14,70,73,0,90
2027-12-21,P14,66,89,0,90
2027-12-22,P14,64,107,0,90
2027-12-23,P14,60,56,0,90
2027-12-24,P14,83,130,0,90
2027-12-25,P14,70,119,0,90
2027-12-26,P14,70,136,0,90
2027-12-27,P14,69,68,0,90
2027-12-28,P14,73,138,0,90
2027-12-29,P14,71,98,0,90
2027-12-30,P14,75,107,0,90
2027-12-31,P14,75,88,0,90
2026-01-01,P15,16,92,0,180
2026-01-02,P15,16,131,0,180
2026-01-03,P15,20,48,0,180
2026-01-04,P15,22,114,0,180
2026-01-05,P15,16,11,0,180
2026-01-06,P15,17,117,0,180
2026-01-07,P15,21,135,0,180
2026-01-08,P15,17,48,0,180
2026-01-09,P15,16,138,0,180
2026-01-10,P15,14,54,0,180
2026-01-11,P15,16,54,0,180
2026-01-12,P15,18,72,0,180
2026-01-13,P15,24,43,1,180
2026-01-14,P15,21,37,1,180
2026-01-15,P15,22,108,1,180
2026-01-16,P15,23,25,1,180
2026-01-17,P15,16,90,0,180
2026-01-18,P15,16,50,0,180
2026-01-19,P15,21,99,0,180
2026-01-20,P15,26,107,0,180
2026-01-21,P15,17,74,0,180
2026-01-22,P15,14,104,0,180
2026-01-23,P15,20,32,0,180
2026-01-24,P15,23,127,0,180
2026-01-25,P15,29,83,0,180
2026-01-26,P15,20,42,0,180
2026-01-27,P15,22,39,0,180
2026-01-28,P15,20,98,0,180
2026-01-29,P15,20,31,0,180
2026-01-30,P15,14,70,0,180
2026-01-31,P15,30,55,0,180
2026-02-01,P15,27,134,0,180
2026-02-02,P15,16,64,0,180
2026-02-03,P15,23,116,0,180
2026-02-04,P15,22,108,0,180
2026-02-05,P15,22,26,0,180
2026-02-06,P15,20,83,0,180
2026-02-07,P15,18,50,0,180
2026-02-08,P15,25,99,0,180
2026-02-09,P15,21,117,0,180
2026-02-10,P15,21,75,0,180
2026-02-11,P15,18,48,0,180
2026-02-12,P15,22,66,0,180
2026-02-13,P15,21,26,0,180
2026-02-14,P15,28,90,0,180
2026-02-15,P15,25,34,0,180
2026-02-16,P15,23,57,0,180
2026-02-17,P15,19,50,0,180
2026-02-18,P15,22,19,0,180
2026-02-19,P15,26,33,0,180
2026-02-20,P15,26,31,0,180
2026-02-21,P15,25,106,0,180
2026-02-22,P15,27,47,0,180
2026-02-23,P15,23,120,0,180
2026-02-24,P15,20,30,0,180
2026-02-25,P15,20,52,0,180
2026-02-26,P15,23,78,0,180
2026-02-27,P15,29,53,0,180
2026-02-28,P15,35,53,0,180
2026-03-01,P15,41,38,0,180
2026-03-02,P15,29,32,0,180
2026-03-03,P15,31,86,0,180
2026-03-04,P15,34,117,0,180
2026-03-05,P15,24,103,0,180
2026-03-06,P15,32,49,1,180
2026-03-07,P15,38,65,1,180
2026-03-08,P15,39,45,0,180
2026-03-09,P15,42,39,0,180
2026-03-10,P15,25,112,0,180
2026-03-11,P15,27,29,0,180
2026-03-12,P15,31,111,0,180
2026-03-13,P15,43,127,1,180
2026-03-14,P15,47,62,1,180
2026-03-15,P15,51,74,0,180
2026-03-16,P15,26,116,0,180
2026-03-17,P15,25,135,0,180
2026-03-18,P15,27,55,0,180
2026-03-19,P15,27,93,0,180
2026-03-20,P15,44,82,1,180
2026-03-21,P15,57,58,1,180
2026-03-22,P15,45,71,0,180
2026-03-23,P15,25,70,0,180
2026-03-24,P15,36,31,0,180
2026-03-25,P15,35,52,0,180
2026-03-26,P15,45,120,0,180
2026-03-27,P15,52,137,1,180
2026-03-28,P15,67,92,1,180
2026-03-29,P15,44,89,0,180
2026-03-30,P15,43,66,0,180
2026-03-31,P15,34,68,0,180
2026-04-01,P15,36,96,0,180
2026-04-02,P15,41,95,0,180
2026-04-03,P15,55,87,0,180
2026-04-04,P15,46,72,0,180
2026-04-05,P15,39,66,0,180
2026-04-06,P15,38,45,0,180
2026-04-07,P15,44,77,0,180
2026-04-08,P15,33,113,0,180
2026-04-09,P15,42,95,0,180
2026-04-10,P15,49,72,0,180
2026-04-11,P15,40,73,0,180
2026-04-12,P15,48,127,0,180
2026-04-13,P15,37,104,0,180
2026-04-14,P15,43,131,0,180
2026-04-15,P15,51,72,0,180
2026-04-16,P15,41,37,0,180
2026-04-17,P15,47,83,0,180
2026-04-18,P15,53,73,0,180
2026-04-19,P15,42,81,0,180
2026-04-20,P15,42,123,0,180
2026-04-21,P15,36,65,0,180
2026-04-22,P15,36,64,0,180
2026-04-23,P15,35,46,0,180
2026-04-24,P15,38,55,0,180
2026-04-25,P15,71,100,0,180
2026-04-26,P15,50,71,0,180
2026-04-27,P15,41,73,0,180
2026-04-28,P15,39,136,0,180
2026-04-29,P15,33,56,0,180
2026-04-30,P15,33,46,0,180
2026-05-01,P15,54,54,0,180
2026-05-02,P15,59,97,0,180
2026-05-03,P15,56,97,0,180
2026-05-04,P15,39,35,0,180
2026-05-05,P15,37,44,0,180
2026-05-06,P15,44,111,0,180
2026-05-07,P15,43,81,0,180
2026-05-08,P15,52,86,0,180
2026-05-09,P15,50,64,0,180
2026-05-10,P15,40,127,0,180
2026-05-11,P15,34,77,0,180
2026-05-12,P15,34,59,0,180
2026-05-13,P15,43,69,0,180
2026-05-14,P15,45,80,0,180
2026-05-15,P15,41,47,0,180
2026-05-16,P15,45,129,0,180
2026-05-17,P15,41,60,0,180
2026-05-18,P15,32,48,0,180
2026-05-19,P15,46,56,0,180
2026-05-20,P15,33,57,0,180
2026-05-21,P15,40,135,0,180
2026-05-22,P15,41,125,0,180
2026-05-23,P15,44,123,0,180
2026-05-24,P15,54,134,0,180
2026-05-25,P15,31,105,0,180
2026-05-26,P15,36,134,0,180
2026-05-27,P15,26,53,0,180
2026-05-28,P15,48,94,0,180
2026-05-29,P15,47,89,0,180
2026-05-30,P15,44,75,0,180
2026-05-31,P15,56,81,0,180
2026-06-01,P15,40,101,0,180
2026-06-02,P15,38,68,0,180
2026-06-03,P15,47,76,0,180
2026-06-04,P15,40,138,0,180
2026-06-05,P15,43,76,0,180
2026-06-06,P15,47,89,0,180
2026-06-07,P15,42,130,0,180
2026-06-08,P15,43,70,0,180
2026-06-09,P15,35,99,0,180
2026-06-10,P15,43,98,0,180
2026-06-11,P15,47,94,0,180
2026-06-12,P15,43,75,0,180
2026-06-13,P15,48,96,0,180
2026-06-14,P15,43,96,0,180
2026-06-15,P15,40,102,0,180
2026-06-16,P15,45,83,0,180
2026-06-17,P15,37,109,0,180
2026-06-18,P15,40,138,0,180
2026-06-19,P15,43,56,0,180
2026-06-20,P15,56,69,0,180
2026-06-21,P15,41,61,0,180
2026-06-22,P15,41,128,0,180
2026-06-23,P15,39,97,0,180
2026-06-24,P15,37,64,0,180
2026-06-25,P15,46,45,0,180
2026-06-26,P15,50,45,0,180
2026-06-27,P15,52,66,0,180
2026-06-28,P15,54,135,0,180
2026-06-29,P15,39,66,0,180
2026-06-30,P15,50,104,0,180
2026-07-01,P15,33,61,0,180
2026-07-02,P15,33,120,0,180
2026-07-03,P15,36,89,1,180
2026-07-04,P15,39,135,1,180
2026-07-05,P15,26,126,0,180
2026-07-06,P15,31,54,0,180
2026-07-07,P15,26,39,0,180
2026-07-08,P15,27,54,0,180
2026-07-09,P15,32,110,0,180
2026-07-10,P15,28,108,1,180
2026-07-11,P15,40,119,1,180
2026-07-12,P15,39,55,0,180
2026-07-13,P15,20,95,0,180
2026-07-14,P15,29,83,0,180
2026-07-15,P15,26,66,0,180
2026-07-16,P15,34,127,0,180
2026-07-17,P15,44,73,1,180
2026-07-18,P15,55,63,1,180
2026-07-19,P15,33,92,0,180
2026-07-20,P15,22,76,0,180
2026-07-21,P15,22,131,0,180
2026-07-22,P15,30,139,0,180
2026-07-23,P15,33,138,0,180
2026-07-24,P15,41,52,1,180
2026-07-25,P15,44,134,1,180
2026-07-26,P15,36,59,0,180
2026-07-27,P15,28,83,0,180
2026-07-28,P15,35,137,0,180
2026-07-29,P15,33,49,0,180
2026-07-30,P15,27,69,0,180
2026-07-31,P15,33,86,1,180
2026-08-01,P15,31,27,0,180
2026-08-02,P15,40,113,0,180
2026-08-03,P15,23,65,0,180
2026-08-04,P15,29,84,0,180
2026-08-05,P15,28,33,0,180
2026-08-06,P15,37,50,0,180
2026-08-07,P15,29,64,0,180
2026-08-08,P15,26,110,0,180
2026-08-09,P15,29,132,0,180
2026-08-10,P15,37,130,0,180
2026-08-11,P15,25,80,0,180
2026-08-12,P15,24,55,0,180
2026-08-13,P15,44,82,0,180
2026-08-14,P15,31,38,0,180
2026-08-15,P15,51,63,1,180
2026-08-16,P15,53,64,1,180
2026-08-17,P15,35,44,1,180
2026-08-18,P15,31,82,0,180
2026-08-19,P15,28,94,0,180
2026-08-20,P15,27,28,0,180
2026-08-21,P15,31,47,0,180
2026-08-22,P15,32,37,0,180
2026-08-23,P15,34,37,0,180
2026-08-24,P15,19,115,0,180
2026-08-25,P15,28,81,0,180
2026-08-26,P15,18,52,0,180
2026-08-27,P15,26,87,0,180
2026-08-28,P15,35,101,0,180
2026-08-29,P15,34,43,0,180
2026-08-30,P15,39,98,0,180
2026-08-31,P15,33,48,0,180
2026-09-01,P15,32,72,0,180
2026-09-02,P15,31,60,0,180
2026-09-03,P15,49,128,0,180
2026-09-04,P15,35,114,0,180
2026-09-05,P15,36,69,0,180
2026-09-06,P15,39,39,0,180
2026-09-07,P15,16,50,0,180
2026-09-08,P15,28,108,0,180
2026-09-09,P15,40,60,0,180
2026-09-10,P15,28,66,0,180
2026-09-11,P15,26,139,0,180
2026-09-12,P15,42,73,0,180
2026-09-13,P15,40,107,0,180
2026-09-14,P15,34,52,0,180
2026-09-15,P15,30,61,0,180
2026-09-16,P15,39,75,0,180
2026-09-17,P15,28,51,0,180
2026-09-18,P15,35,47,0,180
2026-09-19,P15,38,95,0,180
2026-09-20,P15,45,72,0,180
2026-09-21,P15,29,91,0,180
2026-09-22,P15,30,93,0,180
2026-09-23,P15,24,92,0,180
2026-09-24,P15,22,65,0,180
2026-09-25,P15,33,112,0,180
2026-09-26,P15,38,116,0,180
2026-09-27,P15,44,95,0,180
2026-09-28,P15,27,99,0,180
2026-09-29,P15,33,61,0,180
2026-09-30,P15,28,56,0,180
2026-10-01,P15,37,115,0,180
2026-10-02,P15,52,69,1,180
2026-10-03,P15,51,108,1,180
2026-10-04,P15,41,132,0,180
2026-10-05,P15,35,116,0,180
2026-10-06,P15,38,128,0,180
2026-10-07,P15,25,136,0,180
2026-10-08,P15,44,118,0,180
2026-10-09,P15,37,112,1,180
2026-10-10,P15,47,73,1,180
2026-10-11,P15,42,116,0,180
2026-10-12,P15,34,63,0,180
2026-10-13,P15,37,68,0,180
2026-10-14,P15,24,52,0,180
2026-10-15,P15,39,127,0,180
2026-10-16,P15,34,132,1,180
2026-10-17,P15,43,62,1,180
2026-10-18,P15,36,56,0,180
2026-10-19,P15,24,57,0,180
2026-10-20,P15,73,125,1,180
2026-10-21,P15,73,133,1,180
2026-10-22,P15,72,98,1,180
2026-10-23,P15,69,66,1,180
2026-10-24,P15,82,87,1,180
2026-10-25,P15,75,113,1,180
2026-10-26,P15,48,113,0,180
2026-10-27,P15,22,38,0,180
2026-10-28,P15,34,39,0,180
2026-10-29,P15,32,105,0,180
2026-10-30,P15,52,88,1,180
2026-10-31,P15,38,47,1,180
2026-11-01,P15,83,116,1,180
2026-11-02,P15,76,75,1,180
2026-11-03,P15,76,135,1,180
2026-11-04,P15,41,60,0,180
2026-11-05,P15,32,34,0,180
2026-11-06,P15,37,69,0,180
2026-11-07,P15,37,127,0,180
2026-11-08,P15,36,54,0,180
2026-11-09,P15,30,91,0,180
2026-11-10,P15,27,52,0,180
2026-11-11,P15,31,42,0,180
2026-11-12,P15,26,134,0,180
2026-11-13,P15,47,133,0,180
2026-11-14,P15,42,64,0,180
2026-11-15,P15,39,81,0,180
2026-11-16,P15,41,38,0,180
2026-11-17,P15,34,137,0,180
2026-11-18,P15,30,57,0,180
2026-11-19,P15,46,54,0,180
2026-11-20,P15,37,45,0,180
2026-11-21,P15,36,40,0,180
2026-11-22,P15,48,54,0,180
2026-11-23,P15,35,54,0,180
2026-11-24,P15,44,127,0,180
2026-11-25,P15,32,49,0,180
2026-11-26,P15,33,135,0,180
2026-11-27,P15,43,64,0,180
2026-11-28,P15,48,138,0,180
2026-11-29,P15,48,114,0,180
2026-11-30,P15,30,41,0,180
2026-12-01,P15,32,58,0,180
2026-12-02,P15,36,69,0,180
2026-12-03,P15,35,113,0,180
2026-12-04,P15,30,82,0,180
2026-12-05,P15,41,122,0,180
2026-12-06,P15,40,66,0,180
2026-12-07,P15,41,136,0,180
2026-12-08,P15,26,108,0,180
2026-12-09,P15,49,47,0,180
2026-12-10,P15,30,64,0,180
2026-12-11,P15,31,123,0,180
2026-12-12,P15,48,70,0,180
2026-12-13,P15,43,126,0,180
2026-12-14,P15,28,42,0,180
2026-12-15,P15,32,59,0,180
2026-12-16,P15,39,55,0,180
2026-12-17,P15,34,95,0,180
2026-12-18,P15,45,84,0,180
2026-12-19,P15,46,57,0,180
2026-12-20,P15,36,139,0,180
2026-12-21,P15,30,74,0,180
2026-12-22,P15,28,135,0,180
2026-12-23,P15,25,20,0,180
2026-12-24,P15,37,49,0,180
2026-12-25,P15,39,98,0,180
2026-12-26,P15,37,109,0,180
2026-12-27,P15,35,134,0,180
2026-12-28,P15,36,47,0,180
2026-12-29,P15,43,113,0,180
2026-12-30,P15,40,105,0,180
2026-12-31,P15,40,118,0,180
2027-01-01,P15,30,64,0,180
2027-01-02,P15,55,98,0,180
2027-01-03,P15,44,79,0,180
2027-01-04,P15,19,118,0,180
2027-01-05,P15,29,81,0,180
2027-01-06,P15,32,81,0,180
2027-01-07,P15,50,55,0,180
2027-01-08,P15,26,70,0,180
2027-01-09,P15,48,54,0,180
2027-01-10,P15,54,83,0,180
2027-01-11,P15,31,86,0,180
2027-01-12,P15,35,80,0,180
2027-01-13,P15,50,100,1,180
2027-01-14,P15,50,76,1,180
2027-01-15,P15,57,130,1,180
2027-01-16,P15,56,88,1,180
2027-01-17,P15,41,73,0,180
2027-01-18,P15,23,45,0,180
2027-01-19,P15,29,103,0,180
2027-01-20,P15,27,137,0,180
2027-01-21,P15,19,117,0,180
2027-01-22,P15,35,93,0,180
2027-01-23,P15,43,67,0,180
2027-01-24,P15,38,55,0,180
2027-01-25,P15,36,86,0,180
2027-01-26,P15,24,50,0,180
2027-01-27,P15,29,125,0,180
2027-01-28,P15,37,129,0,180
2027-01-29,P15,38,129,0,180
2027-01-30,P15,37,58,0,180
2027-01-31,P15,40,82,0,180
2027-02-01,P15,39,118,0,180
2027-02-02,P15,35,63,0,180
2027-02-03,P15,39,90,0,180
2027-02-04,P15,45,63,0,180
2027-02-05,P15,49,81,0,180
2027-02-06,P15,38,109,0,180
2027-02-07,P15,33,65,0,180
2027-02-08,P15,22,86,0,180
2027-02-09,P15,34,86,0,180
2027-02-10,P15,39,97,0,180
2027-02-11,P15,31,43,0,180
2027-02-12,P15,27,63,0,180
2027-02-13,P15,34,77,0,180
2027-02-14,P15,33,131,0,180
2027-02-15,P15,33,42,0,180
2027-02-16,P15,20,95,0,180
2027-02-17,P15,36,51,0,180
2027-02-18,P15,26,65,0,180
2027-02-19,P15,42,49,0,180
2027-02-20,P15,43,84,0,180
2027-02-21,P15,34,56,0,180
2027-02-22,P15,34,127,0,180
2027-02-23,P15,30,96,0,180
2027-02-24,P15,33,62,0,180
2027-02-25,P15,28,76,0,180
2027-02-26,P15,38,89,0,180
2027-02-27,P15,43,106,0,180
2027-02-28,P15,42,133,0,180
2027-03-01,P15,32,55,0,180
2027-03-02,P15,43,108,0,180
2027-03-03,P15,40,92,0,180
2027-03-04,P15,38,50,0,180
2027-03-05,P15,43,61,1,180
2027-03-06,P15,50,79,1,180
2027-03-07,P15,45,89,0,180
2027-03-08,P15,39,139,0,180
2027-03-09,P15,44,79,0,180
2027-03-10,P15,28,81,0,180
2027-03-11,P15,37,92,0,180
2027-03-12,P15,40,57,1,180
2027-03-13,P15,55,53,1,180
2027-03-14,P15,41,46,0,180
2027-03-15,P15,46,67,0,180
2027-03-16,P15,33,63,0,180
2027-03-17,P15,41,130,0,180
2027-03-18,P15,52,117,0,180
2027-03-19,P15,43,115,1,180
2027-03-20,P15,60,89,1,180
2027-03-21,P15,36,91,0,180
2027-03-22,P15,26,21,0,180
2027-03-23,P15,37,67,0,180
2027-03-24,P15,37,110,0,180
2027-03-25,P15,44,106,0,180
2027-03-26,P15,44,127,1,180
2027-03-27,P15,55,64,1,180
2027-03-28,P15,44,96,0,180
2027-03-29,P15,37,92,0,180
2027-03-30,P15,46,53,0,180
2027-03-31,P15,35,62,0,180
2027-04-01,P15,41,138,0,180
2027-04-02,P15,56,51,0,180
2027-04-03,P15,61,79,0,180
2027-04-04,P15,47,66,0,180
2027-04-05,P15,39,129,0,180
2027-04-06,P15,40,57,0,180
2027-04-07,P15,34,108,0,180
2027-04-08,P15,54,122,0,180
2027-04-09,P15,33,85,0,180
2027-04-10,P15,48,136,0,180
2027-04-11,P15,50,70,0,180
2027-04-12,P15,41,71,0,180
2027-04-13,P15,42,56,0,180
2027-04-14,P15,46,108,0,180
2027-04-15,P15,39,75,0,180
2027-04-16,P15,43,104,0,180
2027-04-17,P15,64,82,0,180
2027-04-18,P15,55,54,0,180
2027-04-19,P15,40,79,0,180
2027-04-20,P15,41,72,0,180
2027-04-21,P15,37,120,0,180
2027-04-22,P15,39,87,0,180
2027-04-23,P15,52,60,0,180
2027-04-24,P15,51,48,0,180
2027-04-25,P15,50,139,0,180
2027-04-26,P15,40,67,0,180
2027-04-27,P15,35,57,0,180
2027-04-28,P15,52,115,0,180
2027-04-29,P15,31,127,0,180
2027-04-30,P15,54,78,0,180
2027-05-01,P15,56,59,0,180
2027-05-02,P15,59,132,0,180
2027-05-03,P15,46,63,0,180
2027-05-04,P15,46,45,0,180
2027-05-05,P15,37,54,0,180
2027-05-06,P15,36,67,0,180
2027-05-07,P15,38,73,0,180
2027-05-08,P15,59,115,0,180
2027-05-09,P15,52,74,0,180
2027-05-10,P15,34,51,0,180
2027-05-11,P15,44,127,0,180
2027-05-12,P15,36,57,0,180
2027-05-13,P15,33,57,0,180
2027-05-14,P15,64,91,0,180
2027-05-15,P15,47,97,0,180
2027-05-16,P15,54,87,0,180
2027-05-17,P15,48,121,0,180
2027-05-18,P15,44,70,0,180
2027-05-19,P15,43,71,0,180
2027-05-20,P15,40,118,0,180
2027-05-21,P15,47,132,0,180
2027-05-22,P15,46,132,0,180
2027-05-23,P15,53,93,0,180
2027-05-24,P15,44,61,0,180
2027-05-25,P15,50,102,0,180
2027-05-26,P15,37,132,0,180
2027-05-27,P15,40,120,0,180
2027-05-28,P15,52,58,0,180
2027-05-29,P15,38,59,0,180
2027-05-30,P15,50,64,0,180
2027-05-31,P15,47,68,0,180
2027-06-01,P15,52,90,0,180
2027-06-02,P15,35,123,0,180
2027-06-03,P15,57,89,0,180
2027-06-04,P15,48,52,0,180
2027-06-05,P15,51,125,0,180
2027-06-06,P15,42,85,0,180
2027-06-07,P15,45,69,0,180
2027-06-08,P15,39,43,0,180
2027-06-09,P15,42,133,0,180
2027-06-10,P15,38,131,0,180
2027-06-11,P15,47,139,0,180
2027-06-12,P15,54,124,0,180
2027-06-13,P15,42,52,0,180
2027-06-14,P15,40,68,0,180
2027-06-15,P15,47,76,0,180
2027-06-16,P15,37,49,0,180
2027-06-17,P15,47,86,0,180
2027-06-18,P15,33,126,0,180
2027-06-19,P15,37,38,0,180
2027-06-20,P15,47,56,0,180
2027-06-21,P15,35,42,0,180
2027-06-22,P15,29,35,0,180
2027-06-23,P15,32,85,0,180
2027-06-24,P15,39,87,0,180
2027-06-25,P15,39,72,0,180
2027-06-26,P15,40,45,0,180
2027-06-27,P15,47,69,0,180
2027-06-28,P15,40,58,0,180
2027-06-29,P15,50,54,0,180
2027-06-30,P15,44,139,0,180
2027-07-01,P15,18,45,0,180
2027-07-02,P15,42,84,1,180
2027-07-03,P15,36,101,1,180
2027-07-04,P15,42,59,0,180
2027-07-05,P15,28,112,0,180
2027-07-06,P15,33,117,0,180
2027-07-07,P15,37,96,0,180
2027-07-08,P15,28,118,0,180
2027-07-09,P15,38,35,1,180
2027-07-10,P15,54,66,1,180
2027-07-11,P15,29,52,0,180
2027-07-12,P15,22,83,0,180
2027-07-13,P15,24,42,0,180
2027-07-14,P15,28,26,0,180
2027-07-15,P15,30,66,0,180
2027-07-16,P15,35,119,1,180
2027-07-17,P15,49,127,1,180
2027-07-18,P15,32,44,0,180
2027-07-19,P15,26,70,0,180
2027-07-20,P15,26,60,0,180
2027-07-21,P15,19,76,0,180
2027-07-22,P15,36,54,0,180
2027-07-23,P15,42,112,1,180
2027-07-24,P15,30,134,1,180
2027-07-25,P15,33,77,0,180
2027-07-26,P15,39,56,0,180
2027-07-27,P15,31,60,0,180
2027-07-28,P15,20,77,0,180
2027-07-29,P15,33,111,0,180
2027-07-30,P15,42,70,1,180
2027-07-31,P15,45,75,1,180
2027-08-01,P15,37,77,0,180
2027-08-02,P15,31,100,0,180
2027-08-03,P15,29,86,0,180
2027-08-04,P15,37,128,0,180
2027-08-05,P15,26,55,0,180
2027-08-06,P15,35,95,0,180
2027-08-07,P15,31,69,0,180
2027-08-08,P15,38,86,0,180
2027-08-09,P15,29,93,0,180
2027-08-10,P15,28,86,0,180
2027-08-11,P15,41,62,0,180
2027-08-12,P15,36,122,0,180
2027-08-13,P15,36,113,0,180
2027-08-14,P15,31,107,0,180
2027-08-15,P15,42,89,1,180
2027-08-16,P15,46,119,1,180
2027-08-17,P15,33,60,1,180
2027-08-18,P15,29,103,0,180
2027-08-19,P15,32,131,0,180
2027-08-20,P15,31,64,0,180
2027-08-21,P15,38,45,0,180
2027-08-22,P15,35,66,0,180
2027-08-23,P15,32,63,0,180
2027-08-24,P15,33,72,0,180
2027-08-25,P15,26,33,0,180
2027-08-26,P15,42,133,0,180
2027-08-27,P15,24,35,0,180
2027-08-28,P15,40,82,0,180
2027-08-29,P15,44,47,0,180
2027-08-30,P15,29,93,0,180
2027-08-31,P15,25,89,0,180
2027-09-01,P15,56,85,0,180
2027-09-02,P15,34,114,0,180
2027-09-03,P15,42,128,0,180
2027-09-04,P15,34,47,0,180
2027-09-05,P15,32,75,0,180
2027-09-06,P15,32,93,0,180
2027-09-07,P15,21,32,0,180
2027-09-08,P15,30,89,0,180
2027-09-09,P15,28,106,0,180
2027-09-10,P15,36,43,0,180
2027-09-11,P15,33,97,0,180
2027-09-12,P15,51,107,0,180
2027-09-13,P15,25,120,0,180
2027-09-14,P15,28,80,0,180
2027-09-15,P15,31,126,0,180
2027-09-16,P15,40,44,0,180
2027-09-17,P15,32,81,0,180
2027-09-18,P15,31,130,0,180
2027-09-19,P15,38,117,0,180
2027-09-20,P15,23,93,0,180
2027-09-21,P15,23,45,0,180
2027-09-22,P15,35,40,0,180
2027-09-23,P15,30,131,0,180
2027-09-24,P15,41,83,0,180
2027-09-25,P15,37,116,0,180
2027-09-26,P15,32,50,0,180
2027-09-27,P15,29,115,0,180
2027-09-28,P15,38,86,0,180
2027-09-29,P15,23,52,0,180
2027-09-30,P15,38,45,0,180
2027-10-01,P15,44,65,1,180
2027-10-02,P15,65,81,1,180
2027-10-03,P15,38,84,0,180
2027-10-04,P15,29,129,0,180
2027-10-05,P15,35,132,0,180
2027-10-06,P15,28,59,0,180
2027-10-07,P15,28,81,0,180
2027-10-08,P15,46,71,1,180
2027-10-09,P15,61,82,1,180
2027-10-10,P15,42,108,0,180
2027-10-11,P15,28,53,0,180
2027-10-12,P15,43,60,0,180
2027-10-13,P15,37,50,0,180
2027-10-14,P15,35,135,0,180
2027-10-15,P15,36,38,1,180
2027-10-16,P15,46,52,1,180
2027-10-17,P15,35,44,0,180
2027-10-18,P15,32,68,0,180
2027-10-19,P15,41,130,0,180
2027-10-20,P15,55,79,1,180
2027-10-21,P15,77,80,1,180
2027-10-22,P15,65,80,1,180
2027-10-23,P15,92,96,1,180
2027-10-24,P15,73,105,1,180
2027-10-25,P15,56,132,1,180
2027-10-26,P15,35,58,0,180
2027-10-27,P15,37,118,0,180
2027-10-28,P15,36,136,0,180
2027-10-29,P15,50,72,1,180
2027-10-30,P15,51,51,1,180
2027-10-31,P15,42,120,0,180
2027-11-01,P15,76,87,1,180
2027-11-02,P15,67,120,1,180
2027-11-03,P15,48,69,1,180
2027-11-04,P15,28,62,0,180
2027-11-05,P15,37,53,0,180
2027-11-06,P15,49,58,0,180
2027-11-07,P15,46,71,0,180
2027-11-08,P15,40,77,0,180
2027-11-09,P15,37,84,0,180
2027-11-10,P15,39,63,0,180
2027-11-11,P15,33,43,0,180
2027-11-12,P15,32,107,0,180
2027-11-13,P15,45,50,0,180
2027-11-14,P15,39,94,0,180
2027-11-15,P15,29,52,0,180
2027-11-16,P15,51,82,0,180
2027-11-17,P15,42,68,0,180
2027-11-18,P15,36,80,0,180
2027-11-19,P15,44,68,0,180
2027-11-20,P15,52,78,0,180
2027-11-21,P15,46,58,0,180
2027-11-22,P15,37,75,0,180
2027-11-23,P15,28,24,0,180
2027-11-24,P15,42,51,0,180
2027-11-25,P15,32,63,0,180
2027-11-26,P15,33,66,0,180
2027-11-27,P15,31,80,0,180
2027-11-28,P15,32,94,0,180
2027-11-29,P15,40,67,0,180
2027-11-30,P15,46,111,0,180
2027-12-01,P15,28,41,0,180
2027-12-02,P15,30,114,0,180
2027-12-03,P15,40,56,0,180
2027-12-04,P15,38,95,0,180
2027-12-05,P15,38,96,0,180
2027-12-06,P15,32,73,0,180
2027-12-07,P15,37,71,0,180
2027-12-08,P15,37,76,0,180
2027-12-09,P15,39,40,0,180
2027-12-10,P15,36,59,0,180
2027-12-11,P15,56,90,0,180
2027-12-12,P15,46,74,0,180
2027-12-13,P15,33,50,0,180
2027-12-14,P15,35,122,0,180
2027-12-15,P15,36,133,0,180
2027-12-16,P15,30,48,0,180
2027-12-17,P15,31,79,0,180
2027-12-18,P15,45,47,0,180
2027-12-19,P15,36,59,0,180
2027-12-20,P15,34,136,0,180
2027-12-21,P15,49,131,0,180
2027-12-22,P15,30,54,0,180
2027-12-23,P15,36,78,0,180
2027-12-24,P15,41,73,0,180
2027-12-25,P15,46,96,0,180
2027-12-26,P15,35,61,0,180
2027-12-27,P15,24,60,0,180
2027-12-28,P15,30,94,0,180
2027-12-29,P15,38,118,0,180
2027-12-30,P15,40,50,0,180
2027-12-31,P15,51,53,0,180
2026-01-01,P16,22,49,0,18
2026-01-02,P16,24,51,0,18
2026-01-03,P16,19,135,0,18
2026-01-04,P16,23,47,0,18
2026-01-05,P16,10,114,0,18
2026-01-06,P16,25,48,0,18
2026-01-07,P16,14,67,0,18
2026-01-08,P16,17,30,0,18
2026-01-09,P16,21,51,0,18
2026-01-10,P16,38,40,0,18
2026-01-11,P16,30,107,0,18
2026-01-12,P16,20,93,0,18
2026-01-13,P16,39,107,1,18
2026-01-14,P16,26,64,1,18
2026-01-15,P16,32,130,1,18
2026-01-16,P16,53,115,1,18
2026-01-17,P16,26,39,0,18
2026-01-18,P16,23,67,0,18
2026-01-19,P16,21,41,0,18
2026-01-20,P16,20,106,0,18
2026-01-21,P16,23,38,0,18
2026-01-22,P16,25,72,0,18
2026-01-23,P16,28,94,0,18
2026-01-24,P16,28,74,0,18
2026-01-25,P16,32,87,0,18
2026-01-26,P16,31,35,0,18
2026-01-27,P16,21,36,0,18
2026-01-28,P16,24,132,0,18
2026-01-29,P16,28,109,0,18
2026-01-30,P16,32,61,0,18
2026-01-31,P16,35,67,0,18
2026-02-01,P16,33,115,0,18
2026-02-02,P16,26,33,0,18
2026-02-03,P16,26,83,0,18
2026-02-04,P16,24,68,0,18
2026-02-05,P16,23,88,0,18
2026-02-06,P16,40,40,0,18
2026-02-07,P16,38,88,0,18
2026-02-08,P16,32,62,0,18
2026-02-09,P16,28,101,0,18
2026-02-10,P16,37,136,0,18
2026-02-11,P16,24,40,0,18
2026-02-12,P16,44,102,0,18
2026-02-13,P16,25,91,0,18
2026-02-14,P16,36,64,0,18
2026-02-15,P16,29,89,0,18
2026-02-16,P16,39,83,0,18
2026-02-17,P16,31,80,0,18
2026-02-18,P16,40,68,0,18
2026-02-19,P16,29,56,0,18
2026-02-20,P16,24,115,0,18
2026-02-21,P16,34,95,0,18
2026-02-22,P16,39,86,0,18
2026-02-23,P16,27,72,0,18
2026-02-24,P16,35,38,0,18
2026-02-25,P16,29,62,0,18
2026-02-26,P16,33,63,0,18
2026-02-27,P16,40,61,0,18
2026-02-28,P16,51,62,0,18
2026-03-01,P16,42,113,0,18
2026-03-02,P16,28,45,0,18
2026-03-03,P16,16,120,0,18
2026-03-04,P16,42,69,0,18
2026-03-05,P16,38,70,0,18
2026-03-06,P16,40,94,1,18
2026-03-07,P16,45,92,1,18
2026-03-08,P16,45,117,0,18
2026-03-09,P16,30,55,0,18
2026-03-10,P16,37,79,0,18
2026-03-11,P16,44,39,0,18
2026-03-12,P16,35,62,0,18
2026-03-13,P16,55,90,1,18
2026-03-14,P16,52,99,1,18
2026-03-15,P16,51,84,0,18
2026-03-16,P16,44,139,0,18
2026-03-17,P16,47,58,0,18
2026-03-18,P16,46,72,0,18
2026-03-19,P16,43,52,0,18
2026-03-20,P16,42,98,1,18
2026-03-21,P16,55,87,1,18
2026-03-22,P16,45,132,0,18
2026-03-23,P16,30,67,0,18
2026-03-24,P16,32,35,0,18
2026-03-25,P16,40,100,0,18
2026-03-26,P16,36,114,0,18
2026-03-27,P16,58,87,1,18
2026-03-28,P16,81,112,1,18
2026-03-29,P16,53,66,0,18
2026-03-30,P16,57,84,0,18
2026-03-31,P16,35,121,0,18
2026-04-01,P16,36,50,0,18
2026-04-02,P16,48,77,0,18
2026-04-03,P16,51,57,0,18
2026-04-04,P16,65,65,0,18
2026-04-05,P16,42,40,0,18
2026-04-06,P16,45,76,0,18
2026-04-07,P16,45,58,0,18
2026-04-08,P16,49,81,0,18
2026-04-09,P16,43,62,0,18
2026-04-10,P16,41,111,0,18
2026-04-11,P16,62,136,0,18
2026-04-12,P16,59,125,0,18
2026-04-13,P16,44,83,0,18
2026-04-14,P16,45,61,0,18
2026-04-15,P16,46,96,0,18
2026-04-16,P16,58,105,0,18
2026-04-17,P16,51,118,0,18
2026-04-18,P16,47,132,0,18
2026-04-19,P16,62,132,0,18
2026-04-20,P16,38,122,0,18
2026-04-21,P16,54,122,0,18
2026-04-22,P16,35,54,0,18
2026-04-23,P16,62,104,0,18
2026-04-24,P16,45,87,0,18
2026-04-25,P16,58,79,0,18
2026-04-26,P16,61,90,0,18
2026-04-27,P16,41,70,0,18
2026-04-28,P16,46,70,0,18
2026-04-29,P16,52,134,0,18
2026-04-30,P16,40,73,0,18
2026-05-01,P16,57,83,0,18
2026-05-02,P16,52,78,0,18
2026-05-03,P16,65,80,0,18
2026-05-04,P16,47,101,0,18
2026-05-05,P16,31,137,0,18
2026-05-06,P16,35,95,0,18
2026-05-07,P16,53,63,0,18
2026-05-08,P16,44,63,0,18
2026-05-09,P16,57,67,0,18
2026-05-10,P16,52,68,0,18
2026-05-11,P16,53,51,0,18
2026-05-12,P16,42,83,0,18
2026-05-13,P16,60,68,0,18
2026-05-14,P16,39,55,0,18
2026-05-15,P16,51,74,0,18
2026-05-16,P16,51,94,0,18
2026-05-17,P16,64,98,0,18
2026-05-18,P16,32,113,0,18
2026-05-19,P16,40,98,0,18
2026-05-20,P16,48,78,0,18
2026-05-21,P16,41,53,0,18
2026-05-22,P16,60,89,0,18
2026-05-23,P16,58,106,0,18
2026-05-24,P16,52,47,0,18
2026-05-25,P16,33,63,0,18
2026-05-26,P16,37,67,0,18
2026-05-27,P16,36,60,0,18
2026-05-28,P16,40,100,0,18
2026-05-29,P16,62,73,0,18
2026-05-30,P16,69,74,0,18
2026-05-31,P16,63,95,0,18
2026-06-01,P16,39,66,0,18
2026-06-02,P16,52,97,0,18
2026-06-03,P16,46,48,0,18
2026-06-04,P16,54,108,0,18
2026-06-05,P16,41,110,0,18
2026-06-06,P16,58,54,0,18
2026-06-07,P16,54,88,0,18
2026-06-08,P16,42,103,0,18
2026-06-09,P16,40,73,0,18
2026-06-10,P16,60,135,0,18
2026-06-11,P16,39,124,0,18
2026-06-12,P16,37,88,0,18
2026-06-13,P16,55,84,0,18
2026-06-14,P16,46,76,0,18
2026-06-15,P16,48,45,0,18
2026-06-16,P16,53,55,0,18
2026-06-17,P16,42,67,0,18
2026-06-18,P16,41,66,0,18
2026-06-19,P16,56,99,0,18
2026-06-20,P16,65,62,0,18
2026-06-21,P16,43,129,0,18
2026-06-22,P16,38,76,0,18
2026-06-23,P16,32,50,0,18
2026-06-24,P16,37,123,0,18
2026-06-25,P16,44,53,0,18
2026-06-26,P16,46,64,0,18
2026-06-27,P16,61,115,0,18
2026-06-28,P16,56,85,0,18
2026-06-29,P16,47,99,0,18
2026-06-30,P16,45,69,0,18
2026-07-01,P16,44,67,0,18
2026-07-02,P16,54,74,0,18
2026-07-03,P16,64,70,1,18
2026-07-04,P16,57,90,1,18
2026-07-05,P16,62,92,0,18
2026-07-06,P16,43,54,0,18
2026-07-07,P16,44,94,0,18
2026-07-08,P16,48,112,0,18
2026-07-09,P16,47,116,0,18
2026-07-10,P16,73,76,1,18
2026-07-11,P16,63,66,1,18
2026-07-12,P16,58,76,0,18
2026-07-13,P16,51,83,0,18
2026-07-14,P16,30,108,0,18
2026-07-15,P16,51,75,0,18
2026-07-16,P16,39,66,0,18
2026-07-17,P16,53,67,1,18
2026-07-18,P16,69,74,1,18
2026-07-19,P16,56,113,0,18
2026-07-20,P16,37,67,0,18
2026-07-21,P16,41,91,0,18
2026-07-22,P16,42,112,0,18
2026-07-23,P16,49,53,0,18
2026-07-24,P16,64,90,1,18
2026-07-25,P16,65,61,1,18
2026-07-26,P16,53,130,0,18
2026-07-27,P16,38,56,0,18
2026-07-28,P16,55,82,0,18
2026-07-29,P16,45,70,0,18
2026-07-30,P16,62,80,0,18
2026-07-31,P16,64,96,1,18
2026-08-01,P16,80,86,0,18
2026-08-02,P16,74,87,0,18
2026-08-03,P16,38,126,0,18
2026-08-04,P16,31,132,0,18
2026-08-05,P16,48,45,0,18
2026-08-06,P16,48,58,0,18
2026-08-07,P16,56,71,0,18
2026-08-08,P16,52,64,0,18
2026-08-09,P16,51,56,0,18
2026-08-10,P16,50,46,0,18
2026-08-11,P16,37,111,0,18
2026-08-12,P16,48,64,0,18
2026-08-13,P16,54,127,0,18
2026-08-14,P16,58,133,0,18
2026-08-15,P16,69,71,1,18
2026-08-16,P16,79,116,1,18
2026-08-17,P16,64,109,1,18
2026-08-18,P16,48,136,0,18
2026-08-19,P16,36,87,0,18
2026-08-20,P16,34,66,0,18
2026-08-21,P16,46,72,0,18
2026-08-22,P16,58,85,0,18
2026-08-23,P16,66,119,0,18
2026-08-24,P16,47,103,0,18
2026-08-25,P16,42,86,0,18
2026-08-26,P16,49,73,0,18
2026-08-27,P16,45,78,0,18
2026-08-28,P16,60,82,0,18
2026-08-29,P16,75,107,0,18
2026-08-30,P16,45,86,0,18
2026-08-31,P16,46,81,0,18
2026-09-01,P16,57,111,0,18
2026-09-02,P16,46,130,0,18
2026-09-03,P16,54,63,0,18
2026-09-04,P16,40,77,0,18
2026-09-05,P16,56,118,0,18
2026-09-06,P16,48,62,0,18
2026-09-07,P16,54,104,0,18
2026-09-08,P16,44,49,0,18
2026-09-09,P16,54,85,0,18
2026-09-10,P16,42,63,0,18
2026-09-11,P16,32,87,0,18
2026-09-12,P16,52,56,0,18
2026-09-13,P16,43,74,0,18
2026-09-14,P16,37,118,0,18
2026-09-15,P16,32,64,0,18
2026-09-16,P16,55,59,0,18
2026-09-17,P16,46,75,0,18
2026-09-18,P16,45,56,0,18
2026-09-19,P16,65,93,0,18
2026-09-20,P16,57,75,0,18
2026-09-21,P16,44,106,0,18
2026-09-22,P16,51,75,0,18
2026-09-23,P16,56,120,0,18
2026-09-24,P16,42,107,0,18
2026-09-25,P16,44,120,0,18
2026-09-26,P16,52,68,0,18
2026-09-27,P16,60,133,0,18
2026-09-28,P16,54,53,0,18
2026-09-29,P16,49,95,0,18
2026-09-30,P16,49,76,0,18
2026-10-01,P16,48,59,0,18
2026-10-02,P16,58,129,1,18
2026-10-03,P16,66,114,1,18
2026-10-04,P16,53,69,0,18
2026-10-05,P16,45,113,0,18
2026-10-06,P16,31,68,0,18
2026-10-07,P16,52,96,0,18
2026-10-08,P16,42,103,0,18
2026-10-09,P16,69,125,1,18
2026-10-10,P16,75,109,1,18
2026-10-11,P16,62,60,0,18
2026-10-12,P16,36,64,0,18
2026-10-13,P16,40,56,0,18
2026-10-14,P16,53,48,0,18
2026-10-15,P16,40,70,0,18
2026-10-16,P16,67,99,1,18
2026-10-17,P16,51,65,1,18
2026-10-18,P16,58,107,0,18
2026-10-19,P16,42,98,0,18
2026-10-20,P16,74,99,1,18
2026-10-21,P16,86,90,1,18
2026-10-22,P16,117,120,1,18
2026-10-23,P16,94,107,1,18
2026-10-24,P16,121,148,1,18
2026-10-25,P16,107,135,1,18
2026-10-26,P16,45,105,0,18
2026-10-27,P16,40,118,0,18
2026-10-28,P16,53,101,0,18
2026-10-29,P16,54,87,0,18
2026-10-30,P16,72,71,1,18
2026-10-31,P16,72,79,1,18
2026-11-01,P16,114,120,1,18
2026-11-02,P16,96,117,1,18
2026-11-03,P16,75,96,1,18
2026-11-04,P16,49,57,0,18
2026-11-05,P16,53,137,0,18
2026-11-06,P16,44,86,0,18
2026-11-07,P16,52,79,0,18
2026-11-08,P16,68,107,0,18
2026-11-09,P16,45,113,0,18
2026-11-10,P16,38,55,0,18
2026-11-11,P16,47,99,0,18
2026-11-12,P16,57,67,0,18
2026-11-13,P16,50,110,0,18
2026-11-14,P16,61,106,0,18
2026-11-15,P16,67,79,0,18
2026-11-16,P16,45,81,0,18
2026-11-17,P16,41,133,0,18
2026-11-18,P16,55,138,0,18
2026-11-19,P16,54,78,0,18
2026-11-20,P16,49,117,0,18
2026-11-21,P16,44,77,0,18
2026-11-22,P16,57,84,0,18
2026-11-23,P16,55,126,0,18
2026-11-24,P16,49,108,0,18
2026-11-25,P16,52,79,0,18
2026-11-26,P16,52,122,0,18
2026-11-27,P16,49,56,0,18
2026-11-28,P16,73,70,0,18
2026-11-29,P16,59,87,0,18
2026-11-30,P16,45,109,0,18
2026-12-01,P16,57,102,0,18
2026-12-02,P16,50,109,0,18
2026-12-03,P16,46,77,0,18
2026-12-04,P16,36,50,0,18
2026-12-05,P16,54,101,0,18
2026-12-06,P16,52,56,0,18
2026-12-07,P16,46,83,0,18
2026-12-08,P16,50,65,0,18
2026-12-09,P16,52,93,0,18
2026-12-10,P16,42,52,0,18
2026-12-11,P16,47,76,0,18
2026-12-12,P16,56,139,0,18
2026-12-13,P16,53,129,0,18
2026-12-14,P16,42,43,0,18
2026-12-15,P16,28,99,0,18
2026-12-16,P16,53,126,0,18
2026-12-17,P16,46,58,0,18
2026-12-18,P16,65,98,0,18
2026-12-19,P16,56,120,0,18
2026-12-20,P16,46,73,0,18
2026-12-21,P16,55,73,0,18
2026-12-22,P16,38,78,0,18
2026-12-23,P16,45,57,0,18
2026-12-24,P16,53,137,0,18
2026-12-25,P16,59,102,0,18
2026-12-26,P16,58,89,0,18
2026-12-27,P16,57,107,0,18
2026-12-28,P16,61,118,0,18
2026-12-29,P16,47,43,0,18
2026-12-30,P16,53,80,0,18
2026-12-31,P16,47,55,0,18
2027-01-01,P16,45,59,0,18
2027-01-02,P16,55,55,0,18
2027-01-03,P16,53,101,0,18
2027-01-04,P16,37,59,0,18
2027-01-05,P16,50,69,0,18
2027-01-06,P16,41,104,0,18
2027-01-07,P16,32,66,0,18
2027-01-08,P16,54,62,0,18
2027-01-09,P16,50,117,0,18
2027-01-10,P16,39,120,0,18
2027-01-11,P16,38,115,0,18
2027-01-12,P16,34,41,0,18
2027-01-13,P16,62,69,1,18
2027-01-14,P16,63,139,1,18
2027-01-15,P16,76,105,1,18
2027-01-16,P16,81,112,1,18
2027-01-17,P16,54,107,0,18
2027-01-18,P16,49,77,0,18
2027-01-19,P16,45,102,0,18
2027-01-20,P16,46,60,0,18
2027-01-21,P16,39,123,0,18
2027-01-22,P16,45,61,0,18
2027-01-23,P16,54,70,0,18
2027-01-24,P16,39,72,0,18
2027-01-25,P16,34,62,0,18
2027-01-26,P16,39,48,0,18
2027-01-27,P16,47,66,0,18
2027-01-28,P16,42,91,0,18
2027-01-29,P16,51,85,0,18
2027-01-30,P16,57,99,0,18
2027-01-31,P16,49,64,0,18
2027-02-01,P16,50,78,0,18
2027-02-02,P16,45,61,0,18
2027-02-03,P16,41,104,0,18
2027-02-04,P16,47,71,0,18
2027-02-05,P16,50,64,0,18
2027-02-06,P16,42,120,0,18
2027-02-07,P16,48,94,0,18
2027-02-08,P16,53,103,0,18
2027-02-09,P16,48,77,0,18
2027-02-10,P16,38,113,0,18
2027-02-11,P16,44,77,0,18
2027-02-12,P16,42,57,0,18
2027-02-13,P16,64,91,0,18
2027-02-14,P16,55,65,0,18
2027-02-15,P16,41,67,0,18
2027-02-16,P16,40,85,0,18
2027-02-17,P16,38,70,0,18
2027-02-18,P16,34,100,0,18
2027-02-19,P16,44,46,0,18
2027-02-20,P16,48,87,0,18
2027-02-21,P16,32,87,0,18
2027-02-22,P16,42,53,0,18
2027-02-23,P16,32,58,0,18
2027-02-24,P16,41,60,0,18
2027-02-25,P16,36,118,0,18
2027-02-26,P16,48,67,0,18
2027-02-27,P16,57,126,0,18
2027-02-28,P16,52,135,0,18
2027-03-01,P16,38,54,0,18
2027-03-02,P16,55,137,0,18
2027-03-03,P16,48,84,0,18
2027-03-04,P16,43,63,0,18
2027-03-05,P16,47,63,1,18
2027-03-06,P16,48,51,1,18
2027-03-07,P16,55,85,0,18
2027-03-08,P16,37,111,0,18
2027-03-09,P16,36,76,0,18
2027-03-10,P16,42,55,0,18
2027-03-11,P16,37,137,0,18
2027-03-12,P16,76,127,1,18
2027-03-13,P16,75,83,1,18
2027-03-14,P16,41,39,0,18
2027-03-15,P16,42,51,0,18
2027-03-16,P16,48,138,0,18
2027-03-17,P16,45,102,0,18
2027-03-18,P16,53,121,0,18
2027-03-19,P16,49,105,1,18
2027-03-20,P16,69,79,1,18
2027-03-21,P16,55,70,0,18
2027-03-22,P16,49,82,0,18
2027-03-23,P16,42,119,0,18
2027-03-24,P16,41,103,0,18
2027-03-25,P16,47,71,0,18
2027-03-26,P16,59,138,1,18
2027-03-27,P16,58,90,1,18
2027-03-28,P16,50,72,0,18
2027-03-29,P16,39,38,0,18
2027-03-30,P16,48,72,0,18
2027-03-31,P16,57,61,0,18
2027-04-01,P16,45,64,0,18
2027-04-02,P16,42,76,0,18
2027-04-03,P16,70,111,0,18
2027-04-04,P16,48,57,0,18
2027-04-05,P16,30,49,0,18
2027-04-06,P16,52,93,0,18
2027-04-07,P16,43,109,0,18
2027-04-08,P16,44,127,0,18
2027-04-09,P16,45,136,0,18
2027-04-10,P16,57,86,0,18
2027-04-11,P16,45,113,0,18
2027-04-12,P16,30,115,0,18
2027-04-13,P16,41,111,0,18
2027-04-14,P16,52,53,0,18
2027-04-15,P16,47,104,0,18
2027-04-16,P16,50,105,0,18
2027-04-17,P16,60,131,0,18
2027-04-18,P16,56,65,0,18
2027-04-19,P16,36,88,0,18
2027-04-20,P16,57,57,0,18
2027-04-21,P16,41,99,0,18
2027-04-22,P16,42,66,0,18
2027-04-23,P16,41,73,0,18
2027-04-24,P16,62,91,0,18
2027-04-25,P16,55,136,0,18
2027-04-26,P16,41,62,0,18
2027-04-27,P16,57,135,0,18
2027-04-28,P16,48,63,0,18
2027-04-29,P16,48,80,0,18
2027-04-30,P16,57,59,0,18
2027-05-01,P16,72,94,0,18
2027-05-02,P16,52,93,0,18
2027-05-03,P16,46,131,0,18
2027-05-04,P16,39,119,0,18
2027-05-05,P16,47,127,0,18
2027-05-06,P16,34,97,0,18
2027-05-07,P16,49,112,0,18
2027-05-08,P16,52,87,0,18
2027-05-09,P16,51,88,0,18
2027-05-10,P16,38,50,0,18
2027-05-11,P16,50,48,0,18
2027-05-12,P16,53,56,0,18
2027-05-13,P16,54,57,0,18
2027-05-14,P16,41,69,0,18
2027-05-15,P16,69,97,0,18
2027-05-16,P16,62,89,0,18
2027-05-17,P16,33,54,0,18
2027-05-18,P16,39,119,0,18
2027-05-19,P16,44,116,0,18
2027-05-20,P16,44,129,0,18
2027-05-21,P16,52,102,0,18
2027-05-22,P16,64,104,0,18
2027-05-23,P16,58,139,0,18
2027-05-24,P16,47,72,0,18
2027-05-25,P16,44,57,0,18
2027-05-26,P16,41,46,0,18
2027-05-27,P16,42,61,0,18
2027-05-28,P16,64,68,0,18
2027-05-29,P16,65,88,0,18
2027-05-30,P16,54,83,0,18
2027-05-31,P16,39,38,0,18
2027-06-01,P16,45,73,0,18
2027-06-02,P16,42,85,0,18
2027-06-03,P16,44,119,0,18
2027-06-04,P16,45,68,0,18
2027-06-05,P16,53,83,0,18
2027-06-06,P16,50,69,0,18
2027-06-07,P16,54,87,0,18
2027-06-08,P16,37,125,0,18
2027-06-09,P16,49,64,0,18
2027-06-10,P16,46,49,0,18
2027-06-11,P16,41,67,0,18
2027-06-12,P16,43,105,0,18
2027-06-13,P16,59,137,0,18
2027-06-14,P16,43,104,0,18
2027-06-15,P16,43,48,0,18
2027-06-16,P16,55,55,0,18
2027-06-17,P16,41,97,0,18
2027-06-18,P16,49,109,0,18
2027-06-19,P16,63,89,0,18
2027-06-20,P16,39,88,0,18
2027-06-21,P16,54,62,0,18
2027-06-22,P16,44,131,0,18
2027-06-23,P16,44,40,0,18
2027-06-24,P16,45,45,0,18
2027-06-25,P16,54,133,0,18
2027-06-26,P16,66,134,0,18
2027-06-27,P16,60,67,0,18
2027-06-28,P16,35,65,0,18
2027-06-29,P16,43,61,0,18
2027-06-30,P16,57,56,0,18
2027-07-01,P16,47,125,0,18
2027-07-02,P16,67,113,1,18
2027-07-03,P16,84,119,1,18
2027-07-04,P16,46,111,0,18
2027-07-05,P16,40,57,0,18
2027-07-06,P16,40,51,0,18
2027-07-07,P16,53,49,0,18
2027-07-08,P16,54,73,0,18
2027-07-09,P16,51,62,1,18
2027-07-10,P16,65,105,1,18
2027-07-11,P16,53,66,0,18
2027-07-12,P16,35,63,0,18
2027-07-13,P16,46,127,0,18
2027-07-14,P16,51,49,0,18
2027-07-15,P16,42,49,0,18
2027-07-16,P16,52,104,1,18
2027-07-17,P16,63,84,1,18
2027-07-18,P16,52,110,0,18
2027-07-19,P16,49,80,0,18
2027-07-20,P16,45,110,0,18
2027-07-21,P16,59,74,0,18
2027-07-22,P16,54,87,0,18
2027-07-23,P16,43,54,1,18
2027-07-24,P16,49,65,1,18
2027-07-25,P16,59,79,0,18
2027-07-26,P16,28,124,0,18
2027-07-27,P16,54,87,0,18
2027-07-28,P16,44,57,0,18
2027-07-29,P16,47,60,0,18
2027-07-30,P16,73,82,1,18
2027-07-31,P16,57,138,1,18
2027-08-01,P16,51,96,0,18
2027-08-02,P16,55,103,0,18
2027-08-03,P16,54,89,0,18
2027-08-04,P16,52,97,0,18
2027-08-05,P16,45,79,0,18
2027-08-06,P16,44,97,0,18
2027-08-07,P16,56,112,0,18
2027-08-08,P16,55,56,0,18
2027-08-09,P16,35,56,0,18
2027-08-10,P16,51,69,0,18
2027-08-11,P16,56,113,0,18
2027-08-12,P16,57,113,0,18
2027-08-13,P16,53,81,0,18
2027-08-14,P16,54,132,0,18
2027-08-15,P16,67,79,1,18
2027-08-16,P16,49,51,1,18
2027-08-17,P16,64,95,1,18
2027-08-18,P16,44,115,0,18
2027-08-19,P16,48,58,0,18
2027-08-20,P16,60,77,0,18
2027-08-21,P16,72,73,0,18
2027-08-22,P16,55,81,0,18
2027-08-23,P16,53,89,0,18
2027-08-24,P16,30,50,0,18
2027-08-25,P16,42,121,0,18
2027-08-26,P16,49,68,0,18
2027-08-27,P16,49,72,0,18
2027-08-28,P16,64,85,0,18
2027-08-29,P16,55,99,0,18
2027-08-30,P16,56,80,0,18
2027-08-31,P16,63,90,0,18
2027-09-01,P16,44,137,0,18
2027-09-02,P16,61,91,0,18
2027-09-03,P16,49,50,0,18
2027-09-04,P16,50,98,0,18
2027-09-05,P16,57,90,0,18
2027-09-06,P16,43,124,0,18
2027-09-07,P16,45,68,0,18
2027-09-08,P16,49,74,0,18
2027-09-09,P16,48,92,0,18
2027-09-10,P16,36,125,0,18
2027-09-11,P16,68,112,0,18
2027-09-12,P16,60,86,0,18
2027-09-13,P16,43,73,0,18
2027-09-14,P16,34,48,0,18
2027-09-15,P16,56,115,0,18
2027-09-16,P16,59,107,0,18
2027-09-17,P16,58,91,0,18
2027-09-18,P16,52,84,0,18
2027-09-19,P16,49,109,0,18
2027-09-20,P16,45,119,0,18
2027-09-21,P16,39,105,0,18
2027-09-22,P16,54,89,0,18
2027-09-23,P16,54,87,0,18
2027-09-24,P16,45,111,0,18
2027-09-25,P16,54,89,0,18
2027-09-26,P16,53,49,0,18
2027-09-27,P16,40,67,0,18
2027-09-28,P16,43,89,0,18
2027-09-29,P16,55,122,0,18
2027-09-30,P16,38,70,0,18
2027-10-01,P16,72,106,1,18
2027-10-02,P16,76,101,1,18
2027-10-03,P16,52,92,0,18
2027-10-04,P16,42,71,0,18
2027-10-05,P16,44,55,0,18
2027-10-06,P16,56,131,0,18
2027-10-07,P16,44,75,0,18
2027-10-08,P16,54,67,1,18
2027-10-09,P16,73,92,1,18
2027-10-10,P16,67,89,0,18
2027-10-11,P16,56,138,0,18
2027-10-12,P16,37,52,0,18
2027-10-13,P16,49,48,0,18
2027-10-14,P16,38,40,0,18
2027-10-15,P16,49,89,1,18
2027-10-16,P16,72,92,1,18
2027-10-17,P16,56,119,0,18
2027-10-18,P16,42,56,0,18
2027-10-19,P16,37,38,0,18
2027-10-20,P16,93,105,1,18
2027-10-21,P16,91,96,1,18
2027-10-22,P16,115,142,1,18
2027-10-23,P16,117,116,1,18
2027-10-24,P16,117,121,1,18
2027-10-25,P16,92,117,1,18
2027-10-26,P16,56,110,0,18
2027-10-27,P16,36,137,0,18
2027-10-28,P16,75,80,0,18
2027-10-29,P16,72,99,1,18
2027-10-30,P16,87,105,1,18
2027-10-31,P16,62,131,0,18
2027-11-01,P16,82,88,1,18
2027-11-02,P16,99,104,1,18
2027-11-03,P16,93,90,1,18
2027-11-04,P16,44,132,0,18
2027-11-05,P16,56,92,0,18
2027-11-06,P16,48,79,0,18
2027-11-07,P16,56,136,0,18
2027-11-08,P16,36,65,0,18
2027-11-09,P16,41,51,0,18
2027-11-10,P16,50,50,0,18
2027-11-11,P16,58,83,0,18
2027-11-12,P16,46,93,0,18
2027-11-13,P16,53,85,0,18
2027-11-14,P16,62,104,0,18
2027-11-15,P16,49,75,0,18
2027-11-16,P16,53,138,0,18
2027-11-17,P16,40,79,0,18
2027-11-18,P16,47,80,0,18
2027-11-19,P16,48,51,0,18
2027-11-20,P16,57,137,0,18
2027-11-21,P16,50,104,0,18
2027-11-22,P16,55,71,0,18
2027-11-23,P16,46,61,0,18
2027-11-24,P16,56,89,0,18
2027-11-25,P16,40,81,0,18
2027-11-26,P16,53,80,0,18
2027-11-27,P16,61,83,0,18
2027-11-28,P16,72,106,0,18
2027-11-29,P16,47,55,0,18
2027-11-30,P16,41,47,0,18
2027-12-01,P16,61,66,0,18
2027-12-02,P16,61,56,0,18
2027-12-03,P16,42,77,0,18
2027-12-04,P16,65,90,0,18
2027-12-05,P16,51,88,0,18
2027-12-06,P16,47,58,0,18
2027-12-07,P16,49,92,0,18
2027-12-08,P16,57,89,0,18
2027-12-09,P16,42,49,0,18
2027-12-10,P16,45,67,0,18
2027-12-11,P16,58,80,0,18
2027-12-12,P16,56,122,0,18
2027-12-13,P16,42,124,0,18
2027-12-14,P16,54,68,0,18
2027-12-15,P16,55,83,0,18
2027-12-16,P16,52,70,0,18
2027-12-17,P16,58,84,0,18
2027-12-18,P16,68,101,0,18
2027-12-19,P16,51,138,0,18
2027-12-20,P16,39,83,0,18
2027-12-21,P16,49,135,0,18
2027-12-22,P16,46,55,0,18
2027-12-23,P16,41,44,0,18
2027-12-24,P16,38,36,0,18
2027-12-25,P16,67,90,0,18
2027-12-26,P16,43,79,0,18
2027-12-27,P16,44,129,0,18
2027-12-28,P16,36,138,0,18
2027-12-29,P16,51,107,0,18
2027-12-30,P16,49,107,0,18
2027-12-31,P16,53,63,0,18
2026-01-01,P17,4,40,0,35
2026-01-02,P17,6,82,0,35
2026-01-03,P17,8,40,0,35
2026-01-04,P17,7,25,0,35
2026-01-05,P17,8,36,0,35
2026-01-06,P17,9,93,0,35
2026-01-07,P17,9,111,0,35
2026-01-08,P17,13,23,0,35
2026-01-09,P17,6,55,0,35
2026-01-10,P17,8,72,0,35
2026-01-11,P17,5,139,0,35
2026-01-12,P17,7,16,0,35
2026-01-13,P17,11,38,1,35
2026-01-14,P17,8,121,1,35
2026-01-15,P17,13,47,1,35
2026-01-16,P17,24,94,1,35
2026-01-17,P17,12,131,0,35
2026-01-18,P17,14,37,0,35
2026-01-19,P17,6,47,0,35
2026-01-20,P17,6,134,0,35
2026-01-21,P17,1,66,0,35
2026-01-22,P17,5,67,0,35
2026-01-23,P17,3,61,0,35
2026-01-24,P17,11,77,0,35
2026-01-25,P17,8,52,0,35
2026-01-26,P17,7,26,0,35
2026-01-27,P17,14,73,0,35
2026-01-28,P17,9,39,0,35
2026-01-29,P17,11,107,0,35
2026-01-30,P17,13,97,0,35
2026-01-31,P17,13,78,0,35
2026-02-01,P17,13,68,0,35
2026-02-02,P17,11,30,0,35
2026-02-03,P17,9,110,0,35
2026-02-04,P17,10,32,0,35
2026-02-05,P17,8,75,0,35
2026-02-06,P17,11,50,0,35
2026-02-07,P17,15,120,0,35
2026-02-08,P17,16,40,0,35
2026-02-09,P17,9,121,0,35
2026-02-10,P17,12,106,0,35
2026-02-11,P17,6,128,0,35
2026-02-12,P17,14,21,0,35
2026-02-13,P17,11,83,0,35
2026-02-14,P17,7,139,0,35
2026-02-15,P17,8,37,0,35
2026-02-16,P17,7,127,0,35
2026-02-17,P17,7,52,0,35
2026-02-18,P17,7,46,0,35
2026-02-19,P17,7,43,0,35
2026-02-20,P17,10,86,0,35
2026-02-21,P17,7,86,0,35
2026-02-22,P17,11,28,0,35
2026-02-23,P17,8,63,0,35
2026-02-24,P17,11,49,0,35
2026-02-25,P17,9,32,0,35
2026-02-26,P17,6,33,0,35
2026-02-27,P17,11,45,0,35
2026-02-28,P17,9,124,0,35
2026-03-01,P17,13,43,0,35
2026-03-02,P17,8,58,0,35
2026-03-03,P17,13,126,0,35
2026-03-04,P17,15,44,0,35
2026-03-05,P17,8,34,0,35
2026-03-06,P17,14,30,1,35
2026-03-07,P17,14,30,1,35
2026-03-08,P17,10,111,0,35
2026-03-09,P17,11,10,0,35
2026-03-10,P17,11,24,0,35
2026-03-11,P17,14,52,0,35
2026-03-12,P17,13,66,0,35
2026-03-13,P17,19,137,1,35
2026-03-14,P17,12,110,1,35
2026-03-15,P17,15,82,0,35
2026-03-16,P17,9,42,0,35
2026-03-17,P17,13,121,0,35
2026-03-18,P17,10,129,0,35
2026-03-19,P17,9,67,0,35
2026-03-20,P17,15,46,1,35
2026-03-21,P17,21,95,1,35
2026-03-22,P17,15,55,0,35
2026-03-23,P17,13,75,0,35
2026-03-24,P17,12,94,0,35
2026-03-25,P17,12,139,0,35
2026-03-26,P17,13,119,0,35
2026-03-27,P17,15,40,1,35
2026-03-28,P17,15,53,1,35
2026-03-29,P17,8,30,0,35
2026-03-30,P17,18,112,0,35
2026-03-31,P17,9,62,0,35
2026-04-01,P17,17,40,0,35
2026-04-02,P17,17,49,0,35
2026-04-03,P17,13,39,0,35
2026-04-04,P17,14,128,0,35
2026-04-05,P17,24,116,0,35
2026-04-06,P17,18,57,0,35
2026-04-07,P17,19,115,0,35
2026-04-08,P17,9,110,0,35
2026-04-09,P17,19,106,0,35
2026-04-10,P17,16,42,0,35
2026-04-11,P17,29,42,0,35
2026-04-12,P17,20,43,0,35
2026-04-13,P17,11,122,0,35
2026-04-14,P17,17,85,0,35
2026-04-15,P17,19,130,0,35
2026-04-16,P17,13,30,0,35
2026-04-17,P17,15,39,0,35
2026-04-18,P17,25,22,0,35
2026-04-19,P17,10,102,0,35
2026-04-20,P17,10,57,0,35
2026-04-21,P17,14,24,0,35
2026-04-22,P17,12,27,0,35
2026-04-23,P17,11,95,0,35
2026-04-24,P17,8,21,0,35
2026-04-25,P17,13,109,0,35
2026-04-26,P17,21,68,0,35
2026-04-27,P17,10,22,0,35
2026-04-28,P17,9,62,0,35
2026-04-29,P17,13,30,0,35
2026-04-30,P17,16,49,0,35
2026-05-01,P17,19,96,0,35
2026-05-02,P17,21,51,0,35
2026-05-03,P17,27,91,0,35
2026-05-04,P17,10,133,0,35
2026-05-05,P17,11,26,0,35
2026-05-06,P17,10,95,0,35
2026-05-07,P17,17,42,0,35
2026-05-08,P17,10,36,0,35
2026-05-09,P17,19,43,0,35
2026-05-10,P17,21,38,0,35
2026-05-11,P17,13,71,0,35
2026-05-12,P17,16,100,0,35
2026-05-13,P17,14,49,0,35
2026-05-14,P17,11,66,0,35
2026-05-15,P17,22,49,0,35
2026-05-16,P17,26,27,0,35
2026-05-17,P17,22,51,0,35
2026-05-18,P17,11,133,0,35
2026-05-19,P17,10,70,0,35
2026-05-20,P17,16,108,0,35
2026-05-21,P17,9,50,0,35
2026-05-22,P17,13,45,0,35
2026-05-23,P17,15,131,0,35
2026-05-24,P17,15,33,0,35
2026-05-25,P17,8,76,0,35
2026-05-26,P17,9,62,0,35
2026-05-27,P17,11,117,0,35
2026-05-28,P17,20,25,0,35
2026-05-29,P17,14,139,0,35
2026-05-30,P17,25,59,0,35
2026-05-31,P17,24,49,0,35
2026-06-01,P17,25,118,0,35
2026-06-02,P17,17,77,0,35
2026-06-03,P17,17,86,0,35
2026-06-04,P17,10,37,0,35
2026-06-05,P17,11,122,0,35
2026-06-06,P17,15,69,0,35
2026-06-07,P17,12,95,0,35
2026-06-08,P17,8,32,0,35
2026-06-09,P17,8,104,0,35
2026-06-10,P17,21,92,0,35
2026-06-11,P17,11,45,0,35
2026-06-12,P17,13,54,0,35
2026-06-13,P17,18,46,0,35
2026-06-14,P17,12,77,0,35
2026-06-15,P17,16,74,0,35
2026-06-16,P17,15,44,0,35
2026-06-17,P17,16,76,0,35
2026-06-18,P17,17,60,0,35
2026-06-19,P17,16,60,0,35
2026-06-20,P17,14,29,0,35
2026-06-21,P17,28,124,0,35
2026-06-22,P17,11,69,0,35
2026-06-23,P17,15,35,0,35
2026-06-24,P17,13,77,0,35
2026-06-25,P17,17,117,0,35
2026-06-26,P17,25,89,0,35
2026-06-27,P17,18,132,0,35
2026-06-28,P17,25,120,0,35
2026-06-29,P17,17,49,0,35
2026-06-30,P17,13,42,0,35
2026-07-01,P17,17,24,0,35
2026-07-02,P17,17,80,0,35
2026-07-03,P17,19,40,1,35
2026-07-04,P17,13,41,1,35
2026-07-05,P17,15,55,0,35
2026-07-06,P17,18,44,0,35
2026-07-07,P17,8,46,0,35
2026-07-08,P17,15,72,0,35
2026-07-09,P17,13,134,0,35
2026-07-10,P17,17,72,1,35
2026-07-11,P17,14,88,1,35
2026-07-12,P17,22,107,0,35
2026-07-13,P17,19,48,0,35
2026-07-14,P17,13,132,0,35
2026-07-15,P17,11,98,0,35
2026-07-16,P17,10,115,0,35
2026-07-17,P17,27,106,1,35
2026-07-18,P17,25,56,1,35
2026-07-19,P17,17,133,0,35
2026-07-20,P17,19,49,0,35
2026-07-21,P17,9,136,0,35
2026-07-22,P17,22,60,0,35
2026-07-23,P17,14,117,0,35
2026-07-24,P17,23,50,1,35
2026-07-25,P17,26,70,1,35
2026-07-26,P17,24,48,0,35
2026-07-27,P17,11,50,0,35
2026-07-28,P17,18,70,0,35
2026-07-29,P17,14,64,0,35
2026-07-30,P17,14,39,0,35
2026-07-31,P17,26,115,1,35
2026-08-01,P17,25,54,0,35
2026-08-02,P17,21,113,0,35
2026-08-03,P17,17,77,0,35
2026-08-04,P17,16,134,0,35
2026-08-05,P17,14,32,0,35
2026-08-06,P17,10,105,0,35
2026-08-07,P17,14,59,0,35
2026-08-08,P17,21,62,0,35
2026-08-09,P17,16,69,0,35
2026-08-10,P17,17,88,0,35
2026-08-11,P17,12,90,0,35
2026-08-12,P17,18,30,0,35
2026-08-13,P17,11,134,0,35
2026-08-14,P17,16,97,0,35
2026-08-15,P17,32,48,1,35
2026-08-16,P17,32,52,1,35
2026-08-17,P17,20,21,1,35
2026-08-18,P17,14,80,0,35
2026-08-19,P17,19,132,0,35
2026-08-20,P17,19,50,0,35
2026-08-21,P17,13,53,0,35
2026-08-22,P17,19,59,0,35
2026-08-23,P17,20,117,0,35
2026-08-24,P17,15,93,0,35
2026-08-25,P17,15,34,0,35
2026-08-26,P17,19,97,0,35
2026-08-27,P17,11,48,0,35
2026-08-28,P17,28,114,0,35
2026-08-29,P17,18,85,0,35
2026-08-30,P17,20,74,0,35
2026-08-31,P17,11,70,0,35
2026-09-01,P17,18,50,0,35
2026-09-02,P17,13,83,0,35
2026-09-03,P17,20,113,0,35
2026-09-04,P17,13,71,0,35
2026-09-05,P17,25,85,0,35
2026-09-06,P17,13,48,0,35
2026-09-07,P17,10,86,0,35
2026-09-08,P17,12,81,0,35
2026-09-09,P17,13,94,0,35
2026-09-10,P17,19,130,0,35
2026-09-11,P17,15,86,0,35
2026-09-12,P17,16,98,0,35
2026-09-13,P17,17,72,0,35
2026-09-14,P17,7,100,0,35
2026-09-15,P17,26,116,0,35
2026-09-16,P17,19,81,0,35
2026-09-17,P17,15,21,0,35
2026-09-18,P17,22,55,0,35
2026-09-19,P17,27,123,0,35
2026-09-20,P17,12,88,0,35
2026-09-21,P17,11,114,0,35
2026-09-22,P17,9,124,0,35
2026-09-23,P17,19,53,0,35
2026-09-24,P17,16,118,0,35
2026-09-25,P17,15,25,0,35
2026-09-26,P17,24,119,0,35
2026-09-27,P17,13,51,0,35
2026-09-28,P17,14,108,0,35
2026-09-29,P17,15,125,0,35
2026-09-30,P17,14,114,0,35
2026-10-01,P17,15,51,0,35
2026-10-02,P17,15,133,1,35
2026-10-03,P17,11,31,1,35
2026-10-04,P17,17,38,0,35
2026-10-05,P17,18,105,0,35
2026-10-06,P17,11,98,0,35
2026-10-07,P17,21,43,0,35
2026-10-08,P17,18,81,0,35
2026-10-09,P17,21,64,1,35
2026-10-10,P17,21,62,1,35
2026-10-11,P17,17,74,0,35
2026-10-12,P17,12,66,0,35
2026-10-13,P17,20,63,0,35
2026-10-14,P17,10,78,0,35
2026-10-15,P17,23,112,0,35
2026-10-16,P17,27,25,1,35
2026-10-17,P17,27,48,1,35
2026-10-18,P17,15,108,0,35
2026-10-19,P17,13,41,0,35
2026-10-20,P17,23,23,1,35
2026-10-21,P17,29,110,1,35
2026-10-22,P17,28,119,1,35
2026-10-23,P17,27,58,1,35
2026-10-24,P17,38,101,1,35
2026-10-25,P17,48,55,1,35
2026-10-26,P17,11,113,0,35
2026-10-27,P17,13,138,0,35
2026-10-28,P17,18,82,0,35
2026-10-29,P17,20,93,0,35
2026-10-30,P17,12,87,1,35
2026-10-31,P17,29,40,1,35
2026-11-01,P17,34,55,1,35
2026-11-02,P17,25,115,1,35
2026-11-03,P17,29,98,1,35
2026-11-04,P17,18,18,0,35
2026-11-05,P17,10,121,0,35
2026-11-06,P17,15,117,0,35
2026-11-07,P17,18,53,0,35
2026-11-08,P17,15,41,0,35
2026-11-09,P17,9,136,0,35
2026-11-10,P17,16,37,0,35
2026-11-11,P17,10,34,0,35
2026-11-12,P17,14,116,0,35
2026-11-13,P17,23,113,0,35
2026-11-14,P17,19,43,0,35
2026-11-15,P17,23,98,0,35
2026-11-16,P17,21,123,0,35
2026-11-17,P17,17,52,0,35
2026-11-18,P17,12,114,0,35
2026-11-19,P17,17,102,0,35
2026-11-20,P17,15,91,0,35
2026-11-21,P17,13,22,0,35
2026-11-22,P17,21,51,0,35
2026-11-23,P17,14,108,0,35
2026-11-24,P17,17,30,0,35
2026-11-25,P17,15,65,0,35
2026-11-26,P17,16,41,0,35
2026-11-27,P17,23,86,0,35
2026-11-28,P17,14,43,0,35
2026-11-29,P17,15,13,0,35
2026-11-30,P17,13,69,0,35
2026-12-01,P17,14,43,0,35
2026-12-02,P17,13,117,0,35
2026-12-03,P17,11,34,0,35
2026-12-04,P17,17,20,0,35
2026-12-05,P17,22,38,0,35
2026-12-06,P17,17,86,0,35
2026-12-07,P17,9,86,0,35
2026-12-08,P17,14,92,0,35
2026-12-09,P17,13,91,0,35
2026-12-10,P17,20,104,0,35
2026-12-11,P17,14,102,0,35
2026-12-12,P17,18,82,0,35
2026-12-13,P17,16,31,0,35
2026-12-14,P17,7,32,0,35
2026-12-15,P17,17,38,0,35
2026-12-16,P17,20,43,0,35
2026-12-17,P17,14,86,0,35
2026-12-18,P17,9,15,0,35
2026-12-19,P17,20,48,0,35
2026-12-20,P17,27,113,0,35
2026-12-21,P17,17,45,0,35
2026-12-22,P17,14,38,0,35
2026-12-23,P17,15,120,0,35
2026-12-24,P17,15,136,0,35
2026-12-25,P17,13,19,0,35
2026-12-26,P17,19,52,0,35
2026-12-27,P17,14,91,0,35
2026-12-28,P17,18,22,0,35
2026-12-29,P17,14,91,0,35
2026-12-30,P17,16,25,0,35
2026-12-31,P17,16,114,0,35
2027-01-01,P17,11,47,0,35
2027-01-02,P17,19,96,0,35
2027-01-03,P17,18,42,0,35
2027-01-04,P17,8,21,0,35
2027-01-05,P17,15,130,0,35
2027-01-06,P17,14,115,0,35
2027-01-07,P17,10,56,0,35
2027-01-08,P17,10,90,0,35
2027-01-09,P17,17,36,0,35
2027-01-10,P17,19,47,0,35
2027-01-11,P17,12,137,0,35
2027-01-12,P17,13,109,0,35
2027-01-13,P17,18,105,1,35
2027-01-14,P17,17,58,1,35
2027-01-15,P17,19,52,1,35
2027-01-16,P17,24,26,1,35
2027-01-17,P17,14,20,0,35
2027-01-18,P17,17,33,0,35
2027-01-19,P17,7,90,0,35
2027-01-20,P17,13,77,0,35
2027-01-21,P17,14,35,0,35
2027-01-22,P17,12,116,0,35
2027-01-23,P17,13,94,0,35
2027-01-24,P17,17,49,0,35
2027-01-25,P17,14,72,0,35
2027-01-26,P17,18,38,0,35
2027-01-27,P17,14,93,0,35
2027-01-28,P17,13,98,0,35
2027-01-29,P17,12,124,0,35
2027-01-30,P17,24,54,0,35
2027-01-31,P17,17,130,0,35
2027-02-01,P17,14,26,0,35
2027-02-02,P17,15,52,0,35
2027-02-03,P17,11,89,0,35
2027-02-04,P17,15,65,0,35
2027-02-05,P17,24,108,0,35
2027-02-06,P17,22,85,0,35
2027-02-07,P17,21,79,0,35
2027-02-08,P17,9,27,0,35
2027-02-09,P17,15,110,0,35
2027-02-10,P17,14,64,0,35
2027-02-11,P17,11,108,0,35
2027-02-12,P17,16,33,0,35
2027-02-13,P17,15,97,0,35
2027-02-14,P17,16,110,0,35
2027-02-15,P17,6,115,0,35
2027-02-16,P17,22,93,0,35
2027-02-17,P17,16,85,0,35
2027-02-18,P17,8,59,0,35
2027-02-19,P17,14,118,0,35
2027-02-20,P17,32,124,0,35
2027-02-21,P17,16,84,0,35
2027-02-22,P17,10,104,0,35
2027-02-23,P17,13,91,0,35
2027-02-24,P17,12,46,0,35
2027-02-25,P17,15,137,0,35
2027-02-26,P17,13,102,0,35
2027-02-27,P17,21,28,0,35
2027-02-28,P17,19,32,0,35
2027-03-01,P17,8,112,0,35
2027-03-02,P17,26,50,0,35
2027-03-03,P17,13,132,0,35
2027-03-04,P17,16,107,0,35
2027-03-05,P17,16,121,1,35
2027-03-06,P17,19,50,1,35
2027-03-07,P17,22,57,0,35
2027-03-08,P17,11,128,0,35
2027-03-09,P17,10,68,0,35
2027-03-10,P17,21,103,0,35
2027-03-11,P17,9,87,0,35
2027-03-12,P17,18,51,1,35
2027-03-13,P17,22,59,1,35
2027-03-14,P17,10,88,0,35
2027-03-15,P17,12,138,0,35
2027-03-16,P17,10,40,0,35
2027-03-17,P17,12,32,0,35
2027-03-18,P17,13,100,0,35
2027-03-19,P17,12,77,1,35
2027-03-20,P17,27,58,1,35
2027-03-21,P17,16,17,0,35
2027-03-22,P17,15,135,0,35
2027-03-23,P17,12,18,0,35
2027-03-24,P17,13,25,0,35
2027-03-25,P17,10,93,0,35
2027-03-26,P17,17,32,1,35
2027-03-27,P17,23,67,1,35
2027-03-28,P17,21,127,0,35
2027-03-29,P17,24,92,0,35
2027-03-30,P17,13,38,0,35
2027-03-31,P17,15,35,0,35
2027-04-01,P17,19,35,0,35
2027-04-02,P17,11,60,0,35
2027-04-03,P17,18,94,0,35
2027-04-04,P17,20,49,0,35
2027-04-05,P17,12,134,0,35
2027-04-06,P17,15,98,0,35
2027-04-07,P17,11,134,0,35
2027-04-08,P17,14,35,0,35
2027-04-09,P17,19,72,0,35
2027-04-10,P17,19,89,0,35
2027-04-11,P17,22,94,0,35
2027-04-12,P17,18,17,0,35
2027-04-13,P17,16,54,0,35
2027-04-14,P17,17,37,0,35
2027-04-15,P17,11,42,0,35
2027-04-16,P17,13,64,0,35
2027-04-17,P17,17,136,0,35
2027-04-18,P17,19,130,0,35
2027-04-19,P17,11,44,0,35
2027-04-20,P17,7,130,0,35
2027-04-21,P17,13,121,0,35
2027-04-22,P17,11,72,0,35
2027-04-23,P17,13,78,0,35
2027-04-24,P17,20,35,0,35
2027-04-25,P17,22,80,0,35
2027-04-26,P17,10,81,0,35
2027-04-27,P17,16,114,0,35
2027-04-28,P17,15,117,0,35
2027-04-29,P17,11,101,0,35
2027-04-30,P17,11,134,0,35
2027-05-01,P17,18,23,0,35
2027-05-02,P17,10,31,0,35
2027-05-03,P17,16,79,0,35
2027-05-04,P17,19,109,0,35
2027-05-05,P17,8,45,0,35
2027-05-06,P17,15,84,0,35
2027-05-07,P17,11,40,0,35
2027-05-08,P17,29,136,0,35
2027-05-09,P17,16,21,0,35
2027-05-10,P17,13,41,0,35
2027-05-11,P17,13,125,0,35
2027-05-12,P17,12,96,0,35
2027-05-13,P17,8,90,0,35
2027-05-14,P17,19,113,0,35
2027-05-15,P17,17,117,0,35
2027-05-16,P17,16,100,0,35
2027-05-17,P17,11,72,0,35
2027-05-18,P17,11,16,0,35
2027-05-19,P17,17,45,0,35
2027-05-20,P17,16,137,0,35
2027-05-21,P17,15,42,0,35
2027-05-22,P17,21,82,0,35
2027-05-23,P17,22,75,0,35
2027-05-24,P17,14,123,0,35
2027-05-25,P17,14,130,0,35
2027-05-26,P17,12,30,0,35
2027-05-27,P17,14,118,0,35
2027-05-28,P17,19,89,0,35
2027-05-29,P17,22,79,0,35
2027-05-30,P17,19,91,0,35
2027-05-31,P17,16,87,0,35
2027-06-01,P17,11,57,0,35
2027-06-02,P17,19,114,0,35
2027-06-03,P17,17,111,0,35
2027-06-04,P17,18,48,0,35
2027-06-05,P17,20,41,0,35
2027-06-06,P17,19,116,0,35
2027-06-07,P17,11,34,0,35
2027-06-08,P17,8,112,0,35
2027-06-09,P17,19,138,0,35
2027-06-10,P17,15,104,0,35
2027-06-11,P17,32,48,0,35
2027-06-12,P17,19,60,0,35
2027-06-13,P17,23,36,0,35
2027-06-14,P17,14,122,0,35
2027-06-15,P17,21,111,0,35
2027-06-16,P17,20,74,0,35
2027-06-17,P17,11,86,0,35
2027-06-18,P17,13,43,0,35
2027-06-19,P17,15,36,0,35
2027-06-20,P17,17,45,0,35
2027-06-21,P17,17,78,0,35
2027-06-22,P17,14,49,0,35
2027-06-23,P17,13,79,0,35
2027-06-24,P17,8,136,0,35
2027-06-25,P17,12,49,0,35
2027-06-26,P17,15,124,0,35
2027-06-27,P17,14,54,0,35
2027-06-28,P17,14,25,0,35
2027-06-29,P17,15,106,0,35
2027-06-30,P17,16,102,0,35
2027-07-01,P17,14,139,0,35
2027-07-02,P17,15,38,1,35
2027-07-03,P17,27,108,1,35
2027-07-04,P17,16,124,0,35
2027-07-05,P17,21,120,0,35
2027-07-06,P17,19,104,0,35
2027-07-07,P17,12,91,0,35
2027-07-08,P17,11,42,0,35
2027-07-09,P17,22,23,1,35
2027-07-10,P17,18,79,1,35
2027-07-11,P17,18,75,0,35
2027-07-12,P17,11,42,0,35
2027-07-13,P17,12,124,0,35
2027-07-14,P17,15,50,0,35
2027-07-15,P17,14,36,0,35
2027-07-16,P17,21,76,1,35
2027-07-17,P17,22,76,1,35
2027-07-18,P17,25,50,0,35
2027-07-19,P17,20,84,0,35
2027-07-20,P17,10,97,0,35
2027-07-21,P17,13,88,0,35
2027-07-22,P17,14,19,0,35
2027-07-23,P17,18,30,1,35
2027-07-24,P17,24,31,1,35
2027-07-25,P17,18,131,0,35
2027-07-26,P17,14,32,0,35
2027-07-27,P17,10,54,0,35
2027-07-28,P17,16,125,0,35
2027-07-29,P17,21,54,0,35
2027-07-30,P17,23,56,1,35
2027-07-31,P17,15,37,1,35
2027-08-01,P17,12,11,0,35
2027-08-02,P17,14,96,0,35
2027-08-03,P17,15,111,0,35
2027-08-04,P17,12,77,0,35
2027-08-05,P17,14,98,0,35
2027-08-06,P17,15,98,0,35
2027-08-07,P17,10,81,0,35
2027-08-08,P17,8,114,0,35
2027-08-09,P17,8,132,0,35
2027-08-10,P17,23,19,0,35
2027-08-11,P17,14,125,0,35
2027-08-12,P17,17,116,0,35
2027-08-13,P17,13,34,0,35
2027-08-14,P17,19,131,0,35
2027-08-15,P17,24,32,1,35
2027-08-16,P17,20,25,1,35
2027-08-17,P17,16,131,1,35
2027-08-18,P17,20,89,0,35
2027-08-19,P17,15,47,0,35
2027-08-20,P17,23,25,0,35
2027-08-21,P17,18,38,0,35
2027-08-22,P17,17,72,0,35
2027-08-23,P17,8,93,0,35
2027-08-24,P17,17,59,0,35
2027-08-25,P17,16,113,0,35
2027-08-26,P17,13,65,0,35
2027-08-27,P17,15,90,0,35
2027-08-28,P17,20,40,0,35
2027-08-29,P17,14,70,0,35
2027-08-30,P17,16,136,0,35
2027-08-31,P17,13,112,0,35
2027-09-01,P17,15,41,0,35
2027-09-02,P17,21,122,0,35
2027-09-03,P17,12,128,0,35
2027-09-04,P17,18,24,0,35
2027-09-05,P17,21,117,0,35
2027-09-06,P17,16,136,0,35
2027-09-07,P17,23,45,0,35
2027-09-08,P17,13,64,0,35
2027-09-09,P17,15,46,0,35
2027-09-10,P17,17,30,0,35
2027-09-11,P17,21,34,0,35
2027-09-12,P17,18,49,0,35
2027-09-13,P17,9,67,0,35
2027-09-14,P17,11,51,0,35
2027-09-15,P17,15,107,0,35
2027-09-16,P17,10,34,0,35
2027-09-17,P17,15,83,0,35
2027-09-18,P17,21,67,0,35
2027-09-19,P17,13,63,0,35
2027-09-20,P17,16,83,0,35
2027-09-21,P17,17,50,0,35
2027-09-22,P17,10,113,0,35
2027-09-23,P17,11,113,0,35
2027-09-24,P17,17,39,0,35
2027-09-25,P17,13,37,0,35
2027-09-26,P17,15,46,0,35
2027-09-27,P17,25,60,0,35
2027-09-28,P17,14,128,0,35
2027-09-29,P17,15,65,0,35
2027-09-30,P17,12,91,0,35
2027-10-01,P17,29,52,1,35
2027-10-02,P17,24,64,1,35
2027-10-03,P17,13,34,0,35
2027-10-04,P17,18,44,0,35
2027-10-05,P17,22,39,0,35
2027-10-06,P17,14,71,0,35
2027-10-07,P17,13,45,0,35
2027-10-08,P17,18,64,1,35
2027-10-09,P17,18,28,1,35
2027-10-10,P17,23,56,0,35
2027-10-11,P17,16,29,0,35
2027-10-12,P17,17,13,0,35
2027-10-13,P17,20,114,0,35
2027-10-14,P17,15,59,0,35
2027-10-15,P17,16,79,1,35
2027-10-16,P17,16,90,1,35
2027-10-17,P17,22,48,0,35
2027-10-18,P17,15,83,0,35
2027-10-19,P17,9,95,0,35
2027-10-20,P17,31,123,1,35
2027-10-21,P17,38,86,1,35
2027-10-22,P17,29,42,1,35
2027-10-23,P17,26,51,1,35
2027-10-24,P17,37,68,1,35
2027-10-25,P17,20,123,1,35
2027-10-26,P17,13,36,0,35
2027-10-27,P17,19,138,0,35
2027-10-28,P17,18,49,0,35
2027-10-29,P17,28,116,1,35
2027-10-30,P17,21,139,1,35
2027-10-31,P17,21,71,0,35
2027-11-01,P17,28,97,1,35
2027-11-02,P17,28,137,1,35
2027-11-03,P17,30,115,1,35
2027-11-04,P17,19,67,0,35
2027-11-05,P17,22,117,0,35
2027-11-06,P17,20,58,0,35
2027-11-07,P17,24,80,0,35
2027-11-08,P17,24,114,0,35
2027-11-09,P17,12,92,0,35
2027-11-10,P17,13,92,0,35
2027-11-11,P17,18,101,0,35
2027-11-12,P17,25,110,0,35
2027-11-13,P17,14,116,0,35
2027-11-14,P17,18,38,0,35
2027-11-15,P17,18,96,0,35
2027-11-16,P17,12,78,0,35
2027-11-17,P17,18,52,0,35
2027-11-18,P17,20,138,0,35
2027-11-19,P17,16,126,0,35
2027-11-20,P17,22,137,0,35
2027-11-21,P17,25,55,0,35
2027-11-22,P17,13,132,0,35
2027-11-23,P17,11,133,0,35
2027-11-24,P17,13,96,0,35
2027-11-25,P17,14,79,0,35
2027-11-26,P17,16,136,0,35
2027-11-27,P17,23,33,0,35
2027-11-28,P17,23,122,0,35
2027-11-29,P17,20,131,0,35
2027-11-30,P17,20,101,0,35
2027-12-01,P17,20,57,0,35
2027-12-02,P17,17,46,0,35
2027-12-03,P17,14,109,0,35
2027-12-04,P17,17,126,0,35
2027-12-05,P17,16,39,0,35
2027-12-06,P17,15,98,0,35
2027-12-07,P17,12,79,0,35
2027-12-08,P17,16,72,0,35
2027-12-09,P17,14,118,0,35
2027-12-10,P17,11,122,0,35
2027-12-11,P17,25,41,0,35
2027-12-12,P17,13,101,0,35
2027-12-13,P17,10,54,0,35
2027-12-14,P17,10,23,0,35
2027-12-15,P17,26,39,0,35
2027-12-16,P17,14,101,0,35
2027-12-17,P17,24,35,0,35
2027-12-18,P17,22,94,0,35
2027-12-19,P17,14,116,0,35
2027-12-20,P17,12,109,0,35
2027-12-21,P17,23,25,0,35
2027-12-22,P17,3,93,0,35
2027-12-23,P17,19,126,0,35
2027-12-24,P17,14,101,0,35
2027-12-25,P17,19,67,0,35
2027-12-26,P17,22,47,0,35
2027-12-27,P17,16,118,0,35
2027-12-28,P17,17,36,0,35
2027-12-29,P17,15,116,0,35
2027-12-30,P17,10,43,0,35
2027-12-31,P17,22,56,0,35
2026-01-01,P18,13,48,0,55
2026-01-02,P18,17,46,0,55
2026-01-03,P18,29,122,0,55
2026-01-04,P18,35,134,0,55
2026-01-05,P18,15,106,0,55
2026-01-06,P18,22,45,0,55
2026-01-07,P18,21,41,0,55
2026-01-08,P18,23,23,0,55
2026-01-09,P18,28,106,0,55
2026-01-10,P18,28,42,0,55
2026-01-11,P18,24,69,0,55
2026-01-12,P18,20,119,0,55
2026-01-13,P18,32,65,1,55
2026-01-14,P18,35,39,1,55
2026-01-15,P18,53,130,1,55
2026-01-16,P18,52,65,1,55
2026-01-17,P18,25,74,0,55
2026-01-18,P18,29,62,0,55
2026-01-19,P18,29,48,0,55
2026-01-20,P18,29,106,0,55
2026-01-21,P18,31,54,0,55
2026-01-22,P18,29,110,0,55
2026-01-23,P18,34,78,0,55
2026-01-24,P18,34,89,0,55
2026-01-25,P18,33,67,0,55
2026-01-26,P18,37,71,0,55
2026-01-27,P18,20,78,0,55
2026-01-28,P18,31,40,0,55
2026-01-29,P18,33,96,0,55
2026-01-30,P18,29,133,0,55
2026-01-31,P18,29,25,0,55
2026-02-01,P18,36,98,0,55
2026-02-02,P18,26,56,0,55
2026-02-03,P18,33,41,0,55
2026-02-04,P18,43,134,0,55
2026-02-05,P18,42,73,0,55
2026-02-06,P18,34,29,0,55
2026-02-07,P18,38,132,0,55
2026-02-08,P18,39,68,0,55
2026-02-09,P18,32,116,0,55
2026-02-10,P18,21,112,0,55
2026-02-11,P18,40,50,0,55
2026-02-12,P18,37,123,0,55
2026-02-13,P18,23,60,0,55
2026-02-14,P18,38,133,0,55
2026-02-15,P18,34,134,0,55
2026-02-16,P18,34,72,0,55
2026-02-17,P18,34,99,0,55
2026-02-18,P18,41,93,0,55
2026-02-19,P18,56,105,0,55
2026-02-20,P18,38,71,0,55
2026-02-21,P18,34,46,0,55
2026-02-22,P18,35,68,0,55
2026-02-23,P18,27,51,0,55
2026-02-24,P18,43,66,0,55
2026-02-25,P18,30,29,0,55
2026-02-26,P18,35,55,0,55
2026-02-27,P18,42,139,0,55
2026-02-28,P18,47,69,0,55
2026-03-01,P18,55,89,0,55
2026-03-02,P18,35,90,0,55
2026-03-03,P18,45,48,0,55
2026-03-04,P18,34,118,0,55
2026-03-05,P18,39,60,0,55
2026-03-06,P18,95,77,1,55
2026-03-07,P18,116,93,1,55
2026-03-08,P18,38,111,0,55
2026-03-09,P18,38,68,0,55
2026-03-10,P18,32,84,0,55
2026-03-11,P18,44,133,0,55
2026-03-12,P18,40,56,0,55
2026-03-13,P18,55,66,1,55
2026-03-14,P18,61,127,1,55
2026-03-15,P18,42,59,0,55
2026-03-16,P18,34,41,0,55
2026-03-17,P18,47,44,0,55
2026-03-18,P18,27,33,0,55
2026-03-19,P18,36,62,0,55
2026-03-20,P18,62,107,1,55
2026-03-21,P18,67,110,1,55
2026-03-22,P18,52,64,0,55
2026-03-23,P18,37,84,0,55
2026-03-24,P18,36,135,0,55
2026-03-25,P18,41,71,0,55
2026-03-26,P18,42,76,0,55
2026-03-27,P18,44,89,1,55
2026-03-28,P18,57,67,1,55
2026-03-29,P18,72,98,0,55
2026-03-30,P18,65,109,0,55
2026-03-31,P18,40,45,0,55
2026-04-01,P18,54,73,0,55
2026-04-02,P18,43,55,0,55
2026-04-03,P18,58,128,0,55
2026-04-04,P18,76,119,0,55
2026-04-05,P18,64,87,0,55
2026-04-06,P18,42,74,0,55
2026-04-07,P18,49,70,0,55
2026-04-08,P18,45,76,0,55
2026-04-09,P18,48,67,0,55
2026-04-10,P18,53,82,0,55
2026-04-11,P18,60,58,0,55
2026-04-12,P18,51,99,0,55
2026-04-13,P18,44,76,0,55
2026-04-14,P18,52,132,0,55
2026-04-15,P18,59,91,0,55
2026-04-16,P18,44,72,0,55
2026-04-17,P18,63,114,0,55
2026-04-18,P18,59,95,0,55
2026-04-19,P18,59,89,0,55
2026-04-20,P18,56,100,0,55
2026-04-21,P18,50,72,0,55
2026-04-22,P18,55,65,0,55
2026-04-23,P18,46,125,0,55
2026-04-24,P18,50,94,0,55
2026-04-25,P18,72,104,0,55
2026-04-26,P18,70,68,0,55
2026-04-27,P18,41,78,0,55
2026-04-28,P18,47,98,0,55
2026-04-29,P18,47,87,0,55
2026-04-30,P18,56,90,0,55
2026-05-01,P18,57,102,0,55
2026-05-02,P18,74,108,0,55
2026-05-03,P18,54,51,0,55
2026-05-04,P18,49,135,0,55
2026-05-05,P18,54,115,0,55
2026-05-06,P18,42,92,0,55
2026-05-07,P18,39,95,0,55
2026-05-08,P18,53,76,0,55
2026-05-09,P18,62,103,0,55
2026-05-10,P18,67,77,0,55
2026-05-11,P18,56,57,0,55
2026-05-12,P18,52,103,0,55
2026-05-13,P18,54,83,0,55
2026-05-14,P18,44,60,0,55
2026-05-15,P18,55,77,0,55
2026-05-16,P18,65,73,0,55
2026-05-17,P18,61,126,0,55
2026-05-18,P18,48,107,0,55
2026-05-19,P18,56,130,0,55
2026-05-20,P18,31,98,0,55
2026-05-21,P18,48,81,0,55
2026-05-22,P18,53,53,0,55
2026-05-23,P18,52,84,0,55
2026-05-24,P18,76,127,0,55
2026-05-25,P18,49,82,0,55
2026-05-26,P18,44,88,0,55
2026-05-27,P18,48,49,0,55
2026-05-28,P18,64,65,0,55
2026-05-29,P18,59,92,0,55
2026-05-30,P18,78,112,0,55
2026-05-31,P18,64,95,0,55
2026-06-01,P18,57,102,0,55
2026-06-02,P18,45,135,0,55
2026-06-03,P18,69,99,0,55
2026-06-04,P18,50,107,0,55
2026-06-05,P18,53,103,0,55
2026-06-06,P18,58,64,0,55
2026-06-07,P18,47,71,0,55
2026-06-08,P18,31,123,0,55
2026-06-09,P18,51,132,0,55
2026-06-10,P18,42,53,0,55
2026-06-11,P18,50,93,0,55
2026-06-12,P18,50,64,0,55
2026-06-13,P18,58,78,0,55
2026-06-14,P18,62,80,0,55
2026-06-15,P18,49,44,0,55
2026-06-16,P18,52,66,0,55
2026-06-17,P18,49,77,0,55
2026-06-18,P18,49,67,0,55
2026-06-19,P18,54,75,0,55
2026-06-20,P18,55,79,0,55
2026-06-21,P18,47,64,0,55
2026-06-22,P18,43,59,0,55
2026-06-23,P18,55,105,0,55
2026-06-24,P18,47,67,0,55
2026-06-25,P18,59,60,0,55
2026-06-26,P18,43,82,0,55
2026-06-27,P18,63,87,0,55
2026-06-28,P18,49,54,0,55
2026-06-29,P18,65,81,0,55
2026-06-30,P18,52,102,0,55
2026-07-01,P18,50,101,0,55
2026-07-02,P18,49,82,0,55
2026-07-03,P18,73,128,1,55
2026-07-04,P18,60,117,1,55
2026-07-05,P18,63,97,0,55
2026-07-06,P18,53,124,0,55
2026-07-07,P18,55,71,0,55
2026-07-08,P18,40,69,0,55
2026-07-09,P18,61,61,0,55
2026-07-10,P18,51,126,1,55
2026-07-11,P18,81,85,1,55
2026-07-12,P18,54,126,0,55
2026-07-13,P18,40,93,0,55
2026-07-14,P18,32,56,0,55
2026-07-15,P18,50,58,0,55
2026-07-16,P18,45,97,0,55
2026-07-17,P18,74,73,1,55
2026-07-18,P18,71,82,1,55
2026-07-19,P18,73,132,0,55
2026-07-20,P18,52,81,0,55
2026-07-21,P18,45,136,0,55
2026-07-22,P18,54,103,0,55
2026-07-23,P18,55,131,0,55
2026-07-24,P18,46,61,1,55
2026-07-25,P18,67,110,1,55
2026-07-26,P18,75,103,0,55
2026-07-27,P18,52,79,0,55
2026-07-28,P18,53,75,0,55
2026-07-29,P18,54,49,0,55
2026-07-30,P18,63,93,0,55
2026-07-31,P18,52,76,1,55
2026-08-01,P18,55,89,0,55
2026-08-02,P18,64,122,0,55
2026-08-03,P18,60,55,0,55
2026-08-04,P18,53,97,0,55
2026-08-05,P18,62,85,0,55
2026-08-06,P18,50,70,0,55
2026-08-07,P18,43,129,0,55
2026-08-08,P18,62,113,0,55
2026-08-09,P18,62,86,0,55
2026-08-10,P18,44,72,0,55
2026-08-11,P18,48,106,0,55
2026-08-12,P18,48,78,0,55
2026-08-13,P18,61,133,0,55
2026-08-14,P18,54,83,0,55
2026-08-15,P18,74,94,1,55
2026-08-16,P18,71,110,1,55
2026-08-17,P18,59,117,1,55
2026-08-18,P18,52,80,0,55
2026-08-19,P18,54,53,0,55
2026-08-20,P18,40,71,0,55
2026-08-21,P18,69,111,0,55
2026-08-22,P18,65,135,0,55
2026-08-23,P18,58,76,0,55
2026-08-24,P18,44,97,0,55
2026-08-25,P18,57,86,0,55
2026-08-26,P18,48,82,0,55
2026-08-27,P18,43,62,0,55
2026-08-28,P18,64,130,0,55
2026-08-29,P18,69,110,0,55
2026-08-30,P18,65,60,0,55
2026-08-31,P18,51,77,0,55
2026-09-01,P18,64,100,0,55
2026-09-02,P18,58,63,0,55
2026-09-03,P18,61,77,0,55
2026-09-04,P18,50,121,0,55
2026-09-05,P18,62,88,0,55
2026-09-06,P18,60,61,0,55
2026-09-07,P18,50,64,0,55
2026-09-08,P18,56,84,0,55
2026-09-09,P18,65,91,0,55
2026-09-10,P18,39,118,0,55
2026-09-11,P18,61,73,0,55
2026-09-12,P18,63,99,0,55
2026-09-13,P18,55,95,0,55
2026-09-14,P18,34,56,0,55
2026-09-15,P18,61,74,0,55
2026-09-16,P18,44,73,0,55
2026-09-17,P18,36,125,0,55
2026-09-18,P18,57,98,0,55
2026-09-19,P18,60,99,0,55
2026-09-20,P18,58,111,0,55
2026-09-21,P18,57,99,0,55
2026-09-22,P18,41,72,0,55
2026-09-23,P18,48,108,0,55
2026-09-24,P18,44,60,0,55
2026-09-25,P18,47,75,0,55
2026-09-26,P18,62,130,0,55
2026-09-27,P18,60,114,0,55
2026-09-28,P18,53,76,0,55
2026-09-29,P18,51,122,0,55
2026-09-30,P18,44,74,0,55
2026-10-01,P18,54,65,0,55
2026-10-02,P18,74,94,1,55
2026-10-03,P18,81,95,1,55
2026-10-04,P18,52,58,0,55
2026-10-05,P18,31,97,0,55
2026-10-06,P18,43,63,0,55
2026-10-07,P18,51,79,0,55
2026-10-08,P18,49,123,0,55
2026-10-09,P18,70,77,1,55
2026-10-10,P18,82,113,1,55
2026-10-11,P18,56,79,0,55
2026-10-12,P18,50,97,0,55
2026-10-13,P18,57,68,0,55
2026-10-14,P18,45,97,0,55
2026-10-15,P18,55,59,0,55
2026-10-16,P18,74,104,1,55
2026-10-17,P18,77,111,1,55
2026-10-18,P18,59,129,0,55
2026-10-19,P18,35,80,0,55
2026-10-20,P18,112,142,1,55
2026-10-21,P18,104,135,1,55
2026-10-22,P18,119,142,1,55
2026-10-23,P18,108,107,1,55
2026-10-24,P18,129,148,1,55
2026-10-25,P18,103,121,1,55
2026-10-26,P18,51,71,0,55
2026-10-27,P18,48,139,0,55
2026-10-28,P18,69,84,0,55
2026-10-29,P18,61,89,0,55
2026-10-30,P18,76,107,1,55
2026-10-31,P18,81,112,1,55
2026-11-01,P18,106,114,1,55
2026-11-02,P18,94,100,1,55
2026-11-03,P18,107,121,1,55
2026-11-04,P18,68,101,0,55
2026-11-05,P18,55,113,0,55
2026-11-06,P18,45,64,0,55
2026-11-07,P18,57,66,0,55
2026-11-08,P18,67,117,0,55
2026-11-09,P18,54,84,0,55
2026-11-10,P18,60,82,0,55
2026-11-11,P18,63,122,0,55
2026-11-12,P18,63,67,0,55
2026-11-13,P18,49,74,0,55
2026-11-14,P18,57,84,0,55
2026-11-15,P18,56,72,0,55
2026-11-16,P18,50,121,0,55
2026-11-17,P18,46,86,0,55
2026-11-18,P18,45,81,0,55
2026-11-19,P18,55,66,0,55
2026-11-20,P18,51,98,0,55
2026-11-21,P18,65,102,0,55
2026-11-22,P18,67,106,0,55
2026-11-23,P18,44,74,0,55
2026-11-24,P18,50,122,0,55
2026-11-25,P18,54,83,0,55
2026-11-26,P18,46,79,0,55
2026-11-27,P18,50,123,0,55
2026-11-28,P18,60,125,0,55
2026-11-29,P18,76,136,0,55
2026-11-30,P18,52,94,0,55
2026-12-01,P18,59,91,0,55
2026-12-02,P18,59,90,0,55
2026-12-03,P18,64,113,0,55
2026-12-04,P18,63,132,0,55
2026-12-05,P18,67,89,0,55
2026-12-06,P18,64,69,0,55
2026-12-07,P18,59,78,0,55
2026-12-08,P18,52,70,0,55
2026-12-09,P18,51,116,0,55
2026-12-10,P18,37,67,0,55
2026-12-11,P18,57,114,0,55
2026-12-12,P18,72,103,0,55
2026-12-13,P18,65,89,0,55
2026-12-14,P18,46,45,0,55
2026-12-15,P18,52,62,0,55
2026-12-16,P18,50,59,0,55
2026-12-17,P18,48,83,0,55
2026-12-18,P18,58,133,0,55
2026-12-19,P18,66,83,0,55
2026-12-20,P18,65,110,0,55
2026-12-21,P18,48,126,0,55
2026-12-22,P18,62,84,0,55
2026-12-23,P18,42,46,0,55
2026-12-24,P18,68,100,0,55
2026-12-25,P18,39,64,0,55
2026-12-26,P18,63,69,0,55
2026-12-27,P18,60,125,0,55
2026-12-28,P18,46,126,0,55
2026-12-29,P18,64,95,0,55
2026-12-30,P18,53,59,0,55
2026-12-31,P18,69,105,0,55
2027-01-01,P18,60,120,0,55
2027-01-02,P18,56,109,0,55
2027-01-03,P18,58,67,0,55
2027-01-04,P18,47,65,0,55
2027-01-05,P18,44,60,0,55
2027-01-06,P18,48,107,0,55
2027-01-07,P18,56,72,0,55
2027-01-08,P18,55,123,0,55
2027-01-09,P18,52,87,0,55
2027-01-10,P18,62,84,0,55
2027-01-11,P18,42,49,0,55
2027-01-12,P18,38,58,0,55
2027-01-13,P18,79,92,1,55
2027-01-14,P18,68,134,1,55
2027-01-15,P18,83,116,1,55
2027-01-16,P18,99,122,1,55
2027-01-17,P18,68,91,0,55
2027-01-18,P18,37,63,0,55
2027-01-19,P18,46,67,0,55
2027-01-20,P18,52,68,0,55
2027-01-21,P18,43,108,0,55
2027-01-22,P18,45,102,0,55
2027-01-23,P18,61,83,0,55
2027-01-24,P18,63,97,0,55
2027-01-25,P18,40,83,0,55
2027-01-26,P18,55,121,0,55
2027-01-27,P18,43,137,0,55
2027-01-28,P18,62,71,0,55
2027-01-29,P18,54,117,0,55
2027-01-30,P18,71,98,0,55
2027-01-31,P18,61,139,0,55
2027-02-01,P18,61,133,0,55
2027-02-02,P18,45,108,0,55
2027-02-03,P18,52,76,0,55
2027-02-04,P18,54,91,0,55
2027-02-05,P18,52,111,0,55
2027-02-06,P18,61,85,0,55
2027-02-07,P18,55,104,0,55
2027-02-08,P18,53,98,0,55
2027-02-09,P18,56,101,0,55
2027-02-10,P18,52,77,0,55
2027-02-11,P18,33,42,0,55
2027-02-12,P18,50,61,0,55
2027-02-13,P18,59,81,0,55
2027-02-14,P18,48,75,0,55
2027-02-15,P18,33,92,0,55
2027-02-16,P18,57,135,0,55
2027-02-17,P18,50,68,0,55
2027-02-18,P18,51,66,0,55
2027-02-19,P18,48,88,0,55
2027-02-20,P18,57,78,0,55
2027-02-21,P18,54,134,0,55
2027-02-22,P18,45,44,0,55
2027-02-23,P18,54,83,0,55
2027-02-24,P18,47,63,0,55
2027-02-25,P18,50,73,0,55
2027-02-26,P18,50,135,0,55
2027-02-27,P18,57,89,0,55
2027-02-28,P18,54,58,0,55
2027-03-01,P18,49,67,0,55
2027-03-02,P18,56,52,0,55
2027-03-03,P18,56,77,0,55
2027-03-04,P18,50,101,0,55
2027-03-05,P18,52,72,1,55
2027-03-06,P18,68,100,1,55
2027-03-07,P18,62,99,0,55
2027-03-08,P18,47,133,0,55
2027-03-09,P18,44,125,0,55
2027-03-10,P18,60,124,0,55
2027-03-11,P18,41,129,0,55
2027-03-12,P18,78,100,1,55
2027-03-13,P18,58,86,1,55
2027-03-14,P18,57,136,0,55
2027-03-15,P18,44,131,0,55
2027-03-16,P18,41,101,0,55
2027-03-17,P18,48,69,0,55
2027-03-18,P18,56,62,0,55
2027-03-19,P18,63,90,1,55
2027-03-20,P18,73,128,1,55
2027-03-21,P18,51,67,0,55
2027-03-22,P18,45,62,0,55
2027-03-23,P18,46,72,0,55
2027-03-24,P18,56,120,0,55
2027-03-25,P18,45,78,0,55
2027-03-26,P18,76,134,1,55
2027-03-27,P18,79,110,1,55
2027-03-28,P18,63,92,0,55
2027-03-29,P18,47,54,0,55
2027-03-30,P18,61,126,0,55
2027-03-31,P18,48,70,0,55
2027-04-01,P18,51,81,0,55
2027-04-02,P18,50,78,0,55
2027-04-03,P18,55,128,0,55
2027-04-04,P18,65,66,0,55
2027-04-05,P18,48,111,0,55
2027-04-06,P18,55,65,0,55
2027-04-07,P18,52,53,0,55
2027-04-08,P18,44,60,0,55
2027-04-09,P18,43,68,0,55
2027-04-10,P18,74,84,0,55
2027-04-11,P18,61,112,0,55
2027-04-12,P18,42,46,0,55
2027-04-13,P18,52,80,0,55
2027-04-14,P18,46,52,0,55
2027-04-15,P18,50,78,0,55
2027-04-16,P18,44,61,0,55
2027-04-17,P18,81,106,0,55
2027-04-18,P18,59,87,0,55
2027-04-19,P18,46,73,0,55
2027-04-20,P18,55,89,0,55
2027-04-21,P18,42,122,0,55
2027-04-22,P18,44,119,0,55
2027-04-23,P18,55,123,0,55
2027-04-24,P18,64,129,0,55
2027-04-25,P18,58,117,0,55
2027-04-26,P18,40,112,0,55
2027-04-27,P18,41,58,0,55
2027-04-28,P18,45,67,0,55
2027-04-29,P18,55,138,0,55
2027-04-30,P18,65,81,0,55
2027-05-01,P18,74,86,0,55
2027-05-02,P18,57,83,0,55
2027-05-03,P18,40,135,0,55
2027-05-04,P18,50,110,0,55
2027-05-05,P18,36,69,0,55
2027-05-06,P18,49,59,0,55
2027-05-07,P18,59,93,0,55
2027-05-08,P18,71,77,0,55
2027-05-09,P18,66,87,0,55
2027-05-10,P18,51,112,0,55
2027-05-11,P18,48,60,0,55
2027-05-12,P18,46,117,0,55
2027-05-13,P18,52,108,0,55
2027-05-14,P18,63,138,0,55
2027-05-15,P18,66,86,0,55
2027-05-16,P18,46,43,0,55
2027-05-17,P18,57,96,0,55
2027-05-18,P18,48,83,0,55
2027-05-19,P18,45,72,0,55
2027-05-20,P18,49,59,0,55
2027-05-21,P18,58,131,0,55
2027-05-22,P18,73,80,0,55
2027-05-23,P18,50,65,0,55
2027-05-24,P18,33,80,0,55
2027-05-25,P18,58,85,0,55
2027-05-26,P18,48,84,0,55
2027-05-27,P18,62,92,0,55
2027-05-28,P18,54,119,0,55
2027-05-29,P18,64,128,0,55
2027-05-30,P18,51,54,0,55
2027-05-31,P18,54,95,0,55
2027-06-01,P18,53,116,0,55
2027-06-02,P18,60,82,0,55
2027-06-03,P18,69,91,0,55
2027-06-04,P18,57,84,0,55
2027-06-05,P18,67,98,0,55
2027-06-06,P18,52,86,0,55
2027-06-07,P18,52,112,0,55
2027-06-08,P18,57,59,0,55
2027-06-09,P18,35,77,0,55
2027-06-10,P18,60,67,0,55
2027-06-11,P18,50,57,0,55
2027-06-12,P18,66,65,0,55
2027-06-13,P18,59,61,0,55
2027-06-14,P18,44,55,0,55
2027-06-15,P18,49,76,0,55
2027-06-16,P18,51,62,0,55
2027-06-17,P18,65,80,0,55
2027-06-18,P18,62,65,0,55
2027-06-19,P18,69,97,0,55
2027-06-20,P18,52,139,0,55
2027-06-21,P18,46,118,0,55
2027-06-22,P18,47,98,0,55
2027-06-23,P18,56,85,0,55
2027-06-24,P18,67,95,0,55
2027-06-25,P18,41,71,0,55
2027-06-26,P18,56,105,0,55
2027-06-27,P18,62,94,0,55
2027-06-28,P18,42,64,0,55
2027-06-29,P18,57,111,0,55
2027-06-30,P18,47,76,0,55
2027-07-01,P18,49,107,0,55
2027-07-02,P18,90,100,1,55
2027-07-03,P18,83,80,1,55
2027-07-04,P18,54,83,0,55
2027-07-05,P18,42,112,0,55
2027-07-06,P18,43,114,0,55
2027-07-07,P18,44,94,0,55
2027-07-08,P18,51,48,0,55
2027-07-09,P18,65,131,1,55
2027-07-10,P18,64,108,1,55
2027-07-11,P18,61,69,0,55
2027-07-12,P18,48,110,0,55
2027-07-13,P18,41,110,0,55
2027-07-14,P18,42,53,0,55
2027-07-15,P18,54,64,0,55
2027-07-16,P18,55,126,1,55
2027-07-17,P18,70,83,1,55
2027-07-18,P18,55,105,0,55
2027-07-19,P18,50,118,0,55
2027-07-20,P18,37,114,0,55
2027-07-21,P18,46,129,0,55
2027-07-22,P18,42,130,0,55
2027-07-23,P18,63,91,1,55
2027-07-24,P18,73,85,1,55
2027-07-25,P18,52,92,0,55
2027-07-26,P18,53,74,0,55
2027-07-27,P18,46,124,0,55
2027-07-28,P18,52,77,0,55
2027-07-29,P18,54,138,0,55
2027-07-30,P18,71,93,1,55
2027-07-31,P18,76,137,1,55
2027-08-01,P18,66,127,0,55
2027-08-02,P18,43,67,0,55
2027-08-03,P18,58,77,0,55
2027-08-04,P18,44,106,0,55
2027-08-05,P18,45,135,0,55
2027-08-06,P18,49,83,0,55
2027-08-07,P18,62,87,0,55
2027-08-08,P18,57,100,0,55
2027-08-09,P18,51,114,0,55
2027-08-10,P18,40,138,0,55
2027-08-11,P18,49,83,0,55
2027-08-12,P18,45,79,0,55
2027-08-13,P18,54,70,0,55
2027-08-14,P18,56,81,0,55
2027-08-15,P18,82,107,1,55
2027-08-16,P18,72,71,1,55
2027-08-17,P18,67,77,1,55
2027-08-18,P18,41,65,0,55
2027-08-19,P18,56,82,0,55
2027-08-20,P18,57,77,0,55
2027-08-21,P18,70,85,0,55
2027-08-22,P18,54,50,0,55
2027-08-23,P18,51,56,0,55
2027-08-24,P18,48,103,0,55
2027-08-25,P18,67,132,0,55
2027-08-26,P18,65,93,0,55
2027-08-27,P18,50,125,0,55
2027-08-28,P18,65,120,0,55
2027-08-29,P18,61,97,0,55
2027-08-30,P18,51,80,0,55
2027-08-31,P18,48,93,0,55
2027-09-01,P18,57,95,0,55
2027-09-02,P18,44,60,0,55
2027-09-03,P18,68,95,0,55
2027-09-04,P18,58,94,0,55
2027-09-05,P18,47,71,0,55
2027-09-06,P18,43,56,0,55
2027-09-07,P18,47,135,0,55
2027-09-08,P18,49,99,0,55
2027-09-09,P18,63,76,0,55
2027-09-10,P18,61,60,0,55
2027-09-11,P18,71,110,0,55
2027-09-12,P18,54,94,0,55
2027-09-13,P18,45,85,0,55
2027-09-14,P18,45,104,0,55
2027-09-15,P18,70,105,0,55
2027-09-16,P18,62,58,0,55
2027-09-17,P18,61,118,0,55
2027-09-18,P18,49,127,0,55
2027-09-19,P18,66,100,0,55
2027-09-20,P18,46,78,0,55
2027-09-21,P18,41,69,0,55
2027-09-22,P18,49,45,0,55
2027-09-23,P18,63,105,0,55
2027-09-24,P18,52,66,0,55
2027-09-25,P18,51,70,0,55
2027-09-26,P18,57,59,0,55
2027-09-27,P18,61,78,0,55
2027-09-28,P18,61,95,0,55
2027-09-29,P18,60,92,0,55
2027-09-30,P18,57,73,0,55
2027-10-01,P18,68,80,1,55
2027-10-02,P18,85,123,1,55
2027-10-03,P18,54,122,0,55
2027-10-04,P18,58,117,0,55
2027-10-05,P18,51,107,0,55
2027-10-06,P18,55,79,0,55
2027-10-07,P18,51,69,0,55
2027-10-08,P18,67,77,1,55
2027-10-09,P18,79,105,1,55
2027-10-10,P18,46,68,0,55
2027-10-11,P18,44,93,0,55
2027-10-12,P18,57,87,0,55
2027-10-13,P18,49,45,0,55
2027-10-14,P18,41,63,0,55
2027-10-15,P18,68,101,1,55
2027-10-16,P18,72,125,1,55
2027-10-17,P18,70,127,0,55
2027-10-18,P18,49,83,0,55
2027-10-19,P18,47,96,0,55
2027-10-20,P18,92,117,1,55
2027-10-21,P18,105,129,1,55
2027-10-22,P18,126,135,1,55
2027-10-23,P18,114,127,1,55
2027-10-24,P18,133,157,1,55
2027-10-25,P18,103,115,1,55
2027-10-26,P18,54,76,0,55
2027-10-27,P18,51,120,0,55
2027-10-28,P18,52,86,0,55
2027-10-29,P18,74,82,1,55
2027-10-30,P18,86,136,1,55
2027-10-31,P18,58,82,0,55
2027-11-01,P18,98,130,1,55
2027-11-02,P18,83,95,1,55
2027-11-03,P18,96,125,1,55
2027-11-04,P18,56,75,0,55
2027-11-05,P18,57,72,0,55
2027-11-06,P18,70,124,0,55
2027-11-07,P18,50,65,0,55
2027-11-08,P18,42,45,0,55
2027-11-09,P18,56,86,0,55
2027-11-10,P18,54,95,0,55
2027-11-11,P18,53,96,0,55
2027-11-12,P18,58,70,0,55
2027-11-13,P18,57,81,0,55
2027-11-14,P18,50,129,0,55
2027-11-15,P18,45,103,0,55
2027-11-16,P18,52,88,0,55
2027-11-17,P18,55,76,0,55
2027-11-18,P18,40,90,0,55
2027-11-19,P18,60,82,0,55
2027-11-20,P18,54,135,0,55
2027-11-21,P18,55,126,0,55
2027-11-22,P18,49,113,0,55
2027-11-23,P18,41,63,0,55
2027-11-24,P18,61,95,0,55
2027-11-25,P18,49,105,0,55
2027-11-26,P18,63,136,0,55
2027-11-27,P18,60,110,0,55
2027-11-28,P18,56,69,0,55
2027-11-29,P18,60,65,0,55
2027-11-30,P18,53,134,0,55
2027-12-01,P18,52,130,0,55
2027-12-02,P18,54,103,0,55
2027-12-03,P18,57,123,0,55
2027-12-04,P18,65,120,0,55
2027-12-05,P18,59,79,0,55
2027-12-06,P18,44,112,0,55
2027-12-07,P18,58,103,0,55
2027-12-08,P18,57,79,0,55
2027-12-09,P18,59,70,0,55
2027-12-10,P18,66,62,0,55
2027-12-11,P18,64,68,0,55
2027-12-12,P18,70,77,0,55
2027-12-13,P18,47,102,0,55
2027-12-14,P18,51,78,0,55
2027-12-15,P18,56,83,0,55
2027-12-16,P18,56,87,0,55
2027-12-17,P18,47,92,0,55
2027-12-18,P18,79,94,0,55
2027-12-19,P18,54,104,0,55
2027-12-20,P18,42,46,0,55
2027-12-21,P18,41,50,0,55
2027-12-22,P18,49,76,0,55
2027-12-23,P18,63,132,0,55
2027-12-24,P18,58,79,0,55
2027-12-25,P18,62,107,0,55
2027-12-26,P18,66,100,0,55
2027-12-27,P18,51,107,0,55
2027-12-28,P18,69,79,0,55
2027-12-29,P18,57,124,0,55
2027-12-30,P18,62,89,0,55
2027-12-31,P18,72,105,0,55
2026-01-01,P19,21,111,0,110
2026-01-02,P19,23,109,0,110
2026-01-03,P19,25,58,0,110
2026-01-04,P19,25,111,0,110
2026-01-05,P19,19,31,0,110
2026-01-06,P19,19,138,0,110
2026-01-07,P19,19,130,0,110
2026-01-08,P19,30,36,0,110
2026-01-09,P19,18,87,0,110
2026-01-10,P19,21,123,0,110
2026-01-11,P19,16,92,0,110
2026-01-12,P19,13,139,0,110
2026-01-13,P19,22,32,1,110
2026-01-14,P19,30,89,1,110
2026-01-15,P19,35,54,1,110
2026-01-16,P19,35,79,1,110
2026-01-17,P19,26,66,0,110
2026-01-18,P19,25,118,0,110
2026-01-19,P19,17,132,0,110
2026-01-20,P19,22,68,0,110
2026-01-21,P19,23,132,0,110
2026-01-22,P19,27,23,0,110
2026-01-23,P19,26,76,0,110
2026-01-24,P19,24,56,0,110
2026-01-25,P19,20,139,0,110
2026-01-26,P19,22,52,0,110
2026-01-27,P19,16,109,0,110
2026-01-28,P19,26,91,0,110
2026-01-29,P19,24,116,0,110
2026-01-30,P19,26,138,0,110
2026-01-31,P19,44,97,0,110
2026-02-01,P19,33,47,0,110
2026-02-02,P19,28,86,0,110
2026-02-03,P19,30,125,0,110
2026-02-04,P19,29,97,0,110
2026-02-05,P19,20,54,0,110
2026-02-06,P19,31,72,0,110
2026-02-07,P19,27,41,0,110
2026-02-08,P19,36,127,0,110
2026-02-09,P19,28,60,0,110
2026-02-10,P19,24,128,0,110
2026-02-11,P19,25,33,0,110
2026-02-12,P19,24,53,0,110
2026-02-13,P19,28,99,0,110
2026-02-14,P19,37,136,0,110
2026-02-15,P19,21,138,0,110
2026-02-16,P19,34,56,0,110
2026-02-17,P19,36,95,0,110
2026-02-18,P19,24,62,0,110
2026-02-19,P19,34,51,0,110
2026-02-20,P19,28,31,0,110
2026-02-21,P19,27,31,0,110
2026-02-22,P19,31,83,0,110
2026-02-23,P19,29,124,0,110
2026-02-24,P19,36,116,0,110
2026-02-25,P19,29,45,0,110
2026-02-26,P19,36,89,0,110
2026-02-27,P19,42,135,0,110
2026-02-28,P19,38,56,0,110
2026-03-01,P19,56,98,0,110
2026-03-02,P19,41,51,0,110
2026-03-03,P19,37,48,0,110
2026-03-04,P19,32,107,0,110
2026-03-05,P19,49,89,0,110
2026-03-06,P19,44,107,1,110
2026-03-07,P19,44,122,1,110
2026-03-08,P19,34,69,0,110
2026-03-09,P19,49,51,0,110
2026-03-10,P19,38,65,0,110
2026-03-11,P19,42,73,0,110
2026-03-12,P19,37,128,0,110
2026-03-13,P19,41,109,1,110
2026-03-14,P19,63,93,1,110
2026-03-15,P19,51,97,0,110
2026-03-16,P19,38,118,0,110
2026-03-17,P19,43,58,0,110
2026-03-18,P19,49,91,0,110
2026-03-19,P19,46,94,0,110
2026-03-20,P19,52,83,1,110
2026-03-21,P19,57,70,1,110
2026-03-22,P19,59,79,0,110
2026-03-23,P19,42,118,0,110
2026-03-24,P19,42,73,0,110
2026-03-25,P19,34,51,0,110
2026-03-26,P19,44,40,0,110
2026-03-27,P19,58,99,1,110
2026-03-28,P19,74,73,1,110
2026-03-29,P19,61,72,0,110
2026-03-30,P19,43,87,0,110
2026-03-31,P19,35,115,0,110
2026-04-01,P19,55,66,0,110
2026-04-02,P19,52,95,0,110
2026-04-03,P19,58,95,0,110
2026-04-04,P19,64,81,0,110
2026-04-05,P19,64,73,0,110
2026-04-06,P19,39,111,0,110
2026-04-07,P19,51,87,0,110
2026-04-08,P19,62,70,0,110
2026-04-09,P19,50,116,0,110
2026-04-10,P19,52,85,0,110
2026-04-11,P19,62,71,0,110
2026-04-12,P19,67,115,0,110
2026-04-13,P19,54,63,0,110
2026-04-14,P19,45,100,0,110
2026-04-15,P19,43,75,0,110
2026-04-16,P19,46,87,0,110
2026-04-17,P19,46,113,0,110
2026-04-18,P19,89,96,0,110
2026-04-19,P19,63,128,0,110
2026-04-20,P19,53,132,0,110
2026-04-21,P19,43,79,0,110
2026-04-22,P19,34,68,0,110
2026-04-23,P19,59,106,0,110
2026-04-24,P19,54,60,0,110
2026-04-25,P19,72,84,0,110
2026-04-26,P19,67,82,0,110
2026-04-27,P19,45,80,0,110
2026-04-28,P19,54,61,0,110
2026-04-29,P19,53,91,0,110
2026-04-30,P19,57,117,0,110
2026-05-01,P19,60,83,0,110
2026-05-02,P19,75,134,0,110
2026-05-03,P19,64,77,0,110
2026-05-04,P19,41,93,0,110
2026-05-05,P19,46,113,0,110
2026-05-06,P19,43,53,0,110
2026-05-07,P19,53,75,0,110
2026-05-08,P19,57,113,0,110
2026-05-09,P19,72,85,0,110
2026-05-10,P19,56,134,0,110
2026-05-11,P19,44,73,0,110
2026-05-12,P19,52,106,0,110
2026-05-13,P19,55,85,0,110
2026-05-14,P19,45,110,0,110
2026-05-15,P19,62,66,0,110
2026-05-16,P19,55,100,0,110
2026-05-17,P19,68,123,0,110
2026-05-18,P19,36,74,0,110
2026-05-19,P19,59,99,0,110
2026-05-20,P19,46,78,0,110
2026-05-21,P19,37,56,0,110
2026-05-22,P19,48,71,0,110
2026-05-23,P19,60,69,0,110
2026-05-24,P19,62,87,0,110
2026-05-25,P19,50,74,0,110
2026-05-26,P19,49,122,0,110
2026-05-27,P19,52,66,0,110
2026-05-28,P19,60,76,0,110
2026-05-29,P19,57,84,0,110
2026-05-30,P19,64,68,0,110
2026-05-31,P19,73,80,0,110
2026-06-01,P19,53,139,0,110
2026-06-02,P19,52,139,0,110
2026-06-03,P19,61,73,0,110
2026-06-04,P19,45,56,0,110
2026-06-05,P19,56,114,0,110
2026-06-06,P19,64,63,0,110
2026-06-07,P19,51,68,0,110
2026-06-08,P19,40,41,0,110
2026-06-09,P19,56,88,0,110
2026-06-10,P19,50,84,0,110
2026-06-11,P19,63,73,0,110
2026-06-12,P19,53,128,0,110
2026-06-13,P19,57,91,0,110
2026-06-14,P19,53,75,0,110
2026-06-15,P19,49,131,0,110
2026-06-16,P19,60,84,0,110
2026-06-17,P19,45,78,0,110
2026-06-18,P19,41,57,0,110
2026-06-19,P19,61,95,0,110
2026-06-20,P19,57,79,0,110
2026-06-21,P19,56,101,0,110
2026-06-22,P19,38,101,0,110
2026-06-23,P19,44,75,0,110
2026-06-24,P19,45,58,0,110
2026-06-25,P19,46,93,0,110
2026-06-26,P19,68,111,0,110
2026-06-27,P19,64,92,0,110
2026-06-28,P19,66,64,0,110
2026-06-29,P19,51,97,0,110
2026-06-30,P19,57,61,0,110
2026-07-01,P19,37,34,0,110
2026-07-02,P19,35,81,0,110
2026-07-03,P19,67,94,1,110
2026-07-04,P19,50,88,1,110
2026-07-05,P19,51,71,0,110
2026-07-06,P19,44,93,0,110
2026-07-07,P19,39,52,0,110
2026-07-08,P19,31,69,0,110
2026-07-09,P19,35,130,0,110
2026-07-10,P19,46,123,1,110
2026-07-11,P19,51,93,1,110
2026-07-12,P19,45,103,0,110
2026-07-13,P19,22,42,0,110
2026-07-14,P19,28,134,0,110
2026-07-15,P19,34,67,0,110
2026-07-16,P19,36,92,0,110
2026-07-17,P19,58,79,1,110
2026-07-18,P19,60,116,1,110
2026-07-19,P19,49,77,0,110
2026-07-20,P19,35,105,0,110
2026-07-21,P19,35,102,0,110
2026-07-22,P19,41,65,0,110
2026-07-23,P19,29,91,0,110
2026-07-24,P19,52,83,1,110
2026-07-25,P19,59,137,1,110
2026-07-26,P19,45,124,0,110
2026-07-27,P19,49,92,0,110
2026-07-28,P19,37,57,0,110
2026-07-29,P19,38,125,0,110
2026-07-30,P19,40,36,0,110
2026-07-31,P19,45,68,1,110
2026-08-01,P19,57,124,0,110
2026-08-02,P19,45,63,0,110
2026-08-03,P19,39,54,0,110
2026-08-04,P19,25,90,0,110
2026-08-05,P19,46,105,0,110
2026-08-06,P19,46,78,0,110
2026-08-07,P19,44,86,0,110
2026-08-08,P19,39,119,0,110
2026-08-09,P19,54,125,0,110
2026-08-10,P19,37,58,0,110
2026-08-11,P19,39,88,0,110
2026-08-12,P19,36,58,0,110
2026-08-13,P19,38,61,0,110
2026-08-14,P19,38,40,0,110
2026-08-15,P19,80,112,1,110
2026-08-16,P19,73,93,1,110
2026-08-17,P19,47,46,1,110
2026-08-18,P19,38,126,0,110
2026-08-19,P19,25,27,0,110
2026-08-20,P19,26,30,0,110
2026-08-21,P19,40,117,0,110
2026-08-22,P19,45,80,0,110
2026-08-23,P19,39,111,0,110
2026-08-24,P19,33,100,0,110
2026-08-25,P19,35,66,0,110
2026-08-26,P19,33,65,0,110
2026-08-27,P19,38,91,0,110
2026-08-28,P19,52,55,0,110
2026-08-29,P19,54,122,0,110
2026-08-30,P19,41,70,0,110
2026-08-31,P19,25,90,0,110
2026-09-01,P19,32,45,0,110
2026-09-02,P19,40,69,0,110
2026-09-03,P19,40,94,0,110
2026-09-04,P19,49,128,0,110
2026-09-05,P19,40,53,0,110
2026-09-06,P19,40,49,0,110
2026-09-07,P19,45,51,0,110
2026-09-08,P19,45,126,0,110
2026-09-09,P19,44,131,0,110
2026-09-10,P19,40,90,0,110
2026-09-11,P19,49,75,0,110
2026-09-12,P19,50,128,0,110
2026-09-13,P19,45,101,0,110
2026-09-14,P19,42,116,0,110
2026-09-15,P19,44,41,0,110
2026-09-16,P19,36,71,0,110
2026-09-17,P19,45,74,0,110
2026-09-18,P19,42,76,0,110
2026-09-19,P19,52,62,0,110
2026-09-20,P19,51,130,0,110
2026-09-21,P19,36,63,0,110
2026-09-22,P19,40,111,0,110
2026-09-23,P19,38,104,0,110
2026-09-24,P19,50,115,0,110
2026-09-25,P19,39,44,0,110
2026-09-26,P19,45,51,0,110
2026-09-27,P19,61,105,0,110
2026-09-28,P19,40,109,0,110
2026-09-29,P19,38,114,0,110
2026-09-30,P19,37,73,0,110
2026-10-01,P19,33,68,0,110
2026-10-02,P19,51,82,1,110
2026-10-03,P19,64,97,1,110
2026-10-04,P19,43,70,0,110
2026-10-05,P19,35,131,0,110
2026-10-06,P19,44,50,0,110
2026-10-07,P19,37,43,0,110
2026-10-08,P19,40,72,0,110
2026-10-09,P19,50,53,1,110
2026-10-10,P19,64,77,1,110
2026-10-11,P19,61,94,0,110
2026-10-12,P19,39,57,0,110
2026-10-13,P19,45,137,0,110
2026-10-14,P19,46,98,0,110
2026-10-15,P19,33,61,0,110
2026-10-16,P19,54,88,1,110
2026-10-17,P19,65,110,1,110
2026-10-18,P19,62,90,0,110
2026-10-19,P19,40,71,0,110
2026-10-20,P19,86,81,1,110
2026-10-21,P19,71,101,1,110
2026-10-22,P19,71,92,1,110
2026-10-23,P19,103,136,1,110
2026-10-24,P19,88,136,1,110
2026-10-25,P19,98,98,1,110
2026-10-26,P19,42,67,0,110
2026-10-27,P19,38,69,0,110
2026-10-28,P19,52,69,0,110
2026-10-29,P19,48,127,0,110
2026-10-30,P19,57,83,1,110
2026-10-31,P19,65,83,1,110
2026-11-01,P19,84,120,1,110
2026-11-02,P19,85,100,1,110
2026-11-03,P19,81,97,1,110
2026-11-04,P19,32,54,0,110
2026-11-05,P19,40,57,0,110
2026-11-06,P19,47,68,0,110
2026-11-07,P19,66,77,0,110
2026-11-08,P19,44,59,0,110
2026-11-09,P19,34,62,0,110
2026-11-10,P19,48,112,0,110
2026-11-11,P19,42,90,0,110
2026-11-12,P19,36,49,0,110
2026-11-13,P19,46,65,0,110
2026-11-14,P19,50,76,0,110
2026-11-15,P19,44,57,0,110
2026-11-16,P19,42,74,0,110
2026-11-17,P19,41,72,0,110
2026-11-18,P19,47,62,0,110
2026-11-19,P19,55,125,0,110
2026-11-20,P19,42,84,0,110
2026-11-21,P19,56,58,0,110
2026-11-22,P19,49,77,0,110
2026-11-23,P19,49,92,0,110
2026-11-24,P19,36,43,0,110
2026-11-25,P19,43,57,0,110
2026-11-26,P19,40,78,0,110
2026-11-27,P19,47,59,0,110
2026-11-28,P19,76,86,0,110
2026-11-29,P19,46,65,0,110
2026-11-30,P19,49,70,0,110
2026-12-01,P19,52,108,0,110
2026-12-02,P19,39,126,0,110
2026-12-03,P19,53,131,0,110
2026-12-04,P19,50,114,0,110
2026-12-05,P19,48,48,0,110
2026-12-06,P19,56,95,0,110
2026-12-07,P19,49,126,0,110
2026-12-08,P19,34,136,0,110
2026-12-09,P19,39,89,0,110
2026-12-10,P19,42,101,0,110
2026-12-11,P19,42,131,0,110
2026-12-12,P19,57,91,0,110
2026-12-13,P19,38,61,0,110
2026-12-14,P19,44,99,0,110
2026-12-15,P19,42,41,0,110
2026-12-16,P19,40,38,0,110
2026-12-17,P19,34,129,0,110
2026-12-18,P19,50,118,0,110
2026-12-19,P19,57,127,0,110
2026-12-20,P19,52,70,0,110
2026-12-21,P19,51,119,0,110
2026-12-22,P19,43,110,0,110
2026-12-23,P19,33,103,0,110
2026-12-24,P19,44,138,0,110
2026-12-25,P19,36,32,0,110
2026-12-26,P19,57,78,0,110
2026-12-27,P19,42,99,0,110
2026-12-28,P19,46,72,0,110
2026-12-29,P19,38,131,0,110
2026-12-30,P19,42,101,0,110
2026-12-31,P19,43,74,0,110
2027-01-01,P19,44,62,0,110
2027-01-02,P19,43,43,0,110
2027-01-03,P19,40,119,0,110
2027-01-04,P19,42,49,0,110
2027-01-05,P19,35,64,0,110
2027-01-06,P19,40,85,0,110
2027-01-07,P19,47,85,0,110
2027-01-08,P19,51,52,0,110
2027-01-09,P19,66,85,0,110
2027-01-10,P19,39,83,0,110
2027-01-11,P19,37,55,0,110
2027-01-12,P19,46,114,0,110
2027-01-13,P19,73,98,1,110
2027-01-14,P19,60,85,1,110
2027-01-15,P19,74,99,1,110
2027-01-16,P19,72,129,1,110
2027-01-17,P19,47,111,0,110
2027-01-18,P19,35,63,0,110
2027-01-19,P19,33,54,0,110
2027-01-20,P19,44,110,0,110
2027-01-21,P19,38,131,0,110
2027-01-22,P19,40,56,0,110
2027-01-23,P19,44,47,0,110
2027-01-24,P19,50,131,0,110
2027-01-25,P19,33,60,0,110
2027-01-26,P19,40,55,0,110
2027-01-27,P19,33,49,0,110
2027-01-28,P19,40,128,0,110
2027-01-29,P19,35,101,0,110
2027-01-30,P19,69,93,0,110
2027-01-31,P19,53,113,0,110
2027-02-01,P19,36,50,0,110
2027-02-02,P19,38,96,0,110
2027-02-03,P19,49,96,0,110
2027-02-04,P19,41,58,0,110
2027-02-05,P19,38,108,0,110
2027-02-06,P19,43,128,0,110
2027-02-07,P19,33,132,0,110
2027-02-08,P19,30,110,0,110
2027-02-09,P19,36,113,0,110
2027-02-10,P19,32,114,0,110
2027-02-11,P19,25,62,0,110
2027-02-12,P19,38,97,0,110
2027-02-13,P19,37,41,0,110
2027-02-14,P19,45,60,0,110
2027-02-15,P19,50,71,0,110
2027-02-16,P19,40,112,0,110
2027-02-17,P19,34,53,0,110
2027-02-18,P19,30,64,0,110
2027-02-19,P19,52,55,0,110
2027-02-20,P19,46,52,0,110
2027-02-21,P19,54,94,0,110
2027-02-22,P19,34,95,0,110
2027-02-23,P19,35,128,0,110
2027-02-24,P19,39,39,0,110
2027-02-25,P19,44,97,0,110
2027-02-26,P19,39,133,0,110
2027-02-27,P19,51,78,0,110
2027-02-28,P19,47,129,0,110
2027-03-01,P19,38,52,0,110
2027-03-02,P19,48,124,0,110
2027-03-03,P19,54,85,0,110
2027-03-04,P19,57,126,0,110
2027-03-05,P19,76,79,1,110
2027-03-06,P19,65,134,1,110
2027-03-07,P19,49,66,0,110
2027-03-08,P19,41,66,0,110
2027-03-09,P19,47,63,0,110
2027-03-10,P19,53,97,0,110
2027-03-11,P19,40,48,0,110
2027-03-12,P19,70,77,1,110
2027-03-13,P19,63,79,1,110
2027-03-14,P19,46,125,0,110
2027-03-15,P19,49,80,0,110
2027-03-16,P19,51,59,0,110
2027-03-17,P19,51,59,0,110
2027-03-18,P19,52,95,0,110
2027-03-19,P19,57,132,1,110
2027-03-20,P19,75,109,1,110
2027-03-21,P19,62,79,0,110
2027-03-22,P19,49,55,0,110
2027-03-23,P19,37,48,0,110
2027-03-24,P19,51,77,0,110
2027-03-25,P19,52,79,0,110
2027-03-26,P19,68,92,1,110
2027-03-27,P19,72,111,1,110
2027-03-28,P19,65,78,0,110
2027-03-29,P19,36,68,0,110
2027-03-30,P19,48,86,0,110
2027-03-31,P19,48,81,0,110
2027-04-01,P19,58,72,0,110
2027-04-02,P19,48,93,0,110
2027-04-03,P19,58,92,0,110
2027-04-04,P19,38,50,0,110
2027-04-05,P19,44,118,0,110
2027-04-06,P19,36,82,0,110
2027-04-07,P19,41,106,0,110
2027-04-08,P19,50,128,0,110
2027-04-09,P19,62,69,0,110
2027-04-10,P19,69,88,0,110
2027-04-11,P19,58,85,0,110
2027-04-12,P19,48,73,0,110
2027-04-13,P19,34,83,0,110
2027-04-14,P19,53,133,0,110
2027-04-15,P19,58,77,0,110
2027-04-16,P19,52,83,0,110
2027-04-17,P19,85,115,0,110
2027-04-18,P19,69,101,0,110
2027-04-19,P19,47,121,0,110
2027-04-20,P19,47,75,0,110
2027-04-21,P19,52,66,0,110
2027-04-22,P19,50,101,0,110
2027-04-23,P19,42,75,0,110
2027-04-24,P19,81,124,0,110
2027-04-25,P19,59,110,0,110
2027-04-26,P19,54,88,0,110
2027-04-27,P19,55,122,0,110
2027-04-28,P19,45,106,0,110
2027-04-29,P19,45,93,0,110
2027-04-30,P19,71,104,0,110
2027-05-01,P19,74,94,0,110
2027-05-02,P19,60,72,0,110
2027-05-03,P19,41,54,0,110
2027-05-04,P19,49,74,0,110
2027-05-05,P19,37,43,0,110
2027-05-06,P19,45,137,0,110
2027-05-07,P19,44,98,0,110
2027-05-08,P19,51,68,0,110
2027-05-09,P19,72,104,0,110
2027-05-10,P19,51,130,0,110
2027-05-11,P19,60,92,0,110
2027-05-12,P19,52,77,0,110
2027-05-13,P19,52,49,0,110
2027-05-14,P19,67,83,0,110
2027-05-15,P19,54,91,0,110
2027-05-16,P19,63,105,0,110
2027-05-17,P19,50,130,0,110
2027-05-18,P19,53,67,0,110
2027-05-19,P19,44,84,0,110
2027-05-20,P19,54,91,0,110
2027-05-21,P19,52,52,0,110
2027-05-22,P19,63,100,0,110
2027-05-23,P19,76,83,0,110
2027-05-24,P19,44,124,0,110
2027-05-25,P19,46,61,0,110
2027-05-26,P19,47,123,0,110
2027-05-27,P19,48,127,0,110
2027-05-28,P19,59,64,0,110
2027-05-29,P19,75,89,0,110
2027-05-30,P19,79,110,0,110
2027-05-31,P19,56,65,0,110
2027-06-01,P19,55,76,0,110
2027-06-02,P19,55,88,0,110
2027-06-03,P19,56,70,0,110
2027-06-04,P19,61,80,0,110
2027-06-05,P19,63,114,0,110
2027-06-06,P19,52,120,0,110
2027-06-07,P19,51,111,0,110
2027-06-08,P19,39,110,0,110
2027-06-09,P19,41,77,0,110
2027-06-10,P19,54,74,0,110
2027-06-11,P19,58,97,0,110
2027-06-12,P19,50,77,0,110
2027-06-13,P19,59,84,0,110
2027-06-14,P19,50,73,0,110
2027-06-15,P19,55,77,0,110
2027-06-16,P19,49,108,0,110
2027-06-17,P19,65,105,0,110
2027-06-18,P19,52,69,0,110
2027-06-19,P19,64,106,0,110
2027-06-20,P19,48,67,0,110
2027-06-21,P19,39,36,0,110
2027-06-22,P19,51,76,0,110
2027-06-23,P19,57,87,0,110
2027-06-24,P19,54,74,0,110
2027-06-25,P19,52,72,0,110
2027-06-26,P19,59,129,0,110
2027-06-27,P19,57,76,0,110
2027-06-28,P19,55,91,0,110
2027-06-29,P19,56,81,0,110
2027-06-30,P19,59,125,0,110
2027-07-01,P19,36,112,0,110
2027-07-02,P19,45,127,1,110
2027-07-03,P19,53,94,1,110
2027-07-04,P19,45,77,0,110
2027-07-05,P19,38,68,0,110
2027-07-06,P19,24,95,0,110
2027-07-07,P19,44,113,0,110
2027-07-08,P19,41,53,0,110
2027-07-09,P19,42,70,1,110
2027-07-10,P19,63,96,1,110
2027-07-11,P19,29,66,0,110
2027-07-12,P19,41,72,0,110
2027-07-13,P19,35,64,0,110
2027-07-14,P19,31,128,0,110
2027-07-15,P19,33,118,0,110
2027-07-16,P19,56,59,1,110
2027-07-17,P19,58,119,1,110
2027-07-18,P19,39,36,0,110
2027-07-19,P19,27,56,0,110
2027-07-20,P19,37,70,0,110
2027-07-21,P19,37,61,0,110
2027-07-22,P19,45,47,0,110
2027-07-23,P19,57,85,1,110
2027-07-24,P19,58,97,1,110
2027-07-25,P19,47,78,0,110
2027-07-26,P19,29,61,0,110
2027-07-27,P19,43,105,0,110
2027-07-28,P19,38,100,0,110
2027-07-29,P19,35,63,0,110
2027-07-30,P19,45,83,1,110
2027-07-31,P19,59,88,1,110
2027-08-01,P19,61,60,0,110
2027-08-02,P19,33,93,0,110
2027-08-03,P19,45,43,0,110
2027-08-04,P19,38,130,0,110
2027-08-05,P19,51,80,0,110
2027-08-06,P19,45,67,0,110
2027-08-07,P19,58,89,0,110
2027-08-08,P19,43,65,0,110
2027-08-09,P19,31,102,0,110
2027-08-10,P19,27,81,0,110
2027-08-11,P19,32,65,0,110
2027-08-12,P19,32,71,0,110
2027-08-13,P19,47,62,0,110
2027-08-14,P19,41,107,0,110
2027-08-15,P19,76,90,1,110
2027-08-16,P19,60,71,1,110
2027-08-17,P19,44,65,1,110
2027-08-18,P19,37,122,0,110
2027-08-19,P19,36,64,0,110
2027-08-20,P19,46,115,0,110
2027-08-21,P19,40,74,0,110
2027-08-22,P19,54,84,0,110
2027-08-23,P19,32,86,0,110
2027-08-24,P19,40,66,0,110
2027-08-25,P19,29,51,0,110
2027-08-26,P19,41,42,0,110
2027-08-27,P19,49,71,0,110
2027-08-28,P19,58,127,0,110
2027-08-29,P19,47,66,0,110
2027-08-30,P19,45,136,0,110
2027-08-31,P19,41,88,0,110
2027-09-01,P19,44,68,0,110
2027-09-02,P19,40,57,0,110
2027-09-03,P19,39,67,0,110
2027-09-04,P19,39,54,0,110
2027-09-05,P19,47,65,0,110
2027-09-06,P19,38,129,0,110
2027-09-07,P19,40,64,0,110
2027-09-08,P19,36,64,0,110
2027-09-09,P19,37,46,0,110
2027-09-10,P19,44,113,0,110
2027-09-11,P19,46,51,0,110
2027-09-12,P19,52,95,0,110
2027-09-13,P19,29,112,0,110
2027-09-14,P19,32,79,0,110
2027-09-15,P19,32,119,0,110
2027-09-16,P19,44,64,0,110
2027-09-17,P19,37,69,0,110
2027-09-18,P19,49,54,0,110
2027-09-19,P19,36,79,0,110
2027-09-20,P19,42,75,0,110
2027-09-21,P19,37,104,0,110
2027-09-22,P19,37,61,0,110
2027-09-23,P19,49,81,0,110
2027-09-24,P19,31,83,0,110
2027-09-25,P19,34,90,0,110
2027-09-26,P19,37,112,0,110
2027-09-27,P19,26,86,0,110
2027-09-28,P19,30,43,0,110
2027-09-29,P19,37,128,0,110
2027-09-30,P19,40,108,0,110
2027-10-01,P19,64,64,1,110
2027-10-02,P19,80,100,1,110
2027-10-03,P19,57,59,0,110
2027-10-04,P19,39,97,0,110
2027-10-05,P19,44,67,0,110
2027-10-06,P19,61,56,0,110
2027-10-07,P19,37,62,0,110
2027-10-08,P19,51,48,1,110
2027-10-09,P19,82,137,1,110
2027-10-10,P19,42,64,0,110
2027-10-11,P19,34,46,0,110
2027-10-12,P19,42,55,0,110
2027-10-13,P19,42,72,0,110
2027-10-14,P19,44,138,0,110
2027-10-15,P19,58,97,1,110
2027-10-16,P19,67,76,1,110
2027-10-17,P19,58,98,0,110
2027-10-18,P19,34,111,0,110
2027-10-19,P19,34,49,0,110
2027-10-20,P19,66,91,1,110
2027-10-21,P19,80,135,1,110
2027-10-22,P19,87,89,1,110
2027-10-23,P19,103,100,1,110
2027-10-24,P19,89,89,1,110
2027-10-25,P19,57,82,1,110
2027-10-26,P19,37,109,0,110
2027-10-27,P19,46,54,0,110
2027-10-28,P19,58,83,0,110
2027-10-29,P19,51,77,1,110
2027-10-30,P19,70,103,1,110
2027-10-31,P19,76,88,0,110
2027-11-01,P19,84,93,1,110
2027-11-02,P19,91,115,1,110
2027-11-03,P19,95,106,1,110
2027-11-04,P19,53,98,0,110
2027-11-05,P19,42,105,0,110
2027-11-06,P19,41,54,0,110
2027-11-07,P19,46,93,0,110
2027-11-08,P19,28,139,0,110
2027-11-09,P19,40,43,0,110
2027-11-10,P19,44,132,0,110
2027-11-11,P19,39,44,0,110
2027-11-12,P19,41,45,0,110
2027-11-13,P19,59,89,0,110
2027-11-14,P19,51,71,0,110
2027-11-15,P19,52,127,0,110
2027-11-16,P19,41,118,0,110
2027-11-17,P19,50,107,0,110
2027-11-18,P19,37,95,0,110
2027-11-19,P19,50,108,0,110
2027-11-20,P19,61,67,0,110
2027-11-21,P19,45,138,0,110
2027-11-22,P19,61,99,0,110
2027-11-23,P19,45,57,0,110
2027-11-24,P19,43,79,0,110
2027-11-25,P19,41,114,0,110
2027-11-26,P19,59,72,0,110
2027-11-27,P19,55,89,0,110
2027-11-28,P19,54,129,0,110
2027-11-29,P19,47,83,0,110
2027-11-30,P19,42,71,0,110
2027-12-01,P19,59,92,0,110
2027-12-02,P19,50,57,0,110
2027-12-03,P19,47,72,0,110
2027-12-04,P19,52,66,0,110
2027-12-05,P19,62,122,0,110
2027-12-06,P19,33,90,0,110
2027-12-07,P19,38,110,0,110
2027-12-08,P19,38,109,0,110
2027-12-09,P19,47,108,0,110
2027-12-10,P19,40,94,0,110
2027-12-11,P19,63,76,0,110
2027-12-12,P19,38,77,0,110
2027-12-13,P19,46,66,0,110
2027-12-14,P19,38,63,0,110
2027-12-15,P19,54,85,0,110
2027-12-16,P19,65,115,0,110
2027-12-17,P19,40,62,0,110
2027-12-18,P19,51,75,0,110
2027-12-19,P19,57,131,0,110
2027-12-20,P19,46,137,0,110
2027-12-21,P19,44,100,0,110
2027-12-22,P19,37,59,0,110
2027-12-23,P19,37,63,0,110
2027-12-24,P19,53,70,0,110
2027-12-25,P19,42,93,0,110
2027-12-26,P19,55,78,0,110
2027-12-27,P19,39,36,0,110
2027-12-28,P19,40,86,0,110
2027-12-29,P19,47,56,0,110
2027-12-30,P19,42,65,0,110
2027-12-31,P19,51,63,0,110
2026-01-01,P20,5,103,0,160
2026-01-02,P20,5,117,0,160
2026-01-03,P20,9,87,0,160
2026-01-04,P20,9,77,0,160
2026-01-05,P20,7,15,0,160
2026-01-06,P20,6,37,0,160
2026-01-07,P20,4,97,0,160
2026-01-08,P20,5,34,0,160
2026-01-09,P20,6,37,0,160
2026-01-10,P20,11,31,0,160
2026-01-11,P20,13,68,0,160
2026-01-12,P20,7,112,0,160
2026-01-13,P20,17,138,1,160
2026-01-14,P20,10,130,1,160
2026-01-15,P20,16,14,1,160
2026-01-16,P20,19,25,1,160
2026-01-17,P20,10,43,0,160
2026-01-18,P20,5,113,0,160
2026-01-19,P20,5,93,0,160
2026-01-20,P20,11,37,0,160
2026-01-21,P20,12,47,0,160
2026-01-22,P20,7,117,0,160
2026-01-23,P20,8,112,0,160
2026-01-24,P20,8,35,0,160
2026-01-25,P20,10,72,0,160
2026-01-26,P20,9,32,0,160
2026-01-27,P20,13,96,0,160
2026-01-28,P20,16,128,0,160
2026-01-29,P20,11,45,0,160
2026-01-30,P20,16,116,0,160
2026-01-31,P20,9,125,0,160
2026-02-01,P20,11,112,0,160
2026-02-02,P20,12,57,0,160
2026-02-03,P20,8,133,0,160
2026-02-04,P20,9,34,0,160
2026-02-05,P20,6,35,0,160
2026-02-06,P20,10,34,0,160
2026-02-07,P20,11,78,0,160
2026-02-08,P20,12,75,0,160
2026-02-09,P20,14,84,0,160
2026-02-10,P20,14,72,0,160
2026-02-11,P20,10,56,0,160
2026-02-12,P20,11,107,0,160
2026-02-13,P20,13,30,0,160
2026-02-14,P20,11,96,0,160
2026-02-15,P20,21,61,0,160
2026-02-16,P20,12,39,0,160
2026-02-17,P20,12,127,0,160
2026-02-18,P20,12,135,0,160
2026-02-19,P20,11,79,0,160
2026-02-20,P20,13,132,0,160
2026-02-21,P20,16,104,0,160
2026-02-22,P20,18,48,0,160
2026-02-23,P20,7,49,0,160
2026-02-24,P20,6,24,0,160
2026-02-25,P20,9,70,0,160
2026-02-26,P20,18,35,0,160
2026-02-27,P20,18,107,0,160
2026-02-28,P20,19,110,0,160
2026-03-01,P20,12,70,0,160
2026-03-02,P20,18,63,0,160
2026-03-03,P20,18,137,0,160
2026-03-04,P20,20,130,0,160
2026-03-05,P20,15,97,0,160
2026-03-06,P20,22,64,1,160
2026-03-07,P20,8,29,1,160
2026-03-08,P20,23,60,0,160
2026-03-09,P20,14,18,0,160
2026-03-10,P20,15,128,0,160
2026-03-11,P20,15,112,0,160
2026-03-12,P20,18,107,0,160
2026-03-13,P20,9,125,1,160
2026-03-14,P20,21,83,1,160
2026-03-15,P20,14,103,0,160
2026-03-16,P20,16,42,0,160
2026-03-17,P20,14,121,0,160
2026-03-18,P20,13,121,0,160
2026-03-19,P20,18,129,0,160
2026-03-20,P20,13,100,1,160
2026-03-21,P20,26,75,1,160
2026-03-22,P20,13,101,0,160
2026-03-23,P20,18,29,0,160
2026-03-24,P20,12,76,0,160
2026-03-25,P20,9,30,0,160
2026-03-26,P20,15,35,0,160
2026-03-27,P20,19,113,1,160
2026-03-28,P20,33,46,1,160
2026-03-29,P20,17,88,0,160
2026-03-30,P20,7,24,0,160
2026-03-31,P20,16,96,0,160
2026-04-01,P20,22,54,0,160
2026-04-02,P20,11,51,0,160
2026-04-03,P20,24,79,0,160
2026-04-04,P20,16,134,0,160
2026-04-05,P20,20,41,0,160
2026-04-06,P20,19,50,0,160
2026-04-07,P20,16,126,0,160
2026-04-08,P20,17,135,0,160
2026-04-09,P20,23,85,0,160
2026-04-10,P20,15,138,0,160
2026-04-11,P20,25,79,0,160
2026-04-12,P20,21,48,0,160
2026-04-13,P20,20,131,0,160
2026-04-14,P20,18,94,0,160
2026-04-15,P20,13,49,0,160
2026-04-16,P20,16,34,0,160
2026-04-17,P20,20,126,0,160
2026-04-18,P20,27,135,0,160
2026-04-19,P20,22,53,0,160
2026-04-20,P20,20,133,0,160
2026-04-21,P20,14,59,0,160
2026-04-22,P20,21,104,0,160
2026-04-23,P20,18,72,0,160
2026-04-24,P20,22,49,0,160
2026-04-25,P20,19,52,0,160
2026-04-26,P20,21,78,0,160
2026-04-27,P20,11,38,0,160
2026-04-28,P20,19,50,0,160
2026-04-29,P20,23,54,0,160
2026-04-30,P20,17,85,0,160
2026-05-01,P20,22,54,0,160
2026-05-02,P20,32,133,0,160
2026-05-03,P20,25,28,0,160
2026-05-04,P20,20,48,0,160
2026-05-05,P20,13,120,0,160
2026-05-06,P20,23,51,0,160
2026-05-07,P20,12,18,0,160
2026-05-08,P20,18,98,0,160
2026-05-09,P20,20,61,0,160
2026-05-10,P20,23,100,0,160
2026-05-11,P20,20,106,0,160
2026-05-12,P20,19,38,0,160
2026-05-13,P20,18,81,0,160
2026-05-14,P20,18,77,0,160
2026-05-15,P20,15,126,0,160
2026-05-16,P20,13,103,0,160
2026-05-17,P20,26,47,0,160
2026-05-18,P20,16,123,0,160
2026-05-19,P20,13,92,0,160
2026-05-20,P20,19,104,0,160
2026-05-21,P20,20,95,0,160
2026-05-22,P20,21,29,0,160
2026-05-23,P20,20,66,0,160
2026-05-24,P20,18,16,0,160
2026-05-25,P20,9,41,0,160
2026-05-26,P20,24,39,0,160
2026-05-27,P20,21,115,0,160
2026-05-28,P20,19,41,0,160
2026-05-29,P20,18,121,0,160
2026-05-30,P20,32,64,0,160
2026-05-31,P20,25,92,0,160
2026-06-01,P20,15,127,0,160
2026-06-02,P20,18,93,0,160
2026-06-03,P20,13,113,0,160
2026-06-04,P20,20,77,0,160
2026-06-05,P20,26,46,0,160
2026-06-06,P20,24,54,0,160
2026-06-07,P20,16,108,0,160
2026-06-08,P20,19,132,0,160
2026-06-09,P20,17,90,0,160
2026-06-10,P20,16,120,0,160
2026-06-11,P20,14,105,0,160
2026-06-12,P20,20,88,0,160
2026-06-13,P20,15,24,0,160
2026-06-14,P20,34,66,0,160
2026-06-15,P20,18,37,0,160
2026-06-16,P20,20,61,0,160
2026-06-17,P20,11,79,0,160
2026-06-18,P20,17,55,0,160
2026-06-19,P20,13,103,0,160
2026-06-20,P20,26,42,0,160
2026-06-21,P20,22,126,0,160
2026-06-22,P20,6,22,0,160
2026-06-23,P20,22,53,0,160
2026-06-24,P20,14,45,0,160
2026-06-25,P20,17,95,0,160
2026-06-26,P20,16,130,0,160
2026-06-27,P20,20,84,0,160
2026-06-28,P20,17,65,0,160
2026-06-29,P20,19,83,0,160
2026-06-30,P20,17,134,0,160
2026-07-01,P20,18,74,0,160
2026-07-02,P20,23,36,0,160
2026-07-03,P20,22,80,1,160
2026-07-04,P20,21,60,1,160
2026-07-05,P20,20,132,0,160
2026-07-06,P20,16,23,0,160
2026-07-07,P20,20,93,0,160
2026-07-08,P20,26,84,0,160
2026-07-09,P20,22,125,0,160
2026-07-10,P20,18,61,1,160
2026-07-11,P20,27,64,1,160
2026-07-12,P20,28,121,0,160
2026-07-13,P20,22,91,0,160
2026-07-14,P20,21,87,0,160
2026-07-15,P20,21,124,0,160
2026-07-16,P20,15,122,0,160
2026-07-17,P20,23,37,1,160
2026-07-18,P20,13,33,1,160
2026-07-19,P20,28,76,0,160
2026-07-20,P20,14,78,0,160
2026-07-21,P20,18,22,0,160
2026-07-22,P20,13,91,0,160
2026-07-23,P20,15,110,0,160
2026-07-24,P20,22,70,1,160
2026-07-25,P20,28,134,1,160
2026-07-26,P20,17,69,0,160
2026-07-27,P20,16,29,0,160
2026-07-28,P20,20,65,0,160
2026-07-29,P20,20,116,0,160
2026-07-30,P20,16,104,0,160
2026-07-31,P20,18,126,1,160
2026-08-01,P20,24,100,0,160
2026-08-02,P20,20,52,0,160
2026-08-03,P20,14,82,0,160
2026-08-04,P20,13,90,0,160
2026-08-05,P20,16,33,0,160
2026-08-06,P20,18,100,0,160
2026-08-07,P20,17,40,0,160
2026-08-08,P20,25,44,0,160
2026-08-09,P20,23,60,0,160
2026-08-10,P20,20,53,0,160
2026-08-11,P20,16,43,0,160
2026-08-12,P20,11,124,0,160
2026-08-13,P20,13,53,0,160
2026-08-14,P20,21,45,0,160
2026-08-15,P20,34,117,1,160
2026-08-16,P20,29,50,1,160
2026-08-17,P20,27,66,1,160
2026-08-18,P20,11,79,0,160
2026-08-19,P20,16,99,0,160
2026-08-20,P20,21,40,0,160
2026-08-21,P20,18,127,0,160
2026-08-22,P20,24,130,0,160
2026-08-23,P20,20,27,0,160
2026-08-24,P20,18,51,0,160
2026-08-25,P20,13,114,0,160
2026-08-26,P20,18,125,0,160
2026-08-27,P20,16,58,0,160
2026-08-28,P20,14,23,0,160
2026-08-29,P20,21,51,0,160
2026-08-30,P20,24,118,0,160
2026-08-31,P20,20,42,0,160
2026-09-01,P20,20,36,0,160
2026-09-02,P20,9,106,0,160
2026-09-03,P20,18,20,0,160
2026-09-04,P20,29,39,0,160
2026-09-05,P20,19,120,0,160
2026-09-06,P20,17,121,0,160
2026-09-07,P20,15,71,0,160
2026-09-08,P20,15,111,0,160
2026-09-09,P20,17,52,0,160
2026-09-10,P20,19,92,0,160
2026-09-11,P20,18,102,0,160
2026-09-12,P20,19,62,0,160
2026-09-13,P20,19,79,0,160
2026-09-14,P20,18,31,0,160
2026-09-15,P20,28,95,0,160
2026-09-16,P20,10,30,0,160
2026-09-17,P20,19,100,0,160
2026-09-18,P20,28,79,0,160
2026-09-19,P20,21,29,0,160
2026-09-20,P20,18,31,0,160
2026-09-21,P20,15,35,0,160
2026-09-22,P20,22,57,0,160
2026-09-23,P20,15,95,0,160
2026-09-24,P20,19,110,0,160
2026-09-25,P20,19,113,0,160
2026-09-26,P20,23,90,0,160
2026-09-27,P20,26,42,0,160
2026-09-28,P20,22,125,0,160
2026-09-29,P20,18,24,0,160
2026-09-30,P20,24,136,0,160
2026-10-01,P20,23,77,0,160
2026-10-02,P20,21,113,1,160
2026-10-03,P20,28,112,1,160
2026-10-04,P20,22,57,0,160
2026-10-05,P20,21,84,0,160
2026-10-06,P20,25,77,0,160
2026-10-07,P20,14,54,0,160
2026-10-08,P20,20,76,0,160
2026-10-09,P20,21,124,1,160
2026-10-10,P20,23,138,1,160
2026-10-11,P20,24,63,0,160
2026-10-12,P20,17,69,0,160
2026-10-13,P20,17,48,0,160
2026-10-14,P20,21,118,0,160
2026-10-15,P20,18,110,0,160
2026-10-16,P20,25,111,1,160
2026-10-17,P20,19,36,1,160
2026-10-18,P20,16,121,0,160
2026-10-19,P20,20,34,0,160
2026-10-20,P20,39,135,1,160
2026-10-21,P20,37,58,1,160
2026-10-22,P20,34,66,1,160
2026-10-23,P20,37,67,1,160
2026-10-24,P20,44,100,1,160
2026-10-25,P20,44,43,1,160
2026-10-26,P20,15,31,0,160
2026-10-27,P20,17,115,0,160
2026-10-28,P20,23,54,0,160
2026-10-29,P20,20,54,0,160
2026-10-30,P20,17,29,1,160
2026-10-31,P20,24,36,1,160
2026-11-01,P20,40,73,1,160
2026-11-02,P20,43,74,1,160
2026-11-03,P20,35,137,1,160
2026-11-04,P20,15,93,0,160
2026-11-05,P20,21,41,0,160
2026-11-06,P20,19,79,0,160
2026-11-07,P20,18,130,0,160
2026-11-08,P20,19,88,0,160
2026-11-09,P20,17,93,0,160
2026-11-10,P20,13,76,0,160
2026-11-11,P20,16,39,0,160
2026-11-12,P20,21,23,0,160
2026-11-13,P20,29,117,0,160
2026-11-14,P20,25,134,0,160
2026-11-15,P20,24,82,0,160
2026-11-16,P20,12,96,0,160
2026-11-17,P20,17,60,0,160
2026-11-18,P20,22,46,0,160
2026-11-19,P20,17,134,0,160
2026-11-20,P20,14,67,0,160
2026-11-21,P20,19,53,0,160
2026-11-22,P20,29,104,0,160
2026-11-23,P20,11,40,0,160
2026-11-24,P20,12,121,0,160
2026-11-25,P20,18,101,0,160
2026-11-26,P20,18,139,0,160
2026-11-27,P20,18,102,0,160
2026-11-28,P20,26,97,0,160
2026-11-29,P20,24,135,0,160
2026-11-30,P20,14,48,0,160
2026-12-01,P20,24,74,0,160
2026-12-02,P20,15,110,0,160
2026-12-03,P20,26,110,0,160
2026-12-04,P20,19,72,0,160
2026-12-05,P20,17,41,0,160
2026-12-06,P20,22,38,0,160
2026-12-07,P20,22,134,0,160
2026-12-08,P20,18,33,0,160
2026-12-09,P20,17,66,0,160
2026-12-10,P20,16,116,0,160
2026-12-11,P20,23,88,0,160
2026-12-12,P20,21,81,0,160
2026-12-13,P20,20,75,0,160
2026-12-14,P20,17,51,0,160
2026-12-15,P20,23,122,0,160
2026-12-16,P20,18,42,0,160
2026-12-17,P20,14,45,0,160
2026-12-18,P20,17,45,0,160
2026-12-19,P20,21,71,0,160
2026-12-20,P20,18,107,0,160
2026-12-21,P20,18,59,0,160
2026-12-22,P20,19,104,0,160
2026-12-23,P20,17,38,0,160
2026-12-24,P20,23,54,0,160
2026-12-25,P20,17,81,0,160
2026-12-26,P20,23,103,0,160
2026-12-27,P20,12,135,0,160
2026-12-28,P20,15,76,0,160
2026-12-29,P20,9,112,0,160
2026-12-30,P20,19,49,0,160
2026-12-31,P20,27,75,0,160
2027-01-01,P20,28,109,0,160
2027-01-02,P20,19,115,0,160
2027-01-03,P20,20,51,0,160
2027-01-04,P20,19,47,0,160
2027-01-05,P20,11,47,0,160
2027-01-06,P20,20,98,0,160
2027-01-07,P20,18,31,0,160
2027-01-08,P20,25,136,0,160
2027-01-09,P20,23,125,0,160
2027-01-10,P20,16,62,0,160
2027-01-11,P20,15,45,0,160
2027-01-12,P20,14,87,0,160
2027-01-13,P20,28,103,1,160
2027-01-14,P20,28,74,1,160
2027-01-15,P20,30,132,1,160
2027-01-16,P20,26,74,1,160
2027-01-17,P20,21,40,0,160
2027-01-18,P20,18,139,0,160
2027-01-19,P20,11,36,0,160
2027-01-20,P20,10,61,0,160
2027-01-21,P20,17,111,0,160
2027-01-22,P20,16,48,0,160
2027-01-23,P20,14,109,0,160
2027-01-24,P20,18,105,0,160
2027-01-25,P20,15,78,0,160
2027-01-26,P20,26,21,0,160
2027-01-27,P20,14,137,0,160
2027-01-28,P20,19,59,0,160
2027-01-29,P20,16,68,0,160
2027-01-30,P20,18,80,0,160
2027-01-31,P20,21,47,0,160
2027-02-01,P20,14,26,0,160
2027-02-02,P20,15,127,0,160
2027-02-03,P20,13,83,0,160
2027-02-04,P20,17,38,0,160
2027-02-05,P20,19,29,0,160
2027-02-06,P20,31,133,0,160
2027-02-07,P20,18,88,0,160
2027-02-08,P20,17,102,0,160
2027-02-09,P20,21,36,0,160
2027-02-10,P20,22,51,0,160
2027-02-11,P20,20,55,0,160
2027-02-12,P20,20,40,0,160
2027-02-13,P20,21,50,0,160
2027-02-14,P20,23,139,0,160
2027-02-15,P20,13,15,0,160
2027-02-16,P20,12,89,0,160
2027-02-17,P20,14,86,0,160
2027-02-18,P20,18,128,0,160
2027-02-19,P20,18,129,0,160
2027-02-20,P20,17,24,0,160
2027-02-21,P20,16,130,0,160
2027-02-22,P20,15,31,0,160
2027-02-23,P20,14,54,0,160
2027-02-24,P20,16,137,0,160
2027-02-25,P20,16,138,0,160
2027-02-26,P20,22,121,0,160
2027-02-27,P20,23,96,0,160
2027-02-28,P20,26,86,0,160
2027-03-01,P20,17,71,0,160
2027-03-02,P20,17,23,0,160
2027-03-03,P20,18,17,0,160
2027-03-04,P20,25,30,0,160
2027-03-05,P20,29,83,1,160
2027-03-06,P20,28,103,1,160
2027-03-07,P20,19,101,0,160
2027-03-08,P20,14,46,0,160
2027-03-09,P20,17,40,0,160
2027-03-10,P20,18,63,0,160
2027-03-11,P20,20,75,0,160
2027-03-12,P20,15,40,1,160
2027-03-13,P20,18,50,1,160
2027-03-14,P20,25,46,0,160
2027-03-15,P20,17,25,0,160
2027-03-16,P20,21,53,0,160
2027-03-17,P20,16,90,0,160
2027-03-18,P20,15,81,0,160
2027-03-19,P20,20,26,1,160
2027-03-20,P20,30,74,1,160
2027-03-21,P20,19,105,0,160
2027-03-22,P20,15,73,0,160
2027-03-23,P20,13,69,0,160
2027-03-24,P20,15,81,0,160
2027-03-25,P20,12,84,0,160
2027-03-26,P20,26,38,1,160
2027-03-27,P20,23,79,1,160
2027-03-28,P20,30,42,0,160
2027-03-29,P20,7,31,0,160
2027-03-30,P20,13,62,0,160
2027-03-31,P20,13,14,0,160
2027-04-01,P20,15,26,0,160
2027-04-02,P20,23,84,0,160
2027-04-03,P20,24,130,0,160
2027-04-04,P20,15,39,0,160
2027-04-05,P20,27,60,0,160
2027-04-06,P20,17,129,0,160
2027-04-07,P20,13,78,0,160
2027-04-08,P20,16,42,0,160
2027-04-09,P20,17,121,0,160
2027-04-10,P20,25,118,0,160
2027-04-11,P20,12,43,0,160
2027-04-12,P20,17,99,0,160
2027-04-13,P20,8,42,0,160
2027-04-14,P20,17,128,0,160
2027-04-15,P20,16,89,0,160
2027-04-16,P20,16,43,0,160
2027-04-17,P20,15,62,0,160
2027-04-18,P20,28,25,0,160
2027-04-19,P20,18,25,0,160
2027-04-20,P20,10,50,0,160
2027-04-21,P20,12,128,0,160
2027-04-22,P20,11,131,0,160
2027-04-23,P20,19,102,0,160
2027-04-24,P20,34,92,0,160
2027-04-25,P20,17,110,0,160
2027-04-26,P20,17,50,0,160
2027-04-27,P20,20,35,0,160
2027-04-28,P20,11,28,0,160
2027-04-29,P20,13,58,0,160
2027-04-30,P20,23,105,0,160
2027-05-01,P20,25,55,0,160
2027-05-02,P20,26,56,0,160
2027-05-03,P20,16,56,0,160
2027-05-04,P20,21,120,0,160
2027-05-05,P20,20,83,0,160
2027-05-06,P20,15,40,0,160
2027-05-07,P20,18,102,0,160
2027-05-08,P20,27,112,0,160
2027-05-09,P20,24,29,0,160
2027-05-10,P20,15,125,0,160
2027-05-11,P20,23,105,0,160
2027-05-12,P20,15,47,0,160
2027-05-13,P20,24,55,0,160
2027-05-14,P20,20,97,0,160
2027-05-15,P20,23,35,0,160
2027-05-16,P20,32,133,0,160
2027-05-17,P20,13,113,0,160
2027-05-18,P20,15,30,0,160
2027-05-19,P20,14,50,0,160
2027-05-20,P20,17,48,0,160
2027-05-21,P20,17,108,0,160
2027-05-22,P20,22,87,0,160
2027-05-23,P20,11,127,0,160
2027-05-24,P20,19,32,0,160
2027-05-25,P20,21,77,0,160
2027-05-26,P20,17,45,0,160
2027-05-27,P20,12,127,0,160
2027-05-28,P20,26,61,0,160
2027-05-29,P20,21,32,0,160
2027-05-30,P20,26,47,0,160
2027-05-31,P20,15,110,0,160
2027-06-01,P20,21,35,0,160
2027-06-02,P20,20,121,0,160
2027-06-03,P20,23,85,0,160
2027-06-04,P20,15,13,0,160
2027-06-05,P20,25,73,0,160
2027-06-06,P20,18,119,0,160
2027-06-07,P20,17,34,0,160
2027-06-08,P20,14,44,0,160
2027-06-09,P20,14,44,0,160
2027-06-10,P20,13,50,0,160
2027-06-11,P20,11,45,0,160
2027-06-12,P20,15,48,0,160
2027-06-13,P20,17,33,0,160
2027-06-14,P20,16,79,0,160
2027-06-15,P20,12,29,0,160
2027-06-16,P20,18,127,0,160
2027-06-17,P20,16,44,0,160
2027-06-18,P20,14,131,0,160
2027-06-19,P20,20,60,0,160
2027-06-20,P20,18,41,0,160
2027-06-21,P20,16,97,0,160
2027-06-22,P20,14,38,0,160
2027-06-23,P20,16,44,0,160
2027-06-24,P20,19,112,0,160
2027-06-25,P20,20,97,0,160
2027-06-26,P20,22,124,0,160
2027-06-27,P20,21,112,0,160
2027-06-28,P20,15,139,0,160
2027-06-29,P20,21,41,0,160
2027-06-30,P20,15,87,0,160
2027-07-01,P20,16,63,0,160
2027-07-02,P20,26,118,1,160
2027-07-03,P20,22,49,1,160
2027-07-04,P20,19,32,0,160
2027-07-05,P20,15,136,0,160
2027-07-06,P20,20,97,0,160
2027-07-07,P20,25,81,0,160
2027-07-08,P20,14,73,0,160
2027-07-09,P20,34,102,1,160
2027-07-10,P20,26,71,1,160
2027-07-11,P20,15,21,0,160
2027-07-12,P20,14,25,0,160
2027-07-13,P20,13,121,0,160
2027-07-14,P20,12,66,0,160
2027-07-15,P20,21,101,0,160
2027-07-16,P20,33,52,1,160
2027-07-17,P20,31,28,1,160
2027-07-18,P20,15,93,0,160
2027-07-19,P20,15,28,0,160
2027-07-20,P20,16,32,0,160
2027-07-21,P20,11,32,0,160
2027-07-22,P20,19,114,0,160
2027-07-23,P20,24,50,1,160
2027-07-24,P20,18,134,1,160
2027-07-25,P20,20,67,0,160
2027-07-26,P20,11,31,0,160
2027-07-27,P20,17,128,0,160
2027-07-28,P20,28,45,0,160
2027-07-29,P20,20,19,0,160
2027-07-30,P20,19,77,1,160
2027-07-31,P20,24,115,1,160
2027-08-01,P20,28,71,0,160
2027-08-02,P20,16,39,0,160
2027-08-03,P20,12,101,0,160
2027-08-04,P20,22,126,0,160
2027-08-05,P20,19,125,0,160
2027-08-06,P20,19,48,0,160
2027-08-07,P20,30,32,0,160
2027-08-08,P20,23,20,0,160
2027-08-09,P20,14,101,0,160
2027-08-10,P20,11,26,0,160
2027-08-11,P20,17,37,0,160
2027-08-12,P20,18,99,0,160
2027-08-13,P20,18,45,0,160
2027-08-14,P20,23,62,0,160
2027-08-15,P20,30,43,1,160
2027-08-16,P20,26,125,1,160
2027-08-17,P20,25,55,1,160
2027-08-18,P20,26,66,0,160
2027-08-19,P20,18,40,0,160
2027-08-20,P20,17,61,0,160
2027-08-21,P20,19,83,0,160
2027-08-22,P20,20,111,0,160
2027-08-23,P20,25,71,0,160
2027-08-24,P20,20,41,0,160
2027-08-25,P20,18,75,0,160
2027-08-26,P20,21,42,0,160
2027-08-27,P20,19,48,0,160
2027-08-28,P20,24,87,0,160
2027-08-29,P20,16,100,0,160
2027-08-30,P20,18,110,0,160
2027-08-31,P20,22,103,0,160
2027-09-01,P20,17,93,0,160
2027-09-02,P20,22,52,0,160
2027-09-03,P20,23,88,0,160
2027-09-04,P20,28,124,0,160
2027-09-05,P20,14,43,0,160
2027-09-06,P20,16,53,0,160
2027-09-07,P20,16,86,0,160
2027-09-08,P20,17,113,0,160
2027-09-09,P20,18,48,0,160
2027-09-10,P20,24,57,0,160
2027-09-11,P20,26,123,0,160
2027-09-12,P20,14,32,0,160
2027-09-13,P20,18,98,0,160
2027-09-14,P20,22,49,0,160
2027-09-15,P20,17,56,0,160
2027-09-16,P20,17,139,0,160
2027-09-17,P20,23,29,0,160
2027-09-18,P20,26,46,0,160
2027-09-19,P20,18,80,0,160
2027-09-20,P20,17,103,0,160
2027-09-21,P20,12,73,0,160
2027-09-22,P20,9,41,0,160
2027-09-23,P20,24,131,0,160
2027-09-24,P20,20,127,0,160
2027-09-25,P20,26,89,0,160
2027-09-26,P20,18,59,0,160
2027-09-27,P20,19,101,0,160
2027-09-28,P20,18,110,0,160
2027-09-29,P20,21,48,0,160
2027-09-30,P20,21,42,0,160
2027-10-01,P20,24,55,1,160
2027-10-02,P20,20,129,1,160
2027-10-03,P20,25,101,0,160
2027-10-04,P20,19,107,0,160
2027-10-05,P20,19,94,0,160
2027-10-06,P20,26,29,0,160
2027-10-07,P20,10,92,0,160
2027-10-08,P20,25,71,1,160
2027-10-09,P20,24,84,1,160
2027-10-10,P20,20,104,0,160
2027-10-11,P20,19,37,0,160
2027-10-12,P20,14,65,0,160
2027-10-13,P20,21,134,0,160
2027-10-14,P20,16,59,0,160
2027-10-15,P20,26,132,1,160
2027-10-16,P20,23,60,1,160
2027-10-17,P20,8,45,0,160
2027-10-18,P20,13,47,0,160
2027-10-19,P20,22,50,0,160
2027-10-20,P20,42,62,1,160
2027-10-21,P20,30,53,1,160
2027-10-22,P20,31,100,1,160
2027-10-23,P20,35,71,1,160
2027-10-24,P20,40,52,1,160
2027-10-25,P20,42,68,1,160
2027-10-26,P20,11,65,0,160
2027-10-27,P20,19,76,0,160
2027-10-28,P20,29,62,0,160
2027-10-29,P20,25,58,1,160
2027-10-30,P20,23,64,1,160
2027-10-31,P20,17,111,0,160
2027-11-01,P20,39,62,1,160
2027-11-02,P20,37,90,1,160
2027-11-03,P20,39,97,1,160
2027-11-04,P20,22,43,0,160
2027-11-05,P20,18,37,0,160
2027-11-06,P20,24,85,0,160
2027-11-07,P20,19,119,0,160
2027-11-08,P20,24,118,0,160
2027-11-09,P20,15,48,0,160
2027-11-10,P20,29,55,0,160
2027-11-11,P20,10,135,0,160
2027-11-12,P20,21,123,0,160
2027-11-13,P20,19,44,0,160
2027-11-14,P20,32,42,0,160
2027-11-15,P20,8,114,0,160
2027-11-16,P20,13,21,0,160
2027-11-17,P20,12,70,0,160
2027-11-18,P20,27,137,0,160
2027-11-19,P20,25,57,0,160
2027-11-20,P20,17,90,0,160
2027-11-21,P20,25,133,0,160
2027-11-22,P20,21,97,0,160
2027-11-23,P20,11,31,0,160
2027-11-24,P20,18,126,0,160
2027-11-25,P20,27,36,0,160
2027-11-26,P20,14,98,0,160
2027-11-27,P20,21,40,0,160
2027-11-28,P20,21,59,0,160
2027-11-29,P20,17,21,0,160
2027-11-30,P20,16,25,0,160
2027-12-01,P20,17,60,0,160
2027-12-02,P20,18,107,0,160
2027-12-03,P20,27,39,0,160
2027-12-04,P20,31,61,0,160
2027-12-05,P20,20,80,0,160
2027-12-06,P20,16,30,0,160
2027-12-07,P20,21,58,0,160
2027-12-08,P20,17,99,0,160
2027-12-09,P20,24,60,0,160
2027-12-10,P20,23,30,0,160
2027-12-11,P20,30,44,0,160
2027-12-12,P20,22,50,0,160
2027-12-13,P20,11,63,0,160
2027-12-14,P20,20,78,0,160
2027-12-15,P20,20,85,0,160
2027-12-16,P20,10,93,0,160
2027-12-17,P20,24,30,0,160
2027-12-18,P20,29,53,0,160
2027-12-19,P20,25,103,0,160
2027-12-20,P20,15,84,0,160
2027-12-21,P20,24,123,0,160
2027-12-22,P20,20,51,0,160
2027-12-23,P20,17,131,0,160
2027-12-24,P20,18,34,0,160
2027-12-25,P20,16,95,0,160
2027-12-26,P20,25,117,0,160
2027-12-27,P20,14,118,0,160
2027-12-28,P20,17,47,0,160
2027-12-29,P20,26,48,0,160
2027-12-30,P20,19,110,0,160
2027-12-31,P20,22,88,0,160
2026-03-15,P21,1,92,0,40
2026-03-16,P21,1,44,0,40
2026-03-17,P21,4,91,0,40
2026-03-18,P21,1,84,0,40
2026-03-19,P21,5,22,0,40
2026-03-20,P21,3,83,1,40
2026-03-21,P21,11,135,1,40
2026-03-22,P21,4,36,0,40
2026-03-23,P21,5,73,0,40
2026-03-24,P21,1,139,0,40
2026-03-25,P21,3,24,0,40
2026-03-26,P21,6,132,0,40
2026-03-27,P21,3,86,1,40
2026-03-28,P21,4,106,1,40
2026-03-29,P21,8,112,0,40
2026-03-30,P21,3,113,0,40
2026-03-31,P21,4,39,0,40
2026-04-01,P21,11,31,0,40
2026-04-02,P21,3,35,0,40
2026-04-03,P21,3,61,0,40
2026-04-04,P21,5,25,0,40
2026-04-05,P21,7,94,0,40
2026-04-06,P21,1,60,0,40
2026-04-07,P21,3,126,0,40
2026-04-08,P21,6,118,0,40
2026-04-09,P21,7,65,0,40
2026-04-10,P21,4,135,0,40
2026-04-11,P21,4,85,0,40
2026-04-12,P21,2,78,0,40
2026-04-13,P21,6,128,0,40
2026-04-14,P21,6,110,0,40
2026-04-15,P21,6,96,0,40
2026-04-16,P21,4,106,0,40
2026-04-17,P21,4,81,0,40
2026-04-18,P21,2,124,0,40
2026-04-19,P21,6,133,0,40
2026-04-20,P21,1,43,0,40
2026-04-21,P21,7,54,0,40
2026-04-22,P21,6,39,0,40
2026-04-23,P21,3,46,0,40
2026-04-24,P21,7,74,0,40
2026-04-25,P21,5,90,0,40
2026-04-26,P21,3,53,0,40
2026-04-27,P21,6,72,0,40
2026-04-28,P21,3,30,0,40
2026-04-29,P21,9,101,0,40
2026-04-30,P21,2,118,0,40
2026-05-01,P21,9,23,0,40
2026-05-02,P21,4,24,0,40
2026-05-03,P21,6,92,0,40
2026-05-04,P21,5,65,0,40
2026-05-05,P21,1,138,0,40
2026-05-06,P21,1,34,0,40
2026-05-07,P21,3,112,0,40
2026-05-08,P21,5,109,0,40
2026-05-09,P21,6,131,0,40
2026-05-10,P21,5,92,0,40
2026-05-11,P21,4,133,0,40
2026-05-12,P21,4,45,0,40
2026-05-13,P21,5,13,0,40
2026-05-14,P21,3,116,0,40
2026-05-15,P21,6,91,0,40
2026-05-16,P21,10,119,0,40
2026-05-17,P21,8,59,0,40
2026-05-18,P21,5,110,0,40
2026-05-19,P21,5,49,0,40
2026-05-20,P21,7,113,0,40
2026-05-21,P21,6,78,0,40
2026-05-22,P21,11,128,0,40
2026-05-23,P21,8,77,0,40
2026-05-24,P21,4,99,0,40
2026-05-25,P21,6,72,0,40
2026-05-26,P21,10,138,0,40
2026-05-27,P21,4,31,0,40
2026-05-28,P21,5,46,0,40
2026-05-29,P21,4,110,0,40
2026-05-30,P21,7,139,0,40
2026-05-31,P21,4,132,0,40
2026-06-01,P21,5,90,0,40
2026-06-02,P21,5,95,0,40
2026-06-03,P21,3,59,0,40
2026-06-04,P21,6,19,0,40
2026-06-05,P21,7,67,0,40
2026-06-06,P21,10,32,0,40
2026-06-07,P21,11,97,0,40
2026-06-08,P21,7,36,0,40
2026-06-09,P21,6,79,0,40
2026-06-10,P21,5,80,0,40
2026-06-11,P21,4,101,0,40
2026-06-12,P21,6,88,0,40
2026-06-13,P21,11,67,0,40
2026-06-14,P21,12,102,0,40
2026-06-15,P21,8,44,0,40
2026-06-16,P21,6,122,0,40
2026-06-17,P21,10,105,0,40
2026-06-18,P21,2,34,0,40
2026-06-19,P21,7,41,0,40
2026-06-20,P21,8,87,0,40
2026-06-21,P21,7,65,0,40
2026-06-22,P21,2,120,0,40
2026-06-23,P21,12,55,0,40
2026-06-24,P21,6,57,0,40
2026-06-25,P21,6,52,0,40
2026-06-26,P21,11,33,0,40
2026-06-27,P21,10,77,0,40
2026-06-28,P21,12,108,0,40
2026-06-29,P21,13,85,0,40
2026-06-30,P21,10,58,0,40
2026-07-01,P21,8,41,0,40
2026-07-02,P21,10,112,0,40
2026-07-03,P21,16,92,1,40
2026-07-04,P21,9,29,1,40
2026-07-05,P21,6,99,0,40
2026-07-06,P21,13,88,0,40
2026-07-07,P21,9,106,0,40
2026-07-08,P21,14,104,0,40
2026-07-09,P21,5,36,0,40
2026-07-10,P21,6,90,1,40
2026-07-11,P21,12,62,1,40
2026-07-12,P21,12,49,0,40
2026-07-13,P21,8,108,0,40
2026-07-14,P21,6,106,0,40
2026-07-15,P21,7,88,0,40
2026-07-16,P21,7,104,0,40
2026-07-17,P21,11,48,1,40
2026-07-18,P21,7,95,1,40
2026-07-19,P21,11,98,0,40
2026-07-20,P21,8,63,0,40
2026-07-21,P21,8,51,0,40
2026-07-22,P21,6,104,0,40
2026-07-23,P21,5,51,0,40
2026-07-24,P21,6,44,1,40
2026-07-25,P21,15,109,1,40
2026-07-26,P21,7,32,0,40
2026-07-27,P21,11,137,0,40
2026-07-28,P21,7,123,0,40
2026-07-29,P21,5,121,0,40
2026-07-30,P21,9,37,0,40
2026-07-31,P21,12,72,1,40
2026-08-01,P21,7,15,0,40
2026-08-02,P21,10,43,0,40
2026-08-03,P21,10,104,0,40
2026-08-04,P21,7,52,0,40
2026-08-05,P21,7,107,0,40
2026-08-06,P21,8,115,0,40
2026-08-07,P21,13,103,0,40
2026-08-08,P21,6,95,0,40
2026-08-09,P21,6,119,0,40
2026-08-10,P21,8,41,0,40
2026-08-11,P21,7,104,0,40
2026-08-12,P21,8,86,0,40
2026-08-13,P21,6,105,0,40
2026-08-14,P21,8,131,0,40
2026-08-15,P21,12,32,1,40
2026-08-16,P21,7,66,1,40
2026-08-17,P21,15,115,1,40
2026-08-18,P21,6,34,0,40
2026-08-19,P21,8,83,0,40
2026-08-20,P21,8,126,0,40
2026-08-21,P21,9,75,0,40
2026-08-22,P21,8,114,0,40
2026-08-23,P21,12,57,0,40
2026-08-24,P21,4,88,0,40
2026-08-25,P21,10,33,0,40
2026-08-26,P21,8,33,0,40
2026-08-27,P21,4,80,0,40
2026-08-28,P21,3,80,0,40
2026-08-29,P21,13,14,0,40
2026-08-30,P21,4,96,0,40
2026-08-31,P21,8,19,0,40
2026-09-01,P21,15,58,0,40
2026-09-02,P21,2,29,0,40
2026-09-03,P21,7,39,0,40
2026-09-04,P21,11,38,0,40
2026-09-05,P21,3,137,0,40
2026-09-06,P21,12,34,0,40
2026-09-07,P21,9,37,0,40
2026-09-08,P21,2,76,0,40
2026-09-09,P21,14,35,0,40
2026-09-10,P21,8,55,0,40
2026-09-11,P21,7,30,0,40
2026-09-12,P21,7,134,0,40
2026-09-13,P21,13,129,0,40
2026-09-14,P21,5,132,0,40
2026-09-15,P21,8,90,0,40
2026-09-16,P21,12,134,0,40
2026-09-17,P21,7,106,0,40
2026-09-18,P21,6,78,0,40
2026-09-19,P21,15,72,0,40
2026-09-20,P21,9,95,0,40
2026-09-21,P21,3,84,0,40
2026-09-22,P21,14,67,0,40
2026-09-23,P21,10,133,0,40
2026-09-24,P21,10,39,0,40
2026-09-25,P21,9,48,0,40
2026-09-26,P21,4,19,0,40
2026-09-27,P21,6,92,0,40
2026-09-28,P21,15,53,0,40
2026-09-29,P21,5,71,0,40
2026-09-30,P21,11,86,0,40
2026-10-01,P21,14,118,0,40
2026-10-02,P21,16,112,1,40
2026-10-03,P21,8,132,1,40
2026-10-04,P21,14,48,0,40
2026-10-05,P21,5,48,0,40
2026-10-06,P21,5,39,0,40
2026-10-07,P21,10,14,0,40
2026-10-08,P21,9,37,0,40
2026-10-09,P21,10,72,1,40
2026-10-10,P21,12,109,1,40
2026-10-11,P21,8,66,0,40
2026-10-12,P21,6,106,0,40
2026-10-13,P21,2,76,0,40
2026-10-14,P21,7,117,0,40
2026-10-15,P21,7,36,0,40
2026-10-16,P21,12,80,1,40
2026-10-17,P21,5,37,1,40
2026-10-18,P21,10,23,0,40
2026-10-19,P21,9,15,0,40
2026-10-20,P21,14,15,1,40
2026-10-21,P21,10,49,1,40
2026-10-22,P21,16,82,1,40
2026-10-23,P21,24,82,1,40
2026-10-24,P21,13,37,1,40
2026-10-25,P21,15,137,1,40
2026-10-26,P21,5,111,0,40
2026-10-27,P21,13,100,0,40
2026-10-28,P21,8,136,0,40
2026-10-29,P21,9,129,0,40
2026-10-30,P21,7,139,1,40
2026-10-31,P21,10,86,1,40
2026-11-01,P21,12,90,1,40
2026-11-02,P21,9,31,1,40
2026-11-03,P21,13,111,1,40
2026-11-04,P21,7,51,0,40
2026-11-05,P21,5,107,0,40
2026-11-06,P21,5,87,0,40
2026-11-07,P21,6,118,0,40
2026-11-08,P21,6,18,0,40
2026-11-09,P21,11,123,0,40
2026-11-10,P21,2,107,0,40
2026-11-11,P21,6,52,0,40
2026-11-12,P21,13,106,0,40
2026-11-13,P21,8,21,0,40
2026-11-14,P21,4,36,0,40
2026-11-15,P21,5,41,0,40
2026-11-16,P21,12,112,0,40
2026-11-17,P21,10,28,0,40
2026-11-18,P21,10,128,0,40
2026-11-19,P21,6,89,0,40
2026-11-20,P21,8,48,0,40
2026-11-21,P21,10,49,0,40
2026-11-22,P21,5,134,0,40
2026-11-23,P21,9,65,0,40
2026-11-24,P21,6,10,0,40
2026-11-25,P21,15,133,0,40
2026-11-26,P21,6,134,0,40
2026-11-27,P21,13,45,0,40
2026-11-28,P21,12,117,0,40
2026-11-29,P21,13,80,0,40
2026-11-30,P21,10,97,0,40
2026-12-01,P21,4,24,0,40
2026-12-02,P21,11,78,0,40
2026-12-03,P21,12,52,0,40
2026-12-04,P21,7,97,0,40
2026-12-05,P21,7,81,0,40
2026-12-06,P21,4,84,0,40
2026-12-07,P21,7,36,0,40
2026-12-08,P21,5,66,0,40
2026-12-09,P21,3,100,0,40
2026-12-10,P21,10,36,0,40
2026-12-11,P21,7,116,0,40
2026-12-12,P21,10,76,0,40
2026-12-13,P21,12,125,0,40
2026-12-14,P21,11,131,0,40
2026-12-15,P21,9,118,0,40
2026-12-16,P21,7,131,0,40
2026-12-17,P21,11,44,0,40
2026-12-18,P21,9,109,0,40
2026-12-19,P21,16,77,0,40
2026-12-20,P21,7,96,0,40
2026-12-21,P21,10,105,0,40
2026-12-22,P21,7,121,0,40
2026-12-23,P21,10,86,0,40
2026-12-24,P21,8,40,0,40
2026-12-25,P21,5,74,0,40
2026-12-26,P21,15,128,0,40
2026-12-27,P21,6,60,0,40
2026-12-28,P21,4,88,0,40
2026-12-29,P21,13,58,0,40
2026-12-30,P21,8,104,0,40
2026-12-31,P21,9,43,0,40
2027-01-01,P21,11,128,0,40
2027-01-02,P21,6,110,0,40
2027-01-03,P21,2,35,0,40
2027-01-04,P21,6,102,0,40
2027-01-05,P21,7,102,0,40
2027-01-06,P21,4,37,0,40
2027-01-07,P21,6,139,0,40
2027-01-08,P21,5,39,0,40
2027-01-09,P21,11,105,0,40
2027-01-10,P21,5,27,0,40
2027-01-11,P21,3,11,0,40
2027-01-12,P21,10,107,0,40
2027-01-13,P21,8,29,1,40
2027-01-14,P21,7,130,1,40
2027-01-15,P21,13,34,1,40
2027-01-16,P21,13,47,1,40
2027-01-17,P21,7,41,0,40
2027-01-18,P21,8,100,0,40
2027-01-19,P21,15,43,0,40
2027-01-20,P21,11,53,0,40
2027-01-21,P21,9,135,0,40
2027-01-22,P21,10,87,0,40
2027-01-23,P21,10,29,0,40
2027-01-24,P21,7,107,0,40
2027-01-25,P21,9,136,0,40
2027-01-26,P21,5,73,0,40
2027-01-27,P21,9,105,0,40
2027-01-28,P21,3,90,0,40
2027-01-29,P21,7,34,0,40
2027-01-30,P21,7,100,0,40
2027-01-31,P21,12,45,0,40
2027-02-01,P21,7,84,0,40
2027-02-02,P21,9,87,0,40
2027-02-03,P21,2,129,0,40
2027-02-04,P21,3,84,0,40
2027-02-05,P21,5,88,0,40
2027-02-06,P21,6,41,0,40
2027-02-07,P21,6,105,0,40
2027-02-08,P21,8,61,0,40
2027-02-09,P21,3,109,0,40
2027-02-10,P21,6,139,0,40
2027-02-11,P21,9,68,0,40
2027-02-12,P21,5,49,0,40
2027-02-13,P21,6,29,0,40
2027-02-14,P21,5,127,0,40
2027-02-15,P21,5,16,0,40
2027-02-16,P21,4,28,0,40
2027-02-17,P21,6,37,0,40
2027-02-18,P21,1,58,0,40
2027-02-19,P21,7,108,0,40
2027-02-20,P21,6,127,0,40
2027-02-21,P21,6,24,0,40
2027-02-22,P21,7,56,0,40
2027-02-23,P21,5,35,0,40
2027-02-24,P21,11,135,0,40
2027-02-25,P21,9,97,0,40
2027-02-26,P21,10,40,0,40
2027-02-27,P21,6,42,0,40
2027-02-28,P21,8,31,0,40
2027-03-01,P21,10,114,0,40
2027-03-02,P21,8,120,0,40
2027-03-03,P21,8,93,0,40
2027-03-04,P21,6,60,0,40
2027-03-05,P21,12,26,1,40
2027-03-06,P21,12,109,1,40
2027-03-07,P21,7,104,0,40
2027-03-08,P21,6,78,0,40
2027-03-09,P21,8,39,0,40
2027-03-10,P21,7,53,0,40
2027-03-11,P21,7,126,0,40
2027-03-12,P21,12,101,1,40
2027-03-13,P21,14,130,1,40
2027-03-14,P21,14,34,0,40
2027-03-15,P21,10,58,0,40
2027-03-16,P21,6,62,0,40
2027-03-17,P21,5,137,0,40
2027-03-18,P21,7,67,0,40
2027-03-19,P21,11,70,1,40
2027-03-20,P21,6,123,1,40
2027-03-21,P21,9,96,0,40
2027-03-22,P21,5,50,0,40
2027-03-23,P21,4,82,0,40
2027-03-24,P21,9,123,0,40
2027-03-25,P21,6,89,0,40
2027-03-26,P21,5,28,1,40
2027-03-27,P21,10,71,1,40
2027-03-28,P21,6,97,0,40
2027-03-29,P21,10,48,0,40
2027-03-30,P21,11,51,0,40
2027-03-31,P21,11,119,0,40
2027-04-01,P21,10,59,0,40
2027-04-02,P21,11,101,0,40
2027-04-03,P21,9,22,0,40
2027-04-04,P21,10,138,0,40
2027-04-05,P21,5,81,0,40
2027-04-06,P21,8,46,0,40
2027-04-07,P21,5,136,0,40
2027-04-08,P21,7,104,0,40
2027-04-09,P21,10,45,0,40
2027-04-10,P21,13,26,0,40
2027-04-11,P21,6,127,0,40
2027-04-12,P21,13,53,0,40
2027-04-13,P21,8,136,0,40
2027-04-14,P21,4,38,0,40
2027-04-15,P21,6,90,0,40
2027-04-16,P21,8,86,0,40
2027-04-17,P21,13,106,0,40
2027-04-18,P21,6,10,0,40
2027-04-19,P21,8,109,0,40
2027-04-20,P21,10,40,0,40
2027-04-21,P21,5,45,0,40
2027-04-22,P21,11,46,0,40
2027-04-23,P21,6,113,0,40
2027-04-24,P21,6,39,0,40
2027-04-25,P21,3,72,0,40
2027-04-26,P21,4,74,0,40
2027-04-27,P21,5,68,0,40
2027-04-28,P21,7,64,0,40
2027-04-29,P21,7,54,0,40
2027-04-30,P21,5,76,0,40
2027-05-01,P21,14,73,0,40
2027-05-02,P21,12,39,0,40
2027-05-03,P21,9,30,0,40
2027-05-04,P21,7,128,0,40
2027-05-05,P21,4,138,0,40
2027-05-06,P21,1,127,0,40
2027-05-07,P21,12,42,0,40
2027-05-08,P21,10,76,0,40
2027-05-09,P21,10,50,0,40
2027-05-10,P21,10,99,0,40
2027-05-11,P21,11,11,0,40
2027-05-12,P21,8,123,0,40
2027-05-13,P21,7,35,0,40
2027-05-14,P21,8,113,0,40
2027-05-15,P21,7,131,0,40
2027-05-16,P21,7,72,0,40
2027-05-17,P21,6,82,0,40
2027-05-18,P21,9,97,0,40
2027-05-19,P21,8,29,0,40
2027-05-20,P21,5,57,0,40
2027-05-21,P21,9,35,0,40
2027-05-22,P21,9,45,0,40
2027-05-23,P21,10,36,0,40
2027-05-24,P21,12,118,0,40
2027-05-25,P21,6,109,0,40
2027-05-26,P21,8,63,0,40
2027-05-27,P21,4,97,0,40
2027-05-28,P21,12,27,0,40
2027-05-29,P21,14,129,0,40
2027-05-30,P21,9,31,0,40
2027-05-31,P21,13,86,0,40
2027-06-01,P21,5,112,0,40
2027-06-02,P21,10,96,0,40
2027-06-03,P21,8,66,0,40
2027-06-04,P21,7,69,0,40
2027-06-05,P21,8,66,0,40
2027-06-06,P21,11,106,0,40
2027-06-07,P21,8,114,0,40
2027-06-08,P21,4,24,0,40
2027-06-09,P21,4,31,0,40
2027-06-10,P21,11,66,0,40
2027-06-11,P21,8,36,0,40
2027-06-12,P21,8,52,0,40
2027-06-13,P21,9,28,0,40
2027-06-14,P21,10,120,0,40
2027-06-15,P21,8,116,0,40
2027-06-16,P21,8,82,0,40
2027-06-17,P21,6,97,0,40
2027-06-18,P21,8,42,0,40
2027-06-19,P21,5,23,0,40
2027-06-20,P21,7,31,0,40
2027-06-21,P21,6,63,0,40
2027-06-22,P21,5,67,0,40
2027-06-23,P21,6,111,0,40
2027-06-24,P21,6,52,0,40
2027-06-25,P21,12,25,0,40
2027-06-26,P21,8,84,0,40
2027-06-27,P21,7,138,0,40
2027-06-28,P21,8,35,0,40
2027-06-29,P21,12,40,0,40
2027-06-30,P21,5,60,0,40
2027-07-01,P21,11,86,0,40
2027-07-02,P21,13,67,1,40
2027-07-03,P21,15,38,1,40
2027-07-04,P21,11,20,0,40
2027-07-05,P21,10,116,0,40
2027-07-06,P21,6,113,0,40
2027-07-07,P21,3,119,0,40
2027-07-08,P21,4,107,0,40
2027-07-09,P21,7,98,1,40
2027-07-10,P21,18,20,1,40
2027-07-11,P21,14,42,0,40
2027-07-12,P21,10,60,0,40
2027-07-13,P21,6,29,0,40
2027-07-14,P21,8,95,0,40
2027-07-15,P21,10,96,0,40
2027-07-16,P21,8,74,1,40
2027-07-17,P21,13,90,1,40
2027-07-18,P21,9,42,0,40
2027-07-19,P21,7,111,0,40
2027-07-20,P21,6,85,0,40
2027-07-21,P21,8,29,0,40
2027-07-22,P21,9,34,0,40
2027-07-23,P21,7,18,1,40
2027-07-24,P21,16,22,1,40
2027-07-25,P21,7,100,0,40
2027-07-26,P21,6,78,0,40
2027-07-27,P21,6,33,0,40
2027-07-28,P21,4,36,0,40
2027-07-29,P21,9,50,0,40
2027-07-30,P21,8,103,1,40
2027-07-31,P21,11,26,1,40
2027-08-01,P21,10,129,0,40
2027-08-02,P21,9,41,0,40
2027-08-03,P21,11,94,0,40
2027-08-04,P21,6,32,0,40
2027-08-05,P21,7,94,0,40
2027-08-06,P21,12,95,0,40
2027-08-07,P21,6,94,0,40
2027-08-08,P21,8,137,0,40
2027-08-09,P21,12,84,0,40
2027-08-10,P21,7,111,0,40
2027-08-11,P21,7,73,0,40
2027-08-12,P21,6,33,0,40
2027-08-13,P21,7,47,0,40
2027-08-14,P21,8,86,0,40
2027-08-15,P21,16,134,1,40
2027-08-16,P21,12,45,1,40
2027-08-17,P21,15,69,1,40
2027-08-18,P21,11,44,0,40
2027-08-19,P21,8,56,0,40
2027-08-20,P21,8,90,0,40
2027-08-21,P21,6,72,0,40
2027-08-22,P21,11,90,0,40
2027-08-23,P21,4,41,0,40
2027-08-24,P21,2,18,0,40
2027-08-25,P21,10,130,0,40
2027-08-26,P21,8,77,0,40
2027-08-27,P21,5,32,0,40
2027-08-28,P21,7,41,0,40
2027-08-29,P21,9,109,0,40
2027-08-30,P21,10,51,0,40
2027-08-31,P21,9,32,0,40
2027-09-01,P21,4,122,0,40
2027-09-02,P21,10,94,0,40
2027-09-03,P21,9,37,0,40
2027-09-04,P21,9,33,0,40
2027-09-05,P21,3,113,0,40
2027-09-06,P21,13,106,0,40
2027-09-07,P21,3,53,0,40
2027-09-08,P21,10,53,0,40
2027-09-09,P21,11,55,0,40
2027-09-10,P21,9,91,0,40
2027-09-11,P21,8,22,0,40
2027-09-12,P21,10,110,0,40
2027-09-13,P21,3,99,0,40
2027-09-14,P21,9,40,0,40
2027-09-15,P21,12,34,0,40
2027-09-16,P21,7,91,0,40
2027-09-17,P21,5,33,0,40
2027-09-18,P21,6,90,0,40
2027-09-19,P21,9,67,0,40
2027-09-20,P21,5,62,0,40
2027-09-21,P21,9,63,0,40
2027-09-22,P21,11,100,0,40
2027-09-23,P21,3,90,0,40
2027-09-24,P21,12,79,0,40
2027-09-25,P21,16,130,0,40
2027-09-26,P21,14,136,0,40
2027-09-27,P21,13,47,0,40
2027-09-28,P21,8,116,0,40
2027-09-29,P21,14,56,0,40
2027-09-30,P21,6,57,0,40
2027-10-01,P21,11,20,1,40
2027-10-02,P21,14,114,1,40
2027-10-03,P21,6,131,0,40
2027-10-04,P21,11,107,0,40
2027-10-05,P21,5,53,0,40
2027-10-06,P21,4,94,0,40
2027-10-07,P21,12,89,0,40
2027-10-08,P21,8,82,1,40
2027-10-09,P21,11,56,1,40
2027-10-10,P21,8,42,0,40
2027-10-11,P21,6,97,0,40
2027-10-12,P21,12,102,0,40
2027-10-13,P21,7,97,0,40
2027-10-14,P21,7,99,0,40
2027-10-15,P21,8,64,1,40
2027-10-16,P21,6,84,1,40
2027-10-17,P21,4,89,0,40
2027-10-18,P21,9,139,0,40
2027-10-19,P21,8,93,0,40
2027-10-20,P21,15,47,1,40
2027-10-21,P21,20,40,1,40
2027-10-22,P21,15,133,1,40
2027-10-23,P21,20,21,1,40
2027-10-24,P21,14,36,1,40
2027-10-25,P21,19,27,1,40
2027-10-26,P21,5,47,0,40
2027-10-27,P21,9,125,0,40
2027-10-28,P21,10,126,0,40
2027-10-29,P21,12,122,1,40
2027-10-30,P21,7,83,1,40
2027-10-31,P21,12,101,0,40
2027-11-01,P21,14,50,1,40
2027-11-02,P21,8,78,1,40
2027-11-03,P21,8,19,1,40
2027-11-04,P21,8,47,0,40
2027-11-05,P21,7,116,0,40
2027-11-06,P21,9,120,0,40
2027-11-07,P21,8,94,0,40
2027-11-08,P21,7,38,0,40
2027-11-09,P21,1,14,0,40
2027-11-10,P21,10,22,0,40
2027-11-11,P21,6,134,0,40
2027-11-12,P21,9,120,0,40
2027-11-13,P21,5,83,0,40
2027-11-14,P21,10,114,0,40
2027-11-15,P21,7,125,0,40
2027-11-16,P21,12,70,0,40
2027-11-17,P21,11,38,0,40
2027-11-18,P21,8,62,0,40
2027-11-19,P21,7,116,0,40
2027-11-20,P21,11,52,0,40
2027-11-21,P21,13,108,0,40
2027-11-22,P21,5,111,0,40
2027-11-23,P21,11,110,0,40
2027-11-24,P21,7,99,0,40
2027-11-25,P21,6,116,0,40
2027-11-26,P21,9,102,0,40
2027-11-27,P21,10,90,0,40
2027-11-28,P21,10,103,0,40
2027-11-29,P21,4,31,0,40
2027-11-30,P21,6,72,0,40
2027-12-01,P21,5,35,0,40
2027-12-02,P21,13,37,0,40
2027-12-03,P21,13,36,0,40
2027-12-04,P21,11,17,0,40
2027-12-05,P21,12,29,0,40
2027-12-06,P21,5,30,0,40
2027-12-07,P21,10,57,0,40
2027-12-08,P21,10,38,0,40
2027-12-09,P21,6,30,0,40
2027-12-10,P21,7,128,0,40
2027-12-11,P21,12,32,0,40
2027-12-12,P21,3,85,0,40
2027-12-13,P21,11,136,0,40
2027-12-14,P21,6,26,0,40
2027-12-15,P21,14,83,0,40
2027-12-16,P21,5,76,0,40
2027-12-17,P21,5,33,0,40
2027-12-18,P21,6,57,0,40
2027-12-19,P21,2,49,0,40
2027-12-20,P21,9,42,0,40
2027-12-21,P21,12,47,0,40
2027-12-22,P21,7,55,0,40
2027-12-23,P21,10,32,0,40
2027-12-24,P21,11,107,0,40
2027-12-25,P21,12,85,0,40
2027-12-26,P21,12,23,0,40
2027-12-27,P21,7,37,0,40
2027-12-28,P21,4,93,0,40
2027-12-29,P21,10,94,0,40
2027-12-30,P21,1,108,0,40
2027-12-31,P21,9,104,0,40
2026-06-20,P22,19,44,0,65
2026-06-21,P22,25,90,0,65
2026-06-22,P22,22,89,0,65
2026-06-23,P22,18,49,0,65
2026-06-24,P22,22,43,0,65
2026-06-25,P22,24,90,0,65
2026-06-26,P22,15,103,0,65
2026-06-27,P22,21,95,0,65
2026-06-28,P22,21,73,0,65
2026-06-29,P22,20,63,0,65
2026-06-30,P22,22,105,0,65
2026-07-01,P22,14,38,0,65
2026-07-02,P22,23,38,0,65
2026-07-03,P22,20,33,1,65
2026-07-04,P22,29,107,1,65
2026-07-05,P22,13,58,0,65
2026-07-06,P22,17,37,0,65
2026-07-07,P22,12,105,0,65
2026-07-08,P22,19,118,0,65
2026-07-09,P22,21,74,0,65
2026-07-10,P22,9,37,1,65
2026-07-11,P22,26,44,1,65
2026-07-12,P22,25,54,0,65
2026-07-13,P22,14,42,0,65
2026-07-14,P22,15,35,0,65
2026-07-15,P22,22,134,0,65
2026-07-16,P22,19,26,0,65
2026-07-17,P22,21,99,1,65
2026-07-18,P22,34,79,1,65
2026-07-19,P22,22,42,0,65
2026-07-20,P22,16,120,0,65
2026-07-21,P22,19,100,0,65
2026-07-22,P22,23,77,0,65
2026-07-23,P22,24,83,0,65
2026-07-24,P22,18,85,1,65
2026-07-25,P22,27,53,1,65
2026-07-26,P22,32,57,0,65
2026-07-27,P22,25,128,0,65
2026-07-28,P22,25,70,0,65
2026-07-29,P22,14,55,0,65
2026-07-30,P22,13,108,0,65
2026-07-31,P22,23,40,1,65
2026-08-01,P22,28,137,0,65
2026-08-02,P22,20,51,0,65
2026-08-03,P22,23,95,0,65
2026-08-04,P22,19,35,0,65
2026-08-05,P22,26,30,0,65
2026-08-06,P22,23,48,0,65
2026-08-07,P22,26,51,0,65
2026-08-08,P22,32,55,0,65
2026-08-09,P22,25,30,0,65
2026-08-10,P22,23,24,0,65
2026-08-11,P22,26,76,0,65
2026-08-12,P22,27,78,0,65
2026-08-13,P22,24,44,0,65
2026-08-14,P22,27,80,0,65
2026-08-15,P22,46,111,1,65
2026-08-16,P22,34,41,1,65
2026-08-17,P22,33,124,1,65
2026-08-18,P22,15,122,0,65
2026-08-19,P22,22,43,0,65
2026-08-20,P22,24,56,0,65
2026-08-21,P22,30,89,0,65
2026-08-22,P22,36,47,0,65
2026-08-23,P22,27,113,0,65
2026-08-24,P22,25,55,0,65
2026-08-25,P22,27,89,0,65
2026-08-26,P22,31,101,0,65
2026-08-27,P22,31,119,0,65
2026-08-28,P22,20,19,0,65
2026-08-29,P22,37,52,0,65
2026-08-30,P22,36,117,0,65
2026-08-31,P22,29,97,0,65
2026-09-01,P22,32,49,0,65
2026-09-02,P22,27,85,0,65
2026-09-03,P22,30,135,0,65
2026-09-04,P22,24,55,0,65
2026-09-05,P22,31,135,0,65
2026-09-06,P22,31,52,0,65
2026-09-07,P22,16,45,0,65
2026-09-08,P22,29,43,0,65
2026-09-09,P22,31,127,0,65
2026-09-10,P22,31,53,0,65
2026-09-11,P22,33,62,0,65
2026-09-12,P22,37,133,0,65
2026-09-13,P22,37,138,0,65
2026-09-14,P22,30,134,0,65
2026-09-15,P22,32,120,0,65
2026-09-16,P22,44,128,0,65
2026-09-17,P22,32,138,0,65
2026-09-18,P22,33,112,0,65
2026-09-19,P22,28,139,0,65
2026-09-20,P22,32,96,0,65
2026-09-21,P22,26,127,0,65
2026-09-22,P22,36,47,0,65
2026-09-23,P22,29,95,0,65
2026-09-24,P22,30,114,0,65
2026-09-25,P22,33,83,0,65
2026-09-26,P22,30,104,0,65
2026-09-27,P22,28,111,0,65
2026-09-28,P22,29,38,0,65
2026-09-29,P22,35,110,0,65
2026-09-30,P22,32,108,0,65
2026-10-01,P22,41,53,0,65
2026-10-02,P22,51,106,1,65
2026-10-03,P22,46,81,1,65
2026-10-04,P22,28,46,0,65
2026-10-05,P22,34,128,0,65
2026-10-06,P22,40,112,0,65
2026-10-07,P22,42,103,0,65
2026-10-08,P22,34,62,0,65
2026-10-09,P22,35,31,1,65
2026-10-10,P22,51,85,1,65
2026-10-11,P22,47,101,0,65
2026-10-12,P22,32,65,0,65
2026-10-13,P22,31,89,0,65
2026-10-14,P22,39,132,0,65
2026-10-15,P22,36,64,0,65
2026-10-16,P22,46,67,1,65
2026-10-17,P22,46,100,1,65
2026-10-18,P22,36,116,0,65
2026-10-19,P22,26,44,0,65
2026-10-20,P22,55,69,1,65
2026-10-21,P22,67,100,1,65
2026-10-22,P22,63,137,1,65
2026-10-23,P22,69,72,1,65
2026-10-24,P22,101,123,1,65
2026-10-25,P22,78,122,1,65
2026-10-26,P22,34,109,0,65
2026-10-27,P22,30,56,0,65
2026-10-28,P22,31,138,0,65
2026-10-29,P22,47,107,0,65
2026-10-30,P22,49,123,1,65
2026-10-31,P22,52,135,1,65
2026-11-01,P22,91,120,1,65
2026-11-02,P22,50,73,1,65
2026-11-03,P22,57,72,1,65
2026-11-04,P22,34,83,0,65
2026-11-05,P22,42,133,0,65
2026-11-06,P22,37,42,0,65
2026-11-07,P22,43,72,0,65
2026-11-08,P22,41,122,0,65
2026-11-09,P22,27,91,0,65
2026-11-10,P22,39,64,0,65
2026-11-11,P22,33,43,0,65
2026-11-12,P22,46,78,0,65
2026-11-13,P22,41,49,0,65
2026-11-14,P22,44,80,0,65
2026-11-15,P22,27,103,0,65
2026-11-16,P22,32,94,0,65
2026-11-17,P22,26,105,0,65
2026-11-18,P22,39,137,0,65
2026-11-19,P22,34,119,0,65
2026-11-20,P22,31,123,0,65
2026-11-21,P22,41,49,0,65
2026-11-22,P22,46,68,0,65
2026-11-23,P22,44,50,0,65
2026-11-24,P22,36,82,0,65
2026-11-25,P22,46,106,0,65
2026-11-26,P22,31,81,0,65
2026-11-27,P22,34,60,0,65
2026-11-28,P22,46,137,0,65
2026-11-29,P22,46,62,0,65
2026-11-30,P22,38,52,0,65
2026-12-01,P22,47,84,0,65
2026-12-02,P22,35,48,0,65
2026-12-03,P22,36,60,0,65
2026-12-04,P22,33,57,0,65
2026-12-05,P22,39,58,0,65
2026-12-06,P22,34,125,0,65
2026-12-07,P22,40,84,0,65
2026-12-08,P22,38,67,0,65
2026-12-09,P22,31,41,0,65
2026-12-10,P22,35,71,0,65
2026-12-11,P22,45,70,0,65
2026-12-12,P22,40,138,0,65
2026-12-13,P22,38,61,0,65
2026-12-14,P22,39,67,0,65
2026-12-15,P22,51,92,0,65
2026-12-16,P22,34,32,0,65
2026-12-17,P22,37,100,0,65
2026-12-18,P22,40,135,0,65
2026-12-19,P22,33,83,0,65
2026-12-20,P22,45,88,0,65
2026-12-21,P22,33,41,0,65
2026-12-22,P22,35,135,0,65
2026-12-23,P22,39,53,0,65
2026-12-24,P22,34,121,0,65
2026-12-25,P22,41,38,0,65
2026-12-26,P22,35,97,0,65
2026-12-27,P22,58,104,0,65
2026-12-28,P22,38,68,0,65
2026-12-29,P22,32,75,0,65
2026-12-30,P22,47,106,0,65
2026-12-31,P22,39,78,0,65
2027-01-01,P22,31,32,0,65
2027-01-02,P22,46,61,0,65
2027-01-03,P22,39,113,0,65
2027-01-04,P22,27,50,0,65
2027-01-05,P22,32,126,0,65
2027-01-06,P22,40,97,0,65
2027-01-07,P22,36,64,0,65
2027-01-08,P22,27,133,0,65
2027-01-09,P22,39,101,0,65
2027-01-10,P22,36,33,0,65
2027-01-11,P22,28,107,0,65
2027-01-12,P22,28,39,0,65
2027-01-13,P22,57,137,1,65
2027-01-14,P22,39,117,1,65
2027-01-15,P22,49,85,1,65
2027-01-16,P22,51,85,1,65
2027-01-17,P22,30,94,0,65
2027-01-18,P22,26,82,0,65
2027-01-19,P22,32,50,0,65
2027-01-20,P22,28,33,0,65
2027-01-21,P22,29,88,0,65
2027-01-22,P22,35,113,0,65
2027-01-23,P22,31,123,0,65
2027-01-24,P22,46,133,0,65
2027-01-25,P22,31,64,0,65
2027-01-26,P22,29,104,0,65
2027-01-27,P22,27,44,0,65
2027-01-28,P22,35,126,0,65
2027-01-29,P22,27,98,0,65
2027-01-30,P22,50,104,0,65
2027-01-31,P22,38,52,0,65
2027-02-01,P22,34,67,0,65
2027-02-02,P22,36,72,0,65
2027-02-03,P22,37,135,0,65
2027-02-04,P22,39,118,0,65
2027-02-05,P22,33,124,0,65
2027-02-06,P22,25,86,0,65
2027-02-07,P22,38,65,0,65
2027-02-08,P22,39,46,0,65
2027-02-09,P22,31,76,0,65
2027-02-10,P22,22,81,0,65
2027-02-11,P22,30,65,0,65
2027-02-12,P22,35,134,0,65
2027-02-13,P22,39,87,0,65
2027-02-14,P22,41,75,0,65
2027-02-15,P22,31,127,0,65
2027-02-16,P22,25,50,0,65
2027-02-17,P22,31,132,0,65
2027-02-18,P22,26,61,0,65
2027-02-19,P22,32,45,0,65
2027-02-20,P22,39,112,0,65
2027-02-21,P22,38,57,0,65
2027-02-22,P22,34,113,0,65
2027-02-23,P22,29,128,0,65
2027-02-24,P22,26,88,0,65
2027-02-25,P22,34,106,0,65
2027-02-26,P22,35,67,0,65
2027-02-27,P22,31,60,0,65
2027-02-28,P22,39,46,0,65
2027-03-01,P22,33,134,0,65
2027-03-02,P22,36,60,0,65
2027-03-03,P22,37,114,0,65
2027-03-04,P22,38,72,0,65
2027-03-05,P22,53,75,1,65
2027-03-06,P22,52,57,1,65
2027-03-07,P22,43,92,0,65
2027-03-08,P22,40,55,0,65
2027-03-09,P22,29,31,0,65
2027-03-10,P22,45,76,0,65
2027-03-11,P22,39,51,0,65
2027-03-12,P22,43,57,1,65
2027-03-13,P22,47,56,1,65
2027-03-14,P22,37,43,0,65
2027-03-15,P22,32,105,0,65
2027-03-16,P22,46,129,0,65
2027-03-17,P22,34,73,0,65
2027-03-18,P22,42,49,0,65
2027-03-19,P22,51,50,1,65
2027-03-20,P22,44,78,1,65
2027-03-21,P22,56,85,0,65
2027-03-22,P22,37,69,0,65
2027-03-23,P22,40,62,0,65
2027-03-24,P22,42,59,0,65
2027-03-25,P22,37,70,0,65
2027-03-26,P22,70,99,1,65
2027-03-27,P22,56,125,1,65
2027-03-28,P22,49,87,0,65
2027-03-29,P22,45,134,0,65
2027-03-30,P22,47,51,0,65
2027-03-31,P22,50,132,0,65
2027-04-01,P22,44,123,0,65
2027-04-02,P22,41,125,0,65
2027-04-03,P22,53,127,0,65
2027-04-04,P22,66,137,0,65
2027-04-05,P22,30,43,0,65
2027-04-06,P22,28,87,0,65
2027-04-07,P22,43,74,0,65
2027-04-08,P22,34,85,0,65
2027-04-09,P22,42,120,0,65
2027-04-10,P22,57,74,0,65
2027-04-11,P22,50,92,0,65
2027-04-12,P22,37,114,0,65
2027-04-13,P22,38,111,0,65
2027-04-14,P22,41,115,0,65
2027-04-15,P22,40,66,0,65
2027-04-16,P22,44,137,0,65
2027-04-17,P22,61,124,0,65
2027-04-18,P22,52,83,0,65
2027-04-19,P22,52,57,0,65
2027-04-20,P22,27,110,0,65
2027-04-21,P22,46,110,0,65
2027-04-22,P22,36,78,0,65
2027-04-23,P22,47,137,0,65
2027-04-24,P22,60,115,0,65
2027-04-25,P22,54,90,0,65
2027-04-26,P22,38,137,0,65
2027-04-27,P22,47,78,0,65
2027-04-28,P22,60,73,0,65
2027-04-29,P22,36,59,0,65
2027-04-30,P22,41,135,0,65
2027-05-01,P22,48,55,0,65
2027-05-02,P22,39,76,0,65
2027-05-03,P22,50,68,0,65
2027-05-04,P22,37,58,0,65
2027-05-05,P22,34,43,0,65
2027-05-06,P22,33,117,0,65
2027-05-07,P22,52,96,0,65
2027-05-08,P22,58,53,0,65
2027-05-09,P22,50,48,0,65
2027-05-10,P22,24,52,0,65
2027-05-11,P22,42,104,0,65
2027-05-12,P22,31,132,0,65
2027-05-13,P22,40,82,0,65
2027-05-14,P22,50,65,0,65
2027-05-15,P22,55,98,0,65
2027-05-16,P22,45,75,0,65
2027-05-17,P22,40,127,0,65
2027-05-18,P22,40,80,0,65
2027-05-19,P22,36,80,0,65
2027-05-20,P22,35,32,0,65
2027-05-21,P22,44,89,0,65
2027-05-22,P22,54,117,0,65
2027-05-23,P22,66,68,0,65
2027-05-24,P22,35,91,0,65
2027-05-25,P22,28,60,0,65
2027-05-26,P22,53,73,0,65
2027-05-27,P22,45,88,0,65
2027-05-28,P22,30,76,0,65
2027-05-29,P22,52,98,0,65
2027-05-30,P22,64,74,0,65
2027-05-31,P22,47,100,0,65
2027-06-01,P22,42,122,0,65
2027-06-02,P22,37,63,0,65
2027-06-03,P22,42,134,0,65
2027-06-04,P22,38,60,0,65
2027-06-05,P22,40,56,0,65
2027-06-06,P22,50,61,0,65
2027-06-07,P22,55,84,0,65
2027-06-08,P22,40,80,0,65
2027-06-09,P22,48,86,0,65
2027-06-10,P22,34,69,0,65
2027-06-11,P22,44,58,0,65
2027-06-12,P22,48,58,0,65
2027-06-13,P22,60,73,0,65
2027-06-14,P22,37,106,0,65
2027-06-15,P22,46,80,0,65
2027-06-16,P22,44,58,0,65
2027-06-17,P22,35,54,0,65
2027-06-18,P22,40,52,0,65
2027-06-19,P22,45,90,0,65
2027-06-20,P22,45,111,0,65
2027-06-21,P22,53,64,0,65
2027-06-22,P22,42,137,0,65
2027-06-23,P22,33,62,0,65
2027-06-24,P22,52,126,0,65
2027-06-25,P22,42,101,0,65
2027-06-26,P22,46,51,0,65
2027-06-27,P22,48,63,0,65
2027-06-28,P22,39,67,0,65
2027-06-29,P22,45,54,0,65
2027-06-30,P22,49,83,0,65
2027-07-01,P22,32,101,0,65
2027-07-02,P22,45,67,1,65
2027-07-03,P22,47,97,1,65
2027-07-04,P22,45,114,0,65
2027-07-05,P22,27,65,0,65
2027-07-06,P22,30,40,0,65
2027-07-07,P22,30,132,0,65
2027-07-08,P22,34,90,0,65
2027-07-09,P22,37,135,1,65
2027-07-10,P22,39,122,1,65
2027-07-11,P22,20,111,0,65
2027-07-12,P22,30,84,0,65
2027-07-13,P22,26,98,0,65
2027-07-14,P22,25,81,0,65
2027-07-15,P22,30,64,0,65
2027-07-16,P22,37,130,1,65
2027-07-17,P22,43,103,1,65
2027-07-18,P22,43,63,0,65
2027-07-19,P22,34,53,0,65
2027-07-20,P22,45,59,0,65
2027-07-21,P22,36,45,0,65
2027-07-22,P22,23,38,0,65
2027-07-23,P22,46,60,1,65
2027-07-24,P22,43,121,1,65
2027-07-25,P22,21,114,0,65
2027-07-26,P22,26,55,0,65
2027-07-27,P22,23,90,0,65
2027-07-28,P22,39,127,0,65
2027-07-29,P22,41,65,0,65
2027-07-30,P22,44,134,1,65
2027-07-31,P22,59,103,1,65
2027-08-01,P22,31,37,0,65
2027-08-02,P22,27,50,0,65
2027-08-03,P22,25,122,0,65
2027-08-04,P22,27,72,0,65
2027-08-05,P22,28,26,0,65
2027-08-06,P22,26,24,0,65
2027-08-07,P22,35,42,0,65
2027-08-08,P22,37,83,0,65
2027-08-09,P22,27,108,0,65
2027-08-10,P22,19,101,0,65
2027-08-11,P22,41,123,0,65
2027-08-12,P22,40,52,0,65
2027-08-13,P22,41,77,0,65
2027-08-14,P22,40,101,0,65
2027-08-15,P22,57,85,1,65
2027-08-16,P22,38,78,1,65
2027-08-17,P22,38,54,1,65
2027-08-18,P22,30,66,0,65
2027-08-19,P22,39,108,0,65
2027-08-20,P22,34,86,0,65
2027-08-21,P22,35,57,0,65
2027-08-22,P22,33,59,0,65
2027-08-23,P22,35,121,0,65
2027-08-24,P22,31,115,0,65
2027-08-25,P22,29,77,0,65
2027-08-26,P22,27,55,0,65
2027-08-27,P22,32,126,0,65
2027-08-28,P22,35,60,0,65
2027-08-29,P22,26,101,0,65
2027-08-30,P22,32,120,0,65
2027-08-31,P22,28,137,0,65
2027-09-01,P22,30,115,0,65
2027-09-02,P22,42,129,0,65
2027-09-03,P22,34,128,0,65
2027-09-04,P22,36,86,0,65
2027-09-05,P22,30,50,0,65
2027-09-06,P22,29,105,0,65
2027-09-07,P22,30,67,0,65
2027-09-08,P22,33,61,0,65
2027-09-09,P22,37,45,0,65
2027-09-10,P22,36,57,0,65
2027-09-11,P22,36,80,0,65
2027-09-12,P22,42,72,0,65
2027-09-13,P22,31,102,0,65
2027-09-14,P22,29,114,0,65
2027-09-15,P22,30,98,0,65
2027-09-16,P22,36,115,0,65
2027-09-17,P22,35,68,0,65
2027-09-18,P22,34,90,0,65
2027-09-19,P22,34,59,0,65
2027-09-20,P22,30,125,0,65
2027-09-21,P22,32,64,0,65
2027-09-22,P22,22,42,0,65
2027-09-23,P22,30,104,0,65
2027-09-24,P22,35,69,0,65
2027-09-25,P22,32,133,0,65
2027-09-26,P22,20,39,0,65
2027-09-27,P22,29,61,0,65
2027-09-28,P22,25,104,0,65
2027-09-29,P22,27,41,0,65
2027-09-30,P22,44,119,0,65
2027-10-01,P22,39,40,1,65
2027-10-02,P22,51,66,1,65
2027-10-03,P22,49,80,0,65
2027-10-04,P22,31,47,0,65
2027-10-05,P22,34,130,0,65
2027-10-06,P22,31,44,0,65
2027-10-07,P22,32,93,0,65
2027-10-08,P22,49,57,1,65
2027-10-09,P22,55,89,1,65
2027-10-10,P22,43,133,0,65
2027-10-11,P22,27,55,0,65
2027-10-12,P22,21,51,0,65
2027-10-13,P22,47,65,0,65
2027-10-14,P22,40,123,0,65
2027-10-15,P22,45,42,1,65
2027-10-16,P22,41,101,1,65
2027-10-17,P22,43,57,0,65
2027-10-18,P22,34,47,0,65
2027-10-19,P22,34,42,0,65
2027-10-20,P22,76,92,1,65
2027-10-21,P22,75,95,1,65
2027-10-22,P22,81,100,1,65
2027-10-23,P22,94,98,1,65
2027-10-24,P22,74,108,1,65
2027-10-25,P22,65,99,1,65
2027-10-26,P22,27,115,0,65
2027-10-27,P22,38,131,0,65
2027-10-28,P22,30,83,0,65
2027-10-29,P22,45,126,1,65
2027-10-30,P22,54,61,1,65
2027-10-31,P22,39,96,0,65
2027-11-01,P22,71,95,1,65
2027-11-02,P22,57,128,1,65
2027-11-03,P22,57,133,1,65
2027-11-04,P22,35,118,0,65
2027-11-05,P22,32,119,0,65
2027-11-06,P22,51,100,0,65
2027-11-07,P22,51,116,0,65
2027-11-08,P22,32,97,0,65
2027-11-09,P22,30,133,0,65
2027-11-10,P22,38,48,0,65
2027-11-11,P22,36,79,0,65
2027-11-12,P22,31,136,0,65
2027-11-13,P22,48,80,0,65
2027-11-14,P22,29,50,0,65
2027-11-15,P22,32,123,0,65
2027-11-16,P22,31,33,0,65
2027-11-17,P22,41,116,0,65
2027-11-18,P22,39,94,0,65
2027-11-19,P22,29,50,0,65
2027-11-20,P22,37,79,0,65
2027-11-21,P22,44,134,0,65
2027-11-22,P22,29,31,0,65
2027-11-23,P22,29,24,0,65
2027-11-24,P22,41,74,0,65
2027-11-25,P22,26,130,0,65
2027-11-26,P22,31,135,0,65
2027-11-27,P22,41,64,0,65
2027-11-28,P22,37,99,0,65
2027-11-29,P22,50,70,0,65
2027-11-30,P22,32,110,0,65
2027-12-01,P22,34,66,0,65
2027-12-02,P22,53,87,0,65
2027-12-03,P22,40,101,0,65
2027-12-04,P22,35,112,0,65
2027-12-05,P22,42,53,0,65
2027-12-06,P22,29,120,0,65
2027-12-07,P22,40,123,0,65
2027-12-08,P22,35,40,0,65
2027-12-09,P22,37,77,0,65
2027-12-10,P22,45,68,0,65
2027-12-11,P22,46,128,0,65
2027-12-12,P22,49,53,0,65
2027-12-13,P22,32,91,0,65
2027-12-14,P22,38,91,0,65
2027-12-15,P22,34,46,0,65
2027-12-16,P22,36,104,0,65
2027-12-17,P22,31,119,0,65
2027-12-18,P22,47,119,0,65
2027-12-19,P22,34,117,0,65
2027-12-20,P22,26,38,0,65
2027-12-21,P22,37,79,0,65
2027-12-22,P22,30,46,0,65
2027-12-23,P22,29,54,0,65
2027-12-24,P22,45,45,0,65
2027-12-25,P22,40,74,0,65
2027-12-26,P22,48,86,0,65
2027-12-27,P22,36,129,0,65
2027-12-28,P22,26,113,0,65
2027-12-29,P22,34,121,0,65
2027-12-30,P22,31,78,0,65
2027-12-31,P22,47,68,0,65
2026-09-10,P23,24,53,0,125
2026-09-11,P23,23,45,0,125
2026-09-12,P23,22,33,0,125
2026-09-13,P23,28,132,0,125
2026-09-14,P23,24,37,0,125
2026-09-15,P23,21,134,0,125
2026-09-16,P23,33,74,0,125
2026-09-17,P23,28,138,0,125
2026-09-18,P23,29,26,0,125
2026-09-19,P23,22,100,0,125
2026-09-20,P23,29,63,0,125
2026-09-21,P23,22,70,0,125
2026-09-22,P23,17,78,0,125
2026-09-23,P23,17,35,0,125
2026-09-24,P23,27,59,0,125
2026-09-25,P23,20,80,0,125
2026-09-26,P23,33,121,0,125
2026-09-27,P23,29,38,0,125
2026-09-28,P23,30,52,0,125
2026-09-29,P23,21,131,0,125
2026-09-30,P23,29,57,0,125
2026-10-01,P23,30,111,0,125
2026-10-02,P23,41,74,1,125
2026-10-03,P23,43,63,1,125
2026-10-04,P23,37,69,0,125
2026-10-05,P23,25,29,0,125
2026-10-06,P23,20,111,0,125
2026-10-07,P23,23,48,0,125
2026-10-08,P23,31,119,0,125
2026-10-09,P23,32,139,1,125
2026-10-10,P23,28,109,1,125
2026-10-11,P23,33,50,0,125
2026-10-12,P23,25,34,0,125
2026-10-13,P23,23,34,0,125
2026-10-14,P23,29,92,0,125
2026-10-15,P23,29,87,0,125
2026-10-16,P23,33,56,1,125
2026-10-17,P23,41,133,1,125
2026-10-18,P23,31,97,0,125
2026-10-19,P23,27,113,0,125
2026-10-20,P23,60,79,1,125
2026-10-21,P23,68,94,1,125
2026-10-22,P23,64,71,1,125
2026-10-23,P23,68,97,1,125
2026-10-24,P23,76,99,1,125
2026-10-25,P23,77,101,1,125
2026-10-26,P23,31,125,0,125
2026-10-27,P23,34,60,0,125
2026-10-28,P23,42,72,0,125
2026-10-29,P23,47,60,0,125
2026-10-30,P23,34,133,1,125
2026-10-31,P23,48,67,1,125
2026-11-01,P23,87,88,1,125
2026-11-02,P23,53,58,1,125
2026-11-03,P23,74,125,1,125
2026-11-04,P23,39,104,0,125
2026-11-05,P23,32,47,0,125
2026-11-06,P23,28,101,0,125
2026-11-07,P23,39,84,0,125
2026-11-08,P23,47,84,0,125
2026-11-09,P23,39,62,0,125
2026-11-10,P23,33,75,0,125
2026-11-11,P23,44,47,0,125
2026-11-12,P23,51,68,0,125
2026-11-13,P23,40,93,0,125
2026-11-14,P23,50,83,0,125
2026-11-15,P23,39,79,0,125
2026-11-16,P23,40,40,0,125
2026-11-17,P23,41,52,0,125
2026-11-18,P23,36,136,0,125
2026-11-19,P23,47,54,0,125
2026-11-20,P23,52,47,0,125
2026-11-21,P23,49,110,0,125
2026-11-22,P23,41,65,0,125
2026-11-23,P23,38,100,0,125
2026-11-24,P23,42,59,0,125
2026-11-25,P23,42,109,0,125
2026-11-26,P23,42,111,0,125
2026-11-27,P23,41,56,0,125
2026-11-28,P23,54,79,0,125
2026-11-29,P23,59,59,0,125
2026-11-30,P23,32,123,0,125
2026-12-01,P23,44,48,0,125
2026-12-02,P23,39,63,0,125
2026-12-03,P23,44,127,0,125
2026-12-04,P23,56,73,0,125
2026-12-05,P23,53,73,0,125
2026-12-06,P23,55,118,0,125
2026-12-07,P23,30,102,0,125
2026-12-08,P23,34,128,0,125
2026-12-09,P23,41,72,0,125
2026-12-10,P23,50,77,0,125
2026-12-11,P23,61,87,0,125
2026-12-12,P23,73,107,0,125
2026-12-13,P23,52,119,0,125
2026-12-14,P23,40,48,0,125
2026-12-15,P23,53,131,0,125
2026-12-16,P23,44,132,0,125
2026-12-17,P23,55,127,0,125
2026-12-18,P23,52,60,0,125
2026-12-19,P23,43,62,0,125
2026-12-20,P23,45,104,0,125
2026-12-21,P23,47,78,0,125
2026-12-22,P23,43,74,0,125
2026-12-23,P23,37,67,0,125
2026-12-24,P23,48,136,0,125
2026-12-25,P23,56,128,0,125
2026-12-26,P23,67,86,0,125
2026-12-27,P23,46,85,0,125
2026-12-28,P23,52,70,0,125
2026-12-29,P23,42,74,0,125
2026-12-30,P23,49,101,0,125
2026-12-31,P23,58,61,0,125
2027-01-01,P23,43,111,0,125
2027-01-02,P23,63,74,0,125
2027-01-03,P23,53,119,0,125
2027-01-04,P23,46,110,0,125
2027-01-05,P23,46,45,0,125
2027-01-06,P23,30,115,0,125
2027-01-07,P23,48,79,0,125
2027-01-08,P23,59,83,0,125
2027-01-09,P23,57,62,0,125
2027-01-10,P23,44,102,0,125
2027-01-11,P23,39,106,0,125
2027-01-12,P23,37,73,0,125
2027-01-13,P23,57,104,1,125
2027-01-14,P23,72,97,1,125
2027-01-15,P23,69,99,1,125
2027-01-16,P23,95,128,1,125
2027-01-17,P23,54,124,0,125
2027-01-18,P23,40,58,0,125
2027-01-19,P23,39,40,0,125
2027-01-20,P23,49,62,0,125
2027-01-21,P23,43,79,0,125
2027-01-22,P23,51,72,0,125
2027-01-23,P23,61,79,0,125
2027-01-24,P23,39,61,0,125
2027-01-25,P23,45,52,0,125
2027-01-26,P23,39,63,0,125
2027-01-27,P23,44,40,0,125
2027-01-28,P23,41,112,0,125
2027-01-29,P23,65,75,0,125
2027-01-30,P23,43,69,0,125
2027-01-31,P23,38,55,0,125
2027-02-01,P23,56,67,0,125
2027-02-02,P23,39,91,0,125
2027-02-03,P23,51,72,0,125
2027-02-04,P23,43,120,0,125
2027-02-05,P23,57,82,0,125
2027-02-06,P23,43,65,0,125
2027-02-07,P23,48,133,0,125
2027-02-08,P23,46,69,0,125
2027-02-09,P23,48,59,0,125
2027-02-10,P23,37,55,0,125
2027-02-11,P23,53,77,0,125
2027-02-12,P23,55,67,0,125
2027-02-13,P23,47,72,0,125
2027-02-14,P23,46,69,0,125
2027-02-15,P23,40,104,0,125
2027-02-16,P23,41,130,0,125
2027-02-17,P23,38,106,0,125
2027-02-18,P23,45,79,0,125
2027-02-19,P23,49,106,0,125
2027-02-20,P23,54,126,0,125
2027-02-21,P23,53,87,0,125
2027-02-22,P23,36,79,0,125
2027-02-23,P23,41,104,0,125
2027-02-24,P23,33,104,0,125
2027-02-25,P23,42,122,0,125
2027-02-26,P23,35,56,0,125
2027-02-27,P23,42,96,0,125
2027-02-28,P23,51,114,0,125
2027-03-01,P23,50,119,0,125
2027-03-02,P23,39,66,0,125
2027-03-03,P23,37,99,0,125
2027-03-04,P23,34,48,0,125
2027-03-05,P23,51,93,1,125
2027-03-06,P23,53,86,1,125
2027-03-07,P23,47,131,0,125
2027-03-08,P23,43,68,0,125
2027-03-09,P23,41,126,0,125
2027-03-10,P23,39,65,0,125
2027-03-11,P23,52,68,0,125
2027-03-12,P23,49,44,1,125
2027-03-13,P23,73,102,1,125
2027-03-14,P23,50,83,0,125
2027-03-15,P23,41,121,0,125
2027-03-16,P23,40,38,0,125
2027-03-17,P23,40,76,0,125
2027-03-18,P23,52,50,0,125
2027-03-19,P23,65,85,1,125
2027-03-20,P23,58,87,1,125
2027-03-21,P23,62,134,0,125
2027-03-22,P23,37,51,0,125
2027-03-23,P23,44,120,0,125
2027-03-24,P23,39,127,0,125
2027-03-25,P23,44,70,0,125
2027-03-26,P23,60,84,1,125
2027-03-27,P23,63,121,1,125
2027-03-28,P23,43,53,0,125
2027-03-29,P23,28,34,0,125
2027-03-30,P23,57,87,0,125
2027-03-31,P23,54,94,0,125
2027-04-01,P23,66,89,0,125
2027-04-02,P23,44,85,0,125
2027-04-03,P23,56,72,0,125
2027-04-04,P23,61,127,0,125
2027-04-05,P23,46,112,0,125
2027-04-06,P23,45,139,0,125
2027-04-07,P23,32,101,0,125
2027-04-08,P23,50,112,0,125
2027-04-09,P23,56,103,0,125
2027-04-10,P23,70,95,0,125
2027-04-11,P23,53,73,0,125
2027-04-12,P23,44,122,0,125
2027-04-13,P23,46,134,0,125
2027-04-14,P23,47,124,0,125
2027-04-15,P23,47,79,0,125
2027-04-16,P23,48,138,0,125
2027-04-17,P23,58,54,0,125
2027-04-18,P23,48,109,0,125
2027-04-19,P23,46,63,0,125
2027-04-20,P23,44,69,0,125
2027-04-21,P23,40,105,0,125
2027-04-22,P23,45,138,0,125
2027-04-23,P23,48,112,0,125
2027-04-24,P23,70,97,0,125
2027-04-25,P23,48,57,0,125
2027-04-26,P23,39,105,0,125
2027-04-27,P23,54,77,0,125
2027-04-28,P23,54,88,0,125
2027-04-29,P23,56,116,0,125
2027-04-30,P23,34,57,0,125
2027-05-01,P23,56,69,0,125
2027-05-02,P23,70,88,0,125
2027-05-03,P23,49,94,0,125
2027-05-04,P23,49,60,0,125
2027-05-05,P23,45,41,0,125
2027-05-06,P23,43,87,0,125
2027-05-07,P23,47,82,0,125
2027-05-08,P23,60,89,0,125
2027-05-09,P23,62,94,0,125
2027-05-10,P23,54,90,0,125
2027-05-11,P23,41,66,0,125
2027-05-12,P23,50,123,0,125
2027-05-13,P23,50,59,0,125
2027-05-14,P23,41,114,0,125
2027-05-15,P23,53,77,0,125
2027-05-16,P23,61,120,0,125
2027-05-17,P23,49,114,0,125
2027-05-18,P23,44,67,0,125
2027-05-19,P23,43,80,0,125
2027-05-20,P23,48,66,0,125
2027-05-21,P23,46,68,0,125
2027-05-22,P23,67,98,0,125
2027-05-23,P23,47,111,0,125
2027-05-24,P23,38,119,0,125
2027-05-25,P23,51,63,0,125
2027-05-26,P23,49,44,0,125
2027-05-27,P23,38,39,0,125
2027-05-28,P23,63,78,0,125
2027-05-29,P23,67,127,0,125
2027-05-30,P23,59,82,0,125
2027-05-31,P23,40,44,0,125
2027-06-01,P23,43,96,0,125
2027-06-02,P23,53,64,0,125
2027-06-03,P23,48,51,0,125
2027-06-04,P23,45,128,0,125
2027-06-05,P23,54,80,0,125
2027-06-06,P23,40,83,0,125
2027-06-07,P23,43,67,0,125
2027-06-08,P23,36,64,0,125
2027-06-09,P23,46,72,0,125
2027-06-10,P23,42,123,0,125
2027-06-11,P23,56,83,0,125
2027-06-12,P23,57,84,0,125
2027-06-13,P23,62,66,0,125
2027-06-14,P23,41,90,0,125
2027-06-15,P23,37,52,0,125
2027-06-16,P23,47,100,0,125
2027-06-17,P23,47,81,0,125
2027-06-18,P23,52,138,0,125
2027-06-19,P23,45,136,0,125
2027-06-20,P23,64,121,0,125
2027-06-21,P23,45,51,0,125
2027-06-22,P23,48,78,0,125
2027-06-23,P23,50,135,0,125
2027-06-24,P23,55,78,0,125
2027-06-25,P23,41,91,0,125
2027-06-26,P23,47,78,0,125
2027-06-27,P23,61,81,0,125
2027-06-28,P23,50,70,0,125
2027-06-29,P23,41,87,0,125
2027-06-30,P23,72,121,0,125
2027-07-01,P23,55,86,0,125
2027-07-02,P23,70,95,1,125
2027-07-03,P23,80,119,1,125
2027-07-04,P23,58,111,0,125
2027-07-05,P23,45,49,0,125
2027-07-06,P23,52,66,0,125
2027-07-07,P23,47,109,0,125
2027-07-08,P23,42,87,0,125
2027-07-09,P23,47,60,1,125
2027-07-10,P23,62,93,1,125
2027-07-11,P23,52,121,0,125
2027-07-12,P23,52,75,0,125
2027-07-13,P23,51,117,0,125
2027-07-14,P23,37,100,0,125
2027-07-15,P23,46,72,0,125
2027-07-16,P23,54,127,1,125
2027-07-17,P23,56,59,1,125
2027-07-18,P23,49,69,0,125
2027-07-19,P23,37,83,0,125
2027-07-20,P23,50,56,0,125
2027-07-21,P23,46,128,0,125
2027-07-22,P23,54,96,0,125
2027-07-23,P23,79,111,1,125
2027-07-24,P23,62,70,1,125
2027-07-25,P23,54,118,0,125
2027-07-26,P23,32,57,0,125
2027-07-27,P23,39,50,0,125
2027-07-28,P23,59,79,0,125
2027-07-29,P23,48,139,0,125
2027-07-30,P23,68,99,1,125
2027-07-31,P23,80,101,1,125
2027-08-01,P23,54,88,0,125
2027-08-02,P23,48,74,0,125
2027-08-03,P23,45,50,0,125
2027-08-04,P23,44,108,0,125
2027-08-05,P23,53,90,0,125
2027-08-06,P23,58,110,0,125
2027-08-07,P23,50,109,0,125
2027-08-08,P23,54,81,0,125
2027-08-09,P23,44,65,0,125
2027-08-10,P23,42,56,0,125
2027-08-11,P23,51,133,0,125
2027-08-12,P23,48,54,0,125
2027-08-13,P23,48,82,0,125
2027-08-14,P23,56,85,0,125
2027-08-15,P23,80,112,1,125
2027-08-16,P23,66,85,1,125
2027-08-17,P23,77,101,1,125
2027-08-18,P23,36,134,0,125
2027-08-19,P23,38,132,0,125
2027-08-20,P23,52,57,0,125
2027-08-21,P23,54,61,0,125
2027-08-22,P23,60,65,0,125
2027-08-23,P23,53,109,0,125
2027-08-24,P23,42,76,0,125
2027-08-25,P23,42,65,0,125
2027-08-26,P23,54,83,0,125
2027-08-27,P23,54,81,0,125
2027-08-28,P23,53,75,0,125
2027-08-29,P23,50,137,0,125
2027-08-30,P23,58,133,0,125
2027-08-31,P23,60,96,0,125
2027-09-01,P23,44,94,0,125
2027-09-02,P23,49,71,0,125
2027-09-03,P23,46,78,0,125
2027-09-04,P23,66,95,0,125
2027-09-05,P23,42,117,0,125
2027-09-06,P23,48,62,0,125
2027-09-07,P23,64,139,0,125
2027-09-08,P23,47,113,0,125
2027-09-09,P23,55,56,0,125
2027-09-10,P23,53,138,0,125
2027-09-11,P23,42,99,0,125
2027-09-12,P23,48,105,0,125
2027-09-13,P23,58,67,0,125
2027-09-14,P23,59,69,0,125
2027-09-15,P23,41,65,0,125
2027-09-16,P23,46,79,0,125
2027-09-17,P23,56,108,0,125
2027-09-18,P23,68,89,0,125
2027-09-19,P23,46,61,0,125
2027-09-20,P23,45,71,0,125
2027-09-21,P23,50,55,0,125
2027-09-22,P23,46,61,0,125
2027-09-23,P23,51,67,0,125
2027-09-24,P23,52,48,0,125
2027-09-25,P23,58,121,0,125
2027-09-26,P23,56,126,0,125
2027-09-27,P23,43,130,0,125
2027-09-28,P23,47,68,0,125
2027-09-29,P23,60,63,0,125
2027-09-30,P23,43,123,0,125
2027-10-01,P23,68,68,1,125
2027-10-02,P23,77,98,1,125
2027-10-03,P23,52,58,0,125
2027-10-04,P23,47,79,0,125
2027-10-05,P23,47,71,0,125
2027-10-06,P23,36,105,0,125
2027-10-07,P23,49,56,0,125
2027-10-08,P23,60,78,1,125
2027-10-09,P23,71,79,1,125
2027-10-10,P23,55,73,0,125
2027-10-11,P23,51,51,0,125
2027-10-12,P23,45,111,0,125
2027-10-13,P23,40,127,0,125
2027-10-14,P23,51,67,0,125
2027-10-15,P23,62,97,1,125
2027-10-16,P23,61,118,1,125
2027-10-17,P23,46,45,0,125
2027-10-18,P23,43,45,0,125
2027-10-19,P23,34,116,0,125
2027-10-20,P23,65,86,1,125
2027-10-21,P23,98,130,1,125
2027-10-22,P23,102,124,1,125
2027-10-23,P23,117,125,1,125
2027-10-24,P23,124,144,1,125
2027-10-25,P23,81,78,1,125
2027-10-26,P23,47,52,0,125
2027-10-27,P23,47,54,0,125
2027-10-28,P23,62,64,0,125
2027-10-29,P23,60,63,1,125
2027-10-30,P23,59,93,1,125
2027-10-31,P23,37,43,0,125
2027-11-01,P23,82,89,1,125
2027-11-02,P23,86,106,1,125
2027-11-03,P23,82,115,1,125
2027-11-04,P23,46,135,0,125
2027-11-05,P23,58,71,0,125
2027-11-06,P23,65,138,0,125
2027-11-07,P23,53,87,0,125
2027-11-08,P23,51,74,0,125
2027-11-09,P23,53,62,0,125
2027-11-10,P23,56,84,0,125
2027-11-11,P23,47,107,0,125
2027-11-12,P23,60,111,0,125
2027-11-13,P23,65,111,0,125
2027-11-14,P23,51,130,0,125
2027-11-15,P23,58,95,0,125
2027-11-16,P23,42,102,0,125
2027-11-17,P23,51,65,0,125
2027-11-18,P23,49,135,0,125
2027-11-19,P23,45,129,0,125
2027-11-20,P23,52,91,0,125
2027-11-21,P23,46,75,0,125
2027-11-22,P23,51,70,0,125
2027-11-23,P23,45,57,0,125
2027-11-24,P23,61,90,0,125
2027-11-25,P23,33,123,0,125
2027-11-26,P23,43,56,0,125
2027-11-27,P23,57,80,0,125
2027-11-28,P23,58,135,0,125
2027-11-29,P23,48,130,0,125
2027-11-30,P23,63,71,0,125
2027-12-01,P23,62,130,0,125
2027-12-02,P23,60,69,0,125
2027-12-03,P23,46,73,0,125
2027-12-04,P23,56,80,0,125
2027-12-05,P23,57,110,0,125
2027-12-06,P23,45,55,0,125
2027-12-07,P23,43,109,0,125
2027-12-08,P23,47,97,0,125
2027-12-09,P23,54,49,0,125
2027-12-10,P23,58,118,0,125
2027-12-11,P23,56,89,0,125
2027-12-12,P23,64,92,0,125
2027-12-13,P23,38,123,0,125
2027-12-14,P23,45,77,0,125
2027-12-15,P23,49,53,0,125
2027-12-16,P23,39,57,0,125
2027-12-17,P23,52,60,0,125
2027-12-18,P23,59,83,0,125
2027-12-19,P23,47,87,0,125
2027-12-20,P23,59,130,0,125
2027-12-21,P23,58,128,0,125
2027-12-22,P23,53,131,0,125
2027-12-23,P23,38,109,0,125
2027-12-24,P23,58,71,0,125
2027-12-25,P23,50,74,0,125
2027-12-26,P23,54,64,0,125
2027-12-27,P23,46,134,0,125
2027-12-28,P23,51,51,0,125
2027-12-29,P23,45,44,0,125
2027-12-30,P23,48,78,0,125
2027-12-31,P23,56,123,0,125
2027-02-05,P24,3,23,0,95
2027-02-06,P24,5,126,0,95
2027-02-07,P24,9,59,0,95
2027-02-08,P24,12,40,0,95
2027-02-09,P24,9,24,0,95
2027-02-10,P24,8,89,0,95
2027-02-11,P24,12,61,0,95
2027-02-12,P24,8,43,0,95
2027-02-13,P24,10,43,0,95
2027-02-14,P24,14,36,0,95
2027-02-15,P24,6,25,0,95
2027-02-16,P24,4,105,0,95
2027-02-17,P24,15,103,0,95
2027-02-18,P24,9,65,0,95
2027-02-19,P24,13,10,0,95
2027-02-20,P24,12,69,0,95
2027-02-21,P24,12,39,0,95
2027-02-22,P24,12,93,0,95
2027-02-23,P24,8,42,0,95
2027-02-24,P24,8,36,0,95
2027-02-25,P24,9,91,0,95
2027-02-26,P24,16,39,0,95
2027-02-27,P24,15,39,0,95
2027-02-28,P24,15,26,0,95
2027-03-01,P24,10,126,0,95
2027-03-02,P24,11,74,0,95
2027-03-03,P24,13,38,0,95
2027-03-04,P24,14,113,0,95
2027-03-05,P24,19,50,1,95
2027-03-06,P24,21,116,1,95
2027-03-07,P24,14,106,0,95
2027-03-08,P24,10,48,0,95
2027-03-09,P24,14,48,0,95
2027-03-10,P24,10,91,0,95
2027-03-11,P24,10,22,0,95
2027-03-12,P24,10,52,1,95
2027-03-13,P24,14,48,1,95
2027-03-14,P24,10,69,0,95
2027-03-15,P24,8,120,0,95
2027-03-16,P24,11,14,0,95
2027-03-17,P24,17,36,0,95
2027-03-18,P24,13,36,0,95
2027-03-19,P24,24,124,1,95
2027-03-20,P24,21,107,1,95
2027-03-21,P24,12,64,0,95
2027-03-22,P24,13,79,0,95
2027-03-23,P24,16,134,0,95
2027-03-24,P24,8,134,0,95
2027-03-25,P24,7,139,0,95
2027-03-26,P24,13,100,1,95
2027-03-27,P24,29,60,1,95
2027-03-28,P24,20,133,0,95
2027-03-29,P24,18,90,0,95
2027-03-30,P24,14,42,0,95
2027-03-31,P24,19,86,0,95
2027-04-01,P24,12,31,0,95
2027-04-02,P24,16,48,0,95
2027-04-03,P24,27,55,0,95
2027-04-04,P24,16,123,0,95
2027-04-05,P24,7,73,0,95
2027-04-06,P24,13,33,0,95
2027-04-07,P24,13,36,0,95
2027-04-08,P24,14,102,0,95
2027-04-09,P24,13,132,0,95
2027-04-10,P24,24,111,0,95
2027-04-11,P24,19,46,0,95
2027-04-12,P24,17,133,0,95
2027-04-13,P24,16,30,0,95
2027-04-14,P24,18,94,0,95
2027-04-15,P24,12,42,0,95
2027-04-16,P24,16,52,0,95
2027-04-17,P24,22,105,0,95
2027-04-18,P24,20,89,0,95
2027-04-19,P24,14,97,0,95
2027-04-20,P24,19,38,0,95
2027-04-21,P24,13,92,0,95
2027-04-22,P24,20,101,0,95
2027-04-23,P24,26,59,0,95
2027-04-24,P24,19,82,0,95
2027-04-25,P24,24,116,0,95
2027-04-26,P24,17,96,0,95
2027-04-27,P24,24,122,0,95
2027-04-28,P24,18,31,0,95
2027-04-29,P24,21,136,0,95
2027-04-30,P24,25,45,0,95
2027-05-01,P24,17,33,0,95
2027-05-02,P24,28,67,0,95
2027-05-03,P24,16,33,0,95
2027-05-04,P24,12,87,0,95
2027-05-05,P24,13,86,0,95
2027-05-06,P24,15,37,0,95
2027-05-07,P24,17,76,0,95
2027-05-08,P24,17,86,0,95
2027-05-09,P24,23,81,0,95
2027-05-10,P24,14,78,0,95
2027-05-11,P24,30,62,0,95
2027-05-12,P24,17,103,0,95
2027-05-13,P24,16,59,0,95
2027-05-14,P24,17,25,0,95
2027-05-15,P24,32,119,0,95
2027-05-16,P24,18,91,0,95
2027-05-17,P24,16,116,0,95
2027-05-18,P24,19,91,0,95
2027-05-19,P24,18,137,0,95
2027-05-20,P24,21,139,0,95
2027-05-21,P24,17,117,0,95
2027-05-22,P24,27,117,0,95
2027-05-23,P24,32,51,0,95
2027-05-24,P24,13,88,0,95
2027-05-25,P24,23,88,0,95
2027-05-26,P24,24,123,0,95
2027-05-27,P24,16,113,0,95
2027-05-28,P24,18,88,0,95
2027-05-29,P24,37,54,0,95
2027-05-30,P24,37,93,0,95
2027-05-31,P24,17,66,0,95
2027-06-01,P24,22,39,0,95
2027-06-02,P24,14,25,0,95
2027-06-03,P24,22,109,0,95
2027-06-04,P24,21,107,0,95
2027-06-05,P24,21,42,0,95
2027-06-06,P24,19,50,0,95
2027-06-07,P24,9,112,0,95
2027-06-08,P24,17,139,0,95
2027-06-09,P24,24,101,0,95
2027-06-10,P24,13,84,0,95
2027-06-11,P24,21,83,0,95
2027-06-12,P24,19,65,0,95
2027-06-13,P24,21,96,0,95
2027-06-14,P24,28,62,0,95
2027-06-15,P24,27,133,0,95
2027-06-16,P24,23,123,0,95
2027-06-17,P24,21,72,0,95
2027-06-18,P24,25,76,0,95
2027-06-19,P24,18,119,0,95
2027-06-20,P24,27,40,0,95
2027-06-21,P24,19,55,0,95
2027-06-22,P24,19,22,0,95
2027-06-23,P24,22,129,0,95
2027-06-24,P24,28,90,0,95
2027-06-25,P24,12,99,0,95
2027-06-26,P24,22,132,0,95
2027-06-27,P24,11,104,0,95
2027-06-28,P24,16,77,0,95
2027-06-29,P24,16,61,0,95
2027-06-30,P24,20,125,0,95
2027-07-01,P24,23,116,0,95
2027-07-02,P24,28,41,1,95
2027-07-03,P24,33,39,1,95
2027-07-04,P24,14,53,0,95
2027-07-05,P24,28,43,0,95
2027-07-06,P24,33,113,0,95
2027-07-07,P24,14,77,0,95
2027-07-08,P24,23,117,0,95
2027-07-09,P24,27,104,1,95
2027-07-10,P24,34,61,1,95
2027-07-11,P24,21,115,0,95
2027-07-12,P24,19,78,0,95
2027-07-13,P24,33,48,0,95
2027-07-14,P24,14,34,0,95
2027-07-15,P24,22,42,0,95
2027-07-16,P24,20,80,1,95
2027-07-17,P24,25,69,1,95
2027-07-18,P24,22,48,0,95
2027-07-19,P24,15,68,0,95
2027-07-20,P24,23,82,0,95
2027-07-21,P24,25,50,0,95
2027-07-22,P24,24,112,0,95
2027-07-23,P24,27,137,1,95
2027-07-24,P24,39,127,1,95
2027-07-25,P24,23,57,0,95
2027-07-26,P24,13,42,0,95
2027-07-27,P24,21,109,0,95
2027-07-28,P24,19,66,0,95
2027-07-29,P24,16,39,0,95
2027-07-30,P24,26,88,1,95
2027-07-31,P24,32,136,1,95
2027-08-01,P24,21,120,0,95
2027-08-02,P24,17,102,0,95
2027-08-03,P24,13,78,0,95
2027-08-04,P24,21,121,0,95
2027-08-05,P24,17,135,0,95
2027-08-06,P24,23,22,0,95
2027-08-07,P24,24,37,0,95
2027-08-08,P24,21,33,0,95
2027-08-09,P24,22,108,0,95
2027-08-10,P24,10,37,0,95
2027-08-11,P24,12,35,0,95
2027-08-12,P24,10,33,0,95
2027-08-13,P24,21,102,0,95
2027-08-14,P24,20,41,0,95
2027-08-15,P24,28,80,1,95
2027-08-16,P24,21,56,1,95
2027-08-17,P24,24,28,1,95
2027-08-18,P24,16,106,0,95
2027-08-19,P24,16,129,0,95
2027-08-20,P24,22,50,0,95
2027-08-21,P24,25,139,0,95
2027-08-22,P24,29,81,0,95
2027-08-23,P24,14,101,0,95
2027-08-24,P24,23,36,0,95
2027-08-25,P24,22,66,0,95
2027-08-26,P24,20,40,0,95
2027-08-27,P24,17,71,0,95
2027-08-28,P24,31,56,0,95
2027-08-29,P24,25,30,0,95
2027-08-30,P24,27,115,0,95
2027-08-31,P24,30,37,0,95
2027-09-01,P24,18,126,0,95
2027-09-02,P24,30,46,0,95
2027-09-03,P24,28,61,0,95
2027-09-04,P24,18,109,0,95
2027-09-05,P24,19,93,0,95
2027-09-06,P24,13,54,0,95
2027-09-07,P24,22,92,0,95
2027-09-08,P24,24,63,0,95
2027-09-09,P24,21,29,0,95
2027-09-10,P24,18,123,0,95
2027-09-11,P24,19,60,0,95
2027-09-12,P24,20,64,0,95
2027-09-13,P24,13,48,0,95
2027-09-14,P24,16,100,0,95
2027-09-15,P24,26,59,0,95
2027-09-16,P24,24,68,0,95
2027-09-17,P24,23,56,0,95
2027-09-18,P24,19,40,0,95
2027-09-19,P24,19,28,0,95
2027-09-20,P24,20,70,0,95
2027-09-21,P24,15,135,0,95
2027-09-22,P24,14,32,0,95
2027-09-23,P24,23,113,0,95
2027-09-24,P24,19,137,0,95
2027-09-25,P24,24,49,0,95
2027-09-26,P24,24,44,0,95
2027-09-27,P24,22,52,0,95
2027-09-28,P24,22,27,0,95
2027-09-29,P24,14,99,0,95
2027-09-30,P24,16,41,0,95
2027-10-01,P24,26,38,1,95
2027-10-02,P24,27,80,1,95
2027-10-03,P24,21,136,0,95
2027-10-04,P24,19,75,0,95
2027-10-05,P24,17,123,0,95
2027-10-06,P24,15,52,0,95
2027-10-07,P24,15,61,0,95
2027-10-08,P24,25,126,1,95
2027-10-09,P24,27,99,1,95
2027-10-10,P24,27,123,0,95
2027-10-11,P24,17,136,0,95
2027-10-12,P24,26,107,0,95
2027-10-13,P24,22,134,0,95
2027-10-14,P24,26,28,0,95
2027-10-15,P24,26,35,1,95
2027-10-16,P24,27,112,1,95
2027-10-17,P24,23,112,0,95
2027-10-18,P24,20,96,0,95
2027-10-19,P24,20,87,0,95
2027-10-20,P24,45,132,1,95
2027-10-21,P24,35,62,1,95
2027-10-22,P24,34,78,1,95
2027-10-23,P24,56,118,1,95
2027-10-24,P24,53,70,1,95
2027-10-25,P24,38,127,1,95
2027-10-26,P24,23,47,0,95
2027-10-27,P24,26,115,0,95
2027-10-28,P24,34,112,0,95
2027-10-29,P24,35,85,1,95
2027-10-30,P24,40,127,1,95
2027-10-31,P24,21,119,0,95
2027-11-01,P24,36,37,1,95
2027-11-02,P24,42,134,1,95
2027-11-03,P24,43,125,1,95
2027-11-04,P24,24,49,0,95
2027-11-05,P24,18,138,0,95
2027-11-06,P24,23,105,0,95
2027-11-07,P24,24,27,0,95
2027-11-08,P24,18,93,0,95
2027-11-09,P24,21,37,0,95
2027-11-10,P24,28,102,0,95
2027-11-11,P24,22,88,0,95
2027-11-12,P24,15,25,0,95
2027-11-13,P24,28,38,0,95
2027-11-14,P24,23,98,0,95
2027-11-15,P24,20,66,0,95
2027-11-16,P24,28,28,0,95
2027-11-17,P24,18,96,0,95
2027-11-18,P24,23,78,0,95
2027-11-19,P24,17,77,0,95
2027-11-20,P24,23,82,0,95
2027-11-21,P24,25,64,0,95
2027-11-22,P24,17,17,0,95
2027-11-23,P24,17,63,0,95
2027-11-24,P24,25,105,0,95
2027-11-25,P24,17,85,0,95
2027-11-26,P24,24,35,0,95
2027-11-27,P24,26,61,0,95
2027-11-28,P24,21,130,0,95
2027-11-29,P24,25,115,0,95
2027-11-30,P24,31,54,0,95
2027-12-01,P24,26,47,0,95
2027-12-02,P24,29,77,0,95
2027-12-03,P24,22,56,0,95
2027-12-04,P24,24,108,0,95
2027-12-05,P24,21,137,0,95
2027-12-06,P24,24,63,0,95
2027-12-07,P24,16,28,0,95
2027-12-08,P24,18,120,0,95
2027-12-09,P24,20,21,0,95
2027-12-10,P24,22,103,0,95
2027-12-11,P24,26,56,0,95
2027-12-12,P24,28,56,0,95
2027-12-13,P24,16,72,0,95
2027-12-14,P24,22,49,0,95
2027-12-15,P24,9,96,0,95
2027-12-16,P24,16,114,0,95
2027-12-17,P24,17,96,0,95
2027-12-18,P24,20,75,0,95
2027-12-19,P24,17,39,0,95
2027-12-20,P24,18,87,0,95
2027-12-21,P24,12,98,0,95
2027-12-22,P24,31,100,0,95
2027-12-23,P24,27,50,0,95
2027-12-24,P24,17,42,0,95
2027-12-25,P24,31,96,0,95
2027-12-26,P24,33,58,0,95
2027-12-27,P24,18,92,0,95
2027-12-28,P24,20,114,0,95
2027-12-29,P24,21,82,0,95
2027-12-30,P24,23,102,0,95
2027-12-31,P24,22,55,0,95
2027-05-18,P25,21,113,0,35
2027-05-19,P25,21,64,0,35
2027-05-20,P25,27,52,0,35
2027-05-21,P25,25,103,0,35
2027-05-22,P25,28,45,0,35
2027-05-23,P25,26,85,0,35
2027-05-24,P25,18,131,0,35
2027-05-25,P25,16,36,0,35
2027-05-26,P25,25,26,0,35
2027-05-27,P25,22,38,0,35
2027-05-28,P25,27,101,0,35
2027-05-29,P25,31,52,0,35
2027-05-30,P25,33,110,0,35
2027-05-31,P25,18,78,0,35
2027-06-01,P25,30,57,0,35
2027-06-02,P25,20,130,0,35
2027-06-03,P25,28,105,0,35
2027-06-04,P25,33,137,0,35
2027-06-05,P25,22,75,0,35
2027-06-06,P25,31,111,0,35
2027-06-07,P25,23,49,0,35
2027-06-08,P25,25,57,0,35
2027-06-09,P25,23,105,0,35
2027-06-10,P25,24,82,0,35
2027-06-11,P25,28,53,0,35
2027-06-12,P25,35,75,0,35
2027-06-13,P25,32,78,0,35
2027-06-14,P25,34,43,0,35
2027-06-15,P25,29,53,0,35
2027-06-16,P25,29,27,0,35
2027-06-17,P25,37,78,0,35
2027-06-18,P25,41,56,0,35
2027-06-19,P25,37,96,0,35
2027-06-20,P25,41,62,0,35
2027-06-21,P25,28,110,0,35
2027-06-22,P25,42,64,0,35
2027-06-23,P25,36,59,0,35
2027-06-24,P25,22,126,0,35
2027-06-25,P25,39,44,0,35
2027-06-26,P25,32,112,0,35
2027-06-27,P25,31,104,0,35
2027-06-28,P25,43,114,0,35
2027-06-29,P25,35,31,0,35
2027-06-30,P25,34,84,0,35
2027-07-01,P25,26,45,0,35
2027-07-02,P25,27,72,1,35
2027-07-03,P25,33,53,1,35
2027-07-04,P25,17,119,0,35
2027-07-05,P25,25,87,0,35
2027-07-06,P25,22,107,0,35
2027-07-07,P25,27,67,0,35
2027-07-08,P25,28,54,0,35
2027-07-09,P25,38,62,1,35
2027-07-10,P25,31,136,1,35
2027-07-11,P25,39,64,0,35
2027-07-12,P25,24,122,0,35
2027-07-13,P25,30,46,0,35
2027-07-14,P25,18,108,0,35
2027-07-15,P25,32,74,0,35
2027-07-16,P25,32,52,1,35
2027-07-17,P25,40,82,1,35
2027-07-18,P25,38,98,0,35
2027-07-19,P25,30,55,0,35
2027-07-20,P25,34,108,0,35
2027-07-21,P25,35,124,0,35
2027-07-22,P25,26,69,0,35
2027-07-23,P25,40,85,1,35
2027-07-24,P25,52,110,1,35
2027-07-25,P25,28,139,0,35
2027-07-26,P25,41,113,0,35
2027-07-27,P25,32,53,0,35
2027-07-28,P25,23,90,0,35
2027-07-29,P25,38,78,0,35
2027-07-30,P25,42,64,1,35
2027-07-31,P25,47,79,1,35
2027-08-01,P25,40,122,0,35
2027-08-02,P25,23,90,0,35
2027-08-03,P25,21,58,0,35
2027-08-04,P25,27,128,0,35
2027-08-05,P25,28,58,0,35
2027-08-06,P25,36,113,0,35
2027-08-07,P25,42,118,0,35
2027-08-08,P25,43,73,0,35
2027-08-09,P25,38,87,0,35
2027-08-10,P25,27,51,0,35
2027-08-11,P25,30,74,0,35
2027-08-12,P25,32,66,0,35
2027-08-13,P25,31,84,0,35
2027-08-14,P25,42,104,0,35
2027-08-15,P25,60,122,1,35
2027-08-16,P25,35,130,1,35
2027-08-17,P25,45,77,1,35
2027-08-18,P25,34,73,0,35
2027-08-19,P25,48,88,0,35
2027-08-20,P25,32,63,0,35
2027-08-21,P25,34,63,0,35
2027-08-22,P25,44,77,0,35
2027-08-23,P25,30,131,0,35
2027-08-24,P25,40,138,0,35
2027-08-25,P25,38,54,0,35
2027-08-26,P25,37,59,0,35
2027-08-27,P25,44,67,0,35
2027-08-28,P25,46,111,0,35
2027-08-29,P25,42,127,0,35
2027-08-30,P25,39,49,0,35
2027-08-31,P25,51,138,0,35
2027-09-01,P25,36,58,0,35
2027-09-02,P25,44,76,0,35
2027-09-03,P25,40,57,0,35
2027-09-04,P25,44,63,0,35
2027-09-05,P25,42,138,0,35
2027-09-06,P25,40,58,0,35
2027-09-07,P25,30,120,0,35
2027-09-08,P25,32,84,0,35
2027-09-09,P25,32,59,0,35
2027-09-10,P25,41,120,0,35
2027-09-11,P25,38,118,0,35
2027-09-12,P25,54,76,0,35
2027-09-13,P25,34,55,0,35
2027-09-14,P25,38,68,0,35
2027-09-15,P25,34,94,0,35
2027-09-16,P25,41,95,0,35
2027-09-17,P25,42,111,0,35
2027-09-18,P25,34,42,0,35
2027-09-19,P25,52,131,0,35
2027-09-20,P25,35,58,0,35
2027-09-21,P25,36,33,0,35
2027-09-22,P25,30,101,0,35
2027-09-23,P25,39,67,0,35
2027-09-24,P25,46,91,0,35
2027-09-25,P25,45,76,0,35
2027-09-26,P25,40,46,0,35
2027-09-27,P25,36,134,0,35
2027-09-28,P25,44,61,0,35
2027-09-29,P25,38,52,0,35
2027-09-30,P25,35,106,0,35
2027-10-01,P25,61,86,1,35
2027-10-02,P25,58,58,1,35
2027-10-03,P25,57,78,0,35
2027-10-04,P25,43,93,0,35
2027-10-05,P25,46,132,0,35
2027-10-06,P25,41,64,0,35
2027-10-07,P25,36,109,0,35
2027-10-08,P25,49,82,1,35
2027-10-09,P25,61,96,1,35
2027-10-10,P25,44,111,0,35
2027-10-11,P25,32,90,0,35
2027-10-12,P25,32,63,0,35
2027-10-13,P25,28,41,0,35
2027-10-14,P25,46,57,0,35
2027-10-15,P25,62,75,1,35
2027-10-16,P25,64,97,1,35
2027-10-17,P25,53,55,0,35
2027-10-18,P25,36,101,0,35
2027-10-19,P25,37,106,0,35
2027-10-20,P25,92,122,1,35
2027-10-21,P25,84,109,1,35
2027-10-22,P25,90,121,1,35
2027-10-23,P25,92,118,1,35
2027-10-24,P25,107,123,1,35
2027-10-25,P25,93,118,1,35
2027-10-26,P25,34,66,0,35
2027-10-27,P25,39,66,0,35
2027-10-28,P25,45,66,0,35
2027-10-29,P25,57,84,1,35
2027-10-30,P25,78,113,1,35
2027-10-31,P25,43,74,0,35
2027-11-01,P25,70,66,1,35
2027-11-02,P25,75,117,1,35
2027-11-03,P25,85,99,1,35
2027-11-04,P25,34,95,0,35
2027-11-05,P25,38,137,0,35
2027-11-06,P25,46,50,0,35
2027-11-07,P25,50,89,0,35
2027-11-08,P25,36,91,0,35
2027-11-09,P25,35,68,0,35
2027-11-10,P25,35,92,0,35
2027-11-11,P25,36,110,0,35
2027-11-12,P25,43,72,0,35
2027-11-13,P25,55,72,0,35
2027-11-14,P25,52,101,0,35
2027-11-15,P25,38,58,0,35
2027-11-16,P25,26,27,0,35
2027-11-17,P25,42,71,0,35
2027-11-18,P25,41,61,0,35
2027-11-19,P25,53,111,0,35
2027-11-20,P25,53,91,0,35
2027-11-21,P25,63,66,0,35
2027-11-22,P25,44,139,0,35
2027-11-23,P25,44,127,0,35
2027-11-24,P25,38,40,0,35
2027-11-25,P25,46,123,0,35
2027-11-26,P25,45,112,0,35
2027-11-27,P25,42,52,0,35
2027-11-28,P25,58,84,0,35
2027-11-29,P25,42,50,0,35
2027-11-30,P25,41,40,0,35
2027-12-01,P25,37,99,0,35
2027-12-02,P25,38,112,0,35
2027-12-03,P25,50,123,0,35
2027-12-04,P25,45,113,0,35
2027-12-05,P25,48,56,0,35
2027-12-06,P25,35,62,0,35
2027-12-07,P25,35,52,0,35
2027-12-08,P25,42,60,0,35
2027-12-09,P25,34,75,0,35
2027-12-10,P25,42,51,0,35
2027-12-11,P25,57,99,0,35
2027-12-12,P25,44,78,0,35
2027-12-13,P25,34,119,0,35
2027-12-14,P25,35,73,0,35
2027-12-15,P25,41,113,0,35
2027-12-16,P25,42,131,0,35
2027-12-17,P25,48,67,0,35
2027-12-18,P25,51,47,0,35
2027-12-19,P25,49,73,0,35
2027-12-20,P25,37,96,0,35
2027-12-21,P25,36,63,0,35
2027-12-22,P25,38,55,0,35
2027-12-23,P25,45,138,0,35
2027-12-24,P25,40,50,0,35
2027-12-25,P25,45,82,0,35
2027-12-26,P25,36,104,0,35
2027-12-27,P25,42,53,0,35
2027-12-28,P25,55,85,0,35
2027-12-29,P25,54,62,0,35
2027-12-30,P25,54,110,0,35
2027-12-31,P25,42,125,0,35
2027-08-12,P26,23,138,0,260
2027-08-13,P26,35,40,0,260
2027-08-14,P26,26,43,0,260
2027-08-15,P26,47,123,1,260
2027-08-16,P26,26,65,1,260
2027-08-17,P26,31,134,1,260
2027-08-18,P26,35,46,0,260
2027-08-19,P26,26,106,0,260
2027-08-20,P26,31,40,0,260
2027-08-21,P26,34,124,0,260
2027-08-22,P26,33,125,0,260
2027-08-23,P26,29,103,0,260
2027-08-24,P26,28,108,0,260
2027-08-25,P26,24,61,0,260
2027-08-26,P26,27,116,0,260
2027-08-27,P26,28,97,0,260
2027-08-28,P26,32,131,0,260
2027-08-29,P26,40,95,0,260
2027-08-30,P26,24,50,0,260
2027-08-31,P26,32,59,0,260
2027-09-01,P26,43,69,0,260
2027-09-02,P26,41,74,0,260
2027-09-03,P26,32,137,0,260
2027-09-04,P26,50,115,0,260
2027-09-05,P26,32,64,0,260
2027-09-06,P26,26,72,0,260
2027-09-07,P26,34,88,0,260
2027-09-08,P26,34,69,0,260
2027-09-09,P26,39,53,0,260
2027-09-10,P26,40,128,0,260
2027-09-11,P26,40,81,0,260
2027-09-12,P26,43,91,0,260
2027-09-13,P26,30,50,0,260
2027-09-14,P26,23,37,0,260
2027-09-15,P26,20,72,0,260
2027-09-16,P26,40,74,0,260
2027-09-17,P26,35,80,0,260
2027-09-18,P26,38,78,0,260
2027-09-19,P26,44,59,0,260
2027-09-20,P26,33,111,0,260
2027-09-21,P26,31,107,0,260
2027-09-22,P26,37,78,0,260
2027-09-23,P26,43,121,0,260
2027-09-24,P26,34,88,0,260
2027-09-25,P26,40,71,0,260
2027-09-26,P26,42,98,0,260
2027-09-27,P26,27,139,0,260
2027-09-28,P26,56,76,0,260
2027-09-29,P26,50,72,0,260
2027-09-30,P26,48,135,0,260
2027-10-01,P26,57,97,1,260
2027-10-02,P26,58,91,1,260
2027-10-03,P26,48,136,0,260
2027-10-04,P26,37,120,0,260
2027-10-05,P26,36,78,0,260
2027-10-06,P26,39,69,0,260
2027-10-07,P26,29,69,0,260
2027-10-08,P26,41,101,1,260
2027-10-09,P26,68,132,1,260
2027-10-10,P26,51,137,0,260
2027-10-11,P26,35,46,0,260
2027-10-12,P26,40,72,0,260
2027-10-13,P26,46,116,0,260
2027-10-14,P26,52,105,0,260
2027-10-15,P26,49,112,1,260
2027-10-16,P26,70,71,1,260
2027-10-17,P26,57,124,0,260
2027-10-18,P26,46,130,0,260
2027-10-19,P26,37,105,0,260
2027-10-20,P26,95,100,1,260
2027-10-21,P26,94,131,1,260
2027-10-22,P26,97,117,1,260
2027-10-23,P26,117,141,1,260
2027-10-24,P26,97,138,1,260
2027-10-25,P26,80,78,1,260
2027-10-26,P26,43,38,0,260
2027-10-27,P26,58,131,0,260
2027-10-28,P26,49,94,0,260
2027-10-29,P26,72,98,1,260
2027-10-30,P26,63,101,1,260
2027-10-31,P26,60,74,0,260
2027-11-01,P26,83,112,1,260
2027-11-02,P26,82,138,1,260
2027-11-03,P26,101,122,1,260
2027-11-04,P26,62,87,0,260
2027-11-05,P26,42,76,0,260
2027-11-06,P26,60,58,0,260
2027-11-07,P26,56,127,0,260
2027-11-08,P26,54,127,0,260
2027-11-09,P26,74,74,0,260
2027-11-10,P26,40,68,0,260
2027-11-11,P26,42,59,0,260
2027-11-12,P26,61,92,0,260
2027-11-13,P26,66,103,0,260
2027-11-14,P26,63,137,0,260
2027-11-15,P26,50,121,0,260
2027-11-16,P26,54,64,0,260
2027-11-17,P26,55,76,0,260
2027-11-18,P26,50,74,0,260
2027-11-19,P26,57,124,0,260
2027-11-20,P26,66,80,0,260
2027-11-21,P26,76,96,0,260
2027-11-22,P26,48,98,0,260
2027-11-23,P26,48,53,0,260
2027-11-24,P26,66,75,0,260
2027-11-25,P26,63,69,0,260
2027-11-26,P26,68,67,0,260
2027-11-27,P26,76,110,0,260
2027-11-28,P26,84,86,0,260
2027-11-29,P26,51,52,0,260
2027-11-30,P26,49,93,0,260
2027-12-01,P26,71,100,0,260
2027-12-02,P26,81,97,0,260
2027-12-03,P26,63,77,0,260
2027-12-04,P26,69,120,0,260
2027-12-05,P26,71,92,0,260
2027-12-06,P26,61,88,0,260
2027-12-07,P26,58,107,0,260
2027-12-08,P26,58,131,0,260
2027-12-09,P26,57,107,0,260
2027-12-10,P26,59,93,0,260
2027-12-11,P26,84,105,0,260
2027-12-12,P26,60,139,0,260
2027-12-13,P26,58,56,0,260
2027-12-14,P26,59,59,0,260
2027-12-15,P26,52,53,0,260
2027-12-16,P26,59,91,0,260
2027-12-17,P26,69,78,0,260
2027-12-18,P26,59,76,0,260
2027-12-19,P26,69,138,0,260
2027-12-20,P26,64,77,0,260
2027-12-21,P26,64,73,0,260
2027-12-22,P26,62,137,0,260
2027-12-23,P26,60,92,0,260
2027-12-24,P26,69,101,0,260
2027-12-25,P26,58,70,0,260
2027-12-26,P26,76,94,0,260
2027-12-27,P26,50,113,0,260
2027-12-28,P26,56,63,0,260
2027-12-29,P26,61,89,0,260
2027-12-30,P26,82,90,0,260
2027-12-31,P26,61,64,0,260
2027-10-01,P27,31,62,1,190
2027-10-02,P27,29,120,1,190
2027-10-03,P27,40,69,0,190
2027-10-04,P27,20,138,0,190
2027-10-05,P27,26,41,0,190
2027-10-06,P27,29,45,0,190
2027-10-07,P27,28,102,0,190
2027-10-08,P27,38,65,1,190
2027-10-09,P27,47,102,1,190
2027-10-10,P27,39,64,0,190
2027-10-11,P27,23,68,0,190
2027-10-12,P27,27,61,0,190
2027-10-13,P27,31,122,0,190
2027-10-14,P27,28,110,0,190
2027-10-15,P27,43,75,1,190
2027-10-16,P27,47,92,1,190
2027-10-17,P27,36,90,0,190
2027-10-18,P27,27,113,0,190
2027-10-19,P27,20,49,0,190
2027-10-20,P27,72,119,1,190
2027-10-21,P27,68,83,1,190
2027-10-22,P27,76,91,1,190
2027-10-23,P27,88,115,1,190
2027-10-24,P27,80,78,1,190
2027-10-25,P27,67,88,1,190
2027-10-26,P27,38,72,0,190
2027-10-27,P27,31,64,0,190
2027-10-28,P27,37,114,0,190
2027-10-29,P27,48,114,1,190
2027-10-30,P27,39,57,1,190
2027-10-31,P27,42,108,0,190
2027-11-01,P27,71,71,1,190
2027-11-02,P27,67,67,1,190
2027-11-03,P27,69,102,1,190
2027-11-04,P27,38,72,0,190
2027-11-05,P27,36,105,0,190
2027-11-06,P27,38,62,0,190
2027-11-07,P27,55,83,0,190
2027-11-08,P27,30,100,0,190
2027-11-09,P27,48,62,0,190
2027-11-10,P27,43,84,0,190
2027-11-11,P27,35,128,0,190
2027-11-12,P27,52,132,0,190
2027-11-13,P27,44,66,0,190
2027-11-14,P27,52,116,0,190
2027-11-15,P27,43,74,0,190
2027-11-16,P27,47,91,0,190
2027-11-17,P27,37,132,0,190
2027-11-18,P27,49,74,0,190
2027-11-19,P27,39,50,0,190
2027-11-20,P27,49,131,0,190
2027-11-21,P27,41,124,0,190
2027-11-22,P27,36,110,0,190
2027-11-23,P27,33,38,0,190
2027-11-24,P27,31,49,0,190
2027-11-25,P27,49,68,0,190
2027-11-26,P27,48,108,0,190
2027-11-27,P27,55,86,0,190
2027-11-28,P27,60,68,0,190
2027-11-29,P27,43,45,0,190
2027-11-30,P27,48,128,0,190
2027-12-01,P27,43,79,0,190
2027-12-02,P27,39,115,0,190
2027-12-03,P27,56,121,0,190
2027-12-04,P27,49,122,0,190
2027-12-05,P27,60,59,0,190
2027-12-06,P27,39,70,0,190
2027-12-07,P27,50,137,0,190
2027-12-08,P27,41,59,0,190
2027-12-09,P27,34,114,0,190
2027-12-10,P27,58,90,0,190
2027-12-11,P27,67,69,0,190
2027-12-12,P27,56,93,0,190
2027-12-13,P27,48,60,0,190
2027-12-14,P27,56,102,0,190
2027-12-15,P27,67,85,0,190
2027-12-16,P27,50,79,0,190
2027-12-17,P27,59,67,0,190
2027-12-18,P27,80,98,0,190
2027-12-19,P27,63,67,0,190
2027-12-20,P27,56,88,0,190
2027-12-21,P27,51,66,0,190
2027-12-22,P27,53,104,0,190
2027-12-23,P27,50,80,0,190
2027-12-24,P27,51,79,0,190
2027-12-25,P27,58,80,0,190
2027-12-26,P27,66,61,0,190
2027-12-27,P27,46,139,0,190
2027-12-28,P27,59,90,0,190
2027-12-29,P27,54,83,0,190
2027-12-30,P27,64,78,0,190
2027-12-31,P27,83,117,0,190
